ablation_id,stress_def,model,fold_id,n_train,n_test,auc,pr_auc,brier,ece,threshold,alarm_rate,alarm_precision,drawdown_lift,severity_lift,n_alarms,n_events,n_test_eff,seed,calm_period_alarm_rate
global_scaler,h10_d05,NaiveBaseRate,1,971,124,,,0.0029792934333572672,0.05458290422245109,0.05458290422245108,0.0,,,,0,0,124,42,0.0
global_scaler,h10_d05,NaiveBaseRate,1,971,124,,,0.0029792934333572672,0.05458290422245109,0.05458290422245108,0.0,,,,0,0,124,43,0.0
global_scaler,h10_d05,NaiveBaseRate,1,971,124,,,0.0029792934333572672,0.05458290422245109,0.05458290422245108,0.0,,,,0,0,124,44,0.0
global_scaler,h10_d05,NaiveBaseRate,1,971,124,,,0.0029792934333572672,0.05458290422245109,0.05458290422245108,0.0,,,,0,0,124,45,0.0
global_scaler,h10_d05,NaiveBaseRate,1,971,124,,,0.0029792934333572672,0.05458290422245109,0.05458290422245108,0.0,,,,0,0,124,46,0.0
global_scaler,h10_d05,VIXPercentileRaw,1,971,124,,,0.2039983839508259,0.39353343742732794,0.9500514933058701,0.0,,,,0,0,124,42,0.0
global_scaler,h10_d05,VIXPercentileRaw,1,971,124,,,0.2039983839508259,0.39353343742732794,0.9500514933058701,0.0,,,,0,0,124,43,0.0
global_scaler,h10_d05,VIXPercentileRaw,1,971,124,,,0.2039983839508259,0.39353343742732794,0.9500514933058701,0.0,,,,0,0,124,44,0.0
global_scaler,h10_d05,VIXPercentileRaw,1,971,124,,,0.2039983839508259,0.39353343742732794,0.9500514933058701,0.0,,,,0,0,124,45,0.0
global_scaler,h10_d05,VIXPercentileRaw,1,971,124,,,0.2039983839508259,0.39353343742732794,0.9500514933058701,0.0,,,,0,0,124,46,0.0
global_scaler,h10_d05,VIXPercentileCalibrated,1,971,124,,,0.0008517247603876941,0.023269242589749245,0.2753623188405797,0.0,,,,0,0,124,42,0.0
global_scaler,h10_d05,VIXPercentileCalibrated,1,971,124,,,0.0008517247603876941,0.023269242589749245,0.2753623188405797,0.0,,,,0,0,124,43,0.0
global_scaler,h10_d05,VIXPercentileCalibrated,1,971,124,,,0.0008517247603876941,0.023269242589749245,0.2753623188405797,0.0,,,,0,0,124,44,0.0
global_scaler,h10_d05,VIXPercentileCalibrated,1,971,124,,,0.0008517247603876941,0.023269242589749245,0.2753623188405797,0.0,,,,0,0,124,45,0.0
global_scaler,h10_d05,VIXPercentileCalibrated,1,971,124,,,0.0008517247603876941,0.023269242589749245,0.2753623188405797,0.0,,,,0,0,124,46,0.0
global_scaler,h10_d05,HarRvThreshold,1,971,124,,,0.0007105973380589114,0.022672388295915755,0.20652733312486413,0.0,,,,0,0,102,42,0.0
global_scaler,h10_d05,HarRvThreshold,1,971,124,,,0.0007105973380589114,0.022672388295915755,0.20652733312486413,0.0,,,,0,0,102,43,0.0
global_scaler,h10_d05,HarRvThreshold,1,971,124,,,0.0007105973380589114,0.022672388295915755,0.20652733312486413,0.0,,,,0,0,102,44,0.0
global_scaler,h10_d05,HarRvThreshold,1,971,124,,,0.0007105973380589114,0.022672388295915755,0.20652733312486413,0.0,,,,0,0,102,45,0.0
global_scaler,h10_d05,HarRvThreshold,1,971,124,,,0.0007105973380589114,0.022672388295915755,0.20652733312486413,0.0,,,,0,0,102,46,0.0
global_scaler,h10_d05,LogisticRegressionL2,1,971,124,,,0.2514917989011509,0.4022682935478549,0.7803429867488225,0.1532258064516129,0.0,0.5787272182680243,,19,0,124,42,0.1532258064516129
global_scaler,h10_d05,LogisticRegressionL2,1,971,124,,,0.2514917989011509,0.4022682935478549,0.7803429867488225,0.1532258064516129,0.0,0.5787272182680243,,19,0,124,43,0.1532258064516129
global_scaler,h10_d05,LogisticRegressionL2,1,971,124,,,0.2514917989011509,0.4022682935478549,0.7803429867488225,0.1532258064516129,0.0,0.5787272182680243,,19,0,124,44,0.1532258064516129
global_scaler,h10_d05,LogisticRegressionL2,1,971,124,,,0.2514917989011509,0.4022682935478549,0.7803429867488225,0.1532258064516129,0.0,0.5787272182680243,,19,0,124,45,0.1532258064516129
global_scaler,h10_d05,LogisticRegressionL2,1,971,124,,,0.2514917989011509,0.4022682935478549,0.7803429867488225,0.1532258064516129,0.0,0.5787272182680243,,19,0,124,46,0.1532258064516129
global_scaler,h10_d05,LightGbmTuned,1,971,124,,,0.07966598713772831,0.218223174687641,0.36972011129173843,0.1532258064516129,0.0,0.5076095346591294,,19,0,124,42,0.1532258064516129
global_scaler,h10_d05,LightGbmTuned,1,971,124,,,0.07966598713772831,0.218223174687641,0.36972011129173843,0.1532258064516129,0.0,0.5076095346591294,,19,0,124,43,0.1532258064516129
global_scaler,h10_d05,LightGbmTuned,1,971,124,,,0.07966598713772831,0.218223174687641,0.36972011129173843,0.1532258064516129,0.0,0.5076095346591294,,19,0,124,44,0.1532258064516129
global_scaler,h10_d05,LightGbmTuned,1,971,124,,,0.07966598713772831,0.218223174687641,0.36972011129173843,0.1532258064516129,0.0,0.5076095346591294,,19,0,124,45,0.1532258064516129
global_scaler,h10_d05,LightGbmTuned,1,971,124,,,0.07966598713772831,0.218223174687641,0.36972011129173843,0.1532258064516129,0.0,0.5076095346591294,,19,0,124,46,0.1532258064516129
global_scaler,h10_d05,NaiveBaseRate,2,1095,127,0.5,0.14173228346456693,0.13035481748868463,0.09333045698054868,0.048401826484018265,0.0,,,,0,18,127,42,
global_scaler,h10_d05,NaiveBaseRate,2,1095,127,0.5,0.14173228346456693,0.13035481748868463,0.09333045698054868,0.048401826484018265,0.0,,,,0,18,127,43,
global_scaler,h10_d05,NaiveBaseRate,2,1095,127,0.5,0.14173228346456693,0.13035481748868463,0.09333045698054868,0.048401826484018265,0.0,,,,0,18,127,44,
global_scaler,h10_d05,NaiveBaseRate,2,1095,127,0.5,0.14173228346456693,0.13035481748868463,0.09333045698054868,0.048401826484018265,0.0,,,,0,18,127,45,
global_scaler,h10_d05,NaiveBaseRate,2,1095,127,0.5,0.14173228346456693,0.13035481748868463,0.09333045698054868,0.048401826484018265,0.0,,,,0,18,127,46,
global_scaler,h10_d05,VIXPercentileRaw,2,1095,127,0.36518858307849134,0.11676783631293151,0.4212861467002307,0.49964405134289713,0.9506849315068493,0.015748031496062992,0.0,0.2274348676271533,,2,18,127,42,
global_scaler,h10_d05,VIXPercentileRaw,2,1095,127,0.36518858307849134,0.11676783631293151,0.4212861467002307,0.49964405134289713,0.9506849315068493,0.015748031496062992,0.0,0.2274348676271533,,2,18,127,43,
global_scaler,h10_d05,VIXPercentileRaw,2,1095,127,0.36518858307849134,0.11676783631293151,0.4212861467002307,0.49964405134289713,0.9506849315068493,0.015748031496062992,0.0,0.2274348676271533,,2,18,127,44,
global_scaler,h10_d05,VIXPercentileRaw,2,1095,127,0.36518858307849134,0.11676783631293151,0.4212861467002307,0.49964405134289713,0.9506849315068493,0.015748031496062992,0.0,0.2274348676271533,,2,18,127,45,
global_scaler,h10_d05,VIXPercentileRaw,2,1095,127,0.36518858307849134,0.11676783631293151,0.4212861467002307,0.49964405134289713,0.9506849315068493,0.015748031496062992,0.0,0.2274348676271533,,2,18,127,46,
global_scaler,h10_d05,VIXPercentileCalibrated,2,1095,127,0.3672273190621814,0.11648118070445908,0.14133151096336605,0.14022167193362947,0.2753623188405797,0.0,,,,0,18,127,42,
global_scaler,h10_d05,VIXPercentileCalibrated,2,1095,127,0.3672273190621814,0.11648118070445908,0.14133151096336605,0.14022167193362947,0.2753623188405797,0.0,,,,0,18,127,43,
global_scaler,h10_d05,VIXPercentileCalibrated,2,1095,127,0.3672273190621814,0.11648118070445908,0.14133151096336605,0.14022167193362947,0.2753623188405797,0.0,,,,0,18,127,44,
global_scaler,h10_d05,VIXPercentileCalibrated,2,1095,127,0.3672273190621814,0.11648118070445908,0.14133151096336605,0.14022167193362947,0.2753623188405797,0.0,,,,0,18,127,45,
global_scaler,h10_d05,VIXPercentileCalibrated,2,1095,127,0.3672273190621814,0.11648118070445908,0.14133151096336605,0.14022167193362947,0.2753623188405797,0.0,,,,0,18,127,46,
global_scaler,h10_d05,HarRvThreshold,2,1095,127,0.33397190293742024,0.12919170051125284,0.1688591711125713,0.15310630119817406,0.1928010255474082,0.08571428571428572,0.0,0.5374682744562279,,9,18,105,42,
global_scaler,h10_d05,HarRvThreshold,2,1095,127,0.33397190293742024,0.12919170051125284,0.1688591711125713,0.15310630119817406,0.1928010255474082,0.08571428571428572,0.0,0.5374682744562279,,9,18,105,43,
global_scaler,h10_d05,HarRvThreshold,2,1095,127,0.33397190293742024,0.12919170051125284,0.1688591711125713,0.15310630119817406,0.1928010255474082,0.08571428571428572,0.0,0.5374682744562279,,9,18,105,44,
global_scaler,h10_d05,HarRvThreshold,2,1095,127,0.33397190293742024,0.12919170051125284,0.1688591711125713,0.15310630119817406,0.1928010255474082,0.08571428571428572,0.0,0.5374682744562279,,9,18,105,45,
global_scaler,h10_d05,HarRvThreshold,2,1095,127,0.33397190293742024,0.12919170051125284,0.1688591711125713,0.15310630119817406,0.1928010255474082,0.08571428571428572,0.0,0.5374682744562279,,9,18,105,46,
global_scaler,h10_d05,LogisticRegressionL2,2,1095,127,0.655453618756371,0.30343176125911664,0.12912017326241582,0.1320754841091064,0.7557846161970847,0.023622047244094488,0.6666666666666666,2.3966655435247968,0.9740003150022857,3,18,127,42,
global_scaler,h10_d05,LogisticRegressionL2,2,1095,127,0.655453618756371,0.30343176125911664,0.12912017326241582,0.1320754841091064,0.7557846161970847,0.023622047244094488,0.6666666666666666,2.3966655435247968,0.9740003150022857,3,18,127,43,
global_scaler,h10_d05,LogisticRegressionL2,2,1095,127,0.655453618756371,0.30343176125911664,0.12912017326241582,0.1320754841091064,0.7557846161970847,0.023622047244094488,0.6666666666666666,2.3966655435247968,0.9740003150022857,3,18,127,44,
global_scaler,h10_d05,LogisticRegressionL2,2,1095,127,0.655453618756371,0.30343176125911664,0.12912017326241582,0.1320754841091064,0.7557846161970847,0.023622047244094488,0.6666666666666666,2.3966655435247968,0.9740003150022857,3,18,127,45,
global_scaler,h10_d05,LogisticRegressionL2,2,1095,127,0.655453618756371,0.30343176125911664,0.12912017326241582,0.1320754841091064,0.7557846161970847,0.023622047244094488,0.6666666666666666,2.3966655435247968,0.9740003150022857,3,18,127,46,
global_scaler,h10_d05,LightGbmTuned,2,1095,127,0.5471457696228338,0.25546125827289157,0.13424397566343532,0.11870605744347885,0.41756755553646513,0.06299212598425197,0.5,2.6901023191249154,1.2763055904484109,8,18,127,42,
global_scaler,h10_d05,LightGbmTuned,2,1095,127,0.5471457696228338,0.25546125827289157,0.13424397566343532,0.11870605744347885,0.41756755553646513,0.06299212598425197,0.5,2.6901023191249154,1.2763055904484109,8,18,127,43,
global_scaler,h10_d05,LightGbmTuned,2,1095,127,0.5471457696228338,0.25546125827289157,0.13424397566343532,0.11870605744347885,0.41756755553646513,0.06299212598425197,0.5,2.6901023191249154,1.2763055904484109,8,18,127,44,
global_scaler,h10_d05,LightGbmTuned,2,1095,127,0.5471457696228338,0.25546125827289157,0.13424397566343532,0.11870605744347885,0.41756755553646513,0.06299212598425197,0.5,2.6901023191249154,1.2763055904484109,8,18,127,45,
global_scaler,h10_d05,LightGbmTuned,2,1095,127,0.5471457696228338,0.25546125827289157,0.13424397566343532,0.11870605744347885,0.41756755553646513,0.06299212598425197,0.5,2.6901023191249154,1.2763055904484109,8,18,127,46,
global_scaler,h10_d05,NaiveBaseRate,3,1222,126,0.5,0.05555555555555555,0.05247561749807809,0.002545917439534473,0.05810147299509002,0.0,,,,0,7,126,42,
global_scaler,h10_d05,NaiveBaseRate,3,1222,126,0.5,0.05555555555555555,0.05247561749807809,0.002545917439534473,0.05810147299509002,0.0,,,,0,7,126,43,
global_scaler,h10_d05,NaiveBaseRate,3,1222,126,0.5,0.05555555555555555,0.05247561749807809,0.002545917439534473,0.05810147299509002,0.0,,,,0,7,126,44,
global_scaler,h10_d05,NaiveBaseRate,3,1222,126,0.5,0.05555555555555555,0.05247561749807809,0.002545917439534473,0.05810147299509002,0.0,,,,0,7,126,45,
global_scaler,h10_d05,NaiveBaseRate,3,1222,126,0.5,0.05555555555555555,0.05247561749807809,0.002545917439534473,0.05810147299509002,0.0,,,,0,7,126,46,
global_scaler,h10_d05,VIXPercentileRaw,3,1222,126,0.6674669867947179,0.0862608306208685,0.3788963659641306,0.5336489751383369,0.9500409165302783,0.0,,,,0,7,126,42,
global_scaler,h10_d05,VIXPercentileRaw,3,1222,126,0.6674669867947179,0.0862608306208685,0.3788963659641306,0.5336489751383369,0.9500409165302783,0.0,,,,0,7,126,43,
global_scaler,h10_d05,VIXPercentileRaw,3,1222,126,0.6674669867947179,0.0862608306208685,0.3788963659641306,0.5336489751383369,0.9500409165302783,0.0,,,,0,7,126,44,
global_scaler,h10_d05,VIXPercentileRaw,3,1222,126,0.6674669867947179,0.0862608306208685,0.3788963659641306,0.5336489751383369,0.9500409165302783,0.0,,,,0,7,126,45,
global_scaler,h10_d05,VIXPercentileRaw,3,1222,126,0.6674669867947179,0.0862608306208685,0.3788963659641306,0.5336489751383369,0.9500409165302783,0.0,,,,0,7,126,46,
global_scaler,h10_d05,VIXPercentileCalibrated,3,1222,126,0.695078031212485,0.10723784194528875,0.05462774252093493,0.044831767979126136,0.2638888888888889,0.0,,,,0,7,126,42,
global_scaler,h10_d05,VIXPercentileCalibrated,3,1222,126,0.695078031212485,0.10723784194528875,0.05462774252093493,0.044831767979126136,0.2638888888888889,0.0,,,,0,7,126,43,
global_scaler,h10_d05,VIXPercentileCalibrated,3,1222,126,0.695078031212485,0.10723784194528875,0.05462774252093493,0.044831767979126136,0.2638888888888889,0.0,,,,0,7,126,44,
global_scaler,h10_d05,VIXPercentileCalibrated,3,1222,126,0.695078031212485,0.10723784194528875,0.05462774252093493,0.044831767979126136,0.2638888888888889,0.0,,,,0,7,126,45,
global_scaler,h10_d05,VIXPercentileCalibrated,3,1222,126,0.695078031212485,0.10723784194528875,0.05462774252093493,0.044831767979126136,0.2638888888888889,0.0,,,,0,7,126,46,
global_scaler,h10_d05,HarRvThreshold,3,1222,126,0.47572815533980584,0.01818181818181818,0.012634457019349813,0.030048742288104946,0.1915863272823548,0.019230769230769232,0.0,0.19599713431713545,,2,1,104,42,
global_scaler,h10_d05,HarRvThreshold,3,1222,126,0.47572815533980584,0.01818181818181818,0.012634457019349813,0.030048742288104946,0.1915863272823548,0.019230769230769232,0.0,0.19599713431713545,,2,1,104,43,
global_scaler,h10_d05,HarRvThreshold,3,1222,126,0.47572815533980584,0.01818181818181818,0.012634457019349813,0.030048742288104946,0.1915863272823548,0.019230769230769232,0.0,0.19599713431713545,,2,1,104,44,
global_scaler,h10_d05,HarRvThreshold,3,1222,126,0.47572815533980584,0.01818181818181818,0.012634457019349813,0.030048742288104946,0.1915863272823548,0.019230769230769232,0.0,0.19599713431713545,,2,1,104,45,
global_scaler,h10_d05,HarRvThreshold,3,1222,126,0.47572815533980584,0.01818181818181818,0.012634457019349813,0.030048742288104946,0.1915863272823548,0.019230769230769232,0.0,0.19599713431713545,,2,1,104,46,
global_scaler,h10_d05,LogisticRegressionL2,3,1222,126,0.7851140456182473,0.36051948051948046,0.18888705096773706,0.25427536232279085,0.8015810054786507,0.14285714285714285,0.16666666666666666,1.5733584600505708,0.9912742202452363,18,7,126,42,
global_scaler,h10_d05,LogisticRegressionL2,3,1222,126,0.7851140456182473,0.36051948051948046,0.18888705096773706,0.25427536232279085,0.8015810054786507,0.14285714285714285,0.16666666666666666,1.5733584600505708,0.9912742202452363,18,7,126,43,
global_scaler,h10_d05,LogisticRegressionL2,3,1222,126,0.7851140456182473,0.36051948051948046,0.18888705096773706,0.25427536232279085,0.8015810054786507,0.14285714285714285,0.16666666666666666,1.5733584600505708,0.9912742202452363,18,7,126,44,
global_scaler,h10_d05,LogisticRegressionL2,3,1222,126,0.7851140456182473,0.36051948051948046,0.18888705096773706,0.25427536232279085,0.8015810054786507,0.14285714285714285,0.16666666666666666,1.5733584600505708,0.9912742202452363,18,7,126,45,
global_scaler,h10_d05,LogisticRegressionL2,3,1222,126,0.7851140456182473,0.36051948051948046,0.18888705096773706,0.25427536232279085,0.8015810054786507,0.14285714285714285,0.16666666666666666,1.5733584600505708,0.9912742202452363,18,7,126,46,
global_scaler,h10_d05,LightGbmTuned,3,1222,126,0.7815126050420168,0.13695454471232904,0.12217982137209736,0.19041910669526763,0.7241560397890671,0.047619047619047616,0.0,0.6448815424157954,,6,7,126,42,
global_scaler,h10_d05,LightGbmTuned,3,1222,126,0.7815126050420168,0.13695454471232904,0.12217982137209736,0.19041910669526763,0.7241560397890671,0.047619047619047616,0.0,0.6448815424157954,,6,7,126,43,
global_scaler,h10_d05,LightGbmTuned,3,1222,126,0.7815126050420168,0.13695454471232904,0.12217982137209736,0.19041910669526763,0.7241560397890671,0.047619047619047616,0.0,0.6448815424157954,,6,7,126,44,
global_scaler,h10_d05,LightGbmTuned,3,1222,126,0.7815126050420168,0.13695454471232904,0.12217982137209736,0.19041910669526763,0.7241560397890671,0.047619047619047616,0.0,0.6448815424157954,,6,7,126,45,
global_scaler,h10_d05,LightGbmTuned,3,1222,126,0.7815126050420168,0.13695454471232904,0.12217982137209736,0.19041910669526763,0.7241560397890671,0.047619047619047616,0.0,0.6448815424157954,,6,7,126,46,
global_scaler,h10_d05,NaiveBaseRate,4,1348,127,,,0.0033481848039517773,0.05786350148367951,0.057863501483679525,0.0,,,,0,0,127,42,0.0
global_scaler,h10_d05,NaiveBaseRate,4,1348,127,,,0.0033481848039517773,0.05786350148367951,0.057863501483679525,0.0,,,,0,0,127,43,0.0
global_scaler,h10_d05,NaiveBaseRate,4,1348,127,,,0.0033481848039517773,0.05786350148367951,0.057863501483679525,0.0,,,,0,0,127,44,0.0
global_scaler,h10_d05,NaiveBaseRate,4,1348,127,,,0.0033481848039517773,0.05786350148367951,0.057863501483679525,0.0,,,,0,0,127,45,0.0
global_scaler,h10_d05,NaiveBaseRate,4,1348,127,,,0.0033481848039517773,0.05786350148367951,0.057863501483679525,0.0,,,,0,0,127,46,0.0
global_scaler,h10_d05,VIXPercentileRaw,4,1348,127,,,0.09620043588610981,0.2272541414519031,0.9500370919881305,0.0,,,,0,0,127,42,0.0
global_scaler,h10_d05,VIXPercentileRaw,4,1348,127,,,0.09620043588610981,0.2272541414519031,0.9500370919881305,0.0,,,,0,0,127,43,0.0
global_scaler,h10_d05,VIXPercentileRaw,4,1348,127,,,0.09620043588610981,0.2272541414519031,0.9500370919881305,0.0,,,,0,0,127,44,0.0
global_scaler,h10_d05,VIXPercentileRaw,4,1348,127,,,0.09620043588610981,0.2272541414519031,0.9500370919881305,0.0,,,,0,0,127,45,0.0
global_scaler,h10_d05,VIXPercentileRaw,4,1348,127,,,0.09620043588610981,0.2272541414519031,0.9500370919881305,0.0,,,,0,0,127,46,0.0
global_scaler,h10_d05,VIXPercentileCalibrated,4,1348,127,,,0.0008376672627121553,0.023252119833123742,0.2638888888888889,0.0,,,,0,0,127,42,0.0
global_scaler,h10_d05,VIXPercentileCalibrated,4,1348,127,,,0.0008376672627121553,0.023252119833123742,0.2638888888888889,0.0,,,,0,0,127,43,0.0
global_scaler,h10_d05,VIXPercentileCalibrated,4,1348,127,,,0.0008376672627121553,0.023252119833123742,0.2638888888888889,0.0,,,,0,0,127,44,0.0
global_scaler,h10_d05,VIXPercentileCalibrated,4,1348,127,,,0.0008376672627121553,0.023252119833123742,0.2638888888888889,0.0,,,,0,0,127,45,0.0
global_scaler,h10_d05,VIXPercentileCalibrated,4,1348,127,,,0.0008376672627121553,0.023252119833123742,0.2638888888888889,0.0,,,,0,0,127,46,0.0
global_scaler,h10_d05,HarRvThreshold,4,1348,127,,,0.000624970986930241,0.015667299280848035,0.18501004550405342,0.0,,,,0,0,105,42,0.0
global_scaler,h10_d05,HarRvThreshold,4,1348,127,,,0.000624970986930241,0.015667299280848035,0.18501004550405342,0.0,,,,0,0,105,43,0.0
global_scaler,h10_d05,HarRvThreshold,4,1348,127,,,0.000624970986930241,0.015667299280848035,0.18501004550405342,0.0,,,,0,0,105,44,0.0
global_scaler,h10_d05,HarRvThreshold,4,1348,127,,,0.000624970986930241,0.015667299280848035,0.18501004550405342,0.0,,,,0,0,105,45,0.0
global_scaler,h10_d05,HarRvThreshold,4,1348,127,,,0.000624970986930241,0.015667299280848035,0.18501004550405342,0.0,,,,0,0,105,46,0.0
global_scaler,h10_d05,LogisticRegressionL2,4,1348,127,,,0.37184353938754006,0.5000421605852927,0.8128973312823723,0.2755905511811024,0.0,0.9966384999147386,,35,0,127,42,0.2755905511811024
global_scaler,h10_d05,LogisticRegressionL2,4,1348,127,,,0.37184353938754006,0.5000421605852927,0.8128973312823723,0.2755905511811024,0.0,0.9966384999147386,,35,0,127,43,0.2755905511811024
global_scaler,h10_d05,LogisticRegressionL2,4,1348,127,,,0.37184353938754006,0.5000421605852927,0.8128973312823723,0.2755905511811024,0.0,0.9966384999147386,,35,0,127,44,0.2755905511811024
global_scaler,h10_d05,LogisticRegressionL2,4,1348,127,,,0.37184353938754006,0.5000421605852927,0.8128973312823723,0.2755905511811024,0.0,0.9966384999147386,,35,0,127,45,0.2755905511811024
global_scaler,h10_d05,LogisticRegressionL2,4,1348,127,,,0.37184353938754006,0.5000421605852927,0.8128973312823723,0.2755905511811024,0.0,0.9966384999147386,,35,0,127,46,0.2755905511811024
global_scaler,h10_d05,LightGbmTuned,4,1348,127,,,0.13942064994398376,0.33518428621544016,0.7409255137911879,0.05511811023622047,0.0,0.6930923292817907,,7,0,127,42,0.05511811023622047
global_scaler,h10_d05,LightGbmTuned,4,1348,127,,,0.13942064994398376,0.33518428621544016,0.7409255137911879,0.05511811023622047,0.0,0.6930923292817907,,7,0,127,43,0.05511811023622047
global_scaler,h10_d05,LightGbmTuned,4,1348,127,,,0.13942064994398376,0.33518428621544016,0.7409255137911879,0.05511811023622047,0.0,0.6930923292817907,,7,0,127,44,0.05511811023622047
global_scaler,h10_d05,LightGbmTuned,4,1348,127,,,0.13942064994398376,0.33518428621544016,0.7409255137911879,0.05511811023622047,0.0,0.6930923292817907,,7,0,127,45,0.05511811023622047
global_scaler,h10_d05,LightGbmTuned,4,1348,127,,,0.13942064994398376,0.33518428621544016,0.7409255137911879,0.05511811023622047,0.0,0.6930923292817907,,7,0,127,46,0.05511811023622047
global_scaler,h10_d05,NaiveBaseRate,5,1475,125,,,0.0027964378052283845,0.05288135593220338,0.05288135593220339,0.0,,,,0,0,125,42,0.0
global_scaler,h10_d05,NaiveBaseRate,5,1475,125,,,0.0027964378052283845,0.05288135593220338,0.05288135593220339,0.0,,,,0,0,125,43,0.0
global_scaler,h10_d05,NaiveBaseRate,5,1475,125,,,0.0027964378052283845,0.05288135593220338,0.05288135593220339,0.0,,,,0,0,125,44,0.0
global_scaler,h10_d05,NaiveBaseRate,5,1475,125,,,0.0027964378052283845,0.05288135593220338,0.05288135593220339,0.0,,,,0,0,125,45,0.0
global_scaler,h10_d05,NaiveBaseRate,5,1475,125,,,0.0027964378052283845,0.05288135593220338,0.05288135593220339,0.0,,,,0,0,125,46,0.0
global_scaler,h10_d05,VIXPercentileRaw,5,1475,125,,,0.01967176144785981,0.06416813559322034,0.9500338983050848,0.0,,,,0,0,125,42,0.0
global_scaler,h10_d05,VIXPercentileRaw,5,1475,125,,,0.01967176144785981,0.06416813559322034,0.9500338983050848,0.0,,,,0,0,125,43,0.0
global_scaler,h10_d05,VIXPercentileRaw,5,1475,125,,,0.01967176144785981,0.06416813559322034,0.9500338983050848,0.0,,,,0,0,125,44,0.0
global_scaler,h10_d05,VIXPercentileRaw,5,1475,125,,,0.01967176144785981,0.06416813559322034,0.9500338983050848,0.0,,,,0,0,125,45,0.0
global_scaler,h10_d05,VIXPercentileRaw,5,1475,125,,,0.01967176144785981,0.06416813559322034,0.9500338983050848,0.0,,,,0,0,125,46,0.0
global_scaler,h10_d05,VIXPercentileCalibrated,5,1475,125,,,0.00011625837702150103,0.004939864407594136,0.2,0.0,,,,0,0,125,42,0.0
global_scaler,h10_d05,VIXPercentileCalibrated,5,1475,125,,,0.00011625837702150103,0.004939864407594136,0.2,0.0,,,,0,0,125,43,0.0
global_scaler,h10_d05,VIXPercentileCalibrated,5,1475,125,,,0.00011625837702150103,0.004939864407594136,0.2,0.0,,,,0,0,125,44,0.0
global_scaler,h10_d05,VIXPercentileCalibrated,5,1475,125,,,0.00011625837702150103,0.004939864407594136,0.2,0.0,,,,0,0,125,45,0.0
global_scaler,h10_d05,VIXPercentileCalibrated,5,1475,125,,,0.00011625837702150103,0.004939864407594136,0.2,0.0,,,,0,0,125,46,0.0
global_scaler,h10_d05,HarRvThreshold,5,1475,125,,,0.00013233870425701937,0.008267779444614968,0.17026450090677817,0.0,,,,0,0,103,42,0.0
global_scaler,h10_d05,HarRvThreshold,5,1475,125,,,0.00013233870425701937,0.008267779444614968,0.17026450090677817,0.0,,,,0,0,103,43,0.0
global_scaler,h10_d05,HarRvThreshold,5,1475,125,,,0.00013233870425701937,0.008267779444614968,0.17026450090677817,0.0,,,,0,0,103,44,0.0
global_scaler,h10_d05,HarRvThreshold,5,1475,125,,,0.00013233870425701937,0.008267779444614968,0.17026450090677817,0.0,,,,0,0,103,45,0.0
global_scaler,h10_d05,HarRvThreshold,5,1475,125,,,0.00013233870425701937,0.008267779444614968,0.17026450090677817,0.0,,,,0,0,103,46,0.0
global_scaler,h10_d05,LogisticRegressionL2,5,1475,125,,,0.11849182584898113,0.27803053986054566,0.7972644333266553,0.016,0.0,1.0642152376518614,,2,0,125,42,0.016
global_scaler,h10_d05,LogisticRegressionL2,5,1475,125,,,0.11849182584898113,0.27803053986054566,0.7972644333266553,0.016,0.0,1.0642152376518614,,2,0,125,43,0.016
global_scaler,h10_d05,LogisticRegressionL2,5,1475,125,,,0.11849182584898113,0.27803053986054566,0.7972644333266553,0.016,0.0,1.0642152376518614,,2,0,125,44,0.016
global_scaler,h10_d05,LogisticRegressionL2,5,1475,125,,,0.11849182584898113,0.27803053986054566,0.7972644333266553,0.016,0.0,1.0642152376518614,,2,0,125,45,0.016
global_scaler,h10_d05,LogisticRegressionL2,5,1475,125,,,0.11849182584898113,0.27803053986054566,0.7972644333266553,0.016,0.0,1.0642152376518614,,2,0,125,46,0.016
global_scaler,h10_d05,LightGbmTuned,5,1475,125,,,0.029733616268559693,0.09233955835853824,0.6066774784756381,0.016,0.0,1.0642152376518614,,2,0,125,42,0.016
global_scaler,h10_d05,LightGbmTuned,5,1475,125,,,0.029733616268559693,0.09233955835853824,0.6066774784756381,0.016,0.0,1.0642152376518614,,2,0,125,43,0.016
global_scaler,h10_d05,LightGbmTuned,5,1475,125,,,0.029733616268559693,0.09233955835853824,0.6066774784756381,0.016,0.0,1.0642152376518614,,2,0,125,44,0.016
global_scaler,h10_d05,LightGbmTuned,5,1475,125,,,0.029733616268559693,0.09233955835853824,0.6066774784756381,0.016,0.0,1.0642152376518614,,2,0,125,45,0.016
global_scaler,h10_d05,LightGbmTuned,5,1475,125,,,0.029733616268559693,0.09233955835853824,0.6066774784756381,0.016,0.0,1.0642152376518614,,2,0,125,46,0.016
global_scaler,h10_d05,NaiveBaseRate,6,1600,126,,,0.0023765624999999993,0.04875,0.04875,0.0,,,,0,0,126,42,0.0
global_scaler,h10_d05,NaiveBaseRate,6,1600,126,,,0.0023765624999999993,0.04875,0.04875,0.0,,,,0,0,126,43,0.0
global_scaler,h10_d05,NaiveBaseRate,6,1600,126,,,0.0023765624999999993,0.04875,0.04875,0.0,,,,0,0,126,44,0.0
global_scaler,h10_d05,NaiveBaseRate,6,1600,126,,,0.0023765624999999993,0.04875,0.04875,0.0,,,,0,0,126,45,0.0
global_scaler,h10_d05,NaiveBaseRate,6,1600,126,,,0.0023765624999999993,0.04875,0.04875,0.0,,,,0,0,126,46,0.0
global_scaler,h10_d05,VIXPercentileRaw,6,1600,126,,,0.01148194754464286,0.04355654761904762,0.9500312499999999,0.0,,,,0,0,126,42,0.0
global_scaler,h10_d05,VIXPercentileRaw,6,1600,126,,,0.01148194754464286,0.04355654761904762,0.9500312499999999,0.0,,,,0,0,126,43,0.0
global_scaler,h10_d05,VIXPercentileRaw,6,1600,126,,,0.01148194754464286,0.04355654761904762,0.9500312499999999,0.0,,,,0,0,126,44,0.0
global_scaler,h10_d05,VIXPercentileRaw,6,1600,126,,,0.01148194754464286,0.04355654761904762,0.9500312499999999,0.0,,,,0,0,126,45,0.0
global_scaler,h10_d05,VIXPercentileRaw,6,1600,126,,,0.01148194754464286,0.04355654761904762,0.9500312499999999,0.0,,,,0,0,126,46,0.0
global_scaler,h10_d05,VIXPercentileCalibrated,6,1600,126,,,5.451108757205361e-05,0.002046794300361181,0.2,0.0,,,,0,0,126,42,0.0
global_scaler,h10_d05,VIXPercentileCalibrated,6,1600,126,,,5.451108757205361e-05,0.002046794300361181,0.2,0.0,,,,0,0,126,43,0.0
global_scaler,h10_d05,VIXPercentileCalibrated,6,1600,126,,,5.451108757205361e-05,0.002046794300361181,0.2,0.0,,,,0,0,126,44,0.0
global_scaler,h10_d05,VIXPercentileCalibrated,6,1600,126,,,5.451108757205361e-05,0.002046794300361181,0.2,0.0,,,,0,0,126,45,0.0
global_scaler,h10_d05,VIXPercentileCalibrated,6,1600,126,,,5.451108757205361e-05,0.002046794300361181,0.2,0.0,,,,0,0,126,46,0.0
global_scaler,h10_d05,HarRvThreshold,6,1600,126,,,0.00010641276086726193,0.0068995199809706205,0.16123259417632468,0.0,,,,0,0,104,42,0.0
global_scaler,h10_d05,HarRvThreshold,6,1600,126,,,0.00010641276086726193,0.0068995199809706205,0.16123259417632468,0.0,,,,0,0,104,43,0.0
global_scaler,h10_d05,HarRvThreshold,6,1600,126,,,0.00010641276086726193,0.0068995199809706205,0.16123259417632468,0.0,,,,0,0,104,44,0.0
global_scaler,h10_d05,HarRvThreshold,6,1600,126,,,0.00010641276086726193,0.0068995199809706205,0.16123259417632468,0.0,,,,0,0,104,45,0.0
global_scaler,h10_d05,HarRvThreshold,6,1600,126,,,0.00010641276086726193,0.0068995199809706205,0.16123259417632468,0.0,,,,0,0,104,46,0.0
global_scaler,h10_d05,LogisticRegressionL2,6,1600,126,,,0.16723456049100205,0.3085694203646772,0.7942185157725418,0.07142857142857142,0.0,1.773651565436569,,9,0,126,42,0.07142857142857142
global_scaler,h10_d05,LogisticRegressionL2,6,1600,126,,,0.16723456049100205,0.3085694203646772,0.7942185157725418,0.07142857142857142,0.0,1.773651565436569,,9,0,126,43,0.07142857142857142
global_scaler,h10_d05,LogisticRegressionL2,6,1600,126,,,0.16723456049100205,0.3085694203646772,0.7942185157725418,0.07142857142857142,0.0,1.773651565436569,,9,0,126,44,0.07142857142857142
global_scaler,h10_d05,LogisticRegressionL2,6,1600,126,,,0.16723456049100205,0.3085694203646772,0.7942185157725418,0.07142857142857142,0.0,1.773651565436569,,9,0,126,45,0.07142857142857142
global_scaler,h10_d05,LogisticRegressionL2,6,1600,126,,,0.16723456049100205,0.3085694203646772,0.7942185157725418,0.07142857142857142,0.0,1.773651565436569,,9,0,126,46,0.07142857142857142
global_scaler,h10_d05,LightGbmTuned,6,1600,126,,,0.03596330084185472,0.1249050091261072,0.7067986071022384,0.007936507936507936,0.0,1.7066325078447944,,1,0,126,42,0.007936507936507936
global_scaler,h10_d05,LightGbmTuned,6,1600,126,,,0.03596330084185472,0.1249050091261072,0.7067986071022384,0.007936507936507936,0.0,1.7066325078447944,,1,0,126,43,0.007936507936507936
global_scaler,h10_d05,LightGbmTuned,6,1600,126,,,0.03596330084185472,0.1249050091261072,0.7067986071022384,0.007936507936507936,0.0,1.7066325078447944,,1,0,126,44,0.007936507936507936
global_scaler,h10_d05,LightGbmTuned,6,1600,126,,,0.03596330084185472,0.1249050091261072,0.7067986071022384,0.007936507936507936,0.0,1.7066325078447944,,1,0,126,45,0.007936507936507936
global_scaler,h10_d05,LightGbmTuned,6,1600,126,,,0.03596330084185472,0.1249050091261072,0.7067986071022384,0.007936507936507936,0.0,1.7066325078447944,,1,0,126,46,0.007936507936507936
global_scaler,h10_d05,NaiveBaseRate,7,1726,125,0.5,0.128,0.11847329843213132,0.08280880648899192,0.04519119351100811,0.0,,,,0,16,125,42,
global_scaler,h10_d05,NaiveBaseRate,7,1726,125,0.5,0.128,0.11847329843213132,0.08280880648899192,0.04519119351100811,0.0,,,,0,16,125,43,
global_scaler,h10_d05,NaiveBaseRate,7,1726,125,0.5,0.128,0.11847329843213132,0.08280880648899192,0.04519119351100811,0.0,,,,0,16,125,44,
global_scaler,h10_d05,NaiveBaseRate,7,1726,125,0.5,0.128,0.11847329843213132,0.08280880648899192,0.04519119351100811,0.0,,,,0,16,125,45,
global_scaler,h10_d05,NaiveBaseRate,7,1726,125,0.5,0.128,0.11847329843213132,0.08280880648899192,0.04519119351100811,0.0,,,,0,16,125,46,
global_scaler,h10_d05,VIXPercentileRaw,7,1726,125,0.34919724770642196,0.09875030703353366,0.3891266500082576,0.4397450753186558,0.9500289687137892,0.032,0.0,0.5362847101343831,,4,16,125,42,
global_scaler,h10_d05,VIXPercentileRaw,7,1726,125,0.34919724770642196,0.09875030703353366,0.3891266500082576,0.4397450753186558,0.9500289687137892,0.032,0.0,0.5362847101343831,,4,16,125,43,
global_scaler,h10_d05,VIXPercentileRaw,7,1726,125,0.34919724770642196,0.09875030703353366,0.3891266500082576,0.4397450753186558,0.9500289687137892,0.032,0.0,0.5362847101343831,,4,16,125,44,
global_scaler,h10_d05,VIXPercentileRaw,7,1726,125,0.34919724770642196,0.09875030703353366,0.3891266500082576,0.4397450753186558,0.9500289687137892,0.032,0.0,0.5362847101343831,,4,16,125,45,
global_scaler,h10_d05,VIXPercentileRaw,7,1726,125,0.34919724770642196,0.09875030703353366,0.3891266500082576,0.4397450753186558,0.9500289687137892,0.032,0.0,0.5362847101343831,,4,16,125,46,
global_scaler,h10_d05,VIXPercentileCalibrated,7,1726,125,0.33772935779816515,0.10376966733221023,0.12656557536347518,0.1086613539908262,0.13333333333333333,0.024,0.0,0.9692018597777807,,3,16,125,42,
global_scaler,h10_d05,VIXPercentileCalibrated,7,1726,125,0.33772935779816515,0.10376966733221023,0.12656557536347518,0.1086613539908262,0.13333333333333333,0.024,0.0,0.9692018597777807,,3,16,125,43,
global_scaler,h10_d05,VIXPercentileCalibrated,7,1726,125,0.33772935779816515,0.10376966733221023,0.12656557536347518,0.1086613539908262,0.13333333333333333,0.024,0.0,0.9692018597777807,,3,16,125,44,
global_scaler,h10_d05,VIXPercentileCalibrated,7,1726,125,0.33772935779816515,0.10376966733221023,0.12656557536347518,0.1086613539908262,0.13333333333333333,0.024,0.0,0.9692018597777807,,3,16,125,45,
global_scaler,h10_d05,VIXPercentileCalibrated,7,1726,125,0.33772935779816515,0.10376966733221023,0.12656557536347518,0.1086613539908262,0.13333333333333333,0.024,0.0,0.9692018597777807,,3,16,125,46,
global_scaler,h10_d05,HarRvThreshold,7,1726,125,0.4985119047619047,0.07232299948920118,0.07083624977271731,0.07101833021740885,0.15081193968931228,0.1262135922330097,0.0,0.6695649985579378,,13,7,103,42,
global_scaler,h10_d05,HarRvThreshold,7,1726,125,0.4985119047619047,0.07232299948920118,0.07083624977271731,0.07101833021740885,0.15081193968931228,0.1262135922330097,0.0,0.6695649985579378,,13,7,103,43,
global_scaler,h10_d05,HarRvThreshold,7,1726,125,0.4985119047619047,0.07232299948920118,0.07083624977271731,0.07101833021740885,0.15081193968931228,0.1262135922330097,0.0,0.6695649985579378,,13,7,103,44,
global_scaler,h10_d05,HarRvThreshold,7,1726,125,0.4985119047619047,0.07232299948920118,0.07083624977271731,0.07101833021740885,0.15081193968931228,0.1262135922330097,0.0,0.6695649985579378,,13,7,103,45,
global_scaler,h10_d05,HarRvThreshold,7,1726,125,0.4985119047619047,0.07232299948920118,0.07083624977271731,0.07101833021740885,0.15081193968931228,0.1262135922330097,0.0,0.6695649985579378,,13,7,103,46,
global_scaler,h10_d05,LogisticRegressionL2,7,1726,125,0.1777522935779816,0.07957096167017608,0.15850269269020453,0.17440760307563574,0.8008332440532951,0.016,0.0,2.0260956187442827,,2,16,125,42,
global_scaler,h10_d05,LogisticRegressionL2,7,1726,125,0.1777522935779816,0.07957096167017608,0.15850269269020453,0.17440760307563574,0.8008332440532951,0.016,0.0,2.0260956187442827,,2,16,125,43,
global_scaler,h10_d05,LogisticRegressionL2,7,1726,125,0.1777522935779816,0.07957096167017608,0.15850269269020453,0.17440760307563574,0.8008332440532951,0.016,0.0,2.0260956187442827,,2,16,125,44,
global_scaler,h10_d05,LogisticRegressionL2,7,1726,125,0.1777522935779816,0.07957096167017608,0.15850269269020453,0.17440760307563574,0.8008332440532951,0.016,0.0,2.0260956187442827,,2,16,125,45,
global_scaler,h10_d05,LogisticRegressionL2,7,1726,125,0.1777522935779816,0.07957096167017608,0.15850269269020453,0.17440760307563574,0.8008332440532951,0.016,0.0,2.0260956187442827,,2,16,125,46,
global_scaler,h10_d05,LightGbmTuned,7,1726,125,0.37643348623853207,0.10237538709388024,0.197430618353059,0.20615947724082828,0.7417450982671447,0.024,0.0,0.6464843523657713,,3,16,125,42,
global_scaler,h10_d05,LightGbmTuned,7,1726,125,0.37643348623853207,0.10237538709388024,0.197430618353059,0.20615947724082828,0.7417450982671447,0.024,0.0,0.6464843523657713,,3,16,125,43,
global_scaler,h10_d05,LightGbmTuned,7,1726,125,0.37643348623853207,0.10237538709388024,0.197430618353059,0.20615947724082828,0.7417450982671447,0.024,0.0,0.6464843523657713,,3,16,125,44,
global_scaler,h10_d05,LightGbmTuned,7,1726,125,0.37643348623853207,0.10237538709388024,0.197430618353059,0.20615947724082828,0.7417450982671447,0.024,0.0,0.6464843523657713,,3,16,125,45,
global_scaler,h10_d05,LightGbmTuned,7,1726,125,0.37643348623853207,0.10237538709388024,0.197430618353059,0.20615947724082828,0.7417450982671447,0.024,0.0,0.6464843523657713,,3,16,125,46,
global_scaler,h10_d05,NaiveBaseRate,8,1851,125,0.5,0.224,0.2038280042531072,0.17321663965424094,0.050783360345759046,0.0,,,,0,28,125,42,
global_scaler,h10_d05,NaiveBaseRate,8,1851,125,0.5,0.224,0.2038280042531072,0.17321663965424094,0.050783360345759046,0.0,,,,0,28,125,43,
global_scaler,h10_d05,NaiveBaseRate,8,1851,125,0.5,0.224,0.2038280042531072,0.17321663965424094,0.050783360345759046,0.0,,,,0,28,125,44,
global_scaler,h10_d05,NaiveBaseRate,8,1851,125,0.5,0.224,0.2038280042531072,0.17321663965424094,0.050783360345759046,0.0,,,,0,28,125,45,
global_scaler,h10_d05,NaiveBaseRate,8,1851,125,0.5,0.224,0.2038280042531072,0.17321663965424094,0.050783360345759046,0.0,,,,0,28,125,46,
global_scaler,h10_d05,VIXPercentileRaw,8,1851,125,0.6235272459499264,0.29412686690576373,0.30601963165616963,0.3281080497028633,0.9500270124257157,0.048,0.0,0.4945509233305439,,6,28,125,42,
global_scaler,h10_d05,VIXPercentileRaw,8,1851,125,0.6235272459499264,0.29412686690576373,0.30601963165616963,0.3281080497028633,0.9500270124257157,0.048,0.0,0.4945509233305439,,6,28,125,43,
global_scaler,h10_d05,VIXPercentileRaw,8,1851,125,0.6235272459499264,0.29412686690576373,0.30601963165616963,0.3281080497028633,0.9500270124257157,0.048,0.0,0.4945509233305439,,6,28,125,44,
global_scaler,h10_d05,VIXPercentileRaw,8,1851,125,0.6235272459499264,0.29412686690576373,0.30601963165616963,0.3281080497028633,0.9500270124257157,0.048,0.0,0.4945509233305439,,6,28,125,45,
global_scaler,h10_d05,VIXPercentileRaw,8,1851,125,0.6235272459499264,0.29412686690576373,0.30601963165616963,0.3281080497028633,0.9500270124257157,0.048,0.0,0.4945509233305439,,6,28,125,46,
global_scaler,h10_d05,VIXPercentileCalibrated,8,1851,125,0.6181885125184093,0.2794530886688585,0.20141888143717823,0.1743267754695667,0.11764705882352941,0.032,0.0,0.10620954942897795,,4,28,125,42,
global_scaler,h10_d05,VIXPercentileCalibrated,8,1851,125,0.6181885125184093,0.2794530886688585,0.20141888143717823,0.1743267754695667,0.11764705882352941,0.032,0.0,0.10620954942897795,,4,28,125,43,
global_scaler,h10_d05,VIXPercentileCalibrated,8,1851,125,0.6181885125184093,0.2794530886688585,0.20141888143717823,0.1743267754695667,0.11764705882352941,0.032,0.0,0.10620954942897795,,4,28,125,44,
global_scaler,h10_d05,VIXPercentileCalibrated,8,1851,125,0.6181885125184093,0.2794530886688585,0.20141888143717823,0.1743267754695667,0.11764705882352941,0.032,0.0,0.10620954942897795,,4,28,125,45,
global_scaler,h10_d05,VIXPercentileCalibrated,8,1851,125,0.6181885125184093,0.2794530886688585,0.20141888143717823,0.1743267754695667,0.11764705882352941,0.032,0.0,0.10620954942897795,,4,28,125,46,
global_scaler,h10_d05,HarRvThreshold,8,1851,125,0.5571428571428572,0.3300121345380805,0.24077276285520152,0.2244546716860475,0.15922581322867616,0.0970873786407767,0.4,1.0739472958483531,1.098636807216599,10,28,103,42,
global_scaler,h10_d05,HarRvThreshold,8,1851,125,0.5571428571428572,0.3300121345380805,0.24077276285520152,0.2244546716860475,0.15922581322867616,0.0970873786407767,0.4,1.0739472958483531,1.098636807216599,10,28,103,43,
global_scaler,h10_d05,HarRvThreshold,8,1851,125,0.5571428571428572,0.3300121345380805,0.24077276285520152,0.2244546716860475,0.15922581322867616,0.0970873786407767,0.4,1.0739472958483531,1.098636807216599,10,28,103,44,
global_scaler,h10_d05,HarRvThreshold,8,1851,125,0.5571428571428572,0.3300121345380805,0.24077276285520152,0.2244546716860475,0.15922581322867616,0.0970873786407767,0.4,1.0739472958483531,1.098636807216599,10,28,103,45,
global_scaler,h10_d05,HarRvThreshold,8,1851,125,0.5571428571428572,0.3300121345380805,0.24077276285520152,0.2244546716860475,0.15922581322867616,0.0970873786407767,0.4,1.0739472958483531,1.098636807216599,10,28,103,46,
global_scaler,h10_d05,LogisticRegressionL2,8,1851,125,0.5342415316642121,0.2744803626877759,0.2763094007509351,0.27419980970106494,0.8276027740154207,0.088,0.18181818181818182,0.7983666763312678,0.8942868002830718,11,28,125,42,
global_scaler,h10_d05,LogisticRegressionL2,8,1851,125,0.5342415316642121,0.2744803626877759,0.2763094007509351,0.27419980970106494,0.8276027740154207,0.088,0.18181818181818182,0.7983666763312678,0.8942868002830718,11,28,125,43,
global_scaler,h10_d05,LogisticRegressionL2,8,1851,125,0.5342415316642121,0.2744803626877759,0.2763094007509351,0.27419980970106494,0.8276027740154207,0.088,0.18181818181818182,0.7983666763312678,0.8942868002830718,11,28,125,44,
global_scaler,h10_d05,LogisticRegressionL2,8,1851,125,0.5342415316642121,0.2744803626877759,0.2763094007509351,0.27419980970106494,0.8276027740154207,0.088,0.18181818181818182,0.7983666763312678,0.8942868002830718,11,28,125,45,
global_scaler,h10_d05,LogisticRegressionL2,8,1851,125,0.5342415316642121,0.2744803626877759,0.2763094007509351,0.27419980970106494,0.8276027740154207,0.088,0.18181818181818182,0.7983666763312678,0.8942868002830718,11,28,125,46,
global_scaler,h10_d05,LightGbmTuned,8,1851,125,0.6049337260677468,0.26213329089542814,0.19971806350242066,0.1009081469395971,0.689384872679859,0.016,0.0,1.3712734271898526,,2,28,125,42,
global_scaler,h10_d05,LightGbmTuned,8,1851,125,0.6049337260677468,0.26213329089542814,0.19971806350242066,0.1009081469395971,0.689384872679859,0.016,0.0,1.3712734271898526,,2,28,125,43,
global_scaler,h10_d05,LightGbmTuned,8,1851,125,0.6049337260677468,0.26213329089542814,0.19971806350242066,0.1009081469395971,0.689384872679859,0.016,0.0,1.3712734271898526,,2,28,125,44,
global_scaler,h10_d05,LightGbmTuned,8,1851,125,0.6049337260677468,0.26213329089542814,0.19971806350242066,0.1009081469395971,0.689384872679859,0.016,0.0,1.3712734271898526,,2,28,125,45,
global_scaler,h10_d05,LightGbmTuned,8,1851,125,0.6049337260677468,0.26213329089542814,0.19971806350242066,0.1009081469395971,0.689384872679859,0.016,0.0,1.3712734271898526,,2,28,125,46,
global_scaler,h10_d05,NaiveBaseRate,9,1976,125,,,0.0038119375829795557,0.0617408906882591,0.06174089068825911,0.0,,,,0,0,125,42,0.0
global_scaler,h10_d05,NaiveBaseRate,9,1976,125,,,0.0038119375829795557,0.0617408906882591,0.06174089068825911,0.0,,,,0,0,125,43,0.0
global_scaler,h10_d05,NaiveBaseRate,9,1976,125,,,0.0038119375829795557,0.0617408906882591,0.06174089068825911,0.0,,,,0,0,125,44,0.0
global_scaler,h10_d05,NaiveBaseRate,9,1976,125,,,0.0038119375829795557,0.0617408906882591,0.06174089068825911,0.0,,,,0,0,125,45,0.0
global_scaler,h10_d05,NaiveBaseRate,9,1976,125,,,0.0038119375829795557,0.0617408906882591,0.06174089068825911,0.0,,,,0,0,125,46,0.0
global_scaler,h10_d05,VIXPercentileRaw,9,1976,125,,,0.34304687218279273,0.554085020242915,0.9500253036437247,0.0,,,,0,0,125,42,0.0
global_scaler,h10_d05,VIXPercentileRaw,9,1976,125,,,0.34304687218279273,0.554085020242915,0.9500253036437247,0.0,,,,0,0,125,43,0.0
global_scaler,h10_d05,VIXPercentileRaw,9,1976,125,,,0.34304687218279273,0.554085020242915,0.9500253036437247,0.0,,,,0,0,125,44,0.0
global_scaler,h10_d05,VIXPercentileRaw,9,1976,125,,,0.34304687218279273,0.554085020242915,0.9500253036437247,0.0,,,,0,0,125,45,0.0
global_scaler,h10_d05,VIXPercentileRaw,9,1976,125,,,0.34304687218279273,0.554085020242915,0.9500253036437247,0.0,,,,0,0,125,46,0.0
global_scaler,h10_d05,VIXPercentileCalibrated,9,1976,125,,,0.003990457879315864,0.057258152421735896,0.13861386138613863,0.0,,,,0,0,125,42,0.0
global_scaler,h10_d05,VIXPercentileCalibrated,9,1976,125,,,0.003990457879315864,0.057258152421735896,0.13861386138613863,0.0,,,,0,0,125,43,0.0
global_scaler,h10_d05,VIXPercentileCalibrated,9,1976,125,,,0.003990457879315864,0.057258152421735896,0.13861386138613863,0.0,,,,0,0,125,44,0.0
global_scaler,h10_d05,VIXPercentileCalibrated,9,1976,125,,,0.003990457879315864,0.057258152421735896,0.13861386138613863,0.0,,,,0,0,125,45,0.0
global_scaler,h10_d05,VIXPercentileCalibrated,9,1976,125,,,0.003990457879315864,0.057258152421735896,0.13861386138613863,0.0,,,,0,0,125,46,0.0
global_scaler,h10_d05,HarRvThreshold,9,1976,125,,,0.001095851854886303,0.02737424204932471,0.1678978305159221,0.0,,,,0,0,103,42,0.0
global_scaler,h10_d05,HarRvThreshold,9,1976,125,,,0.001095851854886303,0.02737424204932471,0.1678978305159221,0.0,,,,0,0,103,43,0.0
global_scaler,h10_d05,HarRvThreshold,9,1976,125,,,0.001095851854886303,0.02737424204932471,0.1678978305159221,0.0,,,,0,0,103,44,0.0
global_scaler,h10_d05,HarRvThreshold,9,1976,125,,,0.001095851854886303,0.02737424204932471,0.1678978305159221,0.0,,,,0,0,103,45,0.0
global_scaler,h10_d05,HarRvThreshold,9,1976,125,,,0.001095851854886303,0.02737424204932471,0.1678978305159221,0.0,,,,0,0,103,46,0.0
global_scaler,h10_d05,LogisticRegressionL2,9,1976,125,,,0.22964310305855218,0.4135047558892886,0.8358071173538288,0.048,0.0,0.20881105347024786,,6,0,125,42,0.048
global_scaler,h10_d05,LogisticRegressionL2,9,1976,125,,,0.22964310305855218,0.4135047558892886,0.8358071173538288,0.048,0.0,0.20881105347024786,,6,0,125,43,0.048
global_scaler,h10_d05,LogisticRegressionL2,9,1976,125,,,0.22964310305855218,0.4135047558892886,0.8358071173538288,0.048,0.0,0.20881105347024786,,6,0,125,44,0.048
global_scaler,h10_d05,LogisticRegressionL2,9,1976,125,,,0.22964310305855218,0.4135047558892886,0.8358071173538288,0.048,0.0,0.20881105347024786,,6,0,125,45,0.048
global_scaler,h10_d05,LogisticRegressionL2,9,1976,125,,,0.22964310305855218,0.4135047558892886,0.8358071173538288,0.048,0.0,0.20881105347024786,,6,0,125,46,0.048
global_scaler,h10_d05,LightGbmTuned,9,1976,125,,,0.10199387274521146,0.23739287636478373,0.7655049561566456,0.064,0.0,0.3532045849702078,,8,0,125,42,0.064
global_scaler,h10_d05,LightGbmTuned,9,1976,125,,,0.10199387274521146,0.23739287636478373,0.7655049561566456,0.064,0.0,0.3532045849702078,,8,0,125,43,0.064
global_scaler,h10_d05,LightGbmTuned,9,1976,125,,,0.10199387274521146,0.23739287636478373,0.7655049561566456,0.064,0.0,0.3532045849702078,,8,0,125,44,0.064
global_scaler,h10_d05,LightGbmTuned,9,1976,125,,,0.10199387274521146,0.23739287636478373,0.7655049561566456,0.064,0.0,0.3532045849702078,,8,0,125,45,0.064
global_scaler,h10_d05,LightGbmTuned,9,1976,125,,,0.10199387274521146,0.23739287636478373,0.7655049561566456,0.064,0.0,0.3532045849702078,,8,0,125,46,0.064
global_scaler,h10_d05,NaiveBaseRate,10,2101,127,0.5,0.047244094488188976,0.04512923801137625,0.010823492375209416,0.058067586863398385,0.0,,,,0,6,127,42,
global_scaler,h10_d05,NaiveBaseRate,10,2101,127,0.5,0.047244094488188976,0.04512923801137625,0.010823492375209416,0.058067586863398385,0.0,,,,0,6,127,43,
global_scaler,h10_d05,NaiveBaseRate,10,2101,127,0.5,0.047244094488188976,0.04512923801137625,0.010823492375209416,0.058067586863398385,0.0,,,,0,6,127,44,
global_scaler,h10_d05,NaiveBaseRate,10,2101,127,0.5,0.047244094488188976,0.04512923801137625,0.010823492375209416,0.058067586863398385,0.0,,,,0,6,127,45,
global_scaler,h10_d05,NaiveBaseRate,10,2101,127,0.5,0.047244094488188976,0.04512923801137625,0.010823492375209416,0.058067586863398385,0.0,,,,0,6,127,46,
global_scaler,h10_d05,VIXPercentileRaw,10,2101,127,0.18457300275482091,0.03220156264178567,0.28718016253222756,0.4114576111113193,0.9500237981913374,0.0,,,,0,6,127,42,
global_scaler,h10_d05,VIXPercentileRaw,10,2101,127,0.18457300275482091,0.03220156264178567,0.28718016253222756,0.4114576111113193,0.9500237981913374,0.0,,,,0,6,127,43,
global_scaler,h10_d05,VIXPercentileRaw,10,2101,127,0.18457300275482091,0.03220156264178567,0.28718016253222756,0.4114576111113193,0.9500237981913374,0.0,,,,0,6,127,44,
global_scaler,h10_d05,VIXPercentileRaw,10,2101,127,0.18457300275482091,0.03220156264178567,0.28718016253222756,0.4114576111113193,0.9500237981913374,0.0,,,,0,6,127,45,
global_scaler,h10_d05,VIXPercentileRaw,10,2101,127,0.18457300275482091,0.03220156264178567,0.28718016253222756,0.4114576111113193,0.9500237981913374,0.0,,,,0,6,127,46,
global_scaler,h10_d05,VIXPercentileCalibrated,10,2101,127,0.2190082644628099,0.04145341207349081,0.047065040438762674,0.0032144881842827433,0.1346153846153846,0.0,,,,0,6,127,42,
global_scaler,h10_d05,VIXPercentileCalibrated,10,2101,127,0.2190082644628099,0.04145341207349081,0.047065040438762674,0.0032144881842827433,0.1346153846153846,0.0,,,,0,6,127,43,
global_scaler,h10_d05,VIXPercentileCalibrated,10,2101,127,0.2190082644628099,0.04145341207349081,0.047065040438762674,0.0032144881842827433,0.1346153846153846,0.0,,,,0,6,127,44,
global_scaler,h10_d05,VIXPercentileCalibrated,10,2101,127,0.2190082644628099,0.04145341207349081,0.047065040438762674,0.0032144881842827433,0.1346153846153846,0.0,,,,0,6,127,45,
global_scaler,h10_d05,VIXPercentileCalibrated,10,2101,127,0.2190082644628099,0.04145341207349081,0.047065040438762674,0.0032144881842827433,0.1346153846153846,0.0,,,,0,6,127,46,
global_scaler,h10_d05,HarRvThreshold,10,2101,127,,,0.00312142925450837,0.038882828227688813,0.16877975233366077,0.009523809523809525,0.0,0.3229276009456118,,1,0,105,42,0.009523809523809525
global_scaler,h10_d05,HarRvThreshold,10,2101,127,,,0.00312142925450837,0.038882828227688813,0.16877975233366077,0.009523809523809525,0.0,0.3229276009456118,,1,0,105,43,0.009523809523809525
global_scaler,h10_d05,HarRvThreshold,10,2101,127,,,0.00312142925450837,0.038882828227688813,0.16877975233366077,0.009523809523809525,0.0,0.3229276009456118,,1,0,105,44,0.009523809523809525
global_scaler,h10_d05,HarRvThreshold,10,2101,127,,,0.00312142925450837,0.038882828227688813,0.16877975233366077,0.009523809523809525,0.0,0.3229276009456118,,1,0,105,45,0.009523809523809525
global_scaler,h10_d05,HarRvThreshold,10,2101,127,,,0.00312142925450837,0.038882828227688813,0.16877975233366077,0.009523809523809525,0.0,0.3229276009456118,,1,0,105,46,0.009523809523809525
global_scaler,h10_d05,LogisticRegressionL2,10,2101,127,,,0.016983756594418375,0.10387561224467426,0.8378848542724302,0.0,,,,0,0,3,42,0.0
global_scaler,h10_d05,LogisticRegressionL2,10,2101,127,,,0.016983756594418375,0.10387561224467426,0.8378848542724302,0.0,,,,0,0,3,43,0.0
global_scaler,h10_d05,LogisticRegressionL2,10,2101,127,,,0.016983756594418375,0.10387561224467426,0.8378848542724302,0.0,,,,0,0,3,44,0.0
global_scaler,h10_d05,LogisticRegressionL2,10,2101,127,,,0.016983756594418375,0.10387561224467426,0.8378848542724302,0.0,,,,0,0,3,45,0.0
global_scaler,h10_d05,LogisticRegressionL2,10,2101,127,,,0.016983756594418375,0.10387561224467426,0.8378848542724302,0.0,,,,0,0,3,46,0.0
global_scaler,h10_d05,LightGbmTuned,10,2101,127,,,0.0013600828481142434,0.03292521969554448,0.7143250840216957,0.0,,,,0,0,3,42,0.0
global_scaler,h10_d05,LightGbmTuned,10,2101,127,,,0.0013600828481142434,0.03292521969554448,0.7143250840216957,0.0,,,,0,0,3,43,0.0
global_scaler,h10_d05,LightGbmTuned,10,2101,127,,,0.0013600828481142434,0.03292521969554448,0.7143250840216957,0.0,,,,0,0,3,44,0.0
global_scaler,h10_d05,LightGbmTuned,10,2101,127,,,0.0013600828481142434,0.03292521969554448,0.7143250840216957,0.0,,,,0,0,3,45,0.0
global_scaler,h10_d05,LightGbmTuned,10,2101,127,,,0.0013600828481142434,0.03292521969554448,0.7143250840216957,0.0,,,,0,0,3,46,0.0
global_scaler,h10_d05,NaiveBaseRate,11,2228,126,0.5,0.2698412698412698,0.2421367435178921,0.21239064147502207,0.05745062836624776,0.0,,,,0,34,126,42,
global_scaler,h10_d05,NaiveBaseRate,11,2228,126,0.5,0.2698412698412698,0.2421367435178921,0.21239064147502207,0.05745062836624776,0.0,,,,0,34,126,43,
global_scaler,h10_d05,NaiveBaseRate,11,2228,126,0.5,0.2698412698412698,0.2421367435178921,0.21239064147502207,0.05745062836624776,0.0,,,,0,34,126,44,
global_scaler,h10_d05,NaiveBaseRate,11,2228,126,0.5,0.2698412698412698,0.2421367435178921,0.21239064147502207,0.05745062836624776,0.0,,,,0,34,126,45,
global_scaler,h10_d05,NaiveBaseRate,11,2228,126,0.5,0.2698412698412698,0.2421367435178921,0.21239064147502207,0.05745062836624776,0.0,,,,0,34,126,46,
global_scaler,h10_d05,VIXPercentileRaw,11,2228,126,0.5724104859335039,0.38636748839304513,0.5591517069724897,0.5574363796984982,0.9500224416517057,0.6746031746031746,0.25882352941176473,1.0264032992593808,1.0945191301680006,85,34,126,42,
global_scaler,h10_d05,VIXPercentileRaw,11,2228,126,0.5724104859335039,0.38636748839304513,0.5591517069724897,0.5574363796984982,0.9500224416517057,0.6746031746031746,0.25882352941176473,1.0264032992593808,1.0945191301680006,85,34,126,43,
global_scaler,h10_d05,VIXPercentileRaw,11,2228,126,0.5724104859335039,0.38636748839304513,0.5591517069724897,0.5574363796984982,0.9500224416517057,0.6746031746031746,0.25882352941176473,1.0264032992593808,1.0945191301680006,85,34,126,44,
global_scaler,h10_d05,VIXPercentileRaw,11,2228,126,0.5724104859335039,0.38636748839304513,0.5591517069724897,0.5574363796984982,0.9500224416517057,0.6746031746031746,0.25882352941176473,1.0264032992593808,1.0945191301680006,85,34,126,45,
global_scaler,h10_d05,VIXPercentileRaw,11,2228,126,0.5724104859335039,0.38636748839304513,0.5591517069724897,0.5574363796984982,0.9500224416517057,0.6746031746031746,0.25882352941176473,1.0264032992593808,1.0945191301680006,85,34,126,46,
global_scaler,h10_d05,VIXPercentileCalibrated,11,2228,126,0.5,0.27096583645241284,0.21495015267368628,0.09878766630850742,0.13333333333333333,0.5476190476190477,0.2608695652173913,1.0920802566694037,1.1802004648402038,69,34,126,42,
global_scaler,h10_d05,VIXPercentileCalibrated,11,2228,126,0.5,0.27096583645241284,0.21495015267368628,0.09878766630850742,0.13333333333333333,0.5476190476190477,0.2608695652173913,1.0920802566694037,1.1802004648402038,69,34,126,43,
global_scaler,h10_d05,VIXPercentileCalibrated,11,2228,126,0.5,0.27096583645241284,0.21495015267368628,0.09878766630850742,0.13333333333333333,0.5476190476190477,0.2608695652173913,1.0920802566694037,1.1802004648402038,69,34,126,44,
global_scaler,h10_d05,VIXPercentileCalibrated,11,2228,126,0.5,0.27096583645241284,0.21495015267368628,0.09878766630850742,0.13333333333333333,0.5476190476190477,0.2608695652173913,1.0920802566694037,1.1802004648402038,69,34,126,45,
global_scaler,h10_d05,VIXPercentileCalibrated,11,2228,126,0.5,0.27096583645241284,0.21495015267368628,0.09878766630850742,0.13333333333333333,0.5476190476190477,0.2608695652173913,1.0920802566694037,1.1802004648402038,69,34,126,46,
global_scaler,h10_d05,HarRvThreshold,11,2228,126,0.5289915966386555,0.4116491178432413,0.3146390450055862,0.27560455427135677,0.16186210892818081,0.6057692307692307,0.3333333333333333,1.1148741718544395,1.1561415604536271,63,34,104,42,
global_scaler,h10_d05,HarRvThreshold,11,2228,126,0.5289915966386555,0.4116491178432413,0.3146390450055862,0.27560455427135677,0.16186210892818081,0.6057692307692307,0.3333333333333333,1.1148741718544395,1.1561415604536271,63,34,104,43,
global_scaler,h10_d05,HarRvThreshold,11,2228,126,0.5289915966386555,0.4116491178432413,0.3146390450055862,0.27560455427135677,0.16186210892818081,0.6057692307692307,0.3333333333333333,1.1148741718544395,1.1561415604536271,63,34,104,44,
global_scaler,h10_d05,HarRvThreshold,11,2228,126,0.5289915966386555,0.4116491178432413,0.3146390450055862,0.27560455427135677,0.16186210892818081,0.6057692307692307,0.3333333333333333,1.1148741718544395,1.1561415604536271,63,34,104,45,
global_scaler,h10_d05,HarRvThreshold,11,2228,126,0.5289915966386555,0.4116491178432413,0.3146390450055862,0.27560455427135677,0.16186210892818081,0.6057692307692307,0.3333333333333333,1.1148741718544395,1.1561415604536271,63,34,104,46,
global_scaler,h10_d05,LogisticRegressionL2,11,2228,126,,,,,0.8375538616878869,,,,,0,0,0,42,
global_scaler,h10_d05,LogisticRegressionL2,11,2228,126,,,,,0.8375538616878869,,,,,0,0,0,43,
global_scaler,h10_d05,LogisticRegressionL2,11,2228,126,,,,,0.8375538616878869,,,,,0,0,0,44,
global_scaler,h10_d05,LogisticRegressionL2,11,2228,126,,,,,0.8375538616878869,,,,,0,0,0,45,
global_scaler,h10_d05,LogisticRegressionL2,11,2228,126,,,,,0.8375538616878869,,,,,0,0,0,46,
global_scaler,h10_d05,LightGbmTuned,11,2228,126,,,,,0.7110504220722635,,,,,0,0,0,42,
global_scaler,h10_d05,LightGbmTuned,11,2228,126,,,,,0.7110504220722635,,,,,0,0,0,43,
global_scaler,h10_d05,LightGbmTuned,11,2228,126,,,,,0.7110504220722635,,,,,0,0,0,44,
global_scaler,h10_d05,LightGbmTuned,11,2228,126,,,,,0.7110504220722635,,,,,0,0,0,45,
global_scaler,h10_d05,LightGbmTuned,11,2228,126,,,,,0.7110504220722635,,,,,0,0,0,46,
global_scaler,h10_d05,NaiveBaseRate,12,2354,127,0.5,0.07086614173228346,0.06584832234882912,0.002047110296429566,0.06881903143585387,0.0,,,,0,9,127,42,
global_scaler,h10_d05,NaiveBaseRate,12,2354,127,0.5,0.07086614173228346,0.06584832234882912,0.002047110296429566,0.06881903143585387,0.0,,,,0,9,127,43,
global_scaler,h10_d05,NaiveBaseRate,12,2354,127,0.5,0.07086614173228346,0.06584832234882912,0.002047110296429566,0.06881903143585387,0.0,,,,0,9,127,44,
global_scaler,h10_d05,NaiveBaseRate,12,2354,127,0.5,0.07086614173228346,0.06584832234882912,0.002047110296429566,0.06881903143585387,0.0,,,,0,9,127,45,
global_scaler,h10_d05,NaiveBaseRate,12,2354,127,0.5,0.07086614173228346,0.06584832234882912,0.002047110296429566,0.06881903143585387,0.0,,,,0,9,127,46,
global_scaler,h10_d05,VIXPercentileRaw,12,2354,127,0.6770244821092279,0.10960372879731635,0.7535844082132614,0.8299092180172465,0.9501699235344094,0.06299212598425197,0.0,0.7794357517742964,,8,9,127,42,
global_scaler,h10_d05,VIXPercentileRaw,12,2354,127,0.6770244821092279,0.10960372879731635,0.7535844082132614,0.8299092180172465,0.9501699235344094,0.06299212598425197,0.0,0.7794357517742964,,8,9,127,43,
global_scaler,h10_d05,VIXPercentileRaw,12,2354,127,0.6770244821092279,0.10960372879731635,0.7535844082132614,0.8299092180172465,0.9501699235344094,0.06299212598425197,0.0,0.7794357517742964,,8,9,127,44,
global_scaler,h10_d05,VIXPercentileRaw,12,2354,127,0.6770244821092279,0.10960372879731635,0.7535844082132614,0.8299092180172465,0.9501699235344094,0.06299212598425197,0.0,0.7794357517742964,,8,9,127,45,
global_scaler,h10_d05,VIXPercentileRaw,12,2354,127,0.6770244821092279,0.10960372879731635,0.7535844082132614,0.8299092180172465,0.9501699235344094,0.06299212598425197,0.0,0.7794357517742964,,8,9,127,46,
global_scaler,h10_d05,VIXPercentileCalibrated,12,2354,127,0.6403013182674199,0.1089695137314185,0.07083101120615262,0.07718250957173103,0.21311475409836064,0.0,,,,0,9,127,42,
global_scaler,h10_d05,VIXPercentileCalibrated,12,2354,127,0.6403013182674199,0.1089695137314185,0.07083101120615262,0.07718250957173103,0.21311475409836064,0.0,,,,0,9,127,43,
global_scaler,h10_d05,VIXPercentileCalibrated,12,2354,127,0.6403013182674199,0.1089695137314185,0.07083101120615262,0.07718250957173103,0.21311475409836064,0.0,,,,0,9,127,44,
global_scaler,h10_d05,VIXPercentileCalibrated,12,2354,127,0.6403013182674199,0.1089695137314185,0.07083101120615262,0.07718250957173103,0.21311475409836064,0.0,,,,0,9,127,45,
global_scaler,h10_d05,VIXPercentileCalibrated,12,2354,127,0.6403013182674199,0.1089695137314185,0.07083101120615262,0.07718250957173103,0.21311475409836064,0.0,,,,0,9,127,46,
global_scaler,h10_d05,HarRvThreshold,12,2354,127,0.4305555555555556,0.07845709010767782,0.08486238501749893,0.07341990496679096,0.03970816227628215,0.047619047619047616,0.0,1.9075121690477,,5,9,105,42,
global_scaler,h10_d05,HarRvThreshold,12,2354,127,0.4305555555555556,0.07845709010767782,0.08486238501749893,0.07341990496679096,0.03970816227628215,0.047619047619047616,0.0,1.9075121690477,,5,9,105,43,
global_scaler,h10_d05,HarRvThreshold,12,2354,127,0.4305555555555556,0.07845709010767782,0.08486238501749893,0.07341990496679096,0.03970816227628215,0.047619047619047616,0.0,1.9075121690477,,5,9,105,44,
global_scaler,h10_d05,HarRvThreshold,12,2354,127,0.4305555555555556,0.07845709010767782,0.08486238501749893,0.07341990496679096,0.03970816227628215,0.047619047619047616,0.0,1.9075121690477,,5,9,105,45,
global_scaler,h10_d05,HarRvThreshold,12,2354,127,0.4305555555555556,0.07845709010767782,0.08486238501749893,0.07341990496679096,0.03970816227628215,0.047619047619047616,0.0,1.9075121690477,,5,9,105,46,
global_scaler,h10_d05,LogisticRegressionL2,12,2354,127,,,,,0.8375538616878869,,,,,0,0,0,42,
global_scaler,h10_d05,LogisticRegressionL2,12,2354,127,,,,,0.8375538616878869,,,,,0,0,0,43,
global_scaler,h10_d05,LogisticRegressionL2,12,2354,127,,,,,0.8375538616878869,,,,,0,0,0,44,
global_scaler,h10_d05,LogisticRegressionL2,12,2354,127,,,,,0.8375538616878869,,,,,0,0,0,45,
global_scaler,h10_d05,LogisticRegressionL2,12,2354,127,,,,,0.8375538616878869,,,,,0,0,0,46,
global_scaler,h10_d05,LightGbmTuned,12,2354,127,,,,,0.7110504220722635,,,,,0,0,0,42,
global_scaler,h10_d05,LightGbmTuned,12,2354,127,,,,,0.7110504220722635,,,,,0,0,0,43,
global_scaler,h10_d05,LightGbmTuned,12,2354,127,,,,,0.7110504220722635,,,,,0,0,0,44,
global_scaler,h10_d05,LightGbmTuned,12,2354,127,,,,,0.7110504220722635,,,,,0,0,0,45,
global_scaler,h10_d05,LightGbmTuned,12,2354,127,,,,,0.7110504220722635,,,,,0,0,0,46,
global_scaler,h10_d05,NaiveBaseRate,13,2481,125,,,0.00475049310674061,0.06892382103990323,0.06892382103990327,0.0,,,,0,0,125,42,0.0
global_scaler,h10_d05,NaiveBaseRate,13,2481,125,,,0.00475049310674061,0.06892382103990323,0.06892382103990327,0.0,,,,0,0,125,43,0.0
global_scaler,h10_d05,NaiveBaseRate,13,2481,125,,,0.00475049310674061,0.06892382103990323,0.06892382103990327,0.0,,,,0,0,125,44,0.0
global_scaler,h10_d05,NaiveBaseRate,13,2481,125,,,0.00475049310674061,0.06892382103990323,0.06892382103990327,0.0,,,,0,0,125,45,0.0
global_scaler,h10_d05,NaiveBaseRate,13,2481,125,,,0.00475049310674061,0.06892382103990323,0.06892382103990327,0.0,,,,0,0,125,46,0.0
global_scaler,h10_d05,VIXPercentileRaw,13,2481,125,,,0.5810638615671769,0.7546666666666667,0.9500201531640468,0.016,0.0,0.32232252527048877,,2,0,125,42,0.016
global_scaler,h10_d05,VIXPercentileRaw,13,2481,125,,,0.5810638615671769,0.7546666666666667,0.9500201531640468,0.016,0.0,0.32232252527048877,,2,0,125,43,0.016
global_scaler,h10_d05,VIXPercentileRaw,13,2481,125,,,0.5810638615671769,0.7546666666666667,0.9500201531640468,0.016,0.0,0.32232252527048877,,2,0,125,44,0.016
global_scaler,h10_d05,VIXPercentileRaw,13,2481,125,,,0.5810638615671769,0.7546666666666667,0.9500201531640468,0.016,0.0,0.32232252527048877,,2,0,125,45,0.016
global_scaler,h10_d05,VIXPercentileRaw,13,2481,125,,,0.5810638615671769,0.7546666666666667,0.9500201531640468,0.016,0.0,0.32232252527048877,,2,0,125,46,0.016
global_scaler,h10_d05,VIXPercentileCalibrated,13,2481,125,,,0.008381543885160658,0.086519214970691,0.19696969696969696,0.0,,,,0,0,125,42,0.0
global_scaler,h10_d05,VIXPercentileCalibrated,13,2481,125,,,0.008381543885160658,0.086519214970691,0.19696969696969696,0.0,,,,0,0,125,43,0.0
global_scaler,h10_d05,VIXPercentileCalibrated,13,2481,125,,,0.008381543885160658,0.086519214970691,0.19696969696969696,0.0,,,,0,0,125,44,0.0
global_scaler,h10_d05,VIXPercentileCalibrated,13,2481,125,,,0.008381543885160658,0.086519214970691,0.19696969696969696,0.0,,,,0,0,125,45,0.0
global_scaler,h10_d05,VIXPercentileCalibrated,13,2481,125,,,0.008381543885160658,0.086519214970691,0.19696969696969696,0.0,,,,0,0,125,46,0.0
global_scaler,h10_d05,HarRvThreshold,13,2481,125,,,9.422630823478155e-05,0.0070156588183463925,0.03965080955190045,0.0,,,,0,0,103,42,0.0
global_scaler,h10_d05,HarRvThreshold,13,2481,125,,,9.422630823478155e-05,0.0070156588183463925,0.03965080955190045,0.0,,,,0,0,103,43,0.0
global_scaler,h10_d05,HarRvThreshold,13,2481,125,,,9.422630823478155e-05,0.0070156588183463925,0.03965080955190045,0.0,,,,0,0,103,44,0.0
global_scaler,h10_d05,HarRvThreshold,13,2481,125,,,9.422630823478155e-05,0.0070156588183463925,0.03965080955190045,0.0,,,,0,0,103,45,0.0
global_scaler,h10_d05,HarRvThreshold,13,2481,125,,,9.422630823478155e-05,0.0070156588183463925,0.03965080955190045,0.0,,,,0,0,103,46,0.0
global_scaler,h10_d05,LogisticRegressionL2,13,2481,125,,,,,0.8375538616878869,,,,,0,0,0,42,
global_scaler,h10_d05,LogisticRegressionL2,13,2481,125,,,,,0.8375538616878869,,,,,0,0,0,43,
global_scaler,h10_d05,LogisticRegressionL2,13,2481,125,,,,,0.8375538616878869,,,,,0,0,0,44,
global_scaler,h10_d05,LogisticRegressionL2,13,2481,125,,,,,0.8375538616878869,,,,,0,0,0,45,
global_scaler,h10_d05,LogisticRegressionL2,13,2481,125,,,,,0.8375538616878869,,,,,0,0,0,46,
global_scaler,h10_d05,LightGbmTuned,13,2481,125,,,,,0.7110504220722635,,,,,0,0,0,42,
global_scaler,h10_d05,LightGbmTuned,13,2481,125,,,,,0.7110504220722635,,,,,0,0,0,43,
global_scaler,h10_d05,LightGbmTuned,13,2481,125,,,,,0.7110504220722635,,,,,0,0,0,44,
global_scaler,h10_d05,LightGbmTuned,13,2481,125,,,,,0.7110504220722635,,,,,0,0,0,45,
global_scaler,h10_d05,LightGbmTuned,13,2481,125,,,,,0.7110504220722635,,,,,0,0,0,46,
global_scaler,h10_d05,NaiveBaseRate,14,2606,127,,,0.004305696341579057,0.06561780506523404,0.06561780506523407,0.0,,,,0,0,127,42,0.0
global_scaler,h10_d05,NaiveBaseRate,14,2606,127,,,0.004305696341579057,0.06561780506523404,0.06561780506523407,0.0,,,,0,0,127,43,0.0
global_scaler,h10_d05,NaiveBaseRate,14,2606,127,,,0.004305696341579057,0.06561780506523404,0.06561780506523407,0.0,,,,0,0,127,44,0.0
global_scaler,h10_d05,NaiveBaseRate,14,2606,127,,,0.004305696341579057,0.06561780506523404,0.06561780506523407,0.0,,,,0,0,127,45,0.0
global_scaler,h10_d05,NaiveBaseRate,14,2606,127,,,0.004305696341579057,0.06561780506523404,0.06561780506523407,0.0,,,,0,0,127,46,0.0
global_scaler,h10_d05,VIXPercentileRaw,14,2606,127,,,0.4706260687726655,0.6759597778596937,0.9501151189562548,0.0,,,,0,0,127,42,0.0
global_scaler,h10_d05,VIXPercentileRaw,14,2606,127,,,0.4706260687726655,0.6759597778596937,0.9501151189562548,0.0,,,,0,0,127,43,0.0
global_scaler,h10_d05,VIXPercentileRaw,14,2606,127,,,0.4706260687726655,0.6759597778596937,0.9501151189562548,0.0,,,,0,0,127,44,0.0
global_scaler,h10_d05,VIXPercentileRaw,14,2606,127,,,0.4706260687726655,0.6759597778596937,0.9501151189562548,0.0,,,,0,0,127,45,0.0
global_scaler,h10_d05,VIXPercentileRaw,14,2606,127,,,0.4706260687726655,0.6759597778596937,0.9501151189562548,0.0,,,,0,0,127,46,0.0
global_scaler,h10_d05,VIXPercentileCalibrated,14,2606,127,,,0.005110882829044098,0.0680693101764436,0.19402985074626866,0.0,,,,0,0,127,42,0.0
global_scaler,h10_d05,VIXPercentileCalibrated,14,2606,127,,,0.005110882829044098,0.0680693101764436,0.19402985074626866,0.0,,,,0,0,127,43,0.0
global_scaler,h10_d05,VIXPercentileCalibrated,14,2606,127,,,0.005110882829044098,0.0680693101764436,0.19402985074626866,0.0,,,,0,0,127,44,0.0
global_scaler,h10_d05,VIXPercentileCalibrated,14,2606,127,,,0.005110882829044098,0.0680693101764436,0.19402985074626866,0.0,,,,0,0,127,45,0.0
global_scaler,h10_d05,VIXPercentileCalibrated,14,2606,127,,,0.005110882829044098,0.0680693101764436,0.19402985074626866,0.0,,,,0,0,127,46,0.0
global_scaler,h10_d05,HarRvThreshold,14,2606,127,,,8.475467507243424e-05,0.006706051559435606,0.038059200785941515,0.0,,,,0,0,105,42,0.0
global_scaler,h10_d05,HarRvThreshold,14,2606,127,,,8.475467507243424e-05,0.006706051559435606,0.038059200785941515,0.0,,,,0,0,105,43,0.0
global_scaler,h10_d05,HarRvThreshold,14,2606,127,,,8.475467507243424e-05,0.006706051559435606,0.038059200785941515,0.0,,,,0,0,105,44,0.0
global_scaler,h10_d05,HarRvThreshold,14,2606,127,,,8.475467507243424e-05,0.006706051559435606,0.038059200785941515,0.0,,,,0,0,105,45,0.0
global_scaler,h10_d05,HarRvThreshold,14,2606,127,,,8.475467507243424e-05,0.006706051559435606,0.038059200785941515,0.0,,,,0,0,105,46,0.0
global_scaler,h10_d05,LogisticRegressionL2,14,2606,127,,,,,0.8375538616878869,,,,,0,0,0,42,
global_scaler,h10_d05,LogisticRegressionL2,14,2606,127,,,,,0.8375538616878869,,,,,0,0,0,43,
global_scaler,h10_d05,LogisticRegressionL2,14,2606,127,,,,,0.8375538616878869,,,,,0,0,0,44,
global_scaler,h10_d05,LogisticRegressionL2,14,2606,127,,,,,0.8375538616878869,,,,,0,0,0,45,
global_scaler,h10_d05,LogisticRegressionL2,14,2606,127,,,,,0.8375538616878869,,,,,0,0,0,46,
global_scaler,h10_d05,LightGbmTuned,14,2606,127,,,,,0.7110504220722635,,,,,0,0,0,42,
global_scaler,h10_d05,LightGbmTuned,14,2606,127,,,,,0.7110504220722635,,,,,0,0,0,43,
global_scaler,h10_d05,LightGbmTuned,14,2606,127,,,,,0.7110504220722635,,,,,0,0,0,44,
global_scaler,h10_d05,LightGbmTuned,14,2606,127,,,,,0.7110504220722635,,,,,0,0,0,45,
global_scaler,h10_d05,LightGbmTuned,14,2606,127,,,,,0.7110504220722635,,,,,0,0,0,46,
global_scaler,h10_d05,NaiveBaseRate,15,2733,125,0.5,0.336,0.2978687272644024,0.2734313940724479,0.06256860592755215,0.0,,,,0,42,125,42,
global_scaler,h10_d05,NaiveBaseRate,15,2733,125,0.5,0.336,0.2978687272644024,0.2734313940724479,0.06256860592755215,0.0,,,,0,42,125,43,
global_scaler,h10_d05,NaiveBaseRate,15,2733,125,0.5,0.336,0.2978687272644024,0.2734313940724479,0.06256860592755215,0.0,,,,0,42,125,44,
global_scaler,h10_d05,NaiveBaseRate,15,2733,125,0.5,0.336,0.2978687272644024,0.2734313940724479,0.06256860592755215,0.0,,,,0,42,125,45,
global_scaler,h10_d05,NaiveBaseRate,15,2733,125,0.5,0.336,0.2978687272644024,0.2734313940724479,0.06256860592755215,0.0,,,,0,42,125,46,
global_scaler,h10_d05,VIXPercentileRaw,15,2733,125,0.2685025817555938,0.23682186128326566,0.5471381075226839,0.539284302963776,0.9500182949140139,0.12,0.06666666666666667,0.6161977373035323,0.7490932087850722,15,42,125,42,
global_scaler,h10_d05,VIXPercentileRaw,15,2733,125,0.2685025817555938,0.23682186128326566,0.5471381075226839,0.539284302963776,0.9500182949140139,0.12,0.06666666666666667,0.6161977373035323,0.7490932087850722,15,42,125,43,
global_scaler,h10_d05,VIXPercentileRaw,15,2733,125,0.2685025817555938,0.23682186128326566,0.5471381075226839,0.539284302963776,0.9500182949140139,0.12,0.06666666666666667,0.6161977373035323,0.7490932087850722,15,42,125,44,
global_scaler,h10_d05,VIXPercentileRaw,15,2733,125,0.2685025817555938,0.23682186128326566,0.5471381075226839,0.539284302963776,0.9500182949140139,0.12,0.06666666666666667,0.6161977373035323,0.7490932087850722,15,42,125,45,
global_scaler,h10_d05,VIXPercentileRaw,15,2733,125,0.2685025817555938,0.23682186128326566,0.5471381075226839,0.539284302963776,0.9500182949140139,0.12,0.06666666666666667,0.6161977373035323,0.7490932087850722,15,42,125,46,
global_scaler,h10_d05,VIXPercentileCalibrated,15,2733,125,0.27180149168100975,0.2514306049174223,0.28660002182517597,0.21576793925521004,0.1925925925925926,0.0,,,,0,42,125,42,
global_scaler,h10_d05,VIXPercentileCalibrated,15,2733,125,0.27180149168100975,0.2514306049174223,0.28660002182517597,0.21576793925521004,0.1925925925925926,0.0,,,,0,42,125,43,
global_scaler,h10_d05,VIXPercentileCalibrated,15,2733,125,0.27180149168100975,0.2514306049174223,0.28660002182517597,0.21576793925521004,0.1925925925925926,0.0,,,,0,42,125,44,
global_scaler,h10_d05,VIXPercentileCalibrated,15,2733,125,0.27180149168100975,0.2514306049174223,0.28660002182517597,0.21576793925521004,0.1925925925925926,0.0,,,,0,42,125,45,
global_scaler,h10_d05,VIXPercentileCalibrated,15,2733,125,0.27180149168100975,0.2514306049174223,0.28660002182517597,0.21576793925521004,0.1925925925925926,0.0,,,,0,42,125,46,
global_scaler,h10_d05,HarRvThreshold,15,2733,125,0.396969696969697,0.2813226852113493,0.30557185447967716,0.29179223761433526,0.03673006556293675,0.2524271844660194,0.23076923076923078,0.8397195941465523,0.9999406824826295,26,33,103,42,
global_scaler,h10_d05,HarRvThreshold,15,2733,125,0.396969696969697,0.2813226852113493,0.30557185447967716,0.29179223761433526,0.03673006556293675,0.2524271844660194,0.23076923076923078,0.8397195941465523,0.9999406824826295,26,33,103,43,
global_scaler,h10_d05,HarRvThreshold,15,2733,125,0.396969696969697,0.2813226852113493,0.30557185447967716,0.29179223761433526,0.03673006556293675,0.2524271844660194,0.23076923076923078,0.8397195941465523,0.9999406824826295,26,33,103,44,
global_scaler,h10_d05,HarRvThreshold,15,2733,125,0.396969696969697,0.2813226852113493,0.30557185447967716,0.29179223761433526,0.03673006556293675,0.2524271844660194,0.23076923076923078,0.8397195941465523,0.9999406824826295,26,33,103,45,
global_scaler,h10_d05,HarRvThreshold,15,2733,125,0.396969696969697,0.2813226852113493,0.30557185447967716,0.29179223761433526,0.03673006556293675,0.2524271844660194,0.23076923076923078,0.8397195941465523,0.9999406824826295,26,33,103,46,
global_scaler,h10_d05,LogisticRegressionL2,15,2733,125,0.0,0.24209484322231664,0.5449063924794184,0.7133284969802596,0.8375538616878869,0.07692307692307693,0.0,0.24874579325353124,,2,10,26,42,
global_scaler,h10_d05,LogisticRegressionL2,15,2733,125,0.0,0.24209484322231664,0.5449063924794184,0.7133284969802596,0.8375538616878869,0.07692307692307693,0.0,0.24874579325353124,,2,10,26,43,
global_scaler,h10_d05,LogisticRegressionL2,15,2733,125,0.0,0.24209484322231664,0.5449063924794184,0.7133284969802596,0.8375538616878869,0.07692307692307693,0.0,0.24874579325353124,,2,10,26,44,
global_scaler,h10_d05,LogisticRegressionL2,15,2733,125,0.0,0.24209484322231664,0.5449063924794184,0.7133284969802596,0.8375538616878869,0.07692307692307693,0.0,0.24874579325353124,,2,10,26,45,
global_scaler,h10_d05,LogisticRegressionL2,15,2733,125,0.0,0.24209484322231664,0.5449063924794184,0.7133284969802596,0.8375538616878869,0.07692307692307693,0.0,0.24874579325353124,,2,10,26,46,
global_scaler,h10_d05,LightGbmTuned,15,2733,125,0.69375,0.6717016806722689,0.2078686692884406,0.15452676023218564,0.7110504220722635,0.038461538461538464,1.0,1.9900644635967553,0.8749735004765707,1,10,26,42,
global_scaler,h10_d05,LightGbmTuned,15,2733,125,0.69375,0.6717016806722689,0.2078686692884406,0.15452676023218564,0.7110504220722635,0.038461538461538464,1.0,1.9900644635967553,0.8749735004765707,1,10,26,43,
global_scaler,h10_d05,LightGbmTuned,15,2733,125,0.69375,0.6717016806722689,0.2078686692884406,0.15452676023218564,0.7110504220722635,0.038461538461538464,1.0,1.9900644635967553,0.8749735004765707,1,10,26,44,
global_scaler,h10_d05,LightGbmTuned,15,2733,125,0.69375,0.6717016806722689,0.2078686692884406,0.15452676023218564,0.7110504220722635,0.038461538461538464,1.0,1.9900644635967553,0.8749735004765707,1,10,26,45,
global_scaler,h10_d05,LightGbmTuned,15,2733,125,0.69375,0.6717016806722689,0.2078686692884406,0.15452676023218564,0.7110504220722635,0.038461538461538464,1.0,1.9900644635967553,0.8749735004765707,1,10,26,46,
global_scaler,h10_d05,NaiveBaseRate,16,2858,127,0.5,0.1968503937007874,0.17306317185584677,0.12232275199329971,0.07452764170748775,0.0,,,,0,25,127,42,
global_scaler,h10_d05,NaiveBaseRate,16,2858,127,0.5,0.1968503937007874,0.17306317185584677,0.12232275199329971,0.07452764170748775,0.0,,,,0,25,127,43,
global_scaler,h10_d05,NaiveBaseRate,16,2858,127,0.5,0.1968503937007874,0.17306317185584677,0.12232275199329971,0.07452764170748775,0.0,,,,0,25,127,44,
global_scaler,h10_d05,NaiveBaseRate,16,2858,127,0.5,0.1968503937007874,0.17306317185584677,0.12232275199329971,0.07452764170748775,0.0,,,,0,25,127,45,
global_scaler,h10_d05,NaiveBaseRate,16,2858,127,0.5,0.1968503937007874,0.17306317185584677,0.12232275199329971,0.07452764170748775,0.0,,,,0,25,127,46,
global_scaler,h10_d05,VIXPercentileRaw,16,2858,127,0.3831372549019608,0.1618428454970326,0.5943480125239992,0.6540144255935817,0.9500174947515745,0.03937007874015748,0.0,0.38557880429437874,,5,25,127,42,
global_scaler,h10_d05,VIXPercentileRaw,16,2858,127,0.3831372549019608,0.1618428454970326,0.5943480125239992,0.6540144255935817,0.9500174947515745,0.03937007874015748,0.0,0.38557880429437874,,5,25,127,43,
global_scaler,h10_d05,VIXPercentileRaw,16,2858,127,0.3831372549019608,0.1618428454970326,0.5943480125239992,0.6540144255935817,0.9500174947515745,0.03937007874015748,0.0,0.38557880429437874,,5,25,127,44,
global_scaler,h10_d05,VIXPercentileRaw,16,2858,127,0.3831372549019608,0.1618428454970326,0.5943480125239992,0.6540144255935817,0.9500174947515745,0.03937007874015748,0.0,0.38557880429437874,,5,25,127,45,
global_scaler,h10_d05,VIXPercentileRaw,16,2858,127,0.3831372549019608,0.1618428454970326,0.5943480125239992,0.6540144255935817,0.9500174947515745,0.03937007874015748,0.0,0.38557880429437874,,5,25,127,46,
global_scaler,h10_d05,VIXPercentileCalibrated,16,2858,127,0.4137254901960784,0.1785744996274956,0.16615458799111385,0.05780113354667629,0.18421052631578946,0.0,,,,0,25,127,42,
global_scaler,h10_d05,VIXPercentileCalibrated,16,2858,127,0.4137254901960784,0.1785744996274956,0.16615458799111385,0.05780113354667629,0.18421052631578946,0.0,,,,0,25,127,43,
global_scaler,h10_d05,VIXPercentileCalibrated,16,2858,127,0.4137254901960784,0.1785744996274956,0.16615458799111385,0.05780113354667629,0.18421052631578946,0.0,,,,0,25,127,44,
global_scaler,h10_d05,VIXPercentileCalibrated,16,2858,127,0.4137254901960784,0.1785744996274956,0.16615458799111385,0.05780113354667629,0.18421052631578946,0.0,,,,0,25,127,45,
global_scaler,h10_d05,VIXPercentileCalibrated,16,2858,127,0.4137254901960784,0.1785744996274956,0.16615458799111385,0.05780113354667629,0.18421052631578946,0.0,,,,0,25,127,46,
global_scaler,h10_d05,HarRvThreshold,16,2858,127,0.445,0.25339043282423157,0.22826248957915485,0.2170677745725051,0.04119625624869448,0.12380952380952381,0.15384615384615385,0.8193428021255498,0.9590443024107781,13,25,105,42,
global_scaler,h10_d05,HarRvThreshold,16,2858,127,0.445,0.25339043282423157,0.22826248957915485,0.2170677745725051,0.04119625624869448,0.12380952380952381,0.15384615384615385,0.8193428021255498,0.9590443024107781,13,25,105,43,
global_scaler,h10_d05,HarRvThreshold,16,2858,127,0.445,0.25339043282423157,0.22826248957915485,0.2170677745725051,0.04119625624869448,0.12380952380952381,0.15384615384615385,0.8193428021255498,0.9590443024107781,13,25,105,44,
global_scaler,h10_d05,HarRvThreshold,16,2858,127,0.445,0.25339043282423157,0.22826248957915485,0.2170677745725051,0.04119625624869448,0.12380952380952381,0.15384615384615385,0.8193428021255498,0.9590443024107781,13,25,105,45,
global_scaler,h10_d05,HarRvThreshold,16,2858,127,0.445,0.25339043282423157,0.22826248957915485,0.2170677745725051,0.04119625624869448,0.12380952380952381,0.15384615384615385,0.8193428021255498,0.9590443024107781,13,25,105,46,
global_scaler,h10_d05,LogisticRegressionL2,16,2858,127,0.49647058823529416,0.20137170354219558,0.28369418529572155,0.2883324128059307,0.8465419025017152,0.047244094488188976,0.16666666666666666,1.0416388678162656,1.0423833954452877,6,25,127,42,
global_scaler,h10_d05,LogisticRegressionL2,16,2858,127,0.49647058823529416,0.20137170354219558,0.28369418529572155,0.2883324128059307,0.8465419025017152,0.047244094488188976,0.16666666666666666,1.0416388678162656,1.0423833954452877,6,25,127,43,
global_scaler,h10_d05,LogisticRegressionL2,16,2858,127,0.49647058823529416,0.20137170354219558,0.28369418529572155,0.2883324128059307,0.8465419025017152,0.047244094488188976,0.16666666666666666,1.0416388678162656,1.0423833954452877,6,25,127,44,
global_scaler,h10_d05,LogisticRegressionL2,16,2858,127,0.49647058823529416,0.20137170354219558,0.28369418529572155,0.2883324128059307,0.8465419025017152,0.047244094488188976,0.16666666666666666,1.0416388678162656,1.0423833954452877,6,25,127,45,
global_scaler,h10_d05,LogisticRegressionL2,16,2858,127,0.49647058823529416,0.20137170354219558,0.28369418529572155,0.2883324128059307,0.8465419025017152,0.047244094488188976,0.16666666666666666,1.0416388678162656,1.0423833954452877,6,25,127,46,
global_scaler,h10_d05,LightGbmTuned,16,2858,127,0.37392156862745096,0.15622411103576916,0.2639059868992823,0.28721440794157177,0.7335172487254658,0.05511811023622047,0.0,0.7420087936321011,,7,25,127,42,
global_scaler,h10_d05,LightGbmTuned,16,2858,127,0.37392156862745096,0.15622411103576916,0.2639059868992823,0.28721440794157177,0.7335172487254658,0.05511811023622047,0.0,0.7420087936321011,,7,25,127,43,
global_scaler,h10_d05,LightGbmTuned,16,2858,127,0.37392156862745096,0.15622411103576916,0.2639059868992823,0.28721440794157177,0.7335172487254658,0.05511811023622047,0.0,0.7420087936321011,,7,25,127,44,
global_scaler,h10_d05,LightGbmTuned,16,2858,127,0.37392156862745096,0.15622411103576916,0.2639059868992823,0.28721440794157177,0.7335172487254658,0.05511811023622047,0.0,0.7420087936321011,,7,25,127,45,
global_scaler,h10_d05,LightGbmTuned,16,2858,127,0.37392156862745096,0.15622411103576916,0.2639059868992823,0.28721440794157177,0.7335172487254658,0.05511811023622047,0.0,0.7420087936321011,,7,25,127,46,
global_scaler,h10_d05,NaiveBaseRate,17,2985,124,,,0.006357190755564534,0.07973199329983247,0.0797319932998325,0.0,,,,0,0,124,42,0.0
global_scaler,h10_d05,NaiveBaseRate,17,2985,124,,,0.006357190755564534,0.07973199329983247,0.0797319932998325,0.0,,,,0,0,124,43,0.0
global_scaler,h10_d05,NaiveBaseRate,17,2985,124,,,0.006357190755564534,0.07973199329983247,0.0797319932998325,0.0,,,,0,0,124,44,0.0
global_scaler,h10_d05,NaiveBaseRate,17,2985,124,,,0.006357190755564534,0.07973199329983247,0.0797319932998325,0.0,,,,0,0,124,45,0.0
global_scaler,h10_d05,NaiveBaseRate,17,2985,124,,,0.006357190755564534,0.07973199329983247,0.0797319932998325,0.0,,,,0,0,124,46,0.0
global_scaler,h10_d05,VIXPercentileRaw,17,2985,124,,,0.393246473175662,0.6063138272005187,0.9500837520938024,0.0,,,,0,0,124,42,0.0
global_scaler,h10_d05,VIXPercentileRaw,17,2985,124,,,0.393246473175662,0.6063138272005187,0.9500837520938024,0.0,,,,0,0,124,43,0.0
global_scaler,h10_d05,VIXPercentileRaw,17,2985,124,,,0.393246473175662,0.6063138272005187,0.9500837520938024,0.0,,,,0,0,124,44,0.0
global_scaler,h10_d05,VIXPercentileRaw,17,2985,124,,,0.393246473175662,0.6063138272005187,0.9500837520938024,0.0,,,,0,0,124,45,0.0
global_scaler,h10_d05,VIXPercentileRaw,17,2985,124,,,0.393246473175662,0.6063138272005187,0.9500837520938024,0.0,,,,0,0,124,46,0.0
global_scaler,h10_d05,VIXPercentileCalibrated,17,2985,124,,,0.007958699216410278,0.08280628071205795,0.1722689075630252,0.0,,,,0,0,124,42,0.0
global_scaler,h10_d05,VIXPercentileCalibrated,17,2985,124,,,0.007958699216410278,0.08280628071205795,0.1722689075630252,0.0,,,,0,0,124,43,0.0
global_scaler,h10_d05,VIXPercentileCalibrated,17,2985,124,,,0.007958699216410278,0.08280628071205795,0.1722689075630252,0.0,,,,0,0,124,44,0.0
global_scaler,h10_d05,VIXPercentileCalibrated,17,2985,124,,,0.007958699216410278,0.08280628071205795,0.1722689075630252,0.0,,,,0,0,124,45,0.0
global_scaler,h10_d05,VIXPercentileCalibrated,17,2985,124,,,0.007958699216410278,0.08280628071205795,0.1722689075630252,0.0,,,,0,0,124,46,0.0
global_scaler,h10_d05,HarRvThreshold,17,2985,124,,,9.323795046476396e-05,0.008236351797549621,0.04278167377698426,0.0,,,,0,0,102,42,0.0
global_scaler,h10_d05,HarRvThreshold,17,2985,124,,,9.323795046476396e-05,0.008236351797549621,0.04278167377698426,0.0,,,,0,0,102,43,0.0
global_scaler,h10_d05,HarRvThreshold,17,2985,124,,,9.323795046476396e-05,0.008236351797549621,0.04278167377698426,0.0,,,,0,0,102,44,0.0
global_scaler,h10_d05,HarRvThreshold,17,2985,124,,,9.323795046476396e-05,0.008236351797549621,0.04278167377698426,0.0,,,,0,0,102,45,0.0
global_scaler,h10_d05,HarRvThreshold,17,2985,124,,,9.323795046476396e-05,0.008236351797549621,0.04278167377698426,0.0,,,,0,0,102,46,0.0
global_scaler,h10_d05,LogisticRegressionL2,17,2985,124,,,0.10483998225076326,0.24035242987413158,0.8503857221895026,0.016129032258064516,0.0,0.7582662062629943,,2,0,124,42,0.016129032258064516
global_scaler,h10_d05,LogisticRegressionL2,17,2985,124,,,0.10483998225076326,0.24035242987413158,0.8503857221895026,0.016129032258064516,0.0,0.7582662062629943,,2,0,124,43,0.016129032258064516
global_scaler,h10_d05,LogisticRegressionL2,17,2985,124,,,0.10483998225076326,0.24035242987413158,0.8503857221895026,0.016129032258064516,0.0,0.7582662062629943,,2,0,124,44,0.016129032258064516
global_scaler,h10_d05,LogisticRegressionL2,17,2985,124,,,0.10483998225076326,0.24035242987413158,0.8503857221895026,0.016129032258064516,0.0,0.7582662062629943,,2,0,124,45,0.016129032258064516
global_scaler,h10_d05,LogisticRegressionL2,17,2985,124,,,0.10483998225076326,0.24035242987413158,0.8503857221895026,0.016129032258064516,0.0,0.7582662062629943,,2,0,124,46,0.016129032258064516
global_scaler,h10_d05,LightGbmTuned,17,2985,124,,,0.14070594593387228,0.3261359756684472,0.7414932919556427,0.0,,,,0,0,124,42,0.0
global_scaler,h10_d05,LightGbmTuned,17,2985,124,,,0.14070594593387228,0.3261359756684472,0.7414932919556427,0.0,,,,0,0,124,43,0.0
global_scaler,h10_d05,LightGbmTuned,17,2985,124,,,0.14070594593387228,0.3261359756684472,0.7414932919556427,0.0,,,,0,0,124,44,0.0
global_scaler,h10_d05,LightGbmTuned,17,2985,124,,,0.14070594593387228,0.3261359756684472,0.7414932919556427,0.0,,,,0,0,124,45,0.0
global_scaler,h10_d05,LightGbmTuned,17,2985,124,,,0.14070594593387228,0.3261359756684472,0.7414932919556427,0.0,,,,0,0,124,46,0.0
global_scaler,h10_d05,NaiveBaseRate,18,3109,126,0.5,0.023809523809523808,0.026024393480138082,0.05274242215380846,0.07655194596333226,0.0,,,,0,3,126,42,
global_scaler,h10_d05,NaiveBaseRate,18,3109,126,0.5,0.023809523809523808,0.026024393480138082,0.05274242215380846,0.07655194596333226,0.0,,,,0,3,126,43,
global_scaler,h10_d05,NaiveBaseRate,18,3109,126,0.5,0.023809523809523808,0.026024393480138082,0.05274242215380846,0.07655194596333226,0.0,,,,0,3,126,44,
global_scaler,h10_d05,NaiveBaseRate,18,3109,126,0.5,0.023809523809523808,0.026024393480138082,0.05274242215380846,0.07655194596333226,0.0,,,,0,3,126,45,
global_scaler,h10_d05,NaiveBaseRate,18,3109,126,0.5,0.023809523809523808,0.026024393480138082,0.05274242215380846,0.07655194596333226,0.0,,,,0,3,126,46,
global_scaler,h10_d05,VIXPercentileRaw,18,3109,126,0.5962059620596206,0.053168553168553165,0.17795097625529013,0.35683652682687744,0.950016082341589,0.0,,,,0,3,126,42,
global_scaler,h10_d05,VIXPercentileRaw,18,3109,126,0.5962059620596206,0.053168553168553165,0.17795097625529013,0.35683652682687744,0.950016082341589,0.0,,,,0,3,126,43,
global_scaler,h10_d05,VIXPercentileRaw,18,3109,126,0.5962059620596206,0.053168553168553165,0.17795097625529013,0.35683652682687744,0.950016082341589,0.0,,,,0,3,126,44,
global_scaler,h10_d05,VIXPercentileRaw,18,3109,126,0.5962059620596206,0.053168553168553165,0.17795097625529013,0.35683652682687744,0.950016082341589,0.0,,,,0,3,126,45,
global_scaler,h10_d05,VIXPercentileRaw,18,3109,126,0.5962059620596206,0.053168553168553165,0.17795097625529013,0.35683652682687744,0.950016082341589,0.0,,,,0,3,126,46,
global_scaler,h10_d05,VIXPercentileCalibrated,18,3109,126,0.5799457994579945,0.039287859287859286,0.024047203285941305,0.02487111677908284,0.17012448132780084,0.0,,,,0,3,126,42,
global_scaler,h10_d05,VIXPercentileCalibrated,18,3109,126,0.5799457994579945,0.039287859287859286,0.024047203285941305,0.02487111677908284,0.17012448132780084,0.0,,,,0,3,126,43,
global_scaler,h10_d05,VIXPercentileCalibrated,18,3109,126,0.5799457994579945,0.039287859287859286,0.024047203285941305,0.02487111677908284,0.17012448132780084,0.0,,,,0,3,126,44,
global_scaler,h10_d05,VIXPercentileCalibrated,18,3109,126,0.5799457994579945,0.039287859287859286,0.024047203285941305,0.02487111677908284,0.17012448132780084,0.0,,,,0,3,126,45,
global_scaler,h10_d05,VIXPercentileCalibrated,18,3109,126,0.5799457994579945,0.039287859287859286,0.024047203285941305,0.02487111677908284,0.17012448132780084,0.0,,,,0,3,126,46,
global_scaler,h10_d05,HarRvThreshold,18,3109,126,0.43234323432343236,0.03229099620968319,0.028620512890925726,0.022748248992825234,0.04192022293231835,0.0,,,,0,3,104,42,
global_scaler,h10_d05,HarRvThreshold,18,3109,126,0.43234323432343236,0.03229099620968319,0.028620512890925726,0.022748248992825234,0.04192022293231835,0.0,,,,0,3,104,43,
global_scaler,h10_d05,HarRvThreshold,18,3109,126,0.43234323432343236,0.03229099620968319,0.028620512890925726,0.022748248992825234,0.04192022293231835,0.0,,,,0,3,104,44,
global_scaler,h10_d05,HarRvThreshold,18,3109,126,0.43234323432343236,0.03229099620968319,0.028620512890925726,0.022748248992825234,0.04192022293231835,0.0,,,,0,3,104,45,
global_scaler,h10_d05,HarRvThreshold,18,3109,126,0.43234323432343236,0.03229099620968319,0.028620512890925726,0.022748248992825234,0.04192022293231835,0.0,,,,0,3,104,46,
global_scaler,h10_d05,LogisticRegressionL2,18,3109,126,0.38211382113821135,0.025344530577088714,0.04296887532315353,0.09865308069034094,0.8433523819922197,0.0,,,,0,3,126,42,
global_scaler,h10_d05,LogisticRegressionL2,18,3109,126,0.38211382113821135,0.025344530577088714,0.04296887532315353,0.09865308069034094,0.8433523819922197,0.0,,,,0,3,126,43,
global_scaler,h10_d05,LogisticRegressionL2,18,3109,126,0.38211382113821135,0.025344530577088714,0.04296887532315353,0.09865308069034094,0.8433523819922197,0.0,,,,0,3,126,44,
global_scaler,h10_d05,LogisticRegressionL2,18,3109,126,0.38211382113821135,0.025344530577088714,0.04296887532315353,0.09865308069034094,0.8433523819922197,0.0,,,,0,3,126,45,
global_scaler,h10_d05,LogisticRegressionL2,18,3109,126,0.38211382113821135,0.025344530577088714,0.04296887532315353,0.09865308069034094,0.8433523819922197,0.0,,,,0,3,126,46,
global_scaler,h10_d05,LightGbmTuned,18,3109,126,0.6883468834688347,0.07037037037037036,0.06859026424811572,0.16752855802155134,0.7571273669022782,0.0,,,,0,3,126,42,
global_scaler,h10_d05,LightGbmTuned,18,3109,126,0.6883468834688347,0.07037037037037036,0.06859026424811572,0.16752855802155134,0.7571273669022782,0.0,,,,0,3,126,43,
global_scaler,h10_d05,LightGbmTuned,18,3109,126,0.6883468834688347,0.07037037037037036,0.06859026424811572,0.16752855802155134,0.7571273669022782,0.0,,,,0,3,126,44,
global_scaler,h10_d05,LightGbmTuned,18,3109,126,0.6883468834688347,0.07037037037037036,0.06859026424811572,0.16752855802155134,0.7571273669022782,0.0,,,,0,3,126,45,
global_scaler,h10_d05,LightGbmTuned,18,3109,126,0.6883468834688347,0.07037037037037036,0.06859026424811572,0.16752855802155134,0.7571273669022782,0.0,,,,0,3,126,46,
global_scaler,h10_d05,NaiveBaseRate,19,3235,124,,,0.005549904564880357,0.07449768160741885,0.07449768160741886,0.0,,,,0,0,124,42,0.0
global_scaler,h10_d05,NaiveBaseRate,19,3235,124,,,0.005549904564880357,0.07449768160741885,0.07449768160741886,0.0,,,,0,0,124,43,0.0
global_scaler,h10_d05,NaiveBaseRate,19,3235,124,,,0.005549904564880357,0.07449768160741885,0.07449768160741886,0.0,,,,0,0,124,44,0.0
global_scaler,h10_d05,NaiveBaseRate,19,3235,124,,,0.005549904564880357,0.07449768160741885,0.07449768160741886,0.0,,,,0,0,124,45,0.0
global_scaler,h10_d05,NaiveBaseRate,19,3235,124,,,0.005549904564880357,0.07449768160741885,0.07449768160741886,0.0,,,,0,0,124,46,0.0
global_scaler,h10_d05,VIXPercentileRaw,19,3235,124,,,0.09488340609479368,0.2800867527546493,0.9500154559505408,0.0,,,,0,0,124,42,0.0
global_scaler,h10_d05,VIXPercentileRaw,19,3235,124,,,0.09488340609479368,0.2800867527546493,0.9500154559505408,0.0,,,,0,0,124,43,0.0
global_scaler,h10_d05,VIXPercentileRaw,19,3235,124,,,0.09488340609479368,0.2800867527546493,0.9500154559505408,0.0,,,,0,0,124,44,0.0
global_scaler,h10_d05,VIXPercentileRaw,19,3235,124,,,0.09488340609479368,0.2800867527546493,0.9500154559505408,0.0,,,,0,0,124,45,0.0
global_scaler,h10_d05,VIXPercentileRaw,19,3235,124,,,0.09488340609479368,0.2800867527546493,0.9500154559505408,0.0,,,,0,0,124,46,0.0
global_scaler,h10_d05,VIXPercentileCalibrated,19,3235,124,,,0.00155479772398607,0.038661111347241914,0.17012448132780084,0.0,,,,0,0,124,42,0.0
global_scaler,h10_d05,VIXPercentileCalibrated,19,3235,124,,,0.00155479772398607,0.038661111347241914,0.17012448132780084,0.0,,,,0,0,124,43,0.0
global_scaler,h10_d05,VIXPercentileCalibrated,19,3235,124,,,0.00155479772398607,0.038661111347241914,0.17012448132780084,0.0,,,,0,0,124,44,0.0
global_scaler,h10_d05,VIXPercentileCalibrated,19,3235,124,,,0.00155479772398607,0.038661111347241914,0.17012448132780084,0.0,,,,0,0,124,45,0.0
global_scaler,h10_d05,VIXPercentileCalibrated,19,3235,124,,,0.00155479772398607,0.038661111347241914,0.17012448132780084,0.0,,,,0,0,124,46,0.0
global_scaler,h10_d05,HarRvThreshold,19,3235,124,,,3.461893965409628e-05,0.00492905662858848,0.04108893657810407,0.0,,,,0,0,102,42,0.0
global_scaler,h10_d05,HarRvThreshold,19,3235,124,,,3.461893965409628e-05,0.00492905662858848,0.04108893657810407,0.0,,,,0,0,102,43,0.0
global_scaler,h10_d05,HarRvThreshold,19,3235,124,,,3.461893965409628e-05,0.00492905662858848,0.04108893657810407,0.0,,,,0,0,102,44,0.0
global_scaler,h10_d05,HarRvThreshold,19,3235,124,,,3.461893965409628e-05,0.00492905662858848,0.04108893657810407,0.0,,,,0,0,102,45,0.0
global_scaler,h10_d05,HarRvThreshold,19,3235,124,,,3.461893965409628e-05,0.00492905662858848,0.04108893657810407,0.0,,,,0,0,102,46,0.0
global_scaler,h10_d05,LogisticRegressionL2,19,3235,124,,,0.08773607911955768,0.227123985060731,0.8392747586304403,0.0,,,,0,0,124,42,0.0
global_scaler,h10_d05,LogisticRegressionL2,19,3235,124,,,0.08773607911955768,0.227123985060731,0.8392747586304403,0.0,,,,0,0,124,43,0.0
global_scaler,h10_d05,LogisticRegressionL2,19,3235,124,,,0.08773607911955768,0.227123985060731,0.8392747586304403,0.0,,,,0,0,124,44,0.0
global_scaler,h10_d05,LogisticRegressionL2,19,3235,124,,,0.08773607911955768,0.227123985060731,0.8392747586304403,0.0,,,,0,0,124,45,0.0
global_scaler,h10_d05,LogisticRegressionL2,19,3235,124,,,0.08773607911955768,0.227123985060731,0.8392747586304403,0.0,,,,0,0,124,46,0.0
global_scaler,h10_d05,LightGbmTuned,19,3235,124,,,0.15456823921232446,0.39024574113959376,0.6138626493853816,0.0,,,,0,0,124,42,0.0
global_scaler,h10_d05,LightGbmTuned,19,3235,124,,,0.15456823921232446,0.39024574113959376,0.6138626493853816,0.0,,,,0,0,124,43,0.0
global_scaler,h10_d05,LightGbmTuned,19,3235,124,,,0.15456823921232446,0.39024574113959376,0.6138626493853816,0.0,,,,0,0,124,44,0.0
global_scaler,h10_d05,LightGbmTuned,19,3235,124,,,0.15456823921232446,0.39024574113959376,0.6138626493853816,0.0,,,,0,0,124,45,0.0
global_scaler,h10_d05,LightGbmTuned,19,3235,124,,,0.15456823921232446,0.39024574113959376,0.6138626493853816,0.0,,,,0,0,124,46,0.0
global_scaler,h10_d05,NaiveBaseRate,20,3359,127,0.5,0.031496062992125984,0.03212424272435521,0.040251480919752614,0.07174754391187854,0.0,,,,0,4,127,42,
global_scaler,h10_d05,NaiveBaseRate,20,3359,127,0.5,0.031496062992125984,0.03212424272435521,0.040251480919752614,0.07174754391187854,0.0,,,,0,4,127,43,
global_scaler,h10_d05,NaiveBaseRate,20,3359,127,0.5,0.031496062992125984,0.03212424272435521,0.040251480919752614,0.07174754391187854,0.0,,,,0,4,127,44,
global_scaler,h10_d05,NaiveBaseRate,20,3359,127,0.5,0.031496062992125984,0.03212424272435521,0.040251480919752614,0.07174754391187854,0.0,,,,0,4,127,45,
global_scaler,h10_d05,NaiveBaseRate,20,3359,127,0.5,0.031496062992125984,0.03212424272435521,0.040251480919752614,0.07174754391187854,0.0,,,,0,4,127,46,
global_scaler,h10_d05,VIXPercentileRaw,20,3359,127,0.38414634146341464,0.03046915805056256,0.3208862371540085,0.49481824596277957,0.9500446561476629,0.007874015748031496,0.0,0.17124091161917793,,1,4,127,42,
global_scaler,h10_d05,VIXPercentileRaw,20,3359,127,0.38414634146341464,0.03046915805056256,0.3208862371540085,0.49481824596277957,0.9500446561476629,0.007874015748031496,0.0,0.17124091161917793,,1,4,127,43,
global_scaler,h10_d05,VIXPercentileRaw,20,3359,127,0.38414634146341464,0.03046915805056256,0.3208862371540085,0.49481824596277957,0.9500446561476629,0.007874015748031496,0.0,0.17124091161917793,,1,4,127,44,
global_scaler,h10_d05,VIXPercentileRaw,20,3359,127,0.38414634146341464,0.03046915805056256,0.3208862371540085,0.49481824596277957,0.9500446561476629,0.007874015748031496,0.0,0.17124091161917793,,1,4,127,45,
global_scaler,h10_d05,VIXPercentileRaw,20,3359,127,0.38414634146341464,0.03046915805056256,0.3208862371540085,0.49481824596277957,0.9500446561476629,0.007874015748031496,0.0,0.17124091161917793,,1,4,127,46,
global_scaler,h10_d05,VIXPercentileCalibrated,20,3359,127,0.391260162601626,0.03214460270911884,0.03366867357412422,0.030925418051111805,0.17012448132780084,0.007874015748031496,0.0,0.17124091161917793,,1,4,127,42,
global_scaler,h10_d05,VIXPercentileCalibrated,20,3359,127,0.391260162601626,0.03214460270911884,0.03366867357412422,0.030925418051111805,0.17012448132780084,0.007874015748031496,0.0,0.17124091161917793,,1,4,127,43,
global_scaler,h10_d05,VIXPercentileCalibrated,20,3359,127,0.391260162601626,0.03214460270911884,0.03366867357412422,0.030925418051111805,0.17012448132780084,0.007874015748031496,0.0,0.17124091161917793,,1,4,127,44,
global_scaler,h10_d05,VIXPercentileCalibrated,20,3359,127,0.391260162601626,0.03214460270911884,0.03366867357412422,0.030925418051111805,0.17012448132780084,0.007874015748031496,0.0,0.17124091161917793,,1,4,127,45,
global_scaler,h10_d05,VIXPercentileCalibrated,20,3359,127,0.391260162601626,0.03214460270911884,0.03366867357412422,0.030925418051111805,0.17012448132780084,0.007874015748031496,0.0,0.17124091161917793,,1,4,127,46,
global_scaler,h10_d05,HarRvThreshold,20,3359,127,,,0.00015593432391782576,0.008683788680083567,0.03954834996408314,0.01904761904761905,0.0,0.32971057451777575,,2,0,105,42,0.01904761904761905
global_scaler,h10_d05,HarRvThreshold,20,3359,127,,,0.00015593432391782576,0.008683788680083567,0.03954834996408314,0.01904761904761905,0.0,0.32971057451777575,,2,0,105,43,0.01904761904761905
global_scaler,h10_d05,HarRvThreshold,20,3359,127,,,0.00015593432391782576,0.008683788680083567,0.03954834996408314,0.01904761904761905,0.0,0.32971057451777575,,2,0,105,44,0.01904761904761905
global_scaler,h10_d05,HarRvThreshold,20,3359,127,,,0.00015593432391782576,0.008683788680083567,0.03954834996408314,0.01904761904761905,0.0,0.32971057451777575,,2,0,105,45,0.01904761904761905
global_scaler,h10_d05,HarRvThreshold,20,3359,127,,,0.00015593432391782576,0.008683788680083567,0.03954834996408314,0.01904761904761905,0.0,0.32971057451777575,,2,0,105,46,0.01904761904761905
global_scaler,h10_d05,LogisticRegressionL2,20,3359,127,0.5223577235772358,0.039660847891788295,0.26654700647721374,0.38163202318726785,0.8369674855986992,0.08661417322834646,0.0,0.30107626714929314,,11,4,127,42,
global_scaler,h10_d05,LogisticRegressionL2,20,3359,127,0.5223577235772358,0.039660847891788295,0.26654700647721374,0.38163202318726785,0.8369674855986992,0.08661417322834646,0.0,0.30107626714929314,,11,4,127,43,
global_scaler,h10_d05,LogisticRegressionL2,20,3359,127,0.5223577235772358,0.039660847891788295,0.26654700647721374,0.38163202318726785,0.8369674855986992,0.08661417322834646,0.0,0.30107626714929314,,11,4,127,44,
global_scaler,h10_d05,LogisticRegressionL2,20,3359,127,0.5223577235772358,0.039660847891788295,0.26654700647721374,0.38163202318726785,0.8369674855986992,0.08661417322834646,0.0,0.30107626714929314,,11,4,127,45,
global_scaler,h10_d05,LogisticRegressionL2,20,3359,127,0.5223577235772358,0.039660847891788295,0.26654700647721374,0.38163202318726785,0.8369674855986992,0.08661417322834646,0.0,0.30107626714929314,,11,4,127,46,
global_scaler,h10_d05,LightGbmTuned,20,3359,127,0.7073170731707317,0.10277237081360792,0.24484695479843094,0.4612120396331415,0.6249354818388448,0.0,,,,0,4,127,42,
global_scaler,h10_d05,LightGbmTuned,20,3359,127,0.7073170731707317,0.10277237081360792,0.24484695479843094,0.4612120396331415,0.6249354818388448,0.0,,,,0,4,127,43,
global_scaler,h10_d05,LightGbmTuned,20,3359,127,0.7073170731707317,0.10277237081360792,0.24484695479843094,0.4612120396331415,0.6249354818388448,0.0,,,,0,4,127,44,
global_scaler,h10_d05,LightGbmTuned,20,3359,127,0.7073170731707317,0.10277237081360792,0.24484695479843094,0.4612120396331415,0.6249354818388448,0.0,,,,0,4,127,45,
global_scaler,h10_d05,LightGbmTuned,20,3359,127,0.7073170731707317,0.10277237081360792,0.24484695479843094,0.4612120396331415,0.6249354818388448,0.0,,,,0,4,127,46,
global_scaler,h10_d05,NaiveBaseRate,21,3486,123,0.5,0.17073170731707318,0.15167271102236352,0.10045058281908122,0.07028112449799197,0.0,,,,0,21,123,42,
global_scaler,h10_d05,NaiveBaseRate,21,3486,123,0.5,0.17073170731707318,0.15167271102236352,0.10045058281908122,0.07028112449799197,0.0,,,,0,21,123,43,
global_scaler,h10_d05,NaiveBaseRate,21,3486,123,0.5,0.17073170731707318,0.15167271102236352,0.10045058281908122,0.07028112449799197,0.0,,,,0,21,123,44,
global_scaler,h10_d05,NaiveBaseRate,21,3486,123,0.5,0.17073170731707318,0.15167271102236352,0.10045058281908122,0.07028112449799197,0.0,,,,0,21,123,45,
global_scaler,h10_d05,NaiveBaseRate,21,3486,123,0.5,0.17073170731707318,0.15167271102236352,0.10045058281908122,0.07028112449799197,0.0,,,,0,21,123,46,
global_scaler,h10_d05,VIXPercentileRaw,21,3486,123,0.5261437908496731,0.17852483419845216,0.4366431170002029,0.5210085405501215,0.9500143430866322,0.06504065040650407,0.125,0.6223938222881765,0.6331566711340683,8,21,123,42,
global_scaler,h10_d05,VIXPercentileRaw,21,3486,123,0.5261437908496731,0.17852483419845216,0.4366431170002029,0.5210085405501215,0.9500143430866322,0.06504065040650407,0.125,0.6223938222881765,0.6331566711340683,8,21,123,43,
global_scaler,h10_d05,VIXPercentileRaw,21,3486,123,0.5261437908496731,0.17852483419845216,0.4366431170002029,0.5210085405501215,0.9500143430866322,0.06504065040650407,0.125,0.6223938222881765,0.6331566711340683,8,21,123,44,
global_scaler,h10_d05,VIXPercentileRaw,21,3486,123,0.5261437908496731,0.17852483419845216,0.4366431170002029,0.5210085405501215,0.9500143430866322,0.06504065040650407,0.125,0.6223938222881765,0.6331566711340683,8,21,123,45,
global_scaler,h10_d05,VIXPercentileRaw,21,3486,123,0.5261437908496731,0.17852483419845216,0.4366431170002029,0.5210085405501215,0.9500143430866322,0.06504065040650407,0.125,0.6223938222881765,0.6331566711340683,8,21,123,46,
global_scaler,h10_d05,VIXPercentileCalibrated,21,3486,123,0.5119047619047619,0.17965928145395613,0.152748048798063,0.1174663400028331,0.16837782340862423,0.04065040650406504,0.0,0.5238372695006919,,5,21,123,42,
global_scaler,h10_d05,VIXPercentileCalibrated,21,3486,123,0.5119047619047619,0.17965928145395613,0.152748048798063,0.1174663400028331,0.16837782340862423,0.04065040650406504,0.0,0.5238372695006919,,5,21,123,43,
global_scaler,h10_d05,VIXPercentileCalibrated,21,3486,123,0.5119047619047619,0.17965928145395613,0.152748048798063,0.1174663400028331,0.16837782340862423,0.04065040650406504,0.0,0.5238372695006919,,5,21,123,44,
global_scaler,h10_d05,VIXPercentileCalibrated,21,3486,123,0.5119047619047619,0.17965928145395613,0.152748048798063,0.1174663400028331,0.16837782340862423,0.04065040650406504,0.0,0.5238372695006919,,5,21,123,45,
global_scaler,h10_d05,VIXPercentileCalibrated,21,3486,123,0.5119047619047619,0.17965928145395613,0.152748048798063,0.1174663400028331,0.16837782340862423,0.04065040650406504,0.0,0.5238372695006919,,5,21,123,46,
global_scaler,h10_d05,HarRvThreshold,21,3486,123,0.45714285714285713,0.2364618048820346,0.19715442716828654,0.18392721509994717,0.03889349791889408,0.15841584158415842,0.125,0.6345778022954243,0.7599996821783566,16,21,101,42,
global_scaler,h10_d05,HarRvThreshold,21,3486,123,0.45714285714285713,0.2364618048820346,0.19715442716828654,0.18392721509994717,0.03889349791889408,0.15841584158415842,0.125,0.6345778022954243,0.7599996821783566,16,21,101,43,
global_scaler,h10_d05,HarRvThreshold,21,3486,123,0.45714285714285713,0.2364618048820346,0.19715442716828654,0.18392721509994717,0.03889349791889408,0.15841584158415842,0.125,0.6345778022954243,0.7599996821783566,16,21,101,44,
global_scaler,h10_d05,HarRvThreshold,21,3486,123,0.45714285714285713,0.2364618048820346,0.19715442716828654,0.18392721509994717,0.03889349791889408,0.15841584158415842,0.125,0.6345778022954243,0.7599996821783566,16,21,101,45,
global_scaler,h10_d05,HarRvThreshold,21,3486,123,0.45714285714285713,0.2364618048820346,0.19715442716828654,0.18392721509994717,0.03889349791889408,0.15841584158415842,0.125,0.6345778022954243,0.7599996821783566,16,21,101,46,
global_scaler,h10_d05,LogisticRegressionL2,21,3486,123,0.6204481792717086,0.2571205870447004,0.2590389494284613,0.3276696748570835,0.8379817713603382,0.016260162601626018,0.0,0.8395252584319488,,2,21,123,42,
global_scaler,h10_d05,LogisticRegressionL2,21,3486,123,0.6204481792717086,0.2571205870447004,0.2590389494284613,0.3276696748570835,0.8379817713603382,0.016260162601626018,0.0,0.8395252584319488,,2,21,123,43,
global_scaler,h10_d05,LogisticRegressionL2,21,3486,123,0.6204481792717086,0.2571205870447004,0.2590389494284613,0.3276696748570835,0.8379817713603382,0.016260162601626018,0.0,0.8395252584319488,,2,21,123,44,
global_scaler,h10_d05,LogisticRegressionL2,21,3486,123,0.6204481792717086,0.2571205870447004,0.2590389494284613,0.3276696748570835,0.8379817713603382,0.016260162601626018,0.0,0.8395252584319488,,2,21,123,45,
global_scaler,h10_d05,LogisticRegressionL2,21,3486,123,0.6204481792717086,0.2571205870447004,0.2590389494284613,0.3276696748570835,0.8379817713603382,0.016260162601626018,0.0,0.8395252584319488,,2,21,123,46,
global_scaler,h10_d05,LightGbmTuned,21,3486,123,0.6281512605042017,0.29890477878454125,0.2158110232423861,0.25069868423688296,0.7662688522174901,0.06504065040650407,0.5,3.2203342900298506,1.4812156716464977,8,21,123,42,
global_scaler,h10_d05,LightGbmTuned,21,3486,123,0.6281512605042017,0.29890477878454125,0.2158110232423861,0.25069868423688296,0.7662688522174901,0.06504065040650407,0.5,3.2203342900298506,1.4812156716464977,8,21,123,43,
global_scaler,h10_d05,LightGbmTuned,21,3486,123,0.6281512605042017,0.29890477878454125,0.2158110232423861,0.25069868423688296,0.7662688522174901,0.06504065040650407,0.5,3.2203342900298506,1.4812156716464977,8,21,123,44,
global_scaler,h10_d05,LightGbmTuned,21,3486,123,0.6281512605042017,0.29890477878454125,0.2158110232423861,0.25069868423688296,0.7662688522174901,0.06504065040650407,0.5,3.2203342900298506,1.4812156716464977,8,21,123,45,
global_scaler,h10_d05,LightGbmTuned,21,3486,123,0.6281512605042017,0.29890477878454125,0.2158110232423861,0.25069868423688296,0.7662688522174901,0.06504065040650407,0.5,3.2203342900298506,1.4812156716464977,8,21,123,46,
global_scaler,h10_d05,NaiveBaseRate,22,3609,127,,,0.005432372088466685,0.07370462732058745,0.07370462732058743,0.0,,,,0,0,127,42,0.0
global_scaler,h10_d05,NaiveBaseRate,22,3609,127,,,0.005432372088466685,0.07370462732058745,0.07370462732058743,0.0,,,,0,0,127,43,0.0
global_scaler,h10_d05,NaiveBaseRate,22,3609,127,,,0.005432372088466685,0.07370462732058745,0.07370462732058743,0.0,,,,0,0,127,44,0.0
global_scaler,h10_d05,NaiveBaseRate,22,3609,127,,,0.005432372088466685,0.07370462732058745,0.07370462732058743,0.0,,,,0,0,127,45,0.0
global_scaler,h10_d05,NaiveBaseRate,22,3609,127,,,0.005432372088466685,0.07370462732058745,0.07370462732058743,0.0,,,,0,0,127,46,0.0
global_scaler,h10_d05,VIXPercentileRaw,22,3609,127,,,0.28698495213842645,0.519637040382421,0.9500138542532557,0.0,,,,0,0,127,42,0.0
global_scaler,h10_d05,VIXPercentileRaw,22,3609,127,,,0.28698495213842645,0.519637040382421,0.9500138542532557,0.0,,,,0,0,127,43,0.0
global_scaler,h10_d05,VIXPercentileRaw,22,3609,127,,,0.28698495213842645,0.519637040382421,0.9500138542532557,0.0,,,,0,0,127,44,0.0
global_scaler,h10_d05,VIXPercentileRaw,22,3609,127,,,0.28698495213842645,0.519637040382421,0.9500138542532557,0.0,,,,0,0,127,45,0.0
global_scaler,h10_d05,VIXPercentileRaw,22,3609,127,,,0.28698495213842645,0.519637040382421,0.9500138542532557,0.0,,,,0,0,127,46,0.0
global_scaler,h10_d05,VIXPercentileCalibrated,22,3609,127,,,0.004469549598160753,0.06189552838223701,0.17045454545454544,0.0,,,,0,0,127,42,0.0
global_scaler,h10_d05,VIXPercentileCalibrated,22,3609,127,,,0.004469549598160753,0.06189552838223701,0.17045454545454544,0.0,,,,0,0,127,43,0.0
global_scaler,h10_d05,VIXPercentileCalibrated,22,3609,127,,,0.004469549598160753,0.06189552838223701,0.17045454545454544,0.0,,,,0,0,127,44,0.0
global_scaler,h10_d05,VIXPercentileCalibrated,22,3609,127,,,0.004469549598160753,0.06189552838223701,0.17045454545454544,0.0,,,,0,0,127,45,0.0
global_scaler,h10_d05,VIXPercentileCalibrated,22,3609,127,,,0.004469549598160753,0.06189552838223701,0.17045454545454544,0.0,,,,0,0,127,46,0.0
global_scaler,h10_d05,HarRvThreshold,22,3609,127,,,5.583775466722767e-05,0.00563637153934332,0.04186599429981361,0.0,,,,0,0,105,42,0.0
global_scaler,h10_d05,HarRvThreshold,22,3609,127,,,5.583775466722767e-05,0.00563637153934332,0.04186599429981361,0.0,,,,0,0,105,43,0.0
global_scaler,h10_d05,HarRvThreshold,22,3609,127,,,5.583775466722767e-05,0.00563637153934332,0.04186599429981361,0.0,,,,0,0,105,44,0.0
global_scaler,h10_d05,HarRvThreshold,22,3609,127,,,5.583775466722767e-05,0.00563637153934332,0.04186599429981361,0.0,,,,0,0,105,45,0.0
global_scaler,h10_d05,HarRvThreshold,22,3609,127,,,5.583775466722767e-05,0.00563637153934332,0.04186599429981361,0.0,,,,0,0,105,46,0.0
global_scaler,h10_d05,LogisticRegressionL2,22,3609,127,,,0.12352507850295175,0.29038133394540816,0.8305269652955611,0.0,,,,0,0,127,42,0.0
global_scaler,h10_d05,LogisticRegressionL2,22,3609,127,,,0.12352507850295175,0.29038133394540816,0.8305269652955611,0.0,,,,0,0,127,43,0.0
global_scaler,h10_d05,LogisticRegressionL2,22,3609,127,,,0.12352507850295175,0.29038133394540816,0.8305269652955611,0.0,,,,0,0,127,44,0.0
global_scaler,h10_d05,LogisticRegressionL2,22,3609,127,,,0.12352507850295175,0.29038133394540816,0.8305269652955611,0.0,,,,0,0,127,45,0.0
global_scaler,h10_d05,LogisticRegressionL2,22,3609,127,,,0.12352507850295175,0.29038133394540816,0.8305269652955611,0.0,,,,0,0,127,46,0.0
global_scaler,h10_d05,LightGbmTuned,22,3609,127,,,0.09656910560015616,0.2798964939276931,0.6950787189997778,0.0,,,,0,0,127,42,0.0
global_scaler,h10_d05,LightGbmTuned,22,3609,127,,,0.09656910560015616,0.2798964939276931,0.6950787189997778,0.0,,,,0,0,127,43,0.0
global_scaler,h10_d05,LightGbmTuned,22,3609,127,,,0.09656910560015616,0.2798964939276931,0.6950787189997778,0.0,,,,0,0,127,44,0.0
global_scaler,h10_d05,LightGbmTuned,22,3609,127,,,0.09656910560015616,0.2798964939276931,0.6950787189997778,0.0,,,,0,0,127,45,0.0
global_scaler,h10_d05,LightGbmTuned,22,3609,127,,,0.09656910560015616,0.2798964939276931,0.6950787189997778,0.0,,,,0,0,127,46,0.0
