ablation_id,stress_def,model,fold_id,n_train,n_test,auc,pr_auc,brier,ece,threshold,alarm_rate,alarm_precision,drawdown_lift,severity_lift,n_alarms,n_events,n_test_eff,seed,calm_period_alarm_rate
frozen_model,h10_d05,NaiveBaseRate,1,971,124,,,0.0029792934333572672,0.05458290422245109,0.05458290422245108,0.0,,,,0,0,124,42,0.0
frozen_model,h10_d05,NaiveBaseRate,1,971,124,,,0.0029792934333572672,0.05458290422245109,0.05458290422245108,0.0,,,,0,0,124,43,0.0
frozen_model,h10_d05,NaiveBaseRate,1,971,124,,,0.0029792934333572672,0.05458290422245109,0.05458290422245108,0.0,,,,0,0,124,44,0.0
frozen_model,h10_d05,NaiveBaseRate,1,971,124,,,0.0029792934333572672,0.05458290422245109,0.05458290422245108,0.0,,,,0,0,124,45,0.0
frozen_model,h10_d05,NaiveBaseRate,1,971,124,,,0.0029792934333572672,0.05458290422245109,0.05458290422245108,0.0,,,,0,0,124,46,0.0
frozen_model,h10_d05,VIXPercentileRaw,1,971,124,,,0.2039983839508259,0.39353343742732794,0.9500514933058701,0.0,,,,0,0,124,42,0.0
frozen_model,h10_d05,VIXPercentileRaw,1,971,124,,,0.2039983839508259,0.39353343742732794,0.9500514933058701,0.0,,,,0,0,124,43,0.0
frozen_model,h10_d05,VIXPercentileRaw,1,971,124,,,0.2039983839508259,0.39353343742732794,0.9500514933058701,0.0,,,,0,0,124,44,0.0
frozen_model,h10_d05,VIXPercentileRaw,1,971,124,,,0.2039983839508259,0.39353343742732794,0.9500514933058701,0.0,,,,0,0,124,45,0.0
frozen_model,h10_d05,VIXPercentileRaw,1,971,124,,,0.2039983839508259,0.39353343742732794,0.9500514933058701,0.0,,,,0,0,124,46,0.0
frozen_model,h10_d05,VIXPercentileCalibrated,1,971,124,,,0.0008517247603876941,0.023269242589749245,0.2753623188405797,0.0,,,,0,0,124,42,0.0
frozen_model,h10_d05,VIXPercentileCalibrated,1,971,124,,,0.0008517247603876941,0.023269242589749245,0.2753623188405797,0.0,,,,0,0,124,43,0.0
frozen_model,h10_d05,VIXPercentileCalibrated,1,971,124,,,0.0008517247603876941,0.023269242589749245,0.2753623188405797,0.0,,,,0,0,124,44,0.0
frozen_model,h10_d05,VIXPercentileCalibrated,1,971,124,,,0.0008517247603876941,0.023269242589749245,0.2753623188405797,0.0,,,,0,0,124,45,0.0
frozen_model,h10_d05,VIXPercentileCalibrated,1,971,124,,,0.0008517247603876941,0.023269242589749245,0.2753623188405797,0.0,,,,0,0,124,46,0.0
frozen_model,h10_d05,HarRvThreshold,1,971,124,,,0.0007105973380589114,0.022672388295915755,0.20652733312486413,0.0,,,,0,0,102,42,0.0
frozen_model,h10_d05,HarRvThreshold,1,971,124,,,0.0007105973380589114,0.022672388295915755,0.20652733312486413,0.0,,,,0,0,102,43,0.0
frozen_model,h10_d05,HarRvThreshold,1,971,124,,,0.0007105973380589114,0.022672388295915755,0.20652733312486413,0.0,,,,0,0,102,44,0.0
frozen_model,h10_d05,HarRvThreshold,1,971,124,,,0.0007105973380589114,0.022672388295915755,0.20652733312486413,0.0,,,,0,0,102,45,0.0
frozen_model,h10_d05,HarRvThreshold,1,971,124,,,0.0007105973380589114,0.022672388295915755,0.20652733312486413,0.0,,,,0,0,102,46,0.0
frozen_model,h10_d05,LogisticRegressionL2,1,971,124,,,0.18244435323921043,0.30118777585866524,0.7743134695780106,0.11290322580645161,0.0,0.6424673306910303,,14,0,124,42,0.11290322580645161
frozen_model,h10_d05,LogisticRegressionL2,1,971,124,,,0.18244435323921043,0.30118777585866524,0.7743134695780106,0.11290322580645161,0.0,0.6424673306910303,,14,0,124,43,0.11290322580645161
frozen_model,h10_d05,LogisticRegressionL2,1,971,124,,,0.18244435323921043,0.30118777585866524,0.7743134695780106,0.11290322580645161,0.0,0.6424673306910303,,14,0,124,44,0.11290322580645161
frozen_model,h10_d05,LogisticRegressionL2,1,971,124,,,0.18244435323921043,0.30118777585866524,0.7743134695780106,0.11290322580645161,0.0,0.6424673306910303,,14,0,124,45,0.11290322580645161
frozen_model,h10_d05,LogisticRegressionL2,1,971,124,,,0.18244435323921043,0.30118777585866524,0.7743134695780106,0.11290322580645161,0.0,0.6424673306910303,,14,0,124,46,0.11290322580645161
frozen_model,h10_d05,LightGbmTuned,1,971,124,,,0.07966598713772831,0.218223174687641,0.36972011129173843,0.1532258064516129,0.0,0.5076095346591294,,19,0,124,42,0.1532258064516129
frozen_model,h10_d05,LightGbmTuned,1,971,124,,,0.07966598713772831,0.218223174687641,0.36972011129173843,0.1532258064516129,0.0,0.5076095346591294,,19,0,124,43,0.1532258064516129
frozen_model,h10_d05,LightGbmTuned,1,971,124,,,0.07966598713772831,0.218223174687641,0.36972011129173843,0.1532258064516129,0.0,0.5076095346591294,,19,0,124,44,0.1532258064516129
frozen_model,h10_d05,LightGbmTuned,1,971,124,,,0.07966598713772831,0.218223174687641,0.36972011129173843,0.1532258064516129,0.0,0.5076095346591294,,19,0,124,45,0.1532258064516129
frozen_model,h10_d05,LightGbmTuned,1,971,124,,,0.07966598713772831,0.218223174687641,0.36972011129173843,0.1532258064516129,0.0,0.5076095346591294,,19,0,124,46,0.1532258064516129
frozen_model,h10_d05,NaiveBaseRate,2,1095,127,0.5,0.14173228346456693,0.12923925759077268,0.08714937924211583,0.05458290422245108,0.0,,,,0,18,127,42,
frozen_model,h10_d05,NaiveBaseRate,2,1095,127,0.5,0.14173228346456693,0.12923925759077268,0.08714937924211583,0.05458290422245108,0.0,,,,0,18,127,43,
frozen_model,h10_d05,NaiveBaseRate,2,1095,127,0.5,0.14173228346456693,0.12923925759077268,0.08714937924211583,0.05458290422245108,0.0,,,,0,18,127,44,
frozen_model,h10_d05,NaiveBaseRate,2,1095,127,0.5,0.14173228346456693,0.12923925759077268,0.08714937924211583,0.05458290422245108,0.0,,,,0,18,127,45,
frozen_model,h10_d05,NaiveBaseRate,2,1095,127,0.5,0.14173228346456693,0.12923925759077268,0.08714937924211583,0.05458290422245108,0.0,,,,0,18,127,46,
frozen_model,h10_d05,VIXPercentileRaw,2,1095,127,0.36518858307849134,0.1167678363129315,0.4066256126033959,0.4854561820349181,0.9443872296601442,0.015748031496062992,0.0,0.2274348676271533,,2,18,127,42,
frozen_model,h10_d05,VIXPercentileRaw,2,1095,127,0.36518858307849134,0.1167678363129315,0.4066256126033959,0.4854561820349181,0.9443872296601442,0.015748031496062992,0.0,0.2274348676271533,,2,18,127,43,
frozen_model,h10_d05,VIXPercentileRaw,2,1095,127,0.36518858307849134,0.1167678363129315,0.4066256126033959,0.4854561820349181,0.9443872296601442,0.015748031496062992,0.0,0.2274348676271533,,2,18,127,44,
frozen_model,h10_d05,VIXPercentileRaw,2,1095,127,0.36518858307849134,0.1167678363129315,0.4066256126033959,0.4854561820349181,0.9443872296601442,0.015748031496062992,0.0,0.2274348676271533,,2,18,127,45,
frozen_model,h10_d05,VIXPercentileRaw,2,1095,127,0.36518858307849134,0.1167678363129315,0.4066256126033959,0.4854561820349181,0.9443872296601442,0.015748031496062992,0.0,0.2274348676271533,,2,18,127,46,
frozen_model,h10_d05,VIXPercentileCalibrated,2,1095,127,0.3672273190621814,0.11712789171702374,0.1407218589917523,0.13743892971044552,0.2753623188405797,0.0,,,,0,18,127,42,
frozen_model,h10_d05,VIXPercentileCalibrated,2,1095,127,0.3672273190621814,0.11712789171702374,0.1407218589917523,0.13743892971044552,0.2753623188405797,0.0,,,,0,18,127,43,
frozen_model,h10_d05,VIXPercentileCalibrated,2,1095,127,0.3672273190621814,0.11712789171702374,0.1407218589917523,0.13743892971044552,0.2753623188405797,0.0,,,,0,18,127,44,
frozen_model,h10_d05,VIXPercentileCalibrated,2,1095,127,0.3672273190621814,0.11712789171702374,0.1407218589917523,0.13743892971044552,0.2753623188405797,0.0,,,,0,18,127,45,
frozen_model,h10_d05,VIXPercentileCalibrated,2,1095,127,0.3672273190621814,0.11712789171702374,0.1407218589917523,0.13743892971044552,0.2753623188405797,0.0,,,,0,18,127,46,
frozen_model,h10_d05,HarRvThreshold,2,1095,127,0.33461047254150705,0.1293224194655012,0.16883147479416646,0.15313269817471165,0.19173634743899098,0.08571428571428572,0.0,0.5374682744562279,,9,18,105,42,
frozen_model,h10_d05,HarRvThreshold,2,1095,127,0.33461047254150705,0.1293224194655012,0.16883147479416646,0.15313269817471165,0.19173634743899098,0.08571428571428572,0.0,0.5374682744562279,,9,18,105,43,
frozen_model,h10_d05,HarRvThreshold,2,1095,127,0.33461047254150705,0.1293224194655012,0.16883147479416646,0.15313269817471165,0.19173634743899098,0.08571428571428572,0.0,0.5374682744562279,,9,18,105,44,
frozen_model,h10_d05,HarRvThreshold,2,1095,127,0.33461047254150705,0.1293224194655012,0.16883147479416646,0.15313269817471165,0.19173634743899098,0.08571428571428572,0.0,0.5374682744562279,,9,18,105,45,
frozen_model,h10_d05,HarRvThreshold,2,1095,127,0.33461047254150705,0.1293224194655012,0.16883147479416646,0.15313269817471165,0.19173634743899098,0.08571428571428572,0.0,0.5374682744562279,,9,18,105,46,
frozen_model,h10_d05,LogisticRegressionL2,2,1095,127,0.7110091743119266,0.3725347714656686,0.13384351679602546,0.1299636768289672,0.8284257612224715,0.05511811023622047,0.7142857142857143,2.8725879648949806,1.090420533463243,7,18,127,42,
frozen_model,h10_d05,LogisticRegressionL2,2,1095,127,0.7110091743119266,0.3725347714656686,0.13384351679602546,0.1299636768289672,0.8284257612224715,0.05511811023622047,0.7142857142857143,2.8725879648949806,1.090420533463243,7,18,127,43,
frozen_model,h10_d05,LogisticRegressionL2,2,1095,127,0.7110091743119266,0.3725347714656686,0.13384351679602546,0.1299636768289672,0.8284257612224715,0.05511811023622047,0.7142857142857143,2.8725879648949806,1.090420533463243,7,18,127,44,
frozen_model,h10_d05,LogisticRegressionL2,2,1095,127,0.7110091743119266,0.3725347714656686,0.13384351679602546,0.1299636768289672,0.8284257612224715,0.05511811023622047,0.7142857142857143,2.8725879648949806,1.090420533463243,7,18,127,45,
frozen_model,h10_d05,LogisticRegressionL2,2,1095,127,0.7110091743119266,0.3725347714656686,0.13384351679602546,0.1299636768289672,0.8284257612224715,0.05511811023622047,0.7142857142857143,2.8725879648949806,1.090420533463243,7,18,127,46,
frozen_model,h10_d05,LightGbmTuned,2,1095,127,0.6027013251783895,0.30329468714785535,0.1305315366481235,0.14461598616896484,0.4555576083783093,0.09448818897637795,0.4166666666666667,2.3736695321056174,1.266945055169415,12,18,127,42,
frozen_model,h10_d05,LightGbmTuned,2,1095,127,0.6027013251783895,0.30329468714785535,0.1305315366481235,0.14461598616896484,0.4555576083783093,0.09448818897637795,0.4166666666666667,2.3736695321056174,1.266945055169415,12,18,127,43,
frozen_model,h10_d05,LightGbmTuned,2,1095,127,0.6027013251783895,0.30329468714785535,0.1305315366481235,0.14461598616896484,0.4555576083783093,0.09448818897637795,0.4166666666666667,2.3736695321056174,1.266945055169415,12,18,127,44,
frozen_model,h10_d05,LightGbmTuned,2,1095,127,0.6027013251783895,0.30329468714785535,0.1305315366481235,0.14461598616896484,0.4555576083783093,0.09448818897637795,0.4166666666666667,2.3736695321056174,1.266945055169415,12,18,127,45,
frozen_model,h10_d05,LightGbmTuned,2,1095,127,0.6027013251783895,0.30329468714785535,0.1305315366481235,0.14461598616896484,0.4555576083783093,0.09448818897637795,0.4166666666666667,2.3736695321056174,1.266945055169415,12,18,127,46,
frozen_model,h10_d05,NaiveBaseRate,3,1222,126,0.5,0.05555555555555555,0.05247008185308492,0.0009726513331044587,0.05458290422245108,0.0,,,,0,7,126,42,
frozen_model,h10_d05,NaiveBaseRate,3,1222,126,0.5,0.05555555555555555,0.05247008185308492,0.0009726513331044587,0.05458290422245108,0.0,,,,0,7,126,43,
frozen_model,h10_d05,NaiveBaseRate,3,1222,126,0.5,0.05555555555555555,0.05247008185308492,0.0009726513331044587,0.05458290422245108,0.0,,,,0,7,126,44,
frozen_model,h10_d05,NaiveBaseRate,3,1222,126,0.5,0.05555555555555555,0.05247008185308492,0.0009726513331044587,0.05458290422245108,0.0,,,,0,7,126,45,
frozen_model,h10_d05,NaiveBaseRate,3,1222,126,0.5,0.05555555555555555,0.05247008185308492,0.0009726513331044587,0.05458290422245108,0.0,,,,0,7,126,46,
frozen_model,h10_d05,VIXPercentileRaw,3,1222,126,0.6674669867947179,0.0862608306208685,0.3712852204893811,0.5279698559822144,0.9391864057672503,0.0,,,,0,7,126,42,
frozen_model,h10_d05,VIXPercentileRaw,3,1222,126,0.6674669867947179,0.0862608306208685,0.3712852204893811,0.5279698559822144,0.9391864057672503,0.0,,,,0,7,126,43,
frozen_model,h10_d05,VIXPercentileRaw,3,1222,126,0.6674669867947179,0.0862608306208685,0.3712852204893811,0.5279698559822144,0.9391864057672503,0.0,,,,0,7,126,44,
frozen_model,h10_d05,VIXPercentileRaw,3,1222,126,0.6674669867947179,0.0862608306208685,0.3712852204893811,0.5279698559822144,0.9391864057672503,0.0,,,,0,7,126,45,
frozen_model,h10_d05,VIXPercentileRaw,3,1222,126,0.6674669867947179,0.0862608306208685,0.3712852204893811,0.5279698559822144,0.9391864057672503,0.0,,,,0,7,126,46,
frozen_model,h10_d05,VIXPercentileCalibrated,3,1222,126,0.6944777911164466,0.10719725752970433,0.057183021337211634,0.06056847065048479,0.2753623188405797,0.0,,,,0,7,126,42,
frozen_model,h10_d05,VIXPercentileCalibrated,3,1222,126,0.6944777911164466,0.10719725752970433,0.057183021337211634,0.06056847065048479,0.2753623188405797,0.0,,,,0,7,126,43,
frozen_model,h10_d05,VIXPercentileCalibrated,3,1222,126,0.6944777911164466,0.10719725752970433,0.057183021337211634,0.06056847065048479,0.2753623188405797,0.0,,,,0,7,126,44,
frozen_model,h10_d05,VIXPercentileCalibrated,3,1222,126,0.6944777911164466,0.10719725752970433,0.057183021337211634,0.06056847065048479,0.2753623188405797,0.0,,,,0,7,126,45,
frozen_model,h10_d05,VIXPercentileCalibrated,3,1222,126,0.6944777911164466,0.10719725752970433,0.057183021337211634,0.06056847065048479,0.2753623188405797,0.0,,,,0,7,126,46,
frozen_model,h10_d05,HarRvThreshold,3,1222,126,0.4368932038834952,0.01694915254237288,0.01273560356330561,0.03063821143060346,0.1950324399409694,0.019230769230769232,0.0,0.19599713431713545,,2,1,104,42,
frozen_model,h10_d05,HarRvThreshold,3,1222,126,0.4368932038834952,0.01694915254237288,0.01273560356330561,0.03063821143060346,0.1950324399409694,0.019230769230769232,0.0,0.19599713431713545,,2,1,104,43,
frozen_model,h10_d05,HarRvThreshold,3,1222,126,0.4368932038834952,0.01694915254237288,0.01273560356330561,0.03063821143060346,0.1950324399409694,0.019230769230769232,0.0,0.19599713431713545,,2,1,104,44,
frozen_model,h10_d05,HarRvThreshold,3,1222,126,0.4368932038834952,0.01694915254237288,0.01273560356330561,0.03063821143060346,0.1950324399409694,0.019230769230769232,0.0,0.19599713431713545,,2,1,104,45,
frozen_model,h10_d05,HarRvThreshold,3,1222,126,0.4368932038834952,0.01694915254237288,0.01273560356330561,0.03063821143060346,0.1950324399409694,0.019230769230769232,0.0,0.19599713431713545,,2,1,104,46,
frozen_model,h10_d05,LogisticRegressionL2,3,1222,126,0.43577430972388953,0.05463863799202033,0.17233458680922423,0.2161338493051715,0.8316244944656794,0.07142857142857142,0.0,0.3974003385053846,,9,7,126,42,
frozen_model,h10_d05,LogisticRegressionL2,3,1222,126,0.43577430972388953,0.05463863799202033,0.17233458680922423,0.2161338493051715,0.8316244944656794,0.07142857142857142,0.0,0.3974003385053846,,9,7,126,43,
frozen_model,h10_d05,LogisticRegressionL2,3,1222,126,0.43577430972388953,0.05463863799202033,0.17233458680922423,0.2161338493051715,0.8316244944656794,0.07142857142857142,0.0,0.3974003385053846,,9,7,126,44,
frozen_model,h10_d05,LogisticRegressionL2,3,1222,126,0.43577430972388953,0.05463863799202033,0.17233458680922423,0.2161338493051715,0.8316244944656794,0.07142857142857142,0.0,0.3974003385053846,,9,7,126,45,
frozen_model,h10_d05,LogisticRegressionL2,3,1222,126,0.43577430972388953,0.05463863799202033,0.17233458680922423,0.2161338493051715,0.8316244944656794,0.07142857142857142,0.0,0.3974003385053846,,9,7,126,46,
frozen_model,h10_d05,LightGbmTuned,3,1222,126,0.5714285714285714,0.08037695041684403,0.09513618287060058,0.1268320005412116,0.538278760336419,0.07142857142857142,0.0,0.27382206256718505,,9,7,126,42,
frozen_model,h10_d05,LightGbmTuned,3,1222,126,0.5714285714285714,0.08037695041684403,0.09513618287060058,0.1268320005412116,0.538278760336419,0.07142857142857142,0.0,0.27382206256718505,,9,7,126,43,
frozen_model,h10_d05,LightGbmTuned,3,1222,126,0.5714285714285714,0.08037695041684403,0.09513618287060058,0.1268320005412116,0.538278760336419,0.07142857142857142,0.0,0.27382206256718505,,9,7,126,44,
frozen_model,h10_d05,LightGbmTuned,3,1222,126,0.5714285714285714,0.08037695041684403,0.09513618287060058,0.1268320005412116,0.538278760336419,0.07142857142857142,0.0,0.27382206256718505,,9,7,126,45,
frozen_model,h10_d05,LightGbmTuned,3,1222,126,0.5714285714285714,0.08037695041684403,0.09513618287060058,0.1268320005412116,0.538278760336419,0.07142857142857142,0.0,0.27382206256718505,,9,7,126,46,
frozen_model,h10_d05,NaiveBaseRate,4,1348,127,,,0.002979293433357268,0.0545829042224511,0.05458290422245108,0.0,,,,0,0,127,42,0.0
frozen_model,h10_d05,NaiveBaseRate,4,1348,127,,,0.002979293433357268,0.0545829042224511,0.05458290422245108,0.0,,,,0,0,127,43,0.0
frozen_model,h10_d05,NaiveBaseRate,4,1348,127,,,0.002979293433357268,0.0545829042224511,0.05458290422245108,0.0,,,,0,0,127,44,0.0
frozen_model,h10_d05,NaiveBaseRate,4,1348,127,,,0.002979293433357268,0.0545829042224511,0.05458290422245108,0.0,,,,0,0,127,45,0.0
frozen_model,h10_d05,NaiveBaseRate,4,1348,127,,,0.002979293433357268,0.0545829042224511,0.05458290422245108,0.0,,,,0,0,127,46,0.0
frozen_model,h10_d05,VIXPercentileRaw,4,1348,127,,,0.09935001523749543,0.2382072220375131,0.933728115345005,0.0,,,,0,0,127,42,0.0
frozen_model,h10_d05,VIXPercentileRaw,4,1348,127,,,0.09935001523749543,0.2382072220375131,0.933728115345005,0.0,,,,0,0,127,43,0.0
frozen_model,h10_d05,VIXPercentileRaw,4,1348,127,,,0.09935001523749543,0.2382072220375131,0.933728115345005,0.0,,,,0,0,127,44,0.0
frozen_model,h10_d05,VIXPercentileRaw,4,1348,127,,,0.09935001523749543,0.2382072220375131,0.933728115345005,0.0,,,,0,0,127,45,0.0
frozen_model,h10_d05,VIXPercentileRaw,4,1348,127,,,0.09935001523749543,0.2382072220375131,0.933728115345005,0.0,,,,0,0,127,46,0.0
frozen_model,h10_d05,VIXPercentileCalibrated,4,1348,127,,,0.0003738181186301745,0.013038292680817583,0.2753623188405797,0.0,,,,0,0,127,42,0.0
frozen_model,h10_d05,VIXPercentileCalibrated,4,1348,127,,,0.0003738181186301745,0.013038292680817583,0.2753623188405797,0.0,,,,0,0,127,43,0.0
frozen_model,h10_d05,VIXPercentileCalibrated,4,1348,127,,,0.0003738181186301745,0.013038292680817583,0.2753623188405797,0.0,,,,0,0,127,44,0.0
frozen_model,h10_d05,VIXPercentileCalibrated,4,1348,127,,,0.0003738181186301745,0.013038292680817583,0.2753623188405797,0.0,,,,0,0,127,45,0.0
frozen_model,h10_d05,VIXPercentileCalibrated,4,1348,127,,,0.0003738181186301745,0.013038292680817583,0.2753623188405797,0.0,,,,0,0,127,46,0.0
frozen_model,h10_d05,HarRvThreshold,4,1348,127,,,0.000621197030559766,0.01566044356891238,0.19126842157411217,0.0,,,,0,0,105,42,0.0
frozen_model,h10_d05,HarRvThreshold,4,1348,127,,,0.000621197030559766,0.01566044356891238,0.19126842157411217,0.0,,,,0,0,105,43,0.0
frozen_model,h10_d05,HarRvThreshold,4,1348,127,,,0.000621197030559766,0.01566044356891238,0.19126842157411217,0.0,,,,0,0,105,44,0.0
frozen_model,h10_d05,HarRvThreshold,4,1348,127,,,0.000621197030559766,0.01566044356891238,0.19126842157411217,0.0,,,,0,0,105,45,0.0
frozen_model,h10_d05,HarRvThreshold,4,1348,127,,,0.000621197030559766,0.01566044356891238,0.19126842157411217,0.0,,,,0,0,105,46,0.0
frozen_model,h10_d05,LogisticRegressionL2,4,1348,127,,,0.21095534056573936,0.310674317190932,0.8411615111551922,0.14173228346456693,0.0,1.0298442412567472,,18,0,127,42,0.14173228346456693
frozen_model,h10_d05,LogisticRegressionL2,4,1348,127,,,0.21095534056573936,0.310674317190932,0.8411615111551922,0.14173228346456693,0.0,1.0298442412567472,,18,0,127,43,0.14173228346456693
frozen_model,h10_d05,LogisticRegressionL2,4,1348,127,,,0.21095534056573936,0.310674317190932,0.8411615111551922,0.14173228346456693,0.0,1.0298442412567472,,18,0,127,44,0.14173228346456693
frozen_model,h10_d05,LogisticRegressionL2,4,1348,127,,,0.21095534056573936,0.310674317190932,0.8411615111551922,0.14173228346456693,0.0,1.0298442412567472,,18,0,127,45,0.14173228346456693
frozen_model,h10_d05,LogisticRegressionL2,4,1348,127,,,0.21095534056573936,0.310674317190932,0.8411615111551922,0.14173228346456693,0.0,1.0298442412567472,,18,0,127,46,0.14173228346456693
frozen_model,h10_d05,LightGbmTuned,4,1348,127,,,0.03356335642322671,0.14359269219161036,0.5641144451792599,0.031496062992125984,0.0,1.6392574299096805,,4,0,127,42,0.031496062992125984
frozen_model,h10_d05,LightGbmTuned,4,1348,127,,,0.03356335642322671,0.14359269219161036,0.5641144451792599,0.031496062992125984,0.0,1.6392574299096805,,4,0,127,43,0.031496062992125984
frozen_model,h10_d05,LightGbmTuned,4,1348,127,,,0.03356335642322671,0.14359269219161036,0.5641144451792599,0.031496062992125984,0.0,1.6392574299096805,,4,0,127,44,0.031496062992125984
frozen_model,h10_d05,LightGbmTuned,4,1348,127,,,0.03356335642322671,0.14359269219161036,0.5641144451792599,0.031496062992125984,0.0,1.6392574299096805,,4,0,127,45,0.031496062992125984
frozen_model,h10_d05,LightGbmTuned,4,1348,127,,,0.03356335642322671,0.14359269219161036,0.5641144451792599,0.031496062992125984,0.0,1.6392574299096805,,4,0,127,46,0.031496062992125984
frozen_model,h10_d05,NaiveBaseRate,5,1475,125,,,0.0029792934333572677,0.054582904222451094,0.05458290422245108,0.0,,,,0,0,125,42,0.0
frozen_model,h10_d05,NaiveBaseRate,5,1475,125,,,0.0029792934333572677,0.054582904222451094,0.05458290422245108,0.0,,,,0,0,125,43,0.0
frozen_model,h10_d05,NaiveBaseRate,5,1475,125,,,0.0029792934333572677,0.054582904222451094,0.05458290422245108,0.0,,,,0,0,125,44,0.0
frozen_model,h10_d05,NaiveBaseRate,5,1475,125,,,0.0029792934333572677,0.054582904222451094,0.05458290422245108,0.0,,,,0,0,125,45,0.0
frozen_model,h10_d05,NaiveBaseRate,5,1475,125,,,0.0029792934333572677,0.054582904222451094,0.05458290422245108,0.0,,,,0,0,125,46,0.0
frozen_model,h10_d05,VIXPercentileRaw,5,1475,125,,,0.017132746666723233,0.061956745623069,0.9271884654994851,0.0,,,,0,0,125,42,0.0
frozen_model,h10_d05,VIXPercentileRaw,5,1475,125,,,0.017132746666723233,0.061956745623069,0.9271884654994851,0.0,,,,0,0,125,43,0.0
frozen_model,h10_d05,VIXPercentileRaw,5,1475,125,,,0.017132746666723233,0.061956745623069,0.9271884654994851,0.0,,,,0,0,125,44,0.0
frozen_model,h10_d05,VIXPercentileRaw,5,1475,125,,,0.017132746666723233,0.061956745623069,0.9271884654994851,0.0,,,,0,0,125,45,0.0
frozen_model,h10_d05,VIXPercentileRaw,5,1475,125,,,0.017132746666723233,0.061956745623069,0.9271884654994851,0.0,,,,0,0,125,46,0.0
frozen_model,h10_d05,VIXPercentileCalibrated,5,1475,125,,,4.84980535257267e-05,0.0027600090526880405,0.2222222222222222,0.0,,,,0,0,125,42,0.0
frozen_model,h10_d05,VIXPercentileCalibrated,5,1475,125,,,4.84980535257267e-05,0.0027600090526880405,0.2222222222222222,0.0,,,,0,0,125,43,0.0
frozen_model,h10_d05,VIXPercentileCalibrated,5,1475,125,,,4.84980535257267e-05,0.0027600090526880405,0.2222222222222222,0.0,,,,0,0,125,44,0.0
frozen_model,h10_d05,VIXPercentileCalibrated,5,1475,125,,,4.84980535257267e-05,0.0027600090526880405,0.2222222222222222,0.0,,,,0,0,125,45,0.0
frozen_model,h10_d05,VIXPercentileCalibrated,5,1475,125,,,4.84980535257267e-05,0.0027600090526880405,0.2222222222222222,0.0,,,,0,0,125,46,0.0
frozen_model,h10_d05,HarRvThreshold,5,1475,125,,,0.00011061377227921999,0.006999190774538246,0.17210325273704577,0.0,,,,0,0,103,42,0.0
frozen_model,h10_d05,HarRvThreshold,5,1475,125,,,0.00011061377227921999,0.006999190774538246,0.17210325273704577,0.0,,,,0,0,103,43,0.0
frozen_model,h10_d05,HarRvThreshold,5,1475,125,,,0.00011061377227921999,0.006999190774538246,0.17210325273704577,0.0,,,,0,0,103,44,0.0
frozen_model,h10_d05,HarRvThreshold,5,1475,125,,,0.00011061377227921999,0.006999190774538246,0.17210325273704577,0.0,,,,0,0,103,45,0.0
frozen_model,h10_d05,HarRvThreshold,5,1475,125,,,0.00011061377227921999,0.006999190774538246,0.17210325273704577,0.0,,,,0,0,103,46,0.0
frozen_model,h10_d05,LogisticRegressionL2,5,1475,125,,,0.20851054300763316,0.33091136851615677,0.8642697421449191,0.12,0.0,0.2832274217405362,,15,0,125,42,0.12
frozen_model,h10_d05,LogisticRegressionL2,5,1475,125,,,0.20851054300763316,0.33091136851615677,0.8642697421449191,0.12,0.0,0.2832274217405362,,15,0,125,43,0.12
frozen_model,h10_d05,LogisticRegressionL2,5,1475,125,,,0.20851054300763316,0.33091136851615677,0.8642697421449191,0.12,0.0,0.2832274217405362,,15,0,125,44,0.12
frozen_model,h10_d05,LogisticRegressionL2,5,1475,125,,,0.20851054300763316,0.33091136851615677,0.8642697421449191,0.12,0.0,0.2832274217405362,,15,0,125,45,0.12
frozen_model,h10_d05,LogisticRegressionL2,5,1475,125,,,0.20851054300763316,0.33091136851615677,0.8642697421449191,0.12,0.0,0.2832274217405362,,15,0,125,46,0.12
frozen_model,h10_d05,LightGbmTuned,5,1475,125,,,0.04017660700731352,0.13858455918463194,0.5383845963435637,0.048,0.0,0.1713530321796628,,6,0,125,42,0.048
frozen_model,h10_d05,LightGbmTuned,5,1475,125,,,0.04017660700731352,0.13858455918463194,0.5383845963435637,0.048,0.0,0.1713530321796628,,6,0,125,43,0.048
frozen_model,h10_d05,LightGbmTuned,5,1475,125,,,0.04017660700731352,0.13858455918463194,0.5383845963435637,0.048,0.0,0.1713530321796628,,6,0,125,44,0.048
frozen_model,h10_d05,LightGbmTuned,5,1475,125,,,0.04017660700731352,0.13858455918463194,0.5383845963435637,0.048,0.0,0.1713530321796628,,6,0,125,45,0.048
frozen_model,h10_d05,LightGbmTuned,5,1475,125,,,0.04017660700731352,0.13858455918463194,0.5383845963435637,0.048,0.0,0.1713530321796628,,6,0,125,46,0.048
frozen_model,h10_d05,NaiveBaseRate,6,1600,126,,,0.0029792934333572677,0.054582904222451094,0.05458290422245108,0.0,,,,0,0,126,42,0.0
frozen_model,h10_d05,NaiveBaseRate,6,1600,126,,,0.0029792934333572677,0.054582904222451094,0.05458290422245108,0.0,,,,0,0,126,43,0.0
frozen_model,h10_d05,NaiveBaseRate,6,1600,126,,,0.0029792934333572677,0.054582904222451094,0.05458290422245108,0.0,,,,0,0,126,44,0.0
frozen_model,h10_d05,NaiveBaseRate,6,1600,126,,,0.0029792934333572677,0.054582904222451094,0.05458290422245108,0.0,,,,0,0,126,45,0.0
frozen_model,h10_d05,NaiveBaseRate,6,1600,126,,,0.0029792934333572677,0.054582904222451094,0.05458290422245108,0.0,,,,0,0,126,46,0.0
frozen_model,h10_d05,VIXPercentileRaw,6,1600,126,,,0.0074866012436610235,0.025133637389044186,0.9217816683831102,0.0,,,,0,0,126,42,0.0
frozen_model,h10_d05,VIXPercentileRaw,6,1600,126,,,0.0074866012436610235,0.025133637389044186,0.9217816683831102,0.0,,,,0,0,126,43,0.0
frozen_model,h10_d05,VIXPercentileRaw,6,1600,126,,,0.0074866012436610235,0.025133637389044186,0.9217816683831102,0.0,,,,0,0,126,44,0.0
frozen_model,h10_d05,VIXPercentileRaw,6,1600,126,,,0.0074866012436610235,0.025133637389044186,0.9217816683831102,0.0,,,,0,0,126,45,0.0
frozen_model,h10_d05,VIXPercentileRaw,6,1600,126,,,0.0074866012436610235,0.025133637389044186,0.9217816683831102,0.0,,,,0,0,126,46,0.0
frozen_model,h10_d05,VIXPercentileCalibrated,6,1600,126,,,2.2616379476843156e-05,0.001014510649940558,0.2222222222222222,0.0,,,,0,0,126,42,0.0
frozen_model,h10_d05,VIXPercentileCalibrated,6,1600,126,,,2.2616379476843156e-05,0.001014510649940558,0.2222222222222222,0.0,,,,0,0,126,43,0.0
frozen_model,h10_d05,VIXPercentileCalibrated,6,1600,126,,,2.2616379476843156e-05,0.001014510649940558,0.2222222222222222,0.0,,,,0,0,126,44,0.0
frozen_model,h10_d05,VIXPercentileCalibrated,6,1600,126,,,2.2616379476843156e-05,0.001014510649940558,0.2222222222222222,0.0,,,,0,0,126,45,0.0
frozen_model,h10_d05,VIXPercentileCalibrated,6,1600,126,,,2.2616379476843156e-05,0.001014510649940558,0.2222222222222222,0.0,,,,0,0,126,46,0.0
frozen_model,h10_d05,HarRvThreshold,6,1600,126,,,8.822701918052234e-05,0.005842315057688797,0.1554638282372404,0.0,,,,0,0,104,42,0.0
frozen_model,h10_d05,HarRvThreshold,6,1600,126,,,8.822701918052234e-05,0.005842315057688797,0.1554638282372404,0.0,,,,0,0,104,43,0.0
frozen_model,h10_d05,HarRvThreshold,6,1600,126,,,8.822701918052234e-05,0.005842315057688797,0.1554638282372404,0.0,,,,0,0,104,44,0.0
frozen_model,h10_d05,HarRvThreshold,6,1600,126,,,8.822701918052234e-05,0.005842315057688797,0.1554638282372404,0.0,,,,0,0,104,45,0.0
frozen_model,h10_d05,HarRvThreshold,6,1600,126,,,8.822701918052234e-05,0.005842315057688797,0.1554638282372404,0.0,,,,0,0,104,46,0.0
frozen_model,h10_d05,LogisticRegressionL2,6,1600,126,,,0.4023573104381274,0.5617054309445176,0.8904318432766706,0.1746031746031746,0.0,0.7711093748385961,,22,0,126,42,0.1746031746031746
frozen_model,h10_d05,LogisticRegressionL2,6,1600,126,,,0.4023573104381274,0.5617054309445176,0.8904318432766706,0.1746031746031746,0.0,0.7711093748385961,,22,0,126,43,0.1746031746031746
frozen_model,h10_d05,LogisticRegressionL2,6,1600,126,,,0.4023573104381274,0.5617054309445176,0.8904318432766706,0.1746031746031746,0.0,0.7711093748385961,,22,0,126,44,0.1746031746031746
frozen_model,h10_d05,LogisticRegressionL2,6,1600,126,,,0.4023573104381274,0.5617054309445176,0.8904318432766706,0.1746031746031746,0.0,0.7711093748385961,,22,0,126,45,0.1746031746031746
frozen_model,h10_d05,LogisticRegressionL2,6,1600,126,,,0.4023573104381274,0.5617054309445176,0.8904318432766706,0.1746031746031746,0.0,0.7711093748385961,,22,0,126,46,0.1746031746031746
frozen_model,h10_d05,LightGbmTuned,6,1600,126,,,0.05361950277059124,0.16315440781565713,0.5383089991956032,0.07142857142857142,0.0,1.0490170050412722,,9,0,126,42,0.07142857142857142
frozen_model,h10_d05,LightGbmTuned,6,1600,126,,,0.05361950277059124,0.16315440781565713,0.5383089991956032,0.07142857142857142,0.0,1.0490170050412722,,9,0,126,43,0.07142857142857142
frozen_model,h10_d05,LightGbmTuned,6,1600,126,,,0.05361950277059124,0.16315440781565713,0.5383089991956032,0.07142857142857142,0.0,1.0490170050412722,,9,0,126,44,0.07142857142857142
frozen_model,h10_d05,LightGbmTuned,6,1600,126,,,0.05361950277059124,0.16315440781565713,0.5383089991956032,0.07142857142857142,0.0,1.0490170050412722,,9,0,126,45,0.07142857142857142
frozen_model,h10_d05,LightGbmTuned,6,1600,126,,,0.05361950277059124,0.16315440781565713,0.5383089991956032,0.07142857142857142,0.0,1.0490170050412722,,9,0,126,46,0.07142857142857142
frozen_model,h10_d05,NaiveBaseRate,7,1726,125,0.5,0.128,0.11700606995240981,0.0734170957775489,0.05458290422245108,0.0,,,,0,16,125,42,
frozen_model,h10_d05,NaiveBaseRate,7,1726,125,0.5,0.128,0.11700606995240981,0.0734170957775489,0.05458290422245108,0.0,,,,0,16,125,43,
frozen_model,h10_d05,NaiveBaseRate,7,1726,125,0.5,0.128,0.11700606995240981,0.0734170957775489,0.05458290422245108,0.0,,,,0,16,125,44,
frozen_model,h10_d05,NaiveBaseRate,7,1726,125,0.5,0.128,0.11700606995240981,0.0734170957775489,0.05458290422245108,0.0,,,,0,16,125,45,
frozen_model,h10_d05,NaiveBaseRate,7,1726,125,0.5,0.128,0.11700606995240981,0.0734170957775489,0.05458290422245108,0.0,,,,0,16,125,46,
frozen_model,h10_d05,VIXPercentileRaw,7,1726,125,0.34891055045871555,0.09949838966335273,0.3487318604091251,0.3983274974253347,0.916323377960865,0.032,0.0,0.5362847101343831,,4,16,125,42,
frozen_model,h10_d05,VIXPercentileRaw,7,1726,125,0.34891055045871555,0.09949838966335273,0.3487318604091251,0.3983274974253347,0.916323377960865,0.032,0.0,0.5362847101343831,,4,16,125,43,
frozen_model,h10_d05,VIXPercentileRaw,7,1726,125,0.34891055045871555,0.09949838966335273,0.3487318604091251,0.3983274974253347,0.916323377960865,0.032,0.0,0.5362847101343831,,4,16,125,44,
frozen_model,h10_d05,VIXPercentileRaw,7,1726,125,0.34891055045871555,0.09949838966335273,0.3487318604091251,0.3983274974253347,0.916323377960865,0.032,0.0,0.5362847101343831,,4,16,125,45,
frozen_model,h10_d05,VIXPercentileRaw,7,1726,125,0.34891055045871555,0.09949838966335273,0.3487318604091251,0.3983274974253347,0.916323377960865,0.032,0.0,0.5362847101343831,,4,16,125,46,
frozen_model,h10_d05,VIXPercentileCalibrated,7,1726,125,0.3342889908256881,0.10098039512247586,0.12889793873068864,0.12149058868121274,0.20454545454545456,0.024,0.0,0.9692018597777807,,3,16,125,42,
frozen_model,h10_d05,VIXPercentileCalibrated,7,1726,125,0.3342889908256881,0.10098039512247586,0.12889793873068864,0.12149058868121274,0.20454545454545456,0.024,0.0,0.9692018597777807,,3,16,125,43,
frozen_model,h10_d05,VIXPercentileCalibrated,7,1726,125,0.3342889908256881,0.10098039512247586,0.12889793873068864,0.12149058868121274,0.20454545454545456,0.024,0.0,0.9692018597777807,,3,16,125,44,
frozen_model,h10_d05,VIXPercentileCalibrated,7,1726,125,0.3342889908256881,0.10098039512247586,0.12889793873068864,0.12149058868121274,0.20454545454545456,0.024,0.0,0.9692018597777807,,3,16,125,45,
frozen_model,h10_d05,VIXPercentileCalibrated,7,1726,125,0.3342889908256881,0.10098039512247586,0.12889793873068864,0.12149058868121274,0.20454545454545456,0.024,0.0,0.9692018597777807,,3,16,125,46,
frozen_model,h10_d05,HarRvThreshold,7,1726,125,0.488095238095238,0.07126587813278965,0.0709236500348102,0.0727915614653868,0.148705865762493,0.1262135922330097,0.0,0.6695649985579378,,13,7,103,42,
frozen_model,h10_d05,HarRvThreshold,7,1726,125,0.488095238095238,0.07126587813278965,0.0709236500348102,0.0727915614653868,0.148705865762493,0.1262135922330097,0.0,0.6695649985579378,,13,7,103,43,
frozen_model,h10_d05,HarRvThreshold,7,1726,125,0.488095238095238,0.07126587813278965,0.0709236500348102,0.0727915614653868,0.148705865762493,0.1262135922330097,0.0,0.6695649985579378,,13,7,103,44,
frozen_model,h10_d05,HarRvThreshold,7,1726,125,0.488095238095238,0.07126587813278965,0.0709236500348102,0.0727915614653868,0.148705865762493,0.1262135922330097,0.0,0.6695649985579378,,13,7,103,45,
frozen_model,h10_d05,HarRvThreshold,7,1726,125,0.488095238095238,0.07126587813278965,0.0709236500348102,0.0727915614653868,0.148705865762493,0.1262135922330097,0.0,0.6695649985579378,,13,7,103,46,
frozen_model,h10_d05,LogisticRegressionL2,7,1726,125,0.5051605504587156,0.12461822002211057,0.17520572682297603,0.20684777012705408,0.9181199952060717,0.008,0.0,1.4054121666510304,,1,16,125,42,
frozen_model,h10_d05,LogisticRegressionL2,7,1726,125,0.5051605504587156,0.12461822002211057,0.17520572682297603,0.20684777012705408,0.9181199952060717,0.008,0.0,1.4054121666510304,,1,16,125,43,
frozen_model,h10_d05,LogisticRegressionL2,7,1726,125,0.5051605504587156,0.12461822002211057,0.17520572682297603,0.20684777012705408,0.9181199952060717,0.008,0.0,1.4054121666510304,,1,16,125,44,
frozen_model,h10_d05,LogisticRegressionL2,7,1726,125,0.5051605504587156,0.12461822002211057,0.17520572682297603,0.20684777012705408,0.9181199952060717,0.008,0.0,1.4054121666510304,,1,16,125,45,
frozen_model,h10_d05,LogisticRegressionL2,7,1726,125,0.5051605504587156,0.12461822002211057,0.17520572682297603,0.20684777012705408,0.9181199952060717,0.008,0.0,1.4054121666510304,,1,16,125,46,
frozen_model,h10_d05,LightGbmTuned,7,1726,125,0.6307339449541285,0.20692582662556472,0.12018365023554636,0.08372551828990307,0.561434615414635,0.032,0.0,0.13004397774161758,,4,16,125,42,
frozen_model,h10_d05,LightGbmTuned,7,1726,125,0.6307339449541285,0.20692582662556472,0.12018365023554636,0.08372551828990307,0.561434615414635,0.032,0.0,0.13004397774161758,,4,16,125,43,
frozen_model,h10_d05,LightGbmTuned,7,1726,125,0.6307339449541285,0.20692582662556472,0.12018365023554636,0.08372551828990307,0.561434615414635,0.032,0.0,0.13004397774161758,,4,16,125,44,
frozen_model,h10_d05,LightGbmTuned,7,1726,125,0.6307339449541285,0.20692582662556472,0.12018365023554636,0.08372551828990307,0.561434615414635,0.032,0.0,0.13004397774161758,,4,16,125,45,
frozen_model,h10_d05,LightGbmTuned,7,1726,125,0.6307339449541285,0.20692582662556472,0.12018365023554636,0.08372551828990307,0.561434615414635,0.032,0.0,0.13004397774161758,,4,16,125,46,
frozen_model,h10_d05,NaiveBaseRate,8,1851,125,0.5,0.224,0.20252615234169913,0.1694170957775489,0.05458290422245108,0.0,,,,0,28,125,42,
frozen_model,h10_d05,NaiveBaseRate,8,1851,125,0.5,0.224,0.20252615234169913,0.1694170957775489,0.05458290422245108,0.0,,,,0,28,125,43,
frozen_model,h10_d05,NaiveBaseRate,8,1851,125,0.5,0.224,0.20252615234169913,0.1694170957775489,0.05458290422245108,0.0,,,,0,28,125,44,
frozen_model,h10_d05,NaiveBaseRate,8,1851,125,0.5,0.224,0.20252615234169913,0.1694170957775489,0.05458290422245108,0.0,,,,0,28,125,45,
frozen_model,h10_d05,NaiveBaseRate,8,1851,125,0.5,0.224,0.20252615234169913,0.1694170957775489,0.05458290422245108,0.0,,,,0,28,125,46,
frozen_model,h10_d05,VIXPercentileRaw,8,1851,125,0.6235272459499264,0.2936047282257303,0.2809427591714828,0.32173017507723994,0.9150360453141091,0.048,0.0,0.4945509233305439,,6,28,125,42,
frozen_model,h10_d05,VIXPercentileRaw,8,1851,125,0.6235272459499264,0.2936047282257303,0.2809427591714828,0.32173017507723994,0.9150360453141091,0.048,0.0,0.4945509233305439,,6,28,125,43,
frozen_model,h10_d05,VIXPercentileRaw,8,1851,125,0.6235272459499264,0.2936047282257303,0.2809427591714828,0.32173017507723994,0.9150360453141091,0.048,0.0,0.4945509233305439,,6,28,125,44,
frozen_model,h10_d05,VIXPercentileRaw,8,1851,125,0.6235272459499264,0.2936047282257303,0.2809427591714828,0.32173017507723994,0.9150360453141091,0.048,0.0,0.4945509233305439,,6,28,125,45,
frozen_model,h10_d05,VIXPercentileRaw,8,1851,125,0.6235272459499264,0.2936047282257303,0.2809427591714828,0.32173017507723994,0.9150360453141091,0.048,0.0,0.4945509233305439,,6,28,125,46,
frozen_model,h10_d05,VIXPercentileCalibrated,8,1851,125,0.6051178203240059,0.2733895500541065,0.204417938873183,0.1747628146383574,0.20454545454545456,0.032,0.0,0.10620954942897795,,4,28,125,42,
frozen_model,h10_d05,VIXPercentileCalibrated,8,1851,125,0.6051178203240059,0.2733895500541065,0.204417938873183,0.1747628146383574,0.20454545454545456,0.032,0.0,0.10620954942897795,,4,28,125,43,
frozen_model,h10_d05,VIXPercentileCalibrated,8,1851,125,0.6051178203240059,0.2733895500541065,0.204417938873183,0.1747628146383574,0.20454545454545456,0.032,0.0,0.10620954942897795,,4,28,125,44,
frozen_model,h10_d05,VIXPercentileCalibrated,8,1851,125,0.6051178203240059,0.2733895500541065,0.204417938873183,0.1747628146383574,0.20454545454545456,0.032,0.0,0.10620954942897795,,4,28,125,45,
frozen_model,h10_d05,VIXPercentileCalibrated,8,1851,125,0.6051178203240059,0.2733895500541065,0.204417938873183,0.1747628146383574,0.20454545454545456,0.032,0.0,0.10620954942897795,,4,28,125,46,
frozen_model,h10_d05,HarRvThreshold,8,1851,125,0.5552380952380953,0.32755497243903947,0.2413721646567954,0.22658242807436274,0.15507673429391622,0.10679611650485436,0.36363636363636365,0.928012120212536,1.098636807216599,11,28,103,42,
frozen_model,h10_d05,HarRvThreshold,8,1851,125,0.5552380952380953,0.32755497243903947,0.2413721646567954,0.22658242807436274,0.15507673429391622,0.10679611650485436,0.36363636363636365,0.928012120212536,1.098636807216599,11,28,103,43,
frozen_model,h10_d05,HarRvThreshold,8,1851,125,0.5552380952380953,0.32755497243903947,0.2413721646567954,0.22658242807436274,0.15507673429391622,0.10679611650485436,0.36363636363636365,0.928012120212536,1.098636807216599,11,28,103,44,
frozen_model,h10_d05,HarRvThreshold,8,1851,125,0.5552380952380953,0.32755497243903947,0.2413721646567954,0.22658242807436274,0.15507673429391622,0.10679611650485436,0.36363636363636365,0.928012120212536,1.098636807216599,11,28,103,45,
frozen_model,h10_d05,HarRvThreshold,8,1851,125,0.5552380952380953,0.32755497243903947,0.2413721646567954,0.22658242807436274,0.15507673429391622,0.10679611650485436,0.36363636363636365,0.928012120212536,1.098636807216599,11,28,103,46,
frozen_model,h10_d05,LogisticRegressionL2,8,1851,125,0.4031664212076584,0.1993438741159984,0.2482994320861789,0.24019182056117333,0.9094192913286339,0.008,0.0,0.14861117086267214,,1,28,125,42,
frozen_model,h10_d05,LogisticRegressionL2,8,1851,125,0.4031664212076584,0.1993438741159984,0.2482994320861789,0.24019182056117333,0.9094192913286339,0.008,0.0,0.14861117086267214,,1,28,125,43,
frozen_model,h10_d05,LogisticRegressionL2,8,1851,125,0.4031664212076584,0.1993438741159984,0.2482994320861789,0.24019182056117333,0.9094192913286339,0.008,0.0,0.14861117086267214,,1,28,125,44,
frozen_model,h10_d05,LogisticRegressionL2,8,1851,125,0.4031664212076584,0.1993438741159984,0.2482994320861789,0.24019182056117333,0.9094192913286339,0.008,0.0,0.14861117086267214,,1,28,125,45,
frozen_model,h10_d05,LogisticRegressionL2,8,1851,125,0.4031664212076584,0.1993438741159984,0.2482994320861789,0.24019182056117333,0.9094192913286339,0.008,0.0,0.14861117086267214,,1,28,125,46,
frozen_model,h10_d05,LightGbmTuned,8,1851,125,0.4000368188512518,0.1914001399458139,0.20010872490872714,0.1630785874725785,0.5384450740619322,0.0,,,,0,28,125,42,
frozen_model,h10_d05,LightGbmTuned,8,1851,125,0.4000368188512518,0.1914001399458139,0.20010872490872714,0.1630785874725785,0.5384450740619322,0.0,,,,0,28,125,43,
frozen_model,h10_d05,LightGbmTuned,8,1851,125,0.4000368188512518,0.1914001399458139,0.20010872490872714,0.1630785874725785,0.5384450740619322,0.0,,,,0,28,125,44,
frozen_model,h10_d05,LightGbmTuned,8,1851,125,0.4000368188512518,0.1914001399458139,0.20010872490872714,0.1630785874725785,0.5384450740619322,0.0,,,,0,28,125,45,
frozen_model,h10_d05,LightGbmTuned,8,1851,125,0.4000368188512518,0.1914001399458139,0.20010872490872714,0.1630785874725785,0.5384450740619322,0.0,,,,0,28,125,46,
frozen_model,h10_d05,NaiveBaseRate,9,1976,125,,,0.0029792934333572677,0.054582904222451094,0.05458290422245108,0.0,,,,0,0,125,42,0.0
frozen_model,h10_d05,NaiveBaseRate,9,1976,125,,,0.0029792934333572677,0.054582904222451094,0.05458290422245108,0.0,,,,0,0,125,43,0.0
frozen_model,h10_d05,NaiveBaseRate,9,1976,125,,,0.0029792934333572677,0.054582904222451094,0.05458290422245108,0.0,,,,0,0,125,44,0.0
frozen_model,h10_d05,NaiveBaseRate,9,1976,125,,,0.0029792934333572677,0.054582904222451094,0.05458290422245108,0.0,,,,0,0,125,45,0.0
frozen_model,h10_d05,NaiveBaseRate,9,1976,125,,,0.0029792934333572677,0.054582904222451094,0.05458290422245108,0.0,,,,0,0,125,46,0.0
frozen_model,h10_d05,VIXPercentileRaw,9,1976,125,,,0.2652048182037056,0.4661174047373841,0.914778578784758,0.0,,,,0,0,125,42,0.0
frozen_model,h10_d05,VIXPercentileRaw,9,1976,125,,,0.2652048182037056,0.4661174047373841,0.914778578784758,0.0,,,,0,0,125,43,0.0
frozen_model,h10_d05,VIXPercentileRaw,9,1976,125,,,0.2652048182037056,0.4661174047373841,0.914778578784758,0.0,,,,0,0,125,44,0.0
frozen_model,h10_d05,VIXPercentileRaw,9,1976,125,,,0.2652048182037056,0.4661174047373841,0.914778578784758,0.0,,,,0,0,125,45,0.0
frozen_model,h10_d05,VIXPercentileRaw,9,1976,125,,,0.2652048182037056,0.4661174047373841,0.914778578784758,0.0,,,,0,0,125,46,0.0
frozen_model,h10_d05,VIXPercentileCalibrated,9,1976,125,,,0.002036957641905588,0.03168553450041331,0.20454545454545456,0.0,,,,0,0,125,42,0.0
frozen_model,h10_d05,VIXPercentileCalibrated,9,1976,125,,,0.002036957641905588,0.03168553450041331,0.20454545454545456,0.0,,,,0,0,125,43,0.0
frozen_model,h10_d05,VIXPercentileCalibrated,9,1976,125,,,0.002036957641905588,0.03168553450041331,0.20454545454545456,0.0,,,,0,0,125,44,0.0
frozen_model,h10_d05,VIXPercentileCalibrated,9,1976,125,,,0.002036957641905588,0.03168553450041331,0.20454545454545456,0.0,,,,0,0,125,45,0.0
frozen_model,h10_d05,VIXPercentileCalibrated,9,1976,125,,,0.002036957641905588,0.03168553450041331,0.20454545454545456,0.0,,,,0,0,125,46,0.0
frozen_model,h10_d05,HarRvThreshold,9,1976,125,,,0.0009116442637922954,0.02401782012051987,0.16077664152161472,0.0,,,,0,0,103,42,0.0
frozen_model,h10_d05,HarRvThreshold,9,1976,125,,,0.0009116442637922954,0.02401782012051987,0.16077664152161472,0.0,,,,0,0,103,43,0.0
frozen_model,h10_d05,HarRvThreshold,9,1976,125,,,0.0009116442637922954,0.02401782012051987,0.16077664152161472,0.0,,,,0,0,103,44,0.0
frozen_model,h10_d05,HarRvThreshold,9,1976,125,,,0.0009116442637922954,0.02401782012051987,0.16077664152161472,0.0,,,,0,0,103,45,0.0
frozen_model,h10_d05,HarRvThreshold,9,1976,125,,,0.0009116442637922954,0.02401782012051987,0.16077664152161472,0.0,,,,0,0,103,46,0.0
frozen_model,h10_d05,LogisticRegressionL2,9,1976,125,,,0.02581097191539286,0.06989438072507169,0.902571567273591,0.0,,,,0,0,125,42,0.0
frozen_model,h10_d05,LogisticRegressionL2,9,1976,125,,,0.02581097191539286,0.06989438072507169,0.902571567273591,0.0,,,,0,0,125,43,0.0
frozen_model,h10_d05,LogisticRegressionL2,9,1976,125,,,0.02581097191539286,0.06989438072507169,0.902571567273591,0.0,,,,0,0,125,44,0.0
frozen_model,h10_d05,LogisticRegressionL2,9,1976,125,,,0.02581097191539286,0.06989438072507169,0.902571567273591,0.0,,,,0,0,125,45,0.0
frozen_model,h10_d05,LogisticRegressionL2,9,1976,125,,,0.02581097191539286,0.06989438072507169,0.902571567273591,0.0,,,,0,0,125,46,0.0
frozen_model,h10_d05,LightGbmTuned,9,1976,125,,,0.021020190849781354,0.11306625321196581,0.4793599355146875,0.024,0.0,0.06429039569949473,,3,0,125,42,0.024
frozen_model,h10_d05,LightGbmTuned,9,1976,125,,,0.021020190849781354,0.11306625321196581,0.4793599355146875,0.024,0.0,0.06429039569949473,,3,0,125,43,0.024
frozen_model,h10_d05,LightGbmTuned,9,1976,125,,,0.021020190849781354,0.11306625321196581,0.4793599355146875,0.024,0.0,0.06429039569949473,,3,0,125,44,0.024
frozen_model,h10_d05,LightGbmTuned,9,1976,125,,,0.021020190849781354,0.11306625321196581,0.4793599355146875,0.024,0.0,0.06429039569949473,,3,0,125,45,0.024
frozen_model,h10_d05,LightGbmTuned,9,1976,125,,,0.021020190849781354,0.11306625321196581,0.4793599355146875,0.024,0.0,0.06429039569949473,,3,0,125,46,0.024
frozen_model,h10_d05,NaiveBaseRate,10,2101,127,0.5,0.047244094488188976,0.04506594815249574,0.007338809734262125,0.05458290422245108,0.0,,,,0,6,127,42,
frozen_model,h10_d05,NaiveBaseRate,10,2101,127,0.5,0.047244094488188976,0.04506594815249574,0.007338809734262125,0.05458290422245108,0.0,,,,0,6,127,43,
frozen_model,h10_d05,NaiveBaseRate,10,2101,127,0.5,0.047244094488188976,0.04506594815249574,0.007338809734262125,0.05458290422245108,0.0,,,,0,6,127,44,
frozen_model,h10_d05,NaiveBaseRate,10,2101,127,0.5,0.047244094488188976,0.04506594815249574,0.007338809734262125,0.05458290422245108,0.0,,,,0,6,127,45,
frozen_model,h10_d05,NaiveBaseRate,10,2101,127,0.5,0.047244094488188976,0.04506594815249574,0.007338809734262125,0.05458290422245108,0.0,,,,0,6,127,46,
frozen_model,h10_d05,VIXPercentileRaw,10,2101,127,0.18388429752066113,0.03209157218000782,0.23424100524059438,0.3365391632945985,0.9124613800205973,0.0,,,,0,6,127,42,
frozen_model,h10_d05,VIXPercentileRaw,10,2101,127,0.18388429752066113,0.03209157218000782,0.23424100524059438,0.3365391632945985,0.9124613800205973,0.0,,,,0,6,127,43,
frozen_model,h10_d05,VIXPercentileRaw,10,2101,127,0.18388429752066113,0.03209157218000782,0.23424100524059438,0.3365391632945985,0.9124613800205973,0.0,,,,0,6,127,44,
frozen_model,h10_d05,VIXPercentileRaw,10,2101,127,0.18388429752066113,0.03209157218000782,0.23424100524059438,0.3365391632945985,0.9124613800205973,0.0,,,,0,6,127,45,
frozen_model,h10_d05,VIXPercentileRaw,10,2101,127,0.18388429752066113,0.03209157218000782,0.23424100524059438,0.3365391632945985,0.9124613800205973,0.0,,,,0,6,127,46,
frozen_model,h10_d05,VIXPercentileCalibrated,10,2101,127,0.22727272727272727,0.03913984436156007,0.047755289903109475,0.026490641854218868,0.20454545454545456,0.0,,,,0,6,127,42,
frozen_model,h10_d05,VIXPercentileCalibrated,10,2101,127,0.22727272727272727,0.03913984436156007,0.047755289903109475,0.026490641854218868,0.20454545454545456,0.0,,,,0,6,127,43,
frozen_model,h10_d05,VIXPercentileCalibrated,10,2101,127,0.22727272727272727,0.03913984436156007,0.047755289903109475,0.026490641854218868,0.20454545454545456,0.0,,,,0,6,127,44,
frozen_model,h10_d05,VIXPercentileCalibrated,10,2101,127,0.22727272727272727,0.03913984436156007,0.047755289903109475,0.026490641854218868,0.20454545454545456,0.0,,,,0,6,127,45,
frozen_model,h10_d05,VIXPercentileCalibrated,10,2101,127,0.22727272727272727,0.03913984436156007,0.047755289903109475,0.026490641854218868,0.20454545454545456,0.0,,,,0,6,127,46,
frozen_model,h10_d05,HarRvThreshold,10,2101,127,,,0.0027693193051097076,0.035101567728656295,0.16071240764246805,0.0,,,,0,0,105,42,0.0
frozen_model,h10_d05,HarRvThreshold,10,2101,127,,,0.0027693193051097076,0.035101567728656295,0.16071240764246805,0.0,,,,0,0,105,43,0.0
frozen_model,h10_d05,HarRvThreshold,10,2101,127,,,0.0027693193051097076,0.035101567728656295,0.16071240764246805,0.0,,,,0,0,105,44,0.0
frozen_model,h10_d05,HarRvThreshold,10,2101,127,,,0.0027693193051097076,0.035101567728656295,0.16071240764246805,0.0,,,,0,0,105,45,0.0
frozen_model,h10_d05,HarRvThreshold,10,2101,127,,,0.0027693193051097076,0.035101567728656295,0.16071240764246805,0.0,,,,0,0,105,46,0.0
frozen_model,h10_d05,LogisticRegressionL2,10,2101,127,,,5.155829854279122e-07,0.00047061783552434985,0.8896928320802121,0.0,,,,0,0,3,42,0.0
frozen_model,h10_d05,LogisticRegressionL2,10,2101,127,,,5.155829854279122e-07,0.00047061783552434985,0.8896928320802121,0.0,,,,0,0,3,43,0.0
frozen_model,h10_d05,LogisticRegressionL2,10,2101,127,,,5.155829854279122e-07,0.00047061783552434985,0.8896928320802121,0.0,,,,0,0,3,44,0.0
frozen_model,h10_d05,LogisticRegressionL2,10,2101,127,,,5.155829854279122e-07,0.00047061783552434985,0.8896928320802121,0.0,,,,0,0,3,45,0.0
frozen_model,h10_d05,LogisticRegressionL2,10,2101,127,,,5.155829854279122e-07,0.00047061783552434985,0.8896928320802121,0.0,,,,0,0,3,46,0.0
frozen_model,h10_d05,LightGbmTuned,10,2101,127,,,0.004549739679283929,0.0674517581630284,0.460622792660497,0.0,,,,0,0,3,42,0.0
frozen_model,h10_d05,LightGbmTuned,10,2101,127,,,0.004549739679283929,0.0674517581630284,0.460622792660497,0.0,,,,0,0,3,43,0.0
frozen_model,h10_d05,LightGbmTuned,10,2101,127,,,0.004549739679283929,0.0674517581630284,0.460622792660497,0.0,,,,0,0,3,44,0.0
frozen_model,h10_d05,LightGbmTuned,10,2101,127,,,0.004549739679283929,0.0674517581630284,0.460622792660497,0.0,,,,0,0,3,45,0.0
frozen_model,h10_d05,LightGbmTuned,10,2101,127,,,0.004549739679283929,0.0674517581630284,0.460622792660497,0.0,,,,0,0,3,46,0.0
frozen_model,h10_d05,NaiveBaseRate,11,2228,126,0.5,0.2698412698412698,0.24336312290060594,0.21525836561881873,0.05458290422245108,0.0,,,,0,34,126,42,
frozen_model,h10_d05,NaiveBaseRate,11,2228,126,0.5,0.2698412698412698,0.24336312290060594,0.21525836561881873,0.05458290422245108,0.0,,,,0,34,126,43,
frozen_model,h10_d05,NaiveBaseRate,11,2228,126,0.5,0.2698412698412698,0.24336312290060594,0.21525836561881873,0.05458290422245108,0.0,,,,0,34,126,44,
frozen_model,h10_d05,NaiveBaseRate,11,2228,126,0.5,0.2698412698412698,0.24336312290060594,0.21525836561881873,0.05458290422245108,0.0,,,,0,34,126,45,
frozen_model,h10_d05,NaiveBaseRate,11,2228,126,0.5,0.2698412698412698,0.24336312290060594,0.21525836561881873,0.05458290422245108,0.0,,,,0,34,126,46,
frozen_model,h10_d05,VIXPercentileRaw,11,2228,126,0.5732097186700768,0.38636748839304513,0.5339892519708629,0.5405080672845863,0.9093717816683831,0.6666666666666666,0.2619047619047619,1.031380124424251,1.0945191301680006,84,34,126,42,
frozen_model,h10_d05,VIXPercentileRaw,11,2228,126,0.5732097186700768,0.38636748839304513,0.5339892519708629,0.5405080672845863,0.9093717816683831,0.6666666666666666,0.2619047619047619,1.031380124424251,1.0945191301680006,84,34,126,43,
frozen_model,h10_d05,VIXPercentileRaw,11,2228,126,0.5732097186700768,0.38636748839304513,0.5339892519708629,0.5405080672845863,0.9093717816683831,0.6666666666666666,0.2619047619047619,1.031380124424251,1.0945191301680006,84,34,126,44,
frozen_model,h10_d05,VIXPercentileRaw,11,2228,126,0.5732097186700768,0.38636748839304513,0.5339892519708629,0.5405080672845863,0.9093717816683831,0.6666666666666666,0.2619047619047619,1.031380124424251,1.0945191301680006,84,34,126,45,
frozen_model,h10_d05,VIXPercentileRaw,11,2228,126,0.5732097186700768,0.38636748839304513,0.5339892519708629,0.5405080672845863,0.9093717816683831,0.6666666666666666,0.2619047619047619,1.031380124424251,1.0945191301680006,84,34,126,46,
frozen_model,h10_d05,VIXPercentileCalibrated,11,2228,126,0.509910485933504,0.2734083932496658,0.21387221838336445,0.08059459264227369,0.20454545454545456,0.5476190476190477,0.2608695652173913,1.0920802566694037,1.1802004648402038,69,34,126,42,
frozen_model,h10_d05,VIXPercentileCalibrated,11,2228,126,0.509910485933504,0.2734083932496658,0.21387221838336445,0.08059459264227369,0.20454545454545456,0.5476190476190477,0.2608695652173913,1.0920802566694037,1.1802004648402038,69,34,126,43,
frozen_model,h10_d05,VIXPercentileCalibrated,11,2228,126,0.509910485933504,0.2734083932496658,0.21387221838336445,0.08059459264227369,0.20454545454545456,0.5476190476190477,0.2608695652173913,1.0920802566694037,1.1802004648402038,69,34,126,44,
frozen_model,h10_d05,VIXPercentileCalibrated,11,2228,126,0.509910485933504,0.2734083932496658,0.21387221838336445,0.08059459264227369,0.20454545454545456,0.5476190476190477,0.2608695652173913,1.0920802566694037,1.1802004648402038,69,34,126,45,
frozen_model,h10_d05,VIXPercentileCalibrated,11,2228,126,0.509910485933504,0.2734083932496658,0.21387221838336445,0.08059459264227369,0.20454545454545456,0.5476190476190477,0.2608695652173913,1.0920802566694037,1.1802004648402038,69,34,126,46,
frozen_model,h10_d05,HarRvThreshold,11,2228,126,0.5256302521008404,0.40391340115082686,0.31261896440749753,0.26091453827458305,0.15469760725777332,0.5961538461538461,0.3225806451612903,1.0833057084082303,1.1562625064389305,62,34,104,42,
frozen_model,h10_d05,HarRvThreshold,11,2228,126,0.5256302521008404,0.40391340115082686,0.31261896440749753,0.26091453827458305,0.15469760725777332,0.5961538461538461,0.3225806451612903,1.0833057084082303,1.1562625064389305,62,34,104,43,
frozen_model,h10_d05,HarRvThreshold,11,2228,126,0.5256302521008404,0.40391340115082686,0.31261896440749753,0.26091453827458305,0.15469760725777332,0.5961538461538461,0.3225806451612903,1.0833057084082303,1.1562625064389305,62,34,104,44,
frozen_model,h10_d05,HarRvThreshold,11,2228,126,0.5256302521008404,0.40391340115082686,0.31261896440749753,0.26091453827458305,0.15469760725777332,0.5961538461538461,0.3225806451612903,1.0833057084082303,1.1562625064389305,62,34,104,45,
frozen_model,h10_d05,HarRvThreshold,11,2228,126,0.5256302521008404,0.40391340115082686,0.31261896440749753,0.26091453827458305,0.15469760725777332,0.5961538461538461,0.3225806451612903,1.0833057084082303,1.1562625064389305,62,34,104,46,
frozen_model,h10_d05,LogisticRegressionL2,11,2228,126,,,,,0.8896164937468128,,,,,0,0,0,42,
frozen_model,h10_d05,LogisticRegressionL2,11,2228,126,,,,,0.8896164937468128,,,,,0,0,0,43,
frozen_model,h10_d05,LogisticRegressionL2,11,2228,126,,,,,0.8896164937468128,,,,,0,0,0,44,
frozen_model,h10_d05,LogisticRegressionL2,11,2228,126,,,,,0.8896164937468128,,,,,0,0,0,45,
frozen_model,h10_d05,LogisticRegressionL2,11,2228,126,,,,,0.8896164937468128,,,,,0,0,0,46,
frozen_model,h10_d05,LightGbmTuned,11,2228,126,,,,,0.4596353195605394,,,,,0,0,0,42,
frozen_model,h10_d05,LightGbmTuned,11,2228,126,,,,,0.4596353195605394,,,,,0,0,0,43,
frozen_model,h10_d05,LightGbmTuned,11,2228,126,,,,,0.4596353195605394,,,,,0,0,0,44,
frozen_model,h10_d05,LightGbmTuned,11,2228,126,,,,,0.4596353195605394,,,,,0,0,0,45,
frozen_model,h10_d05,LightGbmTuned,11,2228,126,,,,,0.4596353195605394,,,,,0,0,0,46,
frozen_model,h10_d05,NaiveBaseRate,12,2354,127,0.5,0.07086614173228346,0.066109275512065,0.016283237509832363,0.05458290422245108,0.0,,,,0,9,127,42,
frozen_model,h10_d05,NaiveBaseRate,12,2354,127,0.5,0.07086614173228346,0.066109275512065,0.016283237509832363,0.05458290422245108,0.0,,,,0,9,127,43,
frozen_model,h10_d05,NaiveBaseRate,12,2354,127,0.5,0.07086614173228346,0.066109275512065,0.016283237509832363,0.05458290422245108,0.0,,,,0,9,127,44,
frozen_model,h10_d05,NaiveBaseRate,12,2354,127,0.5,0.07086614173228346,0.066109275512065,0.016283237509832363,0.05458290422245108,0.0,,,,0,9,127,45,
frozen_model,h10_d05,NaiveBaseRate,12,2354,127,0.5,0.07086614173228346,0.066109275512065,0.016283237509832363,0.05458290422245108,0.0,,,,0,9,127,46,
frozen_model,h10_d05,VIXPercentileRaw,12,2354,127,0.6765536723163842,0.10902266339237283,0.743220805251463,0.823463107276369,0.9457775489186405,0.06299212598425197,0.0,0.7794357517742964,,8,9,127,42,
frozen_model,h10_d05,VIXPercentileRaw,12,2354,127,0.6765536723163842,0.10902266339237283,0.743220805251463,0.823463107276369,0.9457775489186405,0.06299212598425197,0.0,0.7794357517742964,,8,9,127,43,
frozen_model,h10_d05,VIXPercentileRaw,12,2354,127,0.6765536723163842,0.10902266339237283,0.743220805251463,0.823463107276369,0.9457775489186405,0.06299212598425197,0.0,0.7794357517742964,,8,9,127,44,
frozen_model,h10_d05,VIXPercentileRaw,12,2354,127,0.6765536723163842,0.10902266339237283,0.743220805251463,0.823463107276369,0.9457775489186405,0.06299212598425197,0.0,0.7794357517742964,,8,9,127,45,
frozen_model,h10_d05,VIXPercentileRaw,12,2354,127,0.6765536723163842,0.10902266339237283,0.743220805251463,0.823463107276369,0.9457775489186405,0.06299212598425197,0.0,0.7794357517742964,,8,9,127,46,
frozen_model,h10_d05,VIXPercentileCalibrated,12,2354,127,0.5513182674199624,0.08601809389210964,0.07791286615897283,0.09881896133900672,0.2753623188405797,0.0,,,,0,9,127,42,
frozen_model,h10_d05,VIXPercentileCalibrated,12,2354,127,0.5513182674199624,0.08601809389210964,0.07791286615897283,0.09881896133900672,0.2753623188405797,0.0,,,,0,9,127,43,
frozen_model,h10_d05,VIXPercentileCalibrated,12,2354,127,0.5513182674199624,0.08601809389210964,0.07791286615897283,0.09881896133900672,0.2753623188405797,0.0,,,,0,9,127,44,
frozen_model,h10_d05,VIXPercentileCalibrated,12,2354,127,0.5513182674199624,0.08601809389210964,0.07791286615897283,0.09881896133900672,0.2753623188405797,0.0,,,,0,9,127,45,
frozen_model,h10_d05,VIXPercentileCalibrated,12,2354,127,0.5513182674199624,0.08601809389210964,0.07791286615897283,0.09881896133900672,0.2753623188405797,0.0,,,,0,9,127,46,
frozen_model,h10_d05,HarRvThreshold,12,2354,127,0.4166666666666667,0.07691522327712677,0.08597025352659762,0.08839847938381562,0.20980533199627763,0.02857142857142857,0.0,2.234093363186338,,3,9,105,42,
frozen_model,h10_d05,HarRvThreshold,12,2354,127,0.4166666666666667,0.07691522327712677,0.08597025352659762,0.08839847938381562,0.20980533199627763,0.02857142857142857,0.0,2.234093363186338,,3,9,105,43,
frozen_model,h10_d05,HarRvThreshold,12,2354,127,0.4166666666666667,0.07691522327712677,0.08597025352659762,0.08839847938381562,0.20980533199627763,0.02857142857142857,0.0,2.234093363186338,,3,9,105,44,
frozen_model,h10_d05,HarRvThreshold,12,2354,127,0.4166666666666667,0.07691522327712677,0.08597025352659762,0.08839847938381562,0.20980533199627763,0.02857142857142857,0.0,2.234093363186338,,3,9,105,45,
frozen_model,h10_d05,HarRvThreshold,12,2354,127,0.4166666666666667,0.07691522327712677,0.08597025352659762,0.08839847938381562,0.20980533199627763,0.02857142857142857,0.0,2.234093363186338,,3,9,105,46,
frozen_model,h10_d05,LogisticRegressionL2,12,2354,127,,,,,0.8896164937468128,,,,,0,0,0,42,
frozen_model,h10_d05,LogisticRegressionL2,12,2354,127,,,,,0.8896164937468128,,,,,0,0,0,43,
frozen_model,h10_d05,LogisticRegressionL2,12,2354,127,,,,,0.8896164937468128,,,,,0,0,0,44,
frozen_model,h10_d05,LogisticRegressionL2,12,2354,127,,,,,0.8896164937468128,,,,,0,0,0,45,
frozen_model,h10_d05,LogisticRegressionL2,12,2354,127,,,,,0.8896164937468128,,,,,0,0,0,46,
frozen_model,h10_d05,LightGbmTuned,12,2354,127,,,,,0.4596353195605394,,,,,0,0,0,42,
frozen_model,h10_d05,LightGbmTuned,12,2354,127,,,,,0.4596353195605394,,,,,0,0,0,43,
frozen_model,h10_d05,LightGbmTuned,12,2354,127,,,,,0.4596353195605394,,,,,0,0,0,44,
frozen_model,h10_d05,LightGbmTuned,12,2354,127,,,,,0.4596353195605394,,,,,0,0,0,45,
frozen_model,h10_d05,LightGbmTuned,12,2354,127,,,,,0.4596353195605394,,,,,0,0,0,46,
frozen_model,h10_d05,NaiveBaseRate,13,2481,125,,,0.0029792934333572677,0.054582904222451094,0.05458290422245108,0.0,,,,0,0,125,42,0.0
frozen_model,h10_d05,NaiveBaseRate,13,2481,125,,,0.0029792934333572677,0.054582904222451094,0.05458290422245108,0.0,,,,0,0,125,43,0.0
frozen_model,h10_d05,NaiveBaseRate,13,2481,125,,,0.0029792934333572677,0.054582904222451094,0.05458290422245108,0.0,,,,0,0,125,44,0.0
frozen_model,h10_d05,NaiveBaseRate,13,2481,125,,,0.0029792934333572677,0.054582904222451094,0.05458290422245108,0.0,,,,0,0,125,45,0.0
frozen_model,h10_d05,NaiveBaseRate,13,2481,125,,,0.0029792934333572677,0.054582904222451094,0.05458290422245108,0.0,,,,0,0,125,46,0.0
frozen_model,h10_d05,VIXPercentileRaw,13,2481,125,,,0.5977974228952707,0.7625952626158601,0.9464469618949537,0.016,0.0,0.32232252527048877,,2,0,125,42,0.016
frozen_model,h10_d05,VIXPercentileRaw,13,2481,125,,,0.5977974228952707,0.7625952626158601,0.9464469618949537,0.016,0.0,0.32232252527048877,,2,0,125,43,0.016
frozen_model,h10_d05,VIXPercentileRaw,13,2481,125,,,0.5977974228952707,0.7625952626158601,0.9464469618949537,0.016,0.0,0.32232252527048877,,2,0,125,44,0.016
frozen_model,h10_d05,VIXPercentileRaw,13,2481,125,,,0.5977974228952707,0.7625952626158601,0.9464469618949537,0.016,0.0,0.32232252527048877,,2,0,125,45,0.016
frozen_model,h10_d05,VIXPercentileRaw,13,2481,125,,,0.5977974228952707,0.7625952626158601,0.9464469618949537,0.016,0.0,0.32232252527048877,,2,0,125,46,0.016
frozen_model,h10_d05,VIXPercentileCalibrated,13,2481,125,,,0.012089702171035832,0.08595469053292239,0.2753623188405797,0.0,,,,0,0,125,42,0.0
frozen_model,h10_d05,VIXPercentileCalibrated,13,2481,125,,,0.012089702171035832,0.08595469053292239,0.2753623188405797,0.0,,,,0,0,125,43,0.0
frozen_model,h10_d05,VIXPercentileCalibrated,13,2481,125,,,0.012089702171035832,0.08595469053292239,0.2753623188405797,0.0,,,,0,0,125,44,0.0
frozen_model,h10_d05,VIXPercentileCalibrated,13,2481,125,,,0.012089702171035832,0.08595469053292239,0.2753623188405797,0.0,,,,0,0,125,45,0.0
frozen_model,h10_d05,VIXPercentileCalibrated,13,2481,125,,,0.012089702171035832,0.08595469053292239,0.2753623188405797,0.0,,,,0,0,125,46,0.0
frozen_model,h10_d05,HarRvThreshold,13,2481,125,,,0.002130664863916914,0.03575628813789278,0.20628858190321672,0.0,,,,0,0,103,42,0.0
frozen_model,h10_d05,HarRvThreshold,13,2481,125,,,0.002130664863916914,0.03575628813789278,0.20628858190321672,0.0,,,,0,0,103,43,0.0
frozen_model,h10_d05,HarRvThreshold,13,2481,125,,,0.002130664863916914,0.03575628813789278,0.20628858190321672,0.0,,,,0,0,103,44,0.0
frozen_model,h10_d05,HarRvThreshold,13,2481,125,,,0.002130664863916914,0.03575628813789278,0.20628858190321672,0.0,,,,0,0,103,45,0.0
frozen_model,h10_d05,HarRvThreshold,13,2481,125,,,0.002130664863916914,0.03575628813789278,0.20628858190321672,0.0,,,,0,0,103,46,0.0
frozen_model,h10_d05,LogisticRegressionL2,13,2481,125,,,,,0.8896164937468128,,,,,0,0,0,42,
frozen_model,h10_d05,LogisticRegressionL2,13,2481,125,,,,,0.8896164937468128,,,,,0,0,0,43,
frozen_model,h10_d05,LogisticRegressionL2,13,2481,125,,,,,0.8896164937468128,,,,,0,0,0,44,
frozen_model,h10_d05,LogisticRegressionL2,13,2481,125,,,,,0.8896164937468128,,,,,0,0,0,45,
frozen_model,h10_d05,LogisticRegressionL2,13,2481,125,,,,,0.8896164937468128,,,,,0,0,0,46,
frozen_model,h10_d05,LightGbmTuned,13,2481,125,,,,,0.4596353195605394,,,,,0,0,0,42,
frozen_model,h10_d05,LightGbmTuned,13,2481,125,,,,,0.4596353195605394,,,,,0,0,0,43,
frozen_model,h10_d05,LightGbmTuned,13,2481,125,,,,,0.4596353195605394,,,,,0,0,0,44,
frozen_model,h10_d05,LightGbmTuned,13,2481,125,,,,,0.4596353195605394,,,,,0,0,0,45,
frozen_model,h10_d05,LightGbmTuned,13,2481,125,,,,,0.4596353195605394,,,,,0,0,0,46,
frozen_model,h10_d05,NaiveBaseRate,14,2606,127,,,0.002979293433357268,0.0545829042224511,0.05458290422245108,0.0,,,,0,0,127,42,0.0
frozen_model,h10_d05,NaiveBaseRate,14,2606,127,,,0.002979293433357268,0.0545829042224511,0.05458290422245108,0.0,,,,0,0,127,43,0.0
frozen_model,h10_d05,NaiveBaseRate,14,2606,127,,,0.002979293433357268,0.0545829042224511,0.05458290422245108,0.0,,,,0,0,127,44,0.0
frozen_model,h10_d05,NaiveBaseRate,14,2606,127,,,0.002979293433357268,0.0545829042224511,0.05458290422245108,0.0,,,,0,0,127,45,0.0
frozen_model,h10_d05,NaiveBaseRate,14,2606,127,,,0.002979293433357268,0.0545829042224511,0.05458290422245108,0.0,,,,0,0,127,46,0.0
frozen_model,h10_d05,VIXPercentileRaw,14,2606,127,,,0.4917227674939589,0.6877478368756944,0.9443872296601442,0.0,,,,0,0,127,42,0.0
frozen_model,h10_d05,VIXPercentileRaw,14,2606,127,,,0.4917227674939589,0.6877478368756944,0.9443872296601442,0.0,,,,0,0,127,43,0.0
frozen_model,h10_d05,VIXPercentileRaw,14,2606,127,,,0.4917227674939589,0.6877478368756944,0.9443872296601442,0.0,,,,0,0,127,44,0.0
frozen_model,h10_d05,VIXPercentileRaw,14,2606,127,,,0.4917227674939589,0.6877478368756944,0.9443872296601442,0.0,,,,0,0,127,45,0.0
frozen_model,h10_d05,VIXPercentileRaw,14,2606,127,,,0.4917227674939589,0.6877478368756944,0.9443872296601442,0.0,,,,0,0,127,46,0.0
frozen_model,h10_d05,VIXPercentileCalibrated,14,2606,127,,,0.005649263084959661,0.058114459103384725,0.2753623188405797,0.0,,,,0,0,127,42,0.0
frozen_model,h10_d05,VIXPercentileCalibrated,14,2606,127,,,0.005649263084959661,0.058114459103384725,0.2753623188405797,0.0,,,,0,0,127,43,0.0
frozen_model,h10_d05,VIXPercentileCalibrated,14,2606,127,,,0.005649263084959661,0.058114459103384725,0.2753623188405797,0.0,,,,0,0,127,44,0.0
frozen_model,h10_d05,VIXPercentileCalibrated,14,2606,127,,,0.005649263084959661,0.058114459103384725,0.2753623188405797,0.0,,,,0,0,127,45,0.0
frozen_model,h10_d05,VIXPercentileCalibrated,14,2606,127,,,0.005649263084959661,0.058114459103384725,0.2753623188405797,0.0,,,,0,0,127,46,0.0
frozen_model,h10_d05,HarRvThreshold,14,2606,127,,,0.001826321541939256,0.03210188292472097,0.19825268749726374,0.0,,,,0,0,105,42,0.0
frozen_model,h10_d05,HarRvThreshold,14,2606,127,,,0.001826321541939256,0.03210188292472097,0.19825268749726374,0.0,,,,0,0,105,43,0.0
frozen_model,h10_d05,HarRvThreshold,14,2606,127,,,0.001826321541939256,0.03210188292472097,0.19825268749726374,0.0,,,,0,0,105,44,0.0
frozen_model,h10_d05,HarRvThreshold,14,2606,127,,,0.001826321541939256,0.03210188292472097,0.19825268749726374,0.0,,,,0,0,105,45,0.0
frozen_model,h10_d05,HarRvThreshold,14,2606,127,,,0.001826321541939256,0.03210188292472097,0.19825268749726374,0.0,,,,0,0,105,46,0.0
frozen_model,h10_d05,LogisticRegressionL2,14,2606,127,,,,,0.8896164937468128,,,,,0,0,0,42,
frozen_model,h10_d05,LogisticRegressionL2,14,2606,127,,,,,0.8896164937468128,,,,,0,0,0,43,
frozen_model,h10_d05,LogisticRegressionL2,14,2606,127,,,,,0.8896164937468128,,,,,0,0,0,44,
frozen_model,h10_d05,LogisticRegressionL2,14,2606,127,,,,,0.8896164937468128,,,,,0,0,0,45,
frozen_model,h10_d05,LogisticRegressionL2,14,2606,127,,,,,0.8896164937468128,,,,,0,0,0,46,
frozen_model,h10_d05,LightGbmTuned,14,2606,127,,,,,0.4596353195605394,,,,,0,0,0,42,
frozen_model,h10_d05,LightGbmTuned,14,2606,127,,,,,0.4596353195605394,,,,,0,0,0,43,
frozen_model,h10_d05,LightGbmTuned,14,2606,127,,,,,0.4596353195605394,,,,,0,0,0,44,
frozen_model,h10_d05,LightGbmTuned,14,2606,127,,,,,0.4596353195605394,,,,,0,0,0,45,
frozen_model,h10_d05,LightGbmTuned,14,2606,127,,,,,0.4596353195605394,,,,,0,0,0,46,
frozen_model,h10_d05,NaiveBaseRate,15,2733,125,0.5,0.336,0.30229958179587013,0.2814170957775489,0.05458290422245108,0.0,,,,0,42,125,42,
frozen_model,h10_d05,NaiveBaseRate,15,2733,125,0.5,0.336,0.30229958179587013,0.2814170957775489,0.05458290422245108,0.0,,,,0,42,125,43,
frozen_model,h10_d05,NaiveBaseRate,15,2733,125,0.5,0.336,0.30229958179587013,0.2814170957775489,0.05458290422245108,0.0,,,,0,42,125,44,
frozen_model,h10_d05,NaiveBaseRate,15,2733,125,0.5,0.336,0.30229958179587013,0.2814170957775489,0.05458290422245108,0.0,,,,0,42,125,45,
frozen_model,h10_d05,NaiveBaseRate,15,2733,125,0.5,0.336,0.30229958179587013,0.2814170957775489,0.05458290422245108,0.0,,,,0,42,125,46,
frozen_model,h10_d05,VIXPercentileRaw,15,2733,125,0.2676419965576592,0.23658094275115582,0.546953829967089,0.5495200823892893,0.9396498455200825,0.12,0.06666666666666667,0.6161977373035323,0.7490932087850722,15,42,125,42,
frozen_model,h10_d05,VIXPercentileRaw,15,2733,125,0.2676419965576592,0.23658094275115582,0.546953829967089,0.5495200823892893,0.9396498455200825,0.12,0.06666666666666667,0.6161977373035323,0.7490932087850722,15,42,125,43,
frozen_model,h10_d05,VIXPercentileRaw,15,2733,125,0.2676419965576592,0.23658094275115582,0.546953829967089,0.5495200823892893,0.9396498455200825,0.12,0.06666666666666667,0.6161977373035323,0.7490932087850722,15,42,125,44,
frozen_model,h10_d05,VIXPercentileRaw,15,2733,125,0.2676419965576592,0.23658094275115582,0.546953829967089,0.5495200823892893,0.9396498455200825,0.12,0.06666666666666667,0.6161977373035323,0.7490932087850722,15,42,125,45,
frozen_model,h10_d05,VIXPercentileRaw,15,2733,125,0.2676419965576592,0.23658094275115582,0.546953829967089,0.5495200823892893,0.9396498455200825,0.12,0.06666666666666667,0.6161977373035323,0.7490932087850722,15,42,125,46,
frozen_model,h10_d05,VIXPercentileCalibrated,15,2733,125,0.32401032702237526,0.2725199454565123,0.27660795550920775,0.15951751843376558,0.2753623188405797,0.0,,,,0,42,125,42,
frozen_model,h10_d05,VIXPercentileCalibrated,15,2733,125,0.32401032702237526,0.2725199454565123,0.27660795550920775,0.15951751843376558,0.2753623188405797,0.0,,,,0,42,125,43,
frozen_model,h10_d05,VIXPercentileCalibrated,15,2733,125,0.32401032702237526,0.2725199454565123,0.27660795550920775,0.15951751843376558,0.2753623188405797,0.0,,,,0,42,125,44,
frozen_model,h10_d05,VIXPercentileCalibrated,15,2733,125,0.32401032702237526,0.2725199454565123,0.27660795550920775,0.15951751843376558,0.2753623188405797,0.0,,,,0,42,125,45,
frozen_model,h10_d05,VIXPercentileCalibrated,15,2733,125,0.32401032702237526,0.2725199454565123,0.27660795550920775,0.15951751843376558,0.2753623188405797,0.0,,,,0,42,125,46,
frozen_model,h10_d05,HarRvThreshold,15,2733,125,0.37835497835497833,0.2788865526866922,0.2653661729810347,0.19637902858906842,0.19503301443101678,0.21359223300970873,0.22727272727272727,0.6287185529882879,0.9172531493833173,22,33,103,42,
frozen_model,h10_d05,HarRvThreshold,15,2733,125,0.37835497835497833,0.2788865526866922,0.2653661729810347,0.19637902858906842,0.19503301443101678,0.21359223300970873,0.22727272727272727,0.6287185529882879,0.9172531493833173,22,33,103,43,
frozen_model,h10_d05,HarRvThreshold,15,2733,125,0.37835497835497833,0.2788865526866922,0.2653661729810347,0.19637902858906842,0.19503301443101678,0.21359223300970873,0.22727272727272727,0.6287185529882879,0.9172531493833173,22,33,103,44,
frozen_model,h10_d05,HarRvThreshold,15,2733,125,0.37835497835497833,0.2788865526866922,0.2653661729810347,0.19637902858906842,0.19503301443101678,0.21359223300970873,0.22727272727272727,0.6287185529882879,0.9172531493833173,22,33,103,45,
frozen_model,h10_d05,HarRvThreshold,15,2733,125,0.37835497835497833,0.2788865526866922,0.2653661729810347,0.19637902858906842,0.19503301443101678,0.21359223300970873,0.22727272727272727,0.6287185529882879,0.9172531493833173,22,33,103,46,
frozen_model,h10_d05,LogisticRegressionL2,15,2733,125,0.59375,0.4370371785077667,0.38461071765124005,0.3825003096518944,0.8896164937468128,0.0,,,,0,10,26,42,
frozen_model,h10_d05,LogisticRegressionL2,15,2733,125,0.59375,0.4370371785077667,0.38461071765124005,0.3825003096518944,0.8896164937468128,0.0,,,,0,10,26,43,
frozen_model,h10_d05,LogisticRegressionL2,15,2733,125,0.59375,0.4370371785077667,0.38461071765124005,0.3825003096518944,0.8896164937468128,0.0,,,,0,10,26,44,
frozen_model,h10_d05,LogisticRegressionL2,15,2733,125,0.59375,0.4370371785077667,0.38461071765124005,0.3825003096518944,0.8896164937468128,0.0,,,,0,10,26,45,
frozen_model,h10_d05,LogisticRegressionL2,15,2733,125,0.59375,0.4370371785077667,0.38461071765124005,0.3825003096518944,0.8896164937468128,0.0,,,,0,10,26,46,
frozen_model,h10_d05,LightGbmTuned,15,2733,125,0.40625,0.35376635441852833,0.33933691125834453,0.33626157828541575,0.4596353195605394,0.0,,,,0,10,26,42,
frozen_model,h10_d05,LightGbmTuned,15,2733,125,0.40625,0.35376635441852833,0.33933691125834453,0.33626157828541575,0.4596353195605394,0.0,,,,0,10,26,43,
frozen_model,h10_d05,LightGbmTuned,15,2733,125,0.40625,0.35376635441852833,0.33933691125834453,0.33626157828541575,0.4596353195605394,0.0,,,,0,10,26,44,
frozen_model,h10_d05,LightGbmTuned,15,2733,125,0.40625,0.35376635441852833,0.33933691125834453,0.33626157828541575,0.4596353195605394,0.0,,,,0,10,26,45,
frozen_model,h10_d05,LightGbmTuned,15,2733,125,0.40625,0.35376635441852833,0.33933691125834453,0.33626157828541575,0.4596353195605394,0.0,,,,0,10,26,46,
frozen_model,h10_d05,NaiveBaseRate,16,2858,127,0.5,0.1968503937007874,0.1783403547631009,0.1422674894783363,0.05458290422245108,0.0,,,,0,25,127,42,
frozen_model,h10_d05,NaiveBaseRate,16,2858,127,0.5,0.1968503937007874,0.1783403547631009,0.1422674894783363,0.05458290422245108,0.0,,,,0,25,127,43,
frozen_model,h10_d05,NaiveBaseRate,16,2858,127,0.5,0.1968503937007874,0.1783403547631009,0.1422674894783363,0.05458290422245108,0.0,,,,0,25,127,44,
frozen_model,h10_d05,NaiveBaseRate,16,2858,127,0.5,0.1968503937007874,0.1783403547631009,0.1422674894783363,0.05458290422245108,0.0,,,,0,25,127,45,
frozen_model,h10_d05,NaiveBaseRate,16,2858,127,0.5,0.1968503937007874,0.1783403547631009,0.1422674894783363,0.05458290422245108,0.0,,,,0,25,127,46,
frozen_model,h10_d05,VIXPercentileRaw,16,2858,127,0.3833333333333333,0.16289441336252355,0.6379631131098024,0.6860530178320912,0.944541709577755,0.03937007874015748,0.0,0.38557880429437874,,5,25,127,42,
frozen_model,h10_d05,VIXPercentileRaw,16,2858,127,0.3833333333333333,0.16289441336252355,0.6379631131098024,0.6860530178320912,0.944541709577755,0.03937007874015748,0.0,0.38557880429437874,,5,25,127,43,
frozen_model,h10_d05,VIXPercentileRaw,16,2858,127,0.3833333333333333,0.16289441336252355,0.6379631131098024,0.6860530178320912,0.944541709577755,0.03937007874015748,0.0,0.38557880429437874,,5,25,127,44,
frozen_model,h10_d05,VIXPercentileRaw,16,2858,127,0.3833333333333333,0.16289441336252355,0.6379631131098024,0.6860530178320912,0.944541709577755,0.03937007874015748,0.0,0.38557880429437874,,5,25,127,45,
frozen_model,h10_d05,VIXPercentileRaw,16,2858,127,0.3833333333333333,0.16289441336252355,0.6379631131098024,0.6860530178320912,0.944541709577755,0.03937007874015748,0.0,0.38557880429437874,,5,25,127,46,
frozen_model,h10_d05,VIXPercentileCalibrated,16,2858,127,0.3831372549019608,0.17898818897637797,0.17454048792118984,0.10549662283477304,0.2753623188405797,0.0,,,,0,25,127,42,
frozen_model,h10_d05,VIXPercentileCalibrated,16,2858,127,0.3831372549019608,0.17898818897637797,0.17454048792118984,0.10549662283477304,0.2753623188405797,0.0,,,,0,25,127,43,
frozen_model,h10_d05,VIXPercentileCalibrated,16,2858,127,0.3831372549019608,0.17898818897637797,0.17454048792118984,0.10549662283477304,0.2753623188405797,0.0,,,,0,25,127,44,
frozen_model,h10_d05,VIXPercentileCalibrated,16,2858,127,0.3831372549019608,0.17898818897637797,0.17454048792118984,0.10549662283477304,0.2753623188405797,0.0,,,,0,25,127,45,
frozen_model,h10_d05,VIXPercentileCalibrated,16,2858,127,0.3831372549019608,0.17898818897637797,0.17454048792118984,0.10549662283477304,0.2753623188405797,0.0,,,,0,25,127,46,
frozen_model,h10_d05,HarRvThreshold,16,2858,127,0.43100000000000005,0.25657264008754793,0.20332348560516528,0.22391444739719585,0.20629287172527117,0.13333333333333333,0.5,1.3420308526936553,1.0216296659946045,14,25,105,42,
frozen_model,h10_d05,HarRvThreshold,16,2858,127,0.43100000000000005,0.25657264008754793,0.20332348560516528,0.22391444739719585,0.20629287172527117,0.13333333333333333,0.5,1.3420308526936553,1.0216296659946045,14,25,105,43,
frozen_model,h10_d05,HarRvThreshold,16,2858,127,0.43100000000000005,0.25657264008754793,0.20332348560516528,0.22391444739719585,0.20629287172527117,0.13333333333333333,0.5,1.3420308526936553,1.0216296659946045,14,25,105,44,
frozen_model,h10_d05,HarRvThreshold,16,2858,127,0.43100000000000005,0.25657264008754793,0.20332348560516528,0.22391444739719585,0.20629287172527117,0.13333333333333333,0.5,1.3420308526936553,1.0216296659946045,14,25,105,45,
frozen_model,h10_d05,HarRvThreshold,16,2858,127,0.43100000000000005,0.25657264008754793,0.20332348560516528,0.22391444739719585,0.20629287172527117,0.13333333333333333,0.5,1.3420308526936553,1.0216296659946045,14,25,105,46,
frozen_model,h10_d05,LogisticRegressionL2,16,2858,127,0.5035294117647059,0.19225071782544068,0.2146186225348032,0.2196841714150719,0.8799404378877893,0.0,,,,0,25,127,42,
frozen_model,h10_d05,LogisticRegressionL2,16,2858,127,0.5035294117647059,0.19225071782544068,0.2146186225348032,0.2196841714150719,0.8799404378877893,0.0,,,,0,25,127,43,
frozen_model,h10_d05,LogisticRegressionL2,16,2858,127,0.5035294117647059,0.19225071782544068,0.2146186225348032,0.2196841714150719,0.8799404378877893,0.0,,,,0,25,127,44,
frozen_model,h10_d05,LogisticRegressionL2,16,2858,127,0.5035294117647059,0.19225071782544068,0.2146186225348032,0.2196841714150719,0.8799404378877893,0.0,,,,0,25,127,45,
frozen_model,h10_d05,LogisticRegressionL2,16,2858,127,0.5035294117647059,0.19225071782544068,0.2146186225348032,0.2196841714150719,0.8799404378877893,0.0,,,,0,25,127,46,
frozen_model,h10_d05,LightGbmTuned,16,2858,127,0.46862745098039216,0.17664630595006076,0.17923843228188518,0.13956539913297458,0.4521762015099105,0.0,,,,0,25,127,42,
frozen_model,h10_d05,LightGbmTuned,16,2858,127,0.46862745098039216,0.17664630595006076,0.17923843228188518,0.13956539913297458,0.4521762015099105,0.0,,,,0,25,127,43,
frozen_model,h10_d05,LightGbmTuned,16,2858,127,0.46862745098039216,0.17664630595006076,0.17923843228188518,0.13956539913297458,0.4521762015099105,0.0,,,,0,25,127,44,
frozen_model,h10_d05,LightGbmTuned,16,2858,127,0.46862745098039216,0.17664630595006076,0.17923843228188518,0.13956539913297458,0.4521762015099105,0.0,,,,0,25,127,45,
frozen_model,h10_d05,LightGbmTuned,16,2858,127,0.46862745098039216,0.17664630595006076,0.17923843228188518,0.13956539913297458,0.4521762015099105,0.0,,,,0,25,127,46,
frozen_model,h10_d05,NaiveBaseRate,17,2985,124,,,0.0029792934333572672,0.05458290422245109,0.05458290422245108,0.0,,,,0,0,124,42,0.0
frozen_model,h10_d05,NaiveBaseRate,17,2985,124,,,0.0029792934333572672,0.05458290422245109,0.05458290422245108,0.0,,,,0,0,124,43,0.0
frozen_model,h10_d05,NaiveBaseRate,17,2985,124,,,0.0029792934333572672,0.05458290422245109,0.05458290422245108,0.0,,,,0,0,124,44,0.0
frozen_model,h10_d05,NaiveBaseRate,17,2985,124,,,0.0029792934333572672,0.05458290422245109,0.05458290422245108,0.0,,,,0,0,124,45,0.0
frozen_model,h10_d05,NaiveBaseRate,17,2985,124,,,0.0029792934333572672,0.05458290422245109,0.05458290422245108,0.0,,,,0,0,124,46,0.0
frozen_model,h10_d05,VIXPercentileRaw,17,2985,124,,,0.4936413011997952,0.6750440184711471,0.9443872296601442,0.0,,,,0,0,124,42,0.0
frozen_model,h10_d05,VIXPercentileRaw,17,2985,124,,,0.4936413011997952,0.6750440184711471,0.9443872296601442,0.0,,,,0,0,124,43,0.0
frozen_model,h10_d05,VIXPercentileRaw,17,2985,124,,,0.4936413011997952,0.6750440184711471,0.9443872296601442,0.0,,,,0,0,124,44,0.0
frozen_model,h10_d05,VIXPercentileRaw,17,2985,124,,,0.4936413011997952,0.6750440184711471,0.9443872296601442,0.0,,,,0,0,124,45,0.0
frozen_model,h10_d05,VIXPercentileRaw,17,2985,124,,,0.4936413011997952,0.6750440184711471,0.9443872296601442,0.0,,,,0,0,124,46,0.0
frozen_model,h10_d05,VIXPercentileCalibrated,17,2985,124,,,0.004653418394848169,0.054821525016920405,0.2753623188405797,0.0,,,,0,0,124,42,0.0
frozen_model,h10_d05,VIXPercentileCalibrated,17,2985,124,,,0.004653418394848169,0.054821525016920405,0.2753623188405797,0.0,,,,0,0,124,43,0.0
frozen_model,h10_d05,VIXPercentileCalibrated,17,2985,124,,,0.004653418394848169,0.054821525016920405,0.2753623188405797,0.0,,,,0,0,124,44,0.0
frozen_model,h10_d05,VIXPercentileCalibrated,17,2985,124,,,0.004653418394848169,0.054821525016920405,0.2753623188405797,0.0,,,,0,0,124,45,0.0
frozen_model,h10_d05,VIXPercentileCalibrated,17,2985,124,,,0.004653418394848169,0.054821525016920405,0.2753623188405797,0.0,,,,0,0,124,46,0.0
frozen_model,h10_d05,HarRvThreshold,17,2985,124,,,0.002067796160530425,0.04044690825184236,0.21028638362012703,0.0,,,,0,0,102,42,0.0
frozen_model,h10_d05,HarRvThreshold,17,2985,124,,,0.002067796160530425,0.04044690825184236,0.21028638362012703,0.0,,,,0,0,102,43,0.0
frozen_model,h10_d05,HarRvThreshold,17,2985,124,,,0.002067796160530425,0.04044690825184236,0.21028638362012703,0.0,,,,0,0,102,44,0.0
frozen_model,h10_d05,HarRvThreshold,17,2985,124,,,0.002067796160530425,0.04044690825184236,0.21028638362012703,0.0,,,,0,0,102,45,0.0
frozen_model,h10_d05,HarRvThreshold,17,2985,124,,,0.002067796160530425,0.04044690825184236,0.21028638362012703,0.0,,,,0,0,102,46,0.0
frozen_model,h10_d05,LogisticRegressionL2,17,2985,124,,,0.11194839557309179,0.15812920963546867,0.8724051702503108,0.04838709677419355,0.0,0.8787422859019407,,6,0,124,42,0.04838709677419355
frozen_model,h10_d05,LogisticRegressionL2,17,2985,124,,,0.11194839557309179,0.15812920963546867,0.8724051702503108,0.04838709677419355,0.0,0.8787422859019407,,6,0,124,43,0.04838709677419355
frozen_model,h10_d05,LogisticRegressionL2,17,2985,124,,,0.11194839557309179,0.15812920963546867,0.8724051702503108,0.04838709677419355,0.0,0.8787422859019407,,6,0,124,44,0.04838709677419355
frozen_model,h10_d05,LogisticRegressionL2,17,2985,124,,,0.11194839557309179,0.15812920963546867,0.8724051702503108,0.04838709677419355,0.0,0.8787422859019407,,6,0,124,45,0.04838709677419355
frozen_model,h10_d05,LogisticRegressionL2,17,2985,124,,,0.11194839557309179,0.15812920963546867,0.8724051702503108,0.04838709677419355,0.0,0.8787422859019407,,6,0,124,46,0.04838709677419355
frozen_model,h10_d05,LightGbmTuned,17,2985,124,,,0.060646382258813636,0.17740908986968074,0.430683785393671,0.12096774193548387,0.0,0.3623431233352709,,15,0,124,42,0.12096774193548387
frozen_model,h10_d05,LightGbmTuned,17,2985,124,,,0.060646382258813636,0.17740908986968074,0.430683785393671,0.12096774193548387,0.0,0.3623431233352709,,15,0,124,43,0.12096774193548387
frozen_model,h10_d05,LightGbmTuned,17,2985,124,,,0.060646382258813636,0.17740908986968074,0.430683785393671,0.12096774193548387,0.0,0.3623431233352709,,15,0,124,44,0.12096774193548387
frozen_model,h10_d05,LightGbmTuned,17,2985,124,,,0.060646382258813636,0.17740908986968074,0.430683785393671,0.12096774193548387,0.0,0.3623431233352709,,15,0,124,45,0.12096774193548387
frozen_model,h10_d05,LightGbmTuned,17,2985,124,,,0.060646382258813636,0.17740908986968074,0.430683785393671,0.12096774193548387,0.0,0.3623431233352709,,15,0,124,46,0.12096774193548387
frozen_model,h10_d05,NaiveBaseRate,18,3109,126,0.5,0.023809523809523808,0.02418963132752627,0.030773380412927286,0.05458290422245108,0.0,,,,0,3,126,42,
frozen_model,h10_d05,NaiveBaseRate,18,3109,126,0.5,0.023809523809523808,0.02418963132752627,0.030773380412927286,0.05458290422245108,0.0,,,,0,3,126,43,
frozen_model,h10_d05,NaiveBaseRate,18,3109,126,0.5,0.023809523809523808,0.02418963132752627,0.030773380412927286,0.05458290422245108,0.0,,,,0,3,126,44,
frozen_model,h10_d05,NaiveBaseRate,18,3109,126,0.5,0.023809523809523808,0.02418963132752627,0.030773380412927286,0.05458290422245108,0.0,,,,0,3,126,45,
frozen_model,h10_d05,NaiveBaseRate,18,3109,126,0.5,0.023809523809523808,0.02418963132752627,0.030773380412927286,0.05458290422245108,0.0,,,,0,3,126,46,
frozen_model,h10_d05,VIXPercentileRaw,18,3109,126,0.5975609756097561,0.053168553168553165,0.21312383412355726,0.3785657070929985,0.9402677651905252,0.0,,,,0,3,126,42,
frozen_model,h10_d05,VIXPercentileRaw,18,3109,126,0.5975609756097561,0.053168553168553165,0.21312383412355726,0.3785657070929985,0.9402677651905252,0.0,,,,0,3,126,43,
frozen_model,h10_d05,VIXPercentileRaw,18,3109,126,0.5975609756097561,0.053168553168553165,0.21312383412355726,0.3785657070929985,0.9402677651905252,0.0,,,,0,3,126,44,
frozen_model,h10_d05,VIXPercentileRaw,18,3109,126,0.5975609756097561,0.053168553168553165,0.21312383412355726,0.3785657070929985,0.9402677651905252,0.0,,,,0,3,126,45,
frozen_model,h10_d05,VIXPercentileRaw,18,3109,126,0.5975609756097561,0.053168553168553165,0.21312383412355726,0.3785657070929985,0.9402677651905252,0.0,,,,0,3,126,46,
frozen_model,h10_d05,VIXPercentileCalibrated,18,3109,126,0.6422764227642276,0.041934496479951025,0.023141452306665027,5.1230728824677024e-05,0.2753623188405797,0.0,,,,0,3,126,42,
frozen_model,h10_d05,VIXPercentileCalibrated,18,3109,126,0.6422764227642276,0.041934496479951025,0.023141452306665027,5.1230728824677024e-05,0.2753623188405797,0.0,,,,0,3,126,43,
frozen_model,h10_d05,VIXPercentileCalibrated,18,3109,126,0.6422764227642276,0.041934496479951025,0.023141452306665027,5.1230728824677024e-05,0.2753623188405797,0.0,,,,0,3,126,44,
frozen_model,h10_d05,VIXPercentileCalibrated,18,3109,126,0.6422764227642276,0.041934496479951025,0.023141452306665027,5.1230728824677024e-05,0.2753623188405797,0.0,,,,0,3,126,45,
frozen_model,h10_d05,VIXPercentileCalibrated,18,3109,126,0.6422764227642276,0.041934496479951025,0.023141452306665027,5.1230728824677024e-05,0.2753623188405797,0.0,,,,0,3,126,46,
frozen_model,h10_d05,HarRvThreshold,18,3109,126,0.34983498349834985,0.028538060992422048,0.02871551375056441,0.0002717211320090625,0.2067496738188635,0.0,,,,0,3,104,42,
frozen_model,h10_d05,HarRvThreshold,18,3109,126,0.34983498349834985,0.028538060992422048,0.02871551375056441,0.0002717211320090625,0.2067496738188635,0.0,,,,0,3,104,43,
frozen_model,h10_d05,HarRvThreshold,18,3109,126,0.34983498349834985,0.028538060992422048,0.02871551375056441,0.0002717211320090625,0.2067496738188635,0.0,,,,0,3,104,44,
frozen_model,h10_d05,HarRvThreshold,18,3109,126,0.34983498349834985,0.028538060992422048,0.02871551375056441,0.0002717211320090625,0.2067496738188635,0.0,,,,0,3,104,45,
frozen_model,h10_d05,HarRvThreshold,18,3109,126,0.34983498349834985,0.028538060992422048,0.02871551375056441,0.0002717211320090625,0.2067496738188635,0.0,,,,0,3,104,46,
frozen_model,h10_d05,LogisticRegressionL2,18,3109,126,0.7994579945799458,0.13034188034188032,0.05971311702848816,0.09994997487277098,0.8722116161366882,0.015873015873015872,0.0,1.4889915652116088,,2,3,126,42,
frozen_model,h10_d05,LogisticRegressionL2,18,3109,126,0.7994579945799458,0.13034188034188032,0.05971311702848816,0.09994997487277098,0.8722116161366882,0.015873015873015872,0.0,1.4889915652116088,,2,3,126,43,
frozen_model,h10_d05,LogisticRegressionL2,18,3109,126,0.7994579945799458,0.13034188034188032,0.05971311702848816,0.09994997487277098,0.8722116161366882,0.015873015873015872,0.0,1.4889915652116088,,2,3,126,44,
frozen_model,h10_d05,LogisticRegressionL2,18,3109,126,0.7994579945799458,0.13034188034188032,0.05971311702848816,0.09994997487277098,0.8722116161366882,0.015873015873015872,0.0,1.4889915652116088,,2,3,126,45,
frozen_model,h10_d05,LogisticRegressionL2,18,3109,126,0.7994579945799458,0.13034188034188032,0.05971311702848816,0.09994997487277098,0.8722116161366882,0.015873015873015872,0.0,1.4889915652116088,,2,3,126,46,
frozen_model,h10_d05,LightGbmTuned,18,3109,126,0.7425474254742547,0.09457209457209458,0.06943409503820017,0.16723054558879352,0.454618050318151,0.07936507936507936,0.0,2.1531018916189817,,10,3,126,42,
frozen_model,h10_d05,LightGbmTuned,18,3109,126,0.7425474254742547,0.09457209457209458,0.06943409503820017,0.16723054558879352,0.454618050318151,0.07936507936507936,0.0,2.1531018916189817,,10,3,126,43,
frozen_model,h10_d05,LightGbmTuned,18,3109,126,0.7425474254742547,0.09457209457209458,0.06943409503820017,0.16723054558879352,0.454618050318151,0.07936507936507936,0.0,2.1531018916189817,,10,3,126,44,
frozen_model,h10_d05,LightGbmTuned,18,3109,126,0.7425474254742547,0.09457209457209458,0.06943409503820017,0.16723054558879352,0.454618050318151,0.07936507936507936,0.0,2.1531018916189817,,10,3,126,45,
frozen_model,h10_d05,LightGbmTuned,18,3109,126,0.7425474254742547,0.09457209457209458,0.06943409503820017,0.16723054558879352,0.454618050318151,0.07936507936507936,0.0,2.1531018916189817,,10,3,126,46,
frozen_model,h10_d05,NaiveBaseRate,19,3235,124,,,0.0029792934333572672,0.05458290422245109,0.05458290422245108,0.0,,,,0,0,124,42,0.0
frozen_model,h10_d05,NaiveBaseRate,19,3235,124,,,0.0029792934333572672,0.05458290422245109,0.05458290422245108,0.0,,,,0,0,124,43,0.0
frozen_model,h10_d05,NaiveBaseRate,19,3235,124,,,0.0029792934333572672,0.05458290422245109,0.05458290422245108,0.0,,,,0,0,124,44,0.0
frozen_model,h10_d05,NaiveBaseRate,19,3235,124,,,0.0029792934333572672,0.05458290422245109,0.05458290422245108,0.0,,,,0,0,124,45,0.0
frozen_model,h10_d05,NaiveBaseRate,19,3235,124,,,0.0029792934333572672,0.05458290422245109,0.05458290422245108,0.0,,,,0,0,124,46,0.0
frozen_model,h10_d05,VIXPercentileRaw,19,3235,124,,,0.0995490516633821,0.2696006777183482,0.9382080329557158,0.0,,,,0,0,124,42,0.0
frozen_model,h10_d05,VIXPercentileRaw,19,3235,124,,,0.0995490516633821,0.2696006777183482,0.9382080329557158,0.0,,,,0,0,124,43,0.0
frozen_model,h10_d05,VIXPercentileRaw,19,3235,124,,,0.0995490516633821,0.2696006777183482,0.9382080329557158,0.0,,,,0,0,124,44,0.0
frozen_model,h10_d05,VIXPercentileRaw,19,3235,124,,,0.0995490516633821,0.2696006777183482,0.9382080329557158,0.0,,,,0,0,124,45,0.0
frozen_model,h10_d05,VIXPercentileRaw,19,3235,124,,,0.0995490516633821,0.2696006777183482,0.9382080329557158,0.0,,,,0,0,124,46,0.0
frozen_model,h10_d05,VIXPercentileCalibrated,19,3235,124,,,0.00032375215020681244,0.014368925059020342,0.2753623188405797,0.0,,,,0,0,124,42,0.0
frozen_model,h10_d05,VIXPercentileCalibrated,19,3235,124,,,0.00032375215020681244,0.014368925059020342,0.2753623188405797,0.0,,,,0,0,124,43,0.0
frozen_model,h10_d05,VIXPercentileCalibrated,19,3235,124,,,0.00032375215020681244,0.014368925059020342,0.2753623188405797,0.0,,,,0,0,124,44,0.0
frozen_model,h10_d05,VIXPercentileCalibrated,19,3235,124,,,0.00032375215020681244,0.014368925059020342,0.2753623188405797,0.0,,,,0,0,124,45,0.0
frozen_model,h10_d05,VIXPercentileCalibrated,19,3235,124,,,0.00032375215020681244,0.014368925059020342,0.2753623188405797,0.0,,,,0,0,124,46,0.0
frozen_model,h10_d05,HarRvThreshold,19,3235,124,,,0.000697280164362441,0.022898326107538253,0.20386782777507856,0.0,,,,0,0,102,42,0.0
frozen_model,h10_d05,HarRvThreshold,19,3235,124,,,0.000697280164362441,0.022898326107538253,0.20386782777507856,0.0,,,,0,0,102,43,0.0
frozen_model,h10_d05,HarRvThreshold,19,3235,124,,,0.000697280164362441,0.022898326107538253,0.20386782777507856,0.0,,,,0,0,102,44,0.0
frozen_model,h10_d05,HarRvThreshold,19,3235,124,,,0.000697280164362441,0.022898326107538253,0.20386782777507856,0.0,,,,0,0,102,45,0.0
frozen_model,h10_d05,HarRvThreshold,19,3235,124,,,0.000697280164362441,0.022898326107538253,0.20386782777507856,0.0,,,,0,0,102,46,0.0
frozen_model,h10_d05,LogisticRegressionL2,19,3235,124,,,0.03442425311017534,0.08842077669989953,0.8664754194091348,0.008064516129032258,0.0,0.8522006187113548,,1,0,124,42,0.008064516129032258
frozen_model,h10_d05,LogisticRegressionL2,19,3235,124,,,0.03442425311017534,0.08842077669989953,0.8664754194091348,0.008064516129032258,0.0,0.8522006187113548,,1,0,124,43,0.008064516129032258
frozen_model,h10_d05,LogisticRegressionL2,19,3235,124,,,0.03442425311017534,0.08842077669989953,0.8664754194091348,0.008064516129032258,0.0,0.8522006187113548,,1,0,124,44,0.008064516129032258
frozen_model,h10_d05,LogisticRegressionL2,19,3235,124,,,0.03442425311017534,0.08842077669989953,0.8664754194091348,0.008064516129032258,0.0,0.8522006187113548,,1,0,124,45,0.008064516129032258
frozen_model,h10_d05,LogisticRegressionL2,19,3235,124,,,0.03442425311017534,0.08842077669989953,0.8664754194091348,0.008064516129032258,0.0,0.8522006187113548,,1,0,124,46,0.008064516129032258
frozen_model,h10_d05,LightGbmTuned,19,3235,124,,,0.049451128214101206,0.15625103754259362,0.4684267097485375,0.08870967741935484,0.0,1.97972547246385,,11,0,124,42,0.08870967741935484
frozen_model,h10_d05,LightGbmTuned,19,3235,124,,,0.049451128214101206,0.15625103754259362,0.4684267097485375,0.08870967741935484,0.0,1.97972547246385,,11,0,124,43,0.08870967741935484
frozen_model,h10_d05,LightGbmTuned,19,3235,124,,,0.049451128214101206,0.15625103754259362,0.4684267097485375,0.08870967741935484,0.0,1.97972547246385,,11,0,124,44,0.08870967741935484
frozen_model,h10_d05,LightGbmTuned,19,3235,124,,,0.049451128214101206,0.15625103754259362,0.4684267097485375,0.08870967741935484,0.0,1.97972547246385,,11,0,124,45,0.08870967741935484
frozen_model,h10_d05,LightGbmTuned,19,3235,124,,,0.049451128214101206,0.15625103754259362,0.4684267097485375,0.08870967741935484,0.0,1.97972547246385,,11,0,124,46,0.08870967741935484
frozen_model,h10_d05,NaiveBaseRate,20,3359,127,0.5,0.031496062992125984,0.031037063246116256,0.023086841230325117,0.05458290422245108,0.0,,,,0,4,127,42,
frozen_model,h10_d05,NaiveBaseRate,20,3359,127,0.5,0.031496062992125984,0.031037063246116256,0.023086841230325117,0.05458290422245108,0.0,,,,0,4,127,43,
frozen_model,h10_d05,NaiveBaseRate,20,3359,127,0.5,0.031496062992125984,0.031037063246116256,0.023086841230325117,0.05458290422245108,0.0,,,,0,4,127,44,
frozen_model,h10_d05,NaiveBaseRate,20,3359,127,0.5,0.031496062992125984,0.031037063246116256,0.023086841230325117,0.05458290422245108,0.0,,,,0,4,127,45,
frozen_model,h10_d05,NaiveBaseRate,20,3359,127,0.5,0.031496062992125984,0.031037063246116256,0.023086841230325117,0.05458290422245108,0.0,,,,0,4,127,46,
frozen_model,h10_d05,VIXPercentileRaw,20,3359,127,0.38211382113821135,0.030242958811205423,0.36791383074610473,0.5249316801414242,0.9362512873326466,0.007874015748031496,0.0,0.17124091161917793,,1,4,127,42,
frozen_model,h10_d05,VIXPercentileRaw,20,3359,127,0.38211382113821135,0.030242958811205423,0.36791383074610473,0.5249316801414242,0.9362512873326466,0.007874015748031496,0.0,0.17124091161917793,,1,4,127,43,
frozen_model,h10_d05,VIXPercentileRaw,20,3359,127,0.38211382113821135,0.030242958811205423,0.36791383074610473,0.5249316801414242,0.9362512873326466,0.007874015748031496,0.0,0.17124091161917793,,1,4,127,44,
frozen_model,h10_d05,VIXPercentileRaw,20,3359,127,0.38211382113821135,0.030242958811205423,0.36791383074610473,0.5249316801414242,0.9362512873326466,0.007874015748031496,0.0,0.17124091161917793,,1,4,127,45,
frozen_model,h10_d05,VIXPercentileRaw,20,3359,127,0.38211382113821135,0.030242958811205423,0.36791383074610473,0.5249316801414242,0.9362512873326466,0.007874015748031496,0.0,0.17124091161917793,,1,4,127,46,
frozen_model,h10_d05,VIXPercentileCalibrated,20,3359,127,0.37093495934959353,0.02998219903957609,0.034225592428401015,0.014150091787306255,0.2753623188405797,0.0,,,,0,4,127,42,
frozen_model,h10_d05,VIXPercentileCalibrated,20,3359,127,0.37093495934959353,0.02998219903957609,0.034225592428401015,0.014150091787306255,0.2753623188405797,0.0,,,,0,4,127,43,
frozen_model,h10_d05,VIXPercentileCalibrated,20,3359,127,0.37093495934959353,0.02998219903957609,0.034225592428401015,0.014150091787306255,0.2753623188405797,0.0,,,,0,4,127,44,
frozen_model,h10_d05,VIXPercentileCalibrated,20,3359,127,0.37093495934959353,0.02998219903957609,0.034225592428401015,0.014150091787306255,0.2753623188405797,0.0,,,,0,4,127,45,
frozen_model,h10_d05,VIXPercentileCalibrated,20,3359,127,0.37093495934959353,0.02998219903957609,0.034225592428401015,0.014150091787306255,0.2753623188405797,0.0,,,,0,4,127,46,
frozen_model,h10_d05,HarRvThreshold,20,3359,127,,,0.0031640474580999266,0.04193830435583025,0.19804914849614488,0.0,,,,0,0,105,42,0.0
frozen_model,h10_d05,HarRvThreshold,20,3359,127,,,0.0031640474580999266,0.04193830435583025,0.19804914849614488,0.0,,,,0,0,105,43,0.0
frozen_model,h10_d05,HarRvThreshold,20,3359,127,,,0.0031640474580999266,0.04193830435583025,0.19804914849614488,0.0,,,,0,0,105,44,0.0
frozen_model,h10_d05,HarRvThreshold,20,3359,127,,,0.0031640474580999266,0.04193830435583025,0.19804914849614488,0.0,,,,0,0,105,45,0.0
frozen_model,h10_d05,HarRvThreshold,20,3359,127,,,0.0031640474580999266,0.04193830435583025,0.19804914849614488,0.0,,,,0,0,105,46,0.0
frozen_model,h10_d05,LogisticRegressionL2,20,3359,127,0.6443089430894309,0.06027714761040533,0.14491813012711274,0.1820105862155978,0.8605968528683028,0.07874015748031496,0.0,1.197964256083663,,10,4,127,42,
frozen_model,h10_d05,LogisticRegressionL2,20,3359,127,0.6443089430894309,0.06027714761040533,0.14491813012711274,0.1820105862155978,0.8605968528683028,0.07874015748031496,0.0,1.197964256083663,,10,4,127,43,
frozen_model,h10_d05,LogisticRegressionL2,20,3359,127,0.6443089430894309,0.06027714761040533,0.14491813012711274,0.1820105862155978,0.8605968528683028,0.07874015748031496,0.0,1.197964256083663,,10,4,127,44,
frozen_model,h10_d05,LogisticRegressionL2,20,3359,127,0.6443089430894309,0.06027714761040533,0.14491813012711274,0.1820105862155978,0.8605968528683028,0.07874015748031496,0.0,1.197964256083663,,10,4,127,45,
frozen_model,h10_d05,LogisticRegressionL2,20,3359,127,0.6443089430894309,0.06027714761040533,0.14491813012711274,0.1820105862155978,0.8605968528683028,0.07874015748031496,0.0,1.197964256083663,,10,4,127,46,
frozen_model,h10_d05,LightGbmTuned,20,3359,127,0.6036585365853658,0.1156176122931442,0.06427983169831872,0.1472358798351527,0.494444545847335,0.05511811023622047,0.14285714285714285,1.2599318897314769,1.1047492539722692,7,4,127,42,
frozen_model,h10_d05,LightGbmTuned,20,3359,127,0.6036585365853658,0.1156176122931442,0.06427983169831872,0.1472358798351527,0.494444545847335,0.05511811023622047,0.14285714285714285,1.2599318897314769,1.1047492539722692,7,4,127,43,
frozen_model,h10_d05,LightGbmTuned,20,3359,127,0.6036585365853658,0.1156176122931442,0.06427983169831872,0.1472358798351527,0.494444545847335,0.05511811023622047,0.14285714285714285,1.2599318897314769,1.1047492539722692,7,4,127,44,
frozen_model,h10_d05,LightGbmTuned,20,3359,127,0.6036585365853658,0.1156176122931442,0.06427983169831872,0.1472358798351527,0.494444545847335,0.05511811023622047,0.14285714285714285,1.2599318897314769,1.1047492539722692,7,4,127,45,
frozen_model,h10_d05,LightGbmTuned,20,3359,127,0.6036585365853658,0.1156176122931442,0.06427983169831872,0.1472358798351527,0.494444545847335,0.05511811023622047,0.14285714285714285,1.2599318897314769,1.1047492539722692,7,4,127,46,
frozen_model,h10_d05,NaiveBaseRate,21,3486,123,0.5,0.17073170731707318,0.15507293589398372,0.1161488030946221,0.05458290422245108,0.0,,,,0,21,123,42,
frozen_model,h10_d05,NaiveBaseRate,21,3486,123,0.5,0.17073170731707318,0.15507293589398372,0.1161488030946221,0.05458290422245108,0.0,,,,0,21,123,43,
frozen_model,h10_d05,NaiveBaseRate,21,3486,123,0.5,0.17073170731707318,0.15507293589398372,0.1161488030946221,0.05458290422245108,0.0,,,,0,21,123,44,
frozen_model,h10_d05,NaiveBaseRate,21,3486,123,0.5,0.17073170731707318,0.15507293589398372,0.1161488030946221,0.05458290422245108,0.0,,,,0,21,123,45,
frozen_model,h10_d05,NaiveBaseRate,21,3486,123,0.5,0.17073170731707318,0.15507293589398372,0.1161488030946221,0.05458290422245108,0.0,,,,0,21,123,46,
frozen_model,h10_d05,VIXPercentileRaw,21,3486,123,0.5266106442577031,0.17833126083414708,0.4818393065835454,0.566711043011563,0.9340885684860968,0.06504065040650407,0.125,0.6223938222881765,0.6331566711340683,8,21,123,42,
frozen_model,h10_d05,VIXPercentileRaw,21,3486,123,0.5266106442577031,0.17833126083414708,0.4818393065835454,0.566711043011563,0.9340885684860968,0.06504065040650407,0.125,0.6223938222881765,0.6331566711340683,8,21,123,43,
frozen_model,h10_d05,VIXPercentileRaw,21,3486,123,0.5266106442577031,0.17833126083414708,0.4818393065835454,0.566711043011563,0.9340885684860968,0.06504065040650407,0.125,0.6223938222881765,0.6331566711340683,8,21,123,44,
frozen_model,h10_d05,VIXPercentileRaw,21,3486,123,0.5266106442577031,0.17833126083414708,0.4818393065835454,0.566711043011563,0.9340885684860968,0.06504065040650407,0.125,0.6223938222881765,0.6331566711340683,8,21,123,45,
frozen_model,h10_d05,VIXPercentileRaw,21,3486,123,0.5266106442577031,0.17833126083414708,0.4818393065835454,0.566711043011563,0.9340885684860968,0.06504065040650407,0.125,0.6223938222881765,0.6331566711340683,8,21,123,46,
frozen_model,h10_d05,VIXPercentileCalibrated,21,3486,123,0.530578898225957,0.20149041301502288,0.1608368785087255,0.15846357885760956,0.2753623188405797,0.0,,,,0,21,123,42,
frozen_model,h10_d05,VIXPercentileCalibrated,21,3486,123,0.530578898225957,0.20149041301502288,0.1608368785087255,0.15846357885760956,0.2753623188405797,0.0,,,,0,21,123,43,
frozen_model,h10_d05,VIXPercentileCalibrated,21,3486,123,0.530578898225957,0.20149041301502288,0.1608368785087255,0.15846357885760956,0.2753623188405797,0.0,,,,0,21,123,44,
frozen_model,h10_d05,VIXPercentileCalibrated,21,3486,123,0.530578898225957,0.20149041301502288,0.1608368785087255,0.15846357885760956,0.2753623188405797,0.0,,,,0,21,123,45,
frozen_model,h10_d05,VIXPercentileCalibrated,21,3486,123,0.530578898225957,0.20149041301502288,0.1608368785087255,0.15846357885760956,0.2753623188405797,0.0,,,,0,21,123,46,
frozen_model,h10_d05,HarRvThreshold,21,3486,123,0.43779761904761905,0.20260098412383715,0.22876870692365966,0.25318862403517606,0.19503346125660923,0.15841584158415842,0.125,0.5598438067099091,0.7599996821783566,16,21,101,42,
frozen_model,h10_d05,HarRvThreshold,21,3486,123,0.43779761904761905,0.20260098412383715,0.22876870692365966,0.25318862403517606,0.19503346125660923,0.15841584158415842,0.125,0.5598438067099091,0.7599996821783566,16,21,101,43,
frozen_model,h10_d05,HarRvThreshold,21,3486,123,0.43779761904761905,0.20260098412383715,0.22876870692365966,0.25318862403517606,0.19503346125660923,0.15841584158415842,0.125,0.5598438067099091,0.7599996821783566,16,21,101,44,
frozen_model,h10_d05,HarRvThreshold,21,3486,123,0.43779761904761905,0.20260098412383715,0.22876870692365966,0.25318862403517606,0.19503346125660923,0.15841584158415842,0.125,0.5598438067099091,0.7599996821783566,16,21,101,45,
frozen_model,h10_d05,HarRvThreshold,21,3486,123,0.43779761904761905,0.20260098412383715,0.22876870692365966,0.25318862403517606,0.19503346125660923,0.15841584158415842,0.125,0.5598438067099091,0.7599996821783566,16,21,101,46,
frozen_model,h10_d05,LogisticRegressionL2,21,3486,123,0.6013071895424836,0.23876668281234129,0.19123142286915315,0.19237113191802344,0.8641718482422882,0.06504065040650407,0.0,0.6425443188393601,,8,21,123,42,
frozen_model,h10_d05,LogisticRegressionL2,21,3486,123,0.6013071895424836,0.23876668281234129,0.19123142286915315,0.19237113191802344,0.8641718482422882,0.06504065040650407,0.0,0.6425443188393601,,8,21,123,43,
frozen_model,h10_d05,LogisticRegressionL2,21,3486,123,0.6013071895424836,0.23876668281234129,0.19123142286915315,0.19237113191802344,0.8641718482422882,0.06504065040650407,0.0,0.6425443188393601,,8,21,123,44,
frozen_model,h10_d05,LogisticRegressionL2,21,3486,123,0.6013071895424836,0.23876668281234129,0.19123142286915315,0.19237113191802344,0.8641718482422882,0.06504065040650407,0.0,0.6425443188393601,,8,21,123,45,
frozen_model,h10_d05,LogisticRegressionL2,21,3486,123,0.6013071895424836,0.23876668281234129,0.19123142286915315,0.19237113191802344,0.8641718482422882,0.06504065040650407,0.0,0.6425443188393601,,8,21,123,46,
frozen_model,h10_d05,LightGbmTuned,21,3486,123,0.3492063492063492,0.13632651336903537,0.18020158116091817,0.16332540841328824,0.49535779310878897,0.04878048780487805,0.0,0.45580134002111766,,6,21,123,42,
frozen_model,h10_d05,LightGbmTuned,21,3486,123,0.3492063492063492,0.13632651336903537,0.18020158116091817,0.16332540841328824,0.49535779310878897,0.04878048780487805,0.0,0.45580134002111766,,6,21,123,43,
frozen_model,h10_d05,LightGbmTuned,21,3486,123,0.3492063492063492,0.13632651336903537,0.18020158116091817,0.16332540841328824,0.49535779310878897,0.04878048780487805,0.0,0.45580134002111766,,6,21,123,44,
frozen_model,h10_d05,LightGbmTuned,21,3486,123,0.3492063492063492,0.13632651336903537,0.18020158116091817,0.16332540841328824,0.49535779310878897,0.04878048780487805,0.0,0.45580134002111766,,6,21,123,45,
frozen_model,h10_d05,LightGbmTuned,21,3486,123,0.3492063492063492,0.13632651336903537,0.18020158116091817,0.16332540841328824,0.49535779310878897,0.04878048780487805,0.0,0.45580134002111766,,6,21,123,46,
frozen_model,h10_d05,NaiveBaseRate,22,3609,127,,,0.002979293433357268,0.0545829042224511,0.05458290422245108,0.0,,,,0,0,127,42,0.0
frozen_model,h10_d05,NaiveBaseRate,22,3609,127,,,0.002979293433357268,0.0545829042224511,0.05458290422245108,0.0,,,,0,0,127,43,0.0
frozen_model,h10_d05,NaiveBaseRate,22,3609,127,,,0.002979293433357268,0.0545829042224511,0.05458290422245108,0.0,,,,0,0,127,44,0.0
frozen_model,h10_d05,NaiveBaseRate,22,3609,127,,,0.002979293433357268,0.0545829042224511,0.05458290422245108,0.0,,,,0,0,127,45,0.0
frozen_model,h10_d05,NaiveBaseRate,22,3609,127,,,0.002979293433357268,0.0545829042224511,0.05458290422245108,0.0,,,,0,0,127,46,0.0
frozen_model,h10_d05,VIXPercentileRaw,22,3609,127,,,0.34303050087177045,0.5669048063121873,0.9340885684860968,0.0,,,,0,0,127,42,0.0
frozen_model,h10_d05,VIXPercentileRaw,22,3609,127,,,0.34303050087177045,0.5669048063121873,0.9340885684860968,0.0,,,,0,0,127,43,0.0
frozen_model,h10_d05,VIXPercentileRaw,22,3609,127,,,0.34303050087177045,0.5669048063121873,0.9340885684860968,0.0,,,,0,0,127,44,0.0
frozen_model,h10_d05,VIXPercentileRaw,22,3609,127,,,0.34303050087177045,0.5669048063121873,0.9340885684860968,0.0,,,,0,0,127,45,0.0
frozen_model,h10_d05,VIXPercentileRaw,22,3609,127,,,0.34303050087177045,0.5669048063121873,0.9340885684860968,0.0,,,,0,0,127,46,0.0
frozen_model,h10_d05,VIXPercentileCalibrated,22,3609,127,,,0.0028851499867800353,0.04003729847962518,0.2753623188405797,0.0,,,,0,0,127,42,0.0
frozen_model,h10_d05,VIXPercentileCalibrated,22,3609,127,,,0.0028851499867800353,0.04003729847962518,0.2753623188405797,0.0,,,,0,0,127,43,0.0
frozen_model,h10_d05,VIXPercentileCalibrated,22,3609,127,,,0.0028851499867800353,0.04003729847962518,0.2753623188405797,0.0,,,,0,0,127,44,0.0
frozen_model,h10_d05,VIXPercentileCalibrated,22,3609,127,,,0.0028851499867800353,0.04003729847962518,0.2753623188405797,0.0,,,,0,0,127,45,0.0
frozen_model,h10_d05,VIXPercentileCalibrated,22,3609,127,,,0.0028851499867800353,0.04003729847962518,0.2753623188405797,0.0,,,,0,0,127,46,0.0
frozen_model,h10_d05,HarRvThreshold,22,3609,127,,,0.001025442117376319,0.025131548831071153,0.20223969594335542,0.0,,,,0,0,105,42,0.0
frozen_model,h10_d05,HarRvThreshold,22,3609,127,,,0.001025442117376319,0.025131548831071153,0.20223969594335542,0.0,,,,0,0,105,43,0.0
frozen_model,h10_d05,HarRvThreshold,22,3609,127,,,0.001025442117376319,0.025131548831071153,0.20223969594335542,0.0,,,,0,0,105,44,0.0
frozen_model,h10_d05,HarRvThreshold,22,3609,127,,,0.001025442117376319,0.025131548831071153,0.20223969594335542,0.0,,,,0,0,105,45,0.0
frozen_model,h10_d05,HarRvThreshold,22,3609,127,,,0.001025442117376319,0.025131548831071153,0.20223969594335542,0.0,,,,0,0,105,46,0.0
frozen_model,h10_d05,LogisticRegressionL2,22,3609,127,,,0.23297766005704584,0.34028612925100094,0.8673604160719182,0.14173228346456693,0.0,0.5272312680111022,,18,0,127,42,0.14173228346456693
frozen_model,h10_d05,LogisticRegressionL2,22,3609,127,,,0.23297766005704584,0.34028612925100094,0.8673604160719182,0.14173228346456693,0.0,0.5272312680111022,,18,0,127,43,0.14173228346456693
frozen_model,h10_d05,LogisticRegressionL2,22,3609,127,,,0.23297766005704584,0.34028612925100094,0.8673604160719182,0.14173228346456693,0.0,0.5272312680111022,,18,0,127,44,0.14173228346456693
frozen_model,h10_d05,LogisticRegressionL2,22,3609,127,,,0.23297766005704584,0.34028612925100094,0.8673604160719182,0.14173228346456693,0.0,0.5272312680111022,,18,0,127,45,0.14173228346456693
frozen_model,h10_d05,LogisticRegressionL2,22,3609,127,,,0.23297766005704584,0.34028612925100094,0.8673604160719182,0.14173228346456693,0.0,0.5272312680111022,,18,0,127,46,0.14173228346456693
frozen_model,h10_d05,LightGbmTuned,22,3609,127,,,0.07418213101562063,0.20238196407444414,0.495147043740761,0.11023622047244094,0.0,0.99744790350363,,14,0,127,42,0.11023622047244094
frozen_model,h10_d05,LightGbmTuned,22,3609,127,,,0.07418213101562063,0.20238196407444414,0.495147043740761,0.11023622047244094,0.0,0.99744790350363,,14,0,127,43,0.11023622047244094
frozen_model,h10_d05,LightGbmTuned,22,3609,127,,,0.07418213101562063,0.20238196407444414,0.495147043740761,0.11023622047244094,0.0,0.99744790350363,,14,0,127,44,0.11023622047244094
frozen_model,h10_d05,LightGbmTuned,22,3609,127,,,0.07418213101562063,0.20238196407444414,0.495147043740761,0.11023622047244094,0.0,0.99744790350363,,14,0,127,45,0.11023622047244094
frozen_model,h10_d05,LightGbmTuned,22,3609,127,,,0.07418213101562063,0.20238196407444414,0.495147043740761,0.11023622047244094,0.0,0.99744790350363,,14,0,127,46,0.11023622047244094
