stress_def,model,fold_id,n_train,n_test,auc,pr_auc,brier,ece,threshold,alarm_rate,alarm_precision,drawdown_lift,severity_lift,n_alarms,n_events,n_test_eff,seed
h5_d03,NaiveBaseRate,1,1333,124,0.5,0.056451612903225805,0.06817153463159488,0.12209302325581389,0.17854463615903976,0.0,,,,0,7,124,42
h5_d03,NaiveBaseRate,1,1333,124,0.5,0.056451612903225805,0.06817153463159488,0.12209302325581389,0.17854463615903976,0.0,,,,0,7,124,43
h5_d03,NaiveBaseRate,1,1333,124,0.5,0.056451612903225805,0.06817153463159488,0.12209302325581389,0.17854463615903976,0.0,,,,0,7,124,44
h5_d03,NaiveBaseRate,1,1333,124,0.5,0.056451612903225805,0.06817153463159488,0.12209302325581389,0.17854463615903976,0.0,,,,0,7,124,45
h5_d03,NaiveBaseRate,1,1333,124,0.5,0.056451612903225805,0.06817153463159488,0.12209302325581389,0.17854463615903976,0.0,,,,0,7,124,46
h5_d03,VIXPercentileRaw,1,1333,124,0.351037851037851,0.0578014586858408,0.1064779283778668,0.1643576216634804,0.9500375093773442,0.0,,,,0,7,124,42
h5_d03,VIXPercentileRaw,1,1333,124,0.351037851037851,0.0578014586858408,0.1064779283778668,0.1643576216634804,0.9500375093773442,0.0,,,,0,7,124,43
h5_d03,VIXPercentileRaw,1,1333,124,0.351037851037851,0.0578014586858408,0.1064779283778668,0.1643576216634804,0.9500375093773442,0.0,,,,0,7,124,44
h5_d03,VIXPercentileRaw,1,1333,124,0.351037851037851,0.0578014586858408,0.1064779283778668,0.1643576216634804,0.9500375093773442,0.0,,,,0,7,124,45
h5_d03,VIXPercentileRaw,1,1333,124,0.351037851037851,0.0578014586858408,0.1064779283778668,0.1643576216634804,0.9500375093773442,0.0,,,,0,7,124,46
h5_d03,VIXPercentileCalibrated,1,1333,124,0.4139194139194139,0.057648119231696944,0.05821905782978282,0.040666000473492676,0.4576271186440678,0.0,,,,0,7,124,42
h5_d03,VIXPercentileCalibrated,1,1333,124,0.4139194139194139,0.057648119231696944,0.05821905782978282,0.040666000473492676,0.4576271186440678,0.0,,,,0,7,124,43
h5_d03,VIXPercentileCalibrated,1,1333,124,0.4139194139194139,0.057648119231696944,0.05821905782978282,0.040666000473492676,0.4576271186440678,0.0,,,,0,7,124,44
h5_d03,VIXPercentileCalibrated,1,1333,124,0.4139194139194139,0.057648119231696944,0.05821905782978282,0.040666000473492676,0.4576271186440678,0.0,,,,0,7,124,45
h5_d03,VIXPercentileCalibrated,1,1333,124,0.4139194139194139,0.057648119231696944,0.05821905782978282,0.040666000473492676,0.4576271186440678,0.0,,,,0,7,124,46
h5_d03,HarRvThreshold,1,1333,124,0.35876288659793815,0.043872718844007064,0.048284556942792774,0.030809594400944197,0.2540141383820368,0.0,,,,0,5,102,42
h5_d03,HarRvThreshold,1,1333,124,0.35876288659793815,0.043872718844007064,0.048284556942792774,0.030809594400944197,0.2540141383820368,0.0,,,,0,5,102,43
h5_d03,HarRvThreshold,1,1333,124,0.35876288659793815,0.043872718844007064,0.048284556942792774,0.030809594400944197,0.2540141383820368,0.0,,,,0,5,102,44
h5_d03,HarRvThreshold,1,1333,124,0.35876288659793815,0.043872718844007064,0.048284556942792774,0.030809594400944197,0.2540141383820368,0.0,,,,0,5,102,45
h5_d03,HarRvThreshold,1,1333,124,0.35876288659793815,0.043872718844007064,0.048284556942792774,0.030809594400944197,0.2540141383820368,0.0,,,,0,5,102,46
h5_d03,LogisticRegressionL2,1,1333,124,0.5238095238095238,0.06557614741436364,0.1823039262209082,0.3526201679365761,0.739995755474601,0.0,,,,0,7,124,42
h5_d03,LogisticRegressionL2,1,1333,124,0.5238095238095238,0.06557614741436364,0.1823039262209082,0.3526201679365761,0.739995755474601,0.0,,,,0,7,124,43
h5_d03,LogisticRegressionL2,1,1333,124,0.5238095238095238,0.06557614741436364,0.1823039262209082,0.3526201679365761,0.739995755474601,0.0,,,,0,7,124,44
h5_d03,LogisticRegressionL2,1,1333,124,0.5238095238095238,0.06557614741436364,0.1823039262209082,0.3526201679365761,0.739995755474601,0.0,,,,0,7,124,45
h5_d03,LogisticRegressionL2,1,1333,124,0.5238095238095238,0.06557614741436364,0.1823039262209082,0.3526201679365761,0.739995755474601,0.0,,,,0,7,124,46
h5_d03,LightGbmTuned,1,1333,124,0.5787545787545788,0.11243376218745676,0.20818958398584794,0.3932805116239033,0.7188138204911093,0.0,,,,0,7,124,42
h5_d03,LightGbmTuned,1,1333,124,0.5787545787545788,0.11243376218745676,0.20818958398584794,0.3932805116239033,0.7188138204911093,0.0,,,,0,7,124,43
h5_d03,LightGbmTuned,1,1333,124,0.5787545787545788,0.11243376218745676,0.20818958398584794,0.3932805116239033,0.7188138204911093,0.0,,,,0,7,124,44
h5_d03,LightGbmTuned,1,1333,124,0.5787545787545788,0.11243376218745676,0.20818958398584794,0.3932805116239033,0.7188138204911093,0.0,,,,0,7,124,45
h5_d03,LightGbmTuned,1,1333,124,0.5787545787545788,0.11243376218745676,0.20818958398584794,0.3932805116239033,0.7188138204911093,0.0,,,,0,7,124,46
h5_d03,NaiveBaseRate,2,1457,127,0.5,0.23622047244094488,0.1850534408292929,0.06806673187814463,0.16815374056280027,0.0,,,,0,30,127,42
h5_d03,NaiveBaseRate,2,1457,127,0.5,0.23622047244094488,0.1850534408292929,0.06806673187814463,0.16815374056280027,0.0,,,,0,30,127,43
h5_d03,NaiveBaseRate,2,1457,127,0.5,0.23622047244094488,0.1850534408292929,0.06806673187814463,0.16815374056280027,0.0,,,,0,30,127,44
h5_d03,NaiveBaseRate,2,1457,127,0.5,0.23622047244094488,0.1850534408292929,0.06806673187814463,0.16815374056280027,0.0,,,,0,30,127,45
h5_d03,NaiveBaseRate,2,1457,127,0.5,0.23622047244094488,0.1850534408292929,0.06806673187814463,0.16815374056280027,0.0,,,,0,30,127,46
h5_d03,VIXPercentileRaw,2,1457,127,0.43573883161512034,0.21190105180664331,0.270081667808307,0.21131761412458994,0.9500343170899108,0.0,,,,0,30,127,42
h5_d03,VIXPercentileRaw,2,1457,127,0.43573883161512034,0.21190105180664331,0.270081667808307,0.21131761412458994,0.9500343170899108,0.0,,,,0,30,127,43
h5_d03,VIXPercentileRaw,2,1457,127,0.43573883161512034,0.21190105180664331,0.270081667808307,0.21131761412458994,0.9500343170899108,0.0,,,,0,30,127,44
h5_d03,VIXPercentileRaw,2,1457,127,0.43573883161512034,0.21190105180664331,0.270081667808307,0.21131761412458994,0.9500343170899108,0.0,,,,0,30,127,45
h5_d03,VIXPercentileRaw,2,1457,127,0.43573883161512034,0.21190105180664331,0.270081667808307,0.21131761412458994,0.9500343170899108,0.0,,,,0,30,127,46
h5_d03,VIXPercentileCalibrated,2,1457,127,0.43505154639175253,0.21847135964707032,0.20333945585716745,0.13928738044338304,0.4576271186440678,0.0,,,,0,30,127,42
h5_d03,VIXPercentileCalibrated,2,1457,127,0.43505154639175253,0.21847135964707032,0.20333945585716745,0.13928738044338304,0.4576271186440678,0.0,,,,0,30,127,43
h5_d03,VIXPercentileCalibrated,2,1457,127,0.43505154639175253,0.21847135964707032,0.20333945585716745,0.13928738044338304,0.4576271186440678,0.0,,,,0,30,127,44
h5_d03,VIXPercentileCalibrated,2,1457,127,0.43505154639175253,0.21847135964707032,0.20333945585716745,0.13928738044338304,0.4576271186440678,0.0,,,,0,30,127,45
h5_d03,VIXPercentileCalibrated,2,1457,127,0.43505154639175253,0.21847135964707032,0.20333945585716745,0.13928738044338304,0.4576271186440678,0.0,,,,0,30,127,46
h5_d03,HarRvThreshold,2,1457,127,0.29259980525803314,0.17625668005417972,0.23353914306760923,0.2145741283583881,0.24523256072439506,0.0,,,,0,26,105,42
h5_d03,HarRvThreshold,2,1457,127,0.29259980525803314,0.17625668005417972,0.23353914306760923,0.2145741283583881,0.24523256072439506,0.0,,,,0,26,105,43
h5_d03,HarRvThreshold,2,1457,127,0.29259980525803314,0.17625668005417972,0.23353914306760923,0.2145741283583881,0.24523256072439506,0.0,,,,0,26,105,44
h5_d03,HarRvThreshold,2,1457,127,0.29259980525803314,0.17625668005417972,0.23353914306760923,0.2145741283583881,0.24523256072439506,0.0,,,,0,26,105,45
h5_d03,HarRvThreshold,2,1457,127,0.29259980525803314,0.17625668005417972,0.23353914306760923,0.2145741283583881,0.24523256072439506,0.0,,,,0,26,105,46
h5_d03,LogisticRegressionL2,2,1457,127,0.252233676975945,0.16010660366292442,0.2864439696920558,0.2551231486729601,0.7278448459898759,0.031496062992125984,0.0,0.18814375060548066,,4,30,127,42
h5_d03,LogisticRegressionL2,2,1457,127,0.252233676975945,0.16010660366292442,0.2864439696920558,0.2551231486729601,0.7278448459898759,0.031496062992125984,0.0,0.18814375060548066,,4,30,127,43
h5_d03,LogisticRegressionL2,2,1457,127,0.252233676975945,0.16010660366292442,0.2864439696920558,0.2551231486729601,0.7278448459898759,0.031496062992125984,0.0,0.18814375060548066,,4,30,127,44
h5_d03,LogisticRegressionL2,2,1457,127,0.252233676975945,0.16010660366292442,0.2864439696920558,0.2551231486729601,0.7278448459898759,0.031496062992125984,0.0,0.18814375060548066,,4,30,127,45
h5_d03,LogisticRegressionL2,2,1457,127,0.252233676975945,0.16010660366292442,0.2864439696920558,0.2551231486729601,0.7278448459898759,0.031496062992125984,0.0,0.18814375060548066,,4,30,127,46
h5_d03,LightGbmTuned,2,1457,127,0.3355670103092783,0.17870452229028377,0.2521506725954968,0.23215745111113,0.7308365749557594,0.023622047244094488,0.0,0.18230019054011895,,3,30,127,42
h5_d03,LightGbmTuned,2,1457,127,0.3355670103092783,0.17870452229028377,0.2521506725954968,0.23215745111113,0.7308365749557594,0.023622047244094488,0.0,0.18230019054011895,,3,30,127,43
h5_d03,LightGbmTuned,2,1457,127,0.3355670103092783,0.17870452229028377,0.2521506725954968,0.23215745111113,0.7308365749557594,0.023622047244094488,0.0,0.18230019054011895,,3,30,127,44
h5_d03,LightGbmTuned,2,1457,127,0.3355670103092783,0.17870452229028377,0.2521506725954968,0.23215745111113,0.7308365749557594,0.023622047244094488,0.0,0.18230019054011895,,3,30,127,45
h5_d03,LightGbmTuned,2,1457,127,0.3355670103092783,0.17870452229028377,0.2521506725954968,0.23215745111113,0.7308365749557594,0.023622047244094488,0.0,0.18230019054011895,,3,30,127,46
h5_d03,NaiveBaseRate,3,1584,126,0.5,0.1746031746031746,0.1441178902116402,0.0009920634920634885,0.1736111111111111,0.0,,,,0,22,126,42
h5_d03,NaiveBaseRate,3,1584,126,0.5,0.1746031746031746,0.1441178902116402,0.0009920634920634885,0.1736111111111111,0.0,,,,0,22,126,43
h5_d03,NaiveBaseRate,3,1584,126,0.5,0.1746031746031746,0.1441178902116402,0.0009920634920634885,0.1736111111111111,0.0,,,,0,22,126,44
h5_d03,NaiveBaseRate,3,1584,126,0.5,0.1746031746031746,0.1441178902116402,0.0009920634920634885,0.1736111111111111,0.0,,,,0,22,126,45
h5_d03,NaiveBaseRate,3,1584,126,0.5,0.1746031746031746,0.1441178902116402,0.0009920634920634885,0.1736111111111111,0.0,,,,0,22,126,46
h5_d03,VIXPercentileRaw,3,1584,126,0.7237762237762239,0.2875238933607142,0.22012956140691828,0.27636483886483887,0.9500315656565657,0.0,,,,0,22,126,42
h5_d03,VIXPercentileRaw,3,1584,126,0.7237762237762239,0.2875238933607142,0.22012956140691828,0.27636483886483887,0.9500315656565657,0.0,,,,0,22,126,43
h5_d03,VIXPercentileRaw,3,1584,126,0.7237762237762239,0.2875238933607142,0.22012956140691828,0.27636483886483887,0.9500315656565657,0.0,,,,0,22,126,44
h5_d03,VIXPercentileRaw,3,1584,126,0.7237762237762239,0.2875238933607142,0.22012956140691828,0.27636483886483887,0.9500315656565657,0.0,,,,0,22,126,45
h5_d03,VIXPercentileRaw,3,1584,126,0.7237762237762239,0.2875238933607142,0.22012956140691828,0.27636483886483887,0.9500315656565657,0.0,,,,0,22,126,46
h5_d03,VIXPercentileCalibrated,3,1584,126,0.7163461538461539,0.295740859844434,0.14099193066363308,0.08496716015095901,0.453781512605042,0.0,,,,0,22,126,42
h5_d03,VIXPercentileCalibrated,3,1584,126,0.7163461538461539,0.295740859844434,0.14099193066363308,0.08496716015095901,0.453781512605042,0.0,,,,0,22,126,43
h5_d03,VIXPercentileCalibrated,3,1584,126,0.7163461538461539,0.295740859844434,0.14099193066363308,0.08496716015095901,0.453781512605042,0.0,,,,0,22,126,44
h5_d03,VIXPercentileCalibrated,3,1584,126,0.7163461538461539,0.295740859844434,0.14099193066363308,0.08496716015095901,0.453781512605042,0.0,,,,0,22,126,45
h5_d03,VIXPercentileCalibrated,3,1584,126,0.7163461538461539,0.295740859844434,0.14099193066363308,0.08496716015095901,0.453781512605042,0.0,,,,0,22,126,46
h5_d03,HarRvThreshold,3,1584,126,0.44999999999999996,0.17660719319367957,0.08918942722318873,0.04673449421511365,0.23843790419716085,0.0,,,,0,10,104,42
h5_d03,HarRvThreshold,3,1584,126,0.44999999999999996,0.17660719319367957,0.08918942722318873,0.04673449421511365,0.23843790419716085,0.0,,,,0,10,104,43
h5_d03,HarRvThreshold,3,1584,126,0.44999999999999996,0.17660719319367957,0.08918942722318873,0.04673449421511365,0.23843790419716085,0.0,,,,0,10,104,44
h5_d03,HarRvThreshold,3,1584,126,0.44999999999999996,0.17660719319367957,0.08918942722318873,0.04673449421511365,0.23843790419716085,0.0,,,,0,10,104,45
h5_d03,HarRvThreshold,3,1584,126,0.44999999999999996,0.17660719319367957,0.08918942722318873,0.04673449421511365,0.23843790419716085,0.0,,,,0,10,104,46
h5_d03,LogisticRegressionL2,3,1584,126,0.5944055944055944,0.22104724699871006,0.2435984507969168,0.31422999571174215,0.6932447630672304,0.023809523809523808,0.0,0.19227399762707292,,3,22,126,42
h5_d03,LogisticRegressionL2,3,1584,126,0.5944055944055944,0.22104724699871006,0.2435984507969168,0.31422999571174215,0.6932447630672304,0.023809523809523808,0.0,0.19227399762707292,,3,22,126,43
h5_d03,LogisticRegressionL2,3,1584,126,0.5944055944055944,0.22104724699871006,0.2435984507969168,0.31422999571174215,0.6932447630672304,0.023809523809523808,0.0,0.19227399762707292,,3,22,126,44
h5_d03,LogisticRegressionL2,3,1584,126,0.5944055944055944,0.22104724699871006,0.2435984507969168,0.31422999571174215,0.6932447630672304,0.023809523809523808,0.0,0.19227399762707292,,3,22,126,45
h5_d03,LogisticRegressionL2,3,1584,126,0.5944055944055944,0.22104724699871006,0.2435984507969168,0.31422999571174215,0.6932447630672304,0.023809523809523808,0.0,0.19227399762707292,,3,22,126,46
h5_d03,LightGbmTuned,3,1584,126,0.6612762237762237,0.33586641142361173,0.22340027533070034,0.28610766801202514,0.7143424324916569,0.015873015873015872,0.0,0.1517515041828681,,2,22,126,42
h5_d03,LightGbmTuned,3,1584,126,0.6612762237762237,0.33586641142361173,0.22340027533070034,0.28610766801202514,0.7143424324916569,0.015873015873015872,0.0,0.1517515041828681,,2,22,126,43
h5_d03,LightGbmTuned,3,1584,126,0.6612762237762237,0.33586641142361173,0.22340027533070034,0.28610766801202514,0.7143424324916569,0.015873015873015872,0.0,0.1517515041828681,,2,22,126,44
h5_d03,LightGbmTuned,3,1584,126,0.6612762237762237,0.33586641142361173,0.22340027533070034,0.28610766801202514,0.7143424324916569,0.015873015873015872,0.0,0.1517515041828681,,2,22,126,45
h5_d03,LightGbmTuned,3,1584,126,0.6612762237762237,0.33586641142361173,0.22340027533070034,0.28610766801202514,0.7143424324916569,0.015873015873015872,0.0,0.1517515041828681,,2,22,126,46
h5_d03,NaiveBaseRate,4,1710,127,0.5,0.05511811023622047,0.0661380242982093,0.11856610029009525,0.1736842105263158,0.0,,,,0,7,127,42
h5_d03,NaiveBaseRate,4,1710,127,0.5,0.05511811023622047,0.0661380242982093,0.11856610029009525,0.1736842105263158,0.0,,,,0,7,127,43
h5_d03,NaiveBaseRate,4,1710,127,0.5,0.05511811023622047,0.0661380242982093,0.11856610029009525,0.1736842105263158,0.0,,,,0,7,127,44
h5_d03,NaiveBaseRate,4,1710,127,0.5,0.05511811023622047,0.0661380242982093,0.11856610029009525,0.1736842105263158,0.0,,,,0,7,127,45
h5_d03,NaiveBaseRate,4,1710,127,0.5,0.05511811023622047,0.0661380242982093,0.11856610029009525,0.1736842105263158,0.0,,,,0,7,127,46
h5_d03,VIXPercentileRaw,4,1710,127,0.45059523809523805,0.05366396626062961,0.1128114983626431,0.1837408481834508,0.9500292397660819,0.0,,,,0,7,127,42
h5_d03,VIXPercentileRaw,4,1710,127,0.45059523809523805,0.05366396626062961,0.1128114983626431,0.1837408481834508,0.9500292397660819,0.0,,,,0,7,127,43
h5_d03,VIXPercentileRaw,4,1710,127,0.45059523809523805,0.05366396626062961,0.1128114983626431,0.1837408481834508,0.9500292397660819,0.0,,,,0,7,127,44
h5_d03,VIXPercentileRaw,4,1710,127,0.45059523809523805,0.05366396626062961,0.1128114983626431,0.1837408481834508,0.9500292397660819,0.0,,,,0,7,127,45
h5_d03,VIXPercentileRaw,4,1710,127,0.45059523809523805,0.05366396626062961,0.1128114983626431,0.1837408481834508,0.9500292397660819,0.0,,,,0,7,127,46
h5_d03,VIXPercentileCalibrated,4,1710,127,0.3886904761904762,0.05064545503240667,0.05657133421928974,0.05245801045491733,0.453781512605042,0.0,,,,0,7,127,42
h5_d03,VIXPercentileCalibrated,4,1710,127,0.3886904761904762,0.05064545503240667,0.05657133421928974,0.05245801045491733,0.453781512605042,0.0,,,,0,7,127,43
h5_d03,VIXPercentileCalibrated,4,1710,127,0.3886904761904762,0.05064545503240667,0.05657133421928974,0.05245801045491733,0.453781512605042,0.0,,,,0,7,127,44
h5_d03,VIXPercentileCalibrated,4,1710,127,0.3886904761904762,0.05064545503240667,0.05657133421928974,0.05245801045491733,0.453781512605042,0.0,,,,0,7,127,45
h5_d03,VIXPercentileCalibrated,4,1710,127,0.3886904761904762,0.05064545503240667,0.05657133421928974,0.05245801045491733,0.453781512605042,0.0,,,,0,7,127,46
h5_d03,HarRvThreshold,4,1710,127,0.17492711370262393,0.044129334270853346,0.06654181269291488,0.04073578427401351,0.2256830865999974,0.0,,,,0,7,105,42
h5_d03,HarRvThreshold,4,1710,127,0.17492711370262393,0.044129334270853346,0.06654181269291488,0.04073578427401351,0.2256830865999974,0.0,,,,0,7,105,43
h5_d03,HarRvThreshold,4,1710,127,0.17492711370262393,0.044129334270853346,0.06654181269291488,0.04073578427401351,0.2256830865999974,0.0,,,,0,7,105,44
h5_d03,HarRvThreshold,4,1710,127,0.17492711370262393,0.044129334270853346,0.06654181269291488,0.04073578427401351,0.2256830865999974,0.0,,,,0,7,105,45
h5_d03,HarRvThreshold,4,1710,127,0.17492711370262393,0.044129334270853346,0.06654181269291488,0.04073578427401351,0.2256830865999974,0.0,,,,0,7,105,46
h5_d03,LogisticRegressionL2,4,1710,127,0.4380952380952381,0.05408580427792573,0.2030761573932719,0.3789695738370539,0.6936958514765793,0.0,,,,0,7,127,42
h5_d03,LogisticRegressionL2,4,1710,127,0.4380952380952381,0.05408580427792573,0.2030761573932719,0.3789695738370539,0.6936958514765793,0.0,,,,0,7,127,43
h5_d03,LogisticRegressionL2,4,1710,127,0.4380952380952381,0.05408580427792573,0.2030761573932719,0.3789695738370539,0.6936958514765793,0.0,,,,0,7,127,44
h5_d03,LogisticRegressionL2,4,1710,127,0.4380952380952381,0.05408580427792573,0.2030761573932719,0.3789695738370539,0.6936958514765793,0.0,,,,0,7,127,45
h5_d03,LogisticRegressionL2,4,1710,127,0.4380952380952381,0.05408580427792573,0.2030761573932719,0.3789695738370539,0.6936958514765793,0.0,,,,0,7,127,46
h5_d03,LightGbmTuned,4,1710,127,0.7654761904761904,0.13648975149353265,0.20238442913561444,0.38898099144725534,0.7145121018606421,0.0,,,,0,7,127,42
h5_d03,LightGbmTuned,4,1710,127,0.7654761904761904,0.13648975149353265,0.20238442913561444,0.38898099144725534,0.7145121018606421,0.0,,,,0,7,127,43
h5_d03,LightGbmTuned,4,1710,127,0.7654761904761904,0.13648975149353265,0.20238442913561444,0.38898099144725534,0.7145121018606421,0.0,,,,0,7,127,44
h5_d03,LightGbmTuned,4,1710,127,0.7654761904761904,0.13648975149353265,0.20238442913561444,0.38898099144725534,0.7145121018606421,0.0,,,,0,7,127,45
h5_d03,LightGbmTuned,4,1710,127,0.7654761904761904,0.13648975149353265,0.20238442913561444,0.38898099144725534,0.7145121018606421,0.0,,,,0,7,127,46
h5_d03,NaiveBaseRate,5,1837,125,0.5,0.024,0.043442629858805676,0.141487207403375,0.16548720740337508,0.0,,,,0,3,125,42
h5_d03,NaiveBaseRate,5,1837,125,0.5,0.024,0.043442629858805676,0.141487207403375,0.16548720740337508,0.0,,,,0,3,125,43
h5_d03,NaiveBaseRate,5,1837,125,0.5,0.024,0.043442629858805676,0.141487207403375,0.16548720740337508,0.0,,,,0,3,125,44
h5_d03,NaiveBaseRate,5,1837,125,0.5,0.024,0.043442629858805676,0.141487207403375,0.16548720740337508,0.0,,,,0,3,125,45
h5_d03,NaiveBaseRate,5,1837,125,0.5,0.024,0.043442629858805676,0.141487207403375,0.16548720740337508,0.0,,,,0,3,125,46
h5_d03,VIXPercentileRaw,5,1837,125,0.28551912568306015,0.023606271777003484,0.04939141205884366,0.09984540010887316,0.9500272182906913,0.0,,,,0,3,125,42
h5_d03,VIXPercentileRaw,5,1837,125,0.28551912568306015,0.023606271777003484,0.04939141205884366,0.09984540010887316,0.9500272182906913,0.0,,,,0,3,125,43
h5_d03,VIXPercentileRaw,5,1837,125,0.28551912568306015,0.023606271777003484,0.04939141205884366,0.09984540010887316,0.9500272182906913,0.0,,,,0,3,125,44
h5_d03,VIXPercentileRaw,5,1837,125,0.28551912568306015,0.023606271777003484,0.04939141205884366,0.09984540010887316,0.9500272182906913,0.0,,,,0,3,125,45
h5_d03,VIXPercentileRaw,5,1837,125,0.28551912568306015,0.023606271777003484,0.04939141205884366,0.09984540010887316,0.9500272182906913,0.0,,,,0,3,125,46
h5_d03,VIXPercentileCalibrated,5,1837,125,0.33196721311475413,0.01920448179271709,0.02906620188875493,0.062369265963398035,0.453781512605042,0.0,,,,0,3,125,42
h5_d03,VIXPercentileCalibrated,5,1837,125,0.33196721311475413,0.01920448179271709,0.02906620188875493,0.062369265963398035,0.453781512605042,0.0,,,,0,3,125,43
h5_d03,VIXPercentileCalibrated,5,1837,125,0.33196721311475413,0.01920448179271709,0.02906620188875493,0.062369265963398035,0.453781512605042,0.0,,,,0,3,125,44
h5_d03,VIXPercentileCalibrated,5,1837,125,0.33196721311475413,0.01920448179271709,0.02906620188875493,0.062369265963398035,0.453781512605042,0.0,,,,0,3,125,45
h5_d03,VIXPercentileCalibrated,5,1837,125,0.33196721311475413,0.01920448179271709,0.02906620188875493,0.062369265963398035,0.453781512605042,0.0,,,,0,3,125,46
h5_d03,HarRvThreshold,5,1837,125,0.46333333333333326,0.049783549783549784,0.028409832642095963,0.009714664955997567,0.21767298565051657,0.0,,,,0,3,103,42
h5_d03,HarRvThreshold,5,1837,125,0.46333333333333326,0.049783549783549784,0.028409832642095963,0.009714664955997567,0.21767298565051657,0.0,,,,0,3,103,43
h5_d03,HarRvThreshold,5,1837,125,0.46333333333333326,0.049783549783549784,0.028409832642095963,0.009714664955997567,0.21767298565051657,0.0,,,,0,3,103,44
h5_d03,HarRvThreshold,5,1837,125,0.46333333333333326,0.049783549783549784,0.028409832642095963,0.009714664955997567,0.21767298565051657,0.0,,,,0,3,103,45
h5_d03,HarRvThreshold,5,1837,125,0.46333333333333326,0.049783549783549784,0.028409832642095963,0.009714664955997567,0.21767298565051657,0.0,,,,0,3,103,46
h5_d03,LogisticRegressionL2,5,1837,125,0.5901639344262295,0.056178577520040934,0.19526164675142793,0.41289390211573906,0.6892337904380513,0.0,,,,0,3,125,42
h5_d03,LogisticRegressionL2,5,1837,125,0.5901639344262295,0.056178577520040934,0.19526164675142793,0.41289390211573906,0.6892337904380513,0.0,,,,0,3,125,43
h5_d03,LogisticRegressionL2,5,1837,125,0.5901639344262295,0.056178577520040934,0.19526164675142793,0.41289390211573906,0.6892337904380513,0.0,,,,0,3,125,44
h5_d03,LogisticRegressionL2,5,1837,125,0.5901639344262295,0.056178577520040934,0.19526164675142793,0.41289390211573906,0.6892337904380513,0.0,,,,0,3,125,45
h5_d03,LogisticRegressionL2,5,1837,125,0.5901639344262295,0.056178577520040934,0.19526164675142793,0.41289390211573906,0.6892337904380513,0.0,,,,0,3,125,46
h5_d03,LightGbmTuned,5,1837,125,0.4030054644808743,0.027607843137254902,0.22062618742500378,0.43938035871733133,0.7135944083392507,0.0,,,,0,3,125,42
h5_d03,LightGbmTuned,5,1837,125,0.4030054644808743,0.027607843137254902,0.22062618742500378,0.43938035871733133,0.7135944083392507,0.0,,,,0,3,125,43
h5_d03,LightGbmTuned,5,1837,125,0.4030054644808743,0.027607843137254902,0.22062618742500378,0.43938035871733133,0.7135944083392507,0.0,,,,0,3,125,44
h5_d03,LightGbmTuned,5,1837,125,0.4030054644808743,0.027607843137254902,0.22062618742500378,0.43938035871733133,0.7135944083392507,0.0,,,,0,3,125,45
h5_d03,LightGbmTuned,5,1837,125,0.4030054644808743,0.027607843137254902,0.22062618742500378,0.43938035871733133,0.7135944083392507,0.0,,,,0,3,125,46
h5_d03,NaiveBaseRate,6,1962,126,,,0.02448379558190741,0.15647298674821614,0.1564729867482161,0.0,,,,0,0,126,42
h5_d03,NaiveBaseRate,6,1962,126,,,0.02448379558190741,0.15647298674821614,0.1564729867482161,0.0,,,,0,0,126,43
h5_d03,NaiveBaseRate,6,1962,126,,,0.02448379558190741,0.15647298674821614,0.1564729867482161,0.0,,,,0,0,126,44
h5_d03,NaiveBaseRate,6,1962,126,,,0.02448379558190741,0.15647298674821614,0.1564729867482161,0.0,,,,0,0,126,45
h5_d03,NaiveBaseRate,6,1962,126,,,0.02448379558190741,0.15647298674821614,0.1564729867482161,0.0,,,,0,0,126,46
h5_d03,VIXPercentileRaw,6,1962,126,,,0.007769281147722295,0.04453667297703995,0.950025484199796,0.0,,,,0,0,126,42
h5_d03,VIXPercentileRaw,6,1962,126,,,0.007769281147722295,0.04453667297703995,0.950025484199796,0.0,,,,0,0,126,43
h5_d03,VIXPercentileRaw,6,1962,126,,,0.007769281147722295,0.04453667297703995,0.950025484199796,0.0,,,,0,0,126,44
h5_d03,VIXPercentileRaw,6,1962,126,,,0.007769281147722295,0.04453667297703995,0.950025484199796,0.0,,,,0,0,126,45
h5_d03,VIXPercentileRaw,6,1962,126,,,0.007769281147722295,0.04453667297703995,0.950025484199796,0.0,,,,0,0,126,46
h5_d03,VIXPercentileCalibrated,6,1962,126,,,0.004662236639869356,0.05882855792551507,0.453781512605042,0.0,,,,0,0,126,42
h5_d03,VIXPercentileCalibrated,6,1962,126,,,0.004662236639869356,0.05882855792551507,0.453781512605042,0.0,,,,0,0,126,43
h5_d03,VIXPercentileCalibrated,6,1962,126,,,0.004662236639869356,0.05882855792551507,0.453781512605042,0.0,,,,0,0,126,44
h5_d03,VIXPercentileCalibrated,6,1962,126,,,0.004662236639869356,0.05882855792551507,0.453781512605042,0.0,,,,0,0,126,45
h5_d03,VIXPercentileCalibrated,6,1962,126,,,0.004662236639869356,0.05882855792551507,0.453781512605042,0.0,,,,0,0,126,46
h5_d03,HarRvThreshold,6,1962,126,,,0.0001671176127989457,0.010096667935324023,0.2051254718982957,0.0,,,,0,0,104,42
h5_d03,HarRvThreshold,6,1962,126,,,0.0001671176127989457,0.010096667935324023,0.2051254718982957,0.0,,,,0,0,104,43
h5_d03,HarRvThreshold,6,1962,126,,,0.0001671176127989457,0.010096667935324023,0.2051254718982957,0.0,,,,0,0,104,44
h5_d03,HarRvThreshold,6,1962,126,,,0.0001671176127989457,0.010096667935324023,0.2051254718982957,0.0,,,,0,0,104,45
h5_d03,HarRvThreshold,6,1962,126,,,0.0001671176127989457,0.010096667935324023,0.2051254718982957,0.0,,,,0,0,104,46
h5_d03,LogisticRegressionL2,6,1962,126,,,0.15125835680616467,0.38513158260435476,0.7052137931011576,0.0,,,,0,0,126,42
h5_d03,LogisticRegressionL2,6,1962,126,,,0.15125835680616467,0.38513158260435476,0.7052137931011576,0.0,,,,0,0,126,43
h5_d03,LogisticRegressionL2,6,1962,126,,,0.15125835680616467,0.38513158260435476,0.7052137931011576,0.0,,,,0,0,126,44
h5_d03,LogisticRegressionL2,6,1962,126,,,0.15125835680616467,0.38513158260435476,0.7052137931011576,0.0,,,,0,0,126,45
h5_d03,LogisticRegressionL2,6,1962,126,,,0.15125835680616467,0.38513158260435476,0.7052137931011576,0.0,,,,0,0,126,46
h5_d03,LightGbmTuned,6,1962,126,,,0.19800790716334837,0.4408176946357,0.722545564738667,0.0,,,,0,0,126,42
h5_d03,LightGbmTuned,6,1962,126,,,0.19800790716334837,0.4408176946357,0.722545564738667,0.0,,,,0,0,126,43
h5_d03,LightGbmTuned,6,1962,126,,,0.19800790716334837,0.4408176946357,0.722545564738667,0.0,,,,0,0,126,44
h5_d03,LightGbmTuned,6,1962,126,,,0.19800790716334837,0.4408176946357,0.722545564738667,0.0,,,,0,0,126,45
h5_d03,LightGbmTuned,6,1962,126,,,0.19800790716334837,0.4408176946357,0.722545564738667,0.0,,,,0,0,126,46
h5_d03,NaiveBaseRate,7,2088,124,0.5,0.10483870967741936,0.09562771457193578,0.042191941663576774,0.14703065134099616,0.0,,,,0,13,124,42
h5_d03,NaiveBaseRate,7,2088,124,0.5,0.10483870967741936,0.09562771457193578,0.042191941663576774,0.14703065134099616,0.0,,,,0,13,124,43
h5_d03,NaiveBaseRate,7,2088,124,0.5,0.10483870967741936,0.09562771457193578,0.042191941663576774,0.14703065134099616,0.0,,,,0,13,124,44
h5_d03,NaiveBaseRate,7,2088,124,0.5,0.10483870967741936,0.09562771457193578,0.042191941663576774,0.14703065134099616,0.0,,,,0,13,124,45
h5_d03,NaiveBaseRate,7,2088,124,0.5,0.10483870967741936,0.09562771457193578,0.042191941663576774,0.14703065134099616,0.0,,,,0,13,124,46
h5_d03,VIXPercentileRaw,7,2088,124,0.6316701316701316,0.13661229584283938,0.1611786132248783,0.15802666543072552,0.9500239463601532,0.0,,,,0,13,124,42
h5_d03,VIXPercentileRaw,7,2088,124,0.6316701316701316,0.13661229584283938,0.1611786132248783,0.15802666543072552,0.9500239463601532,0.0,,,,0,13,124,43
h5_d03,VIXPercentileRaw,7,2088,124,0.6316701316701316,0.13661229584283938,0.1611786132248783,0.15802666543072552,0.9500239463601532,0.0,,,,0,13,124,44
h5_d03,VIXPercentileRaw,7,2088,124,0.6316701316701316,0.13661229584283938,0.1611786132248783,0.15802666543072552,0.9500239463601532,0.0,,,,0,13,124,45
h5_d03,VIXPercentileRaw,7,2088,124,0.6316701316701316,0.13661229584283938,0.1611786132248783,0.15802666543072552,0.9500239463601532,0.0,,,,0,13,124,46
h5_d03,VIXPercentileCalibrated,7,2088,124,0.597020097020097,0.13471943352697036,0.09735100838314575,0.05945451672232222,0.453781512605042,0.0,,,,0,13,124,42
h5_d03,VIXPercentileCalibrated,7,2088,124,0.597020097020097,0.13471943352697036,0.09735100838314575,0.05945451672232222,0.453781512605042,0.0,,,,0,13,124,43
h5_d03,VIXPercentileCalibrated,7,2088,124,0.597020097020097,0.13471943352697036,0.09735100838314575,0.05945451672232222,0.453781512605042,0.0,,,,0,13,124,44
h5_d03,VIXPercentileCalibrated,7,2088,124,0.597020097020097,0.13471943352697036,0.09735100838314575,0.05945451672232222,0.453781512605042,0.0,,,,0,13,124,45
h5_d03,VIXPercentileCalibrated,7,2088,124,0.597020097020097,0.13471943352697036,0.09735100838314575,0.05945451672232222,0.453781512605042,0.0,,,,0,13,124,46
h5_d03,HarRvThreshold,7,2088,124,0.41356382978723405,0.07678258174721843,0.07624129155051851,0.05132245201606124,0.19215121794971626,0.0,,,,0,8,102,42
h5_d03,HarRvThreshold,7,2088,124,0.41356382978723405,0.07678258174721843,0.07624129155051851,0.05132245201606124,0.19215121794971626,0.0,,,,0,8,102,43
h5_d03,HarRvThreshold,7,2088,124,0.41356382978723405,0.07678258174721843,0.07624129155051851,0.05132245201606124,0.19215121794971626,0.0,,,,0,8,102,44
h5_d03,HarRvThreshold,7,2088,124,0.41356382978723405,0.07678258174721843,0.07624129155051851,0.05132245201606124,0.19215121794971626,0.0,,,,0,8,102,45
h5_d03,HarRvThreshold,7,2088,124,0.41356382978723405,0.07678258174721843,0.07624129155051851,0.05132245201606124,0.19215121794971626,0.0,,,,0,8,102,46
h5_d03,LogisticRegressionL2,7,2088,124,0.47609147609147606,0.1014927571808192,0.23263250898229593,0.34550755424909685,0.7253241665961537,0.008064516129032258,0.0,3.3148830252345083,,1,13,124,42
h5_d03,LogisticRegressionL2,7,2088,124,0.47609147609147606,0.1014927571808192,0.23263250898229593,0.34550755424909685,0.7253241665961537,0.008064516129032258,0.0,3.3148830252345083,,1,13,124,43
h5_d03,LogisticRegressionL2,7,2088,124,0.47609147609147606,0.1014927571808192,0.23263250898229593,0.34550755424909685,0.7253241665961537,0.008064516129032258,0.0,3.3148830252345083,,1,13,124,44
h5_d03,LogisticRegressionL2,7,2088,124,0.47609147609147606,0.1014927571808192,0.23263250898229593,0.34550755424909685,0.7253241665961537,0.008064516129032258,0.0,3.3148830252345083,,1,13,124,45
h5_d03,LogisticRegressionL2,7,2088,124,0.47609147609147606,0.1014927571808192,0.23263250898229593,0.34550755424909685,0.7253241665961537,0.008064516129032258,0.0,3.3148830252345083,,1,13,124,46
h5_d03,LightGbmTuned,7,2088,124,0.3257103257103257,0.0838666905485582,0.23943901533954753,0.36997464186249907,0.7248739819744827,0.0,,,,0,13,124,42
h5_d03,LightGbmTuned,7,2088,124,0.3257103257103257,0.0838666905485582,0.23943901533954753,0.36997464186249907,0.7248739819744827,0.0,,,,0,13,124,43
h5_d03,LightGbmTuned,7,2088,124,0.3257103257103257,0.0838666905485582,0.23943901533954753,0.36997464186249907,0.7248739819744827,0.0,,,,0,13,124,44
h5_d03,LightGbmTuned,7,2088,124,0.3257103257103257,0.0838666905485582,0.23943901533954753,0.36997464186249907,0.7248739819744827,0.0,,,,0,13,124,45
h5_d03,LightGbmTuned,7,2088,124,0.3257103257103257,0.0838666905485582,0.23943901533954753,0.36997464186249907,0.7248739819744827,0.0,,,,0,13,124,46
h5_d03,NaiveBaseRate,8,2212,124,0.5,0.25806451612903225,0.20432656732079985,0.11339905500787492,0.14466546112115733,0.0,,,,0,32,124,42
h5_d03,NaiveBaseRate,8,2212,124,0.5,0.25806451612903225,0.20432656732079985,0.11339905500787492,0.14466546112115733,0.0,,,,0,32,124,43
h5_d03,NaiveBaseRate,8,2212,124,0.5,0.25806451612903225,0.20432656732079985,0.11339905500787492,0.14466546112115733,0.0,,,,0,32,124,44
h5_d03,NaiveBaseRate,8,2212,124,0.5,0.25806451612903225,0.20432656732079985,0.11339905500787492,0.14466546112115733,0.0,,,,0,32,124,45
h5_d03,NaiveBaseRate,8,2212,124,0.5,0.25806451612903225,0.20432656732079985,0.11339905500787492,0.14466546112115733,0.0,,,,0,32,124,46
h5_d03,VIXPercentileRaw,8,2212,124,0.7318274456521738,0.38717959762993753,0.19936115016815786,0.19001560403663303,0.9500226039783001,0.0,,,,0,32,124,42
h5_d03,VIXPercentileRaw,8,2212,124,0.7318274456521738,0.38717959762993753,0.19936115016815786,0.19001560403663303,0.9500226039783001,0.0,,,,0,32,124,43
h5_d03,VIXPercentileRaw,8,2212,124,0.7318274456521738,0.38717959762993753,0.19936115016815786,0.19001560403663303,0.9500226039783001,0.0,,,,0,32,124,44
h5_d03,VIXPercentileRaw,8,2212,124,0.7318274456521738,0.38717959762993753,0.19936115016815786,0.19001560403663303,0.9500226039783001,0.0,,,,0,32,124,45
h5_d03,VIXPercentileRaw,8,2212,124,0.7318274456521738,0.38717959762993753,0.19936115016815786,0.19001560403663303,0.9500226039783001,0.0,,,,0,32,124,46
h5_d03,VIXPercentileCalibrated,8,2212,124,0.7420176630434783,0.39888829013540794,0.19724066051119693,0.15508944196983368,0.453781512605042,0.0,,,,0,32,124,42
h5_d03,VIXPercentileCalibrated,8,2212,124,0.7420176630434783,0.39888829013540794,0.19724066051119693,0.15508944196983368,0.453781512605042,0.0,,,,0,32,124,43
h5_d03,VIXPercentileCalibrated,8,2212,124,0.7420176630434783,0.39888829013540794,0.19724066051119693,0.15508944196983368,0.453781512605042,0.0,,,,0,32,124,44
h5_d03,VIXPercentileCalibrated,8,2212,124,0.7420176630434783,0.39888829013540794,0.19724066051119693,0.15508944196983368,0.453781512605042,0.0,,,,0,32,124,45
h5_d03,VIXPercentileCalibrated,8,2212,124,0.7420176630434783,0.39888829013540794,0.19724066051119693,0.15508944196983368,0.453781512605042,0.0,,,,0,32,124,46
h5_d03,HarRvThreshold,8,2212,124,0.655357142857143,0.3773629051104148,0.28020298281414574,0.2669311470031528,0.18411195657638846,0.029411764705882353,0.0,0.08586338940510697,,3,32,102,42
h5_d03,HarRvThreshold,8,2212,124,0.655357142857143,0.3773629051104148,0.28020298281414574,0.2669311470031528,0.18411195657638846,0.029411764705882353,0.0,0.08586338940510697,,3,32,102,43
h5_d03,HarRvThreshold,8,2212,124,0.655357142857143,0.3773629051104148,0.28020298281414574,0.2669311470031528,0.18411195657638846,0.029411764705882353,0.0,0.08586338940510697,,3,32,102,44
h5_d03,HarRvThreshold,8,2212,124,0.655357142857143,0.3773629051104148,0.28020298281414574,0.2669311470031528,0.18411195657638846,0.029411764705882353,0.0,0.08586338940510697,,3,32,102,45
h5_d03,HarRvThreshold,8,2212,124,0.655357142857143,0.3773629051104148,0.28020298281414574,0.2669311470031528,0.18411195657638846,0.029411764705882353,0.0,0.08586338940510697,,3,32,102,46
h5_d03,LogisticRegressionL2,8,2212,124,0.7506793478260869,0.4051698183468901,0.23122212195010303,0.2558726239343993,0.7080957580801056,0.08064516129032258,0.3,1.216240478815559,1.4173848831977394,10,32,124,42
h5_d03,LogisticRegressionL2,8,2212,124,0.7506793478260869,0.4051698183468901,0.23122212195010303,0.2558726239343993,0.7080957580801056,0.08064516129032258,0.3,1.216240478815559,1.4173848831977394,10,32,124,43
h5_d03,LogisticRegressionL2,8,2212,124,0.7506793478260869,0.4051698183468901,0.23122212195010303,0.2558726239343993,0.7080957580801056,0.08064516129032258,0.3,1.216240478815559,1.4173848831977394,10,32,124,44
h5_d03,LogisticRegressionL2,8,2212,124,0.7506793478260869,0.4051698183468901,0.23122212195010303,0.2558726239343993,0.7080957580801056,0.08064516129032258,0.3,1.216240478815559,1.4173848831977394,10,32,124,45
h5_d03,LogisticRegressionL2,8,2212,124,0.7506793478260869,0.4051698183468901,0.23122212195010303,0.2558726239343993,0.7080957580801056,0.08064516129032258,0.3,1.216240478815559,1.4173848831977394,10,32,124,46
h5_d03,LightGbmTuned,8,2212,124,0.7968750000000001,0.4632809708871545,0.22723742649918197,0.23309054444383814,0.7065970952335933,0.024193548387096774,0.0,0.09743682675775021,,3,32,124,42
h5_d03,LightGbmTuned,8,2212,124,0.7968750000000001,0.4632809708871545,0.22723742649918197,0.23309054444383814,0.7065970952335933,0.024193548387096774,0.0,0.09743682675775021,,3,32,124,43
h5_d03,LightGbmTuned,8,2212,124,0.7968750000000001,0.4632809708871545,0.22723742649918197,0.23309054444383814,0.7065970952335933,0.024193548387096774,0.0,0.09743682675775021,,3,32,124,44
h5_d03,LightGbmTuned,8,2212,124,0.7968750000000001,0.4632809708871545,0.22723742649918197,0.23309054444383814,0.7065970952335933,0.024193548387096774,0.0,0.09743682675775021,,3,32,124,45
h5_d03,LightGbmTuned,8,2212,124,0.7968750000000001,0.4632809708871545,0.22723742649918197,0.23309054444383814,0.7065970952335933,0.024193548387096774,0.0,0.09743682675775021,,3,32,124,46
h5_d03,NaiveBaseRate,9,2336,124,0.5,0.12096774193548387,0.10721765870253455,0.029717189571365404,0.1506849315068493,0.0,,,,0,15,124,42
h5_d03,NaiveBaseRate,9,2336,124,0.5,0.12096774193548387,0.10721765870253455,0.029717189571365404,0.1506849315068493,0.0,,,,0,15,124,43
h5_d03,NaiveBaseRate,9,2336,124,0.5,0.12096774193548387,0.10721765870253455,0.029717189571365404,0.1506849315068493,0.0,,,,0,15,124,44
h5_d03,NaiveBaseRate,9,2336,124,0.5,0.12096774193548387,0.10721765870253455,0.029717189571365404,0.1506849315068493,0.0,,,,0,15,124,45
h5_d03,NaiveBaseRate,9,2336,124,0.5,0.12096774193548387,0.10721765870253455,0.029717189571365404,0.1506849315068493,0.0,,,,0,15,124,46
h5_d03,VIXPercentileRaw,9,2336,124,0.409480122324159,0.10459562049252939,0.2300986293897814,0.28827883340698185,0.950021404109589,0.0,,,,0,15,124,42
h5_d03,VIXPercentileRaw,9,2336,124,0.409480122324159,0.10459562049252939,0.2300986293897814,0.28827883340698185,0.950021404109589,0.0,,,,0,15,124,43
h5_d03,VIXPercentileRaw,9,2336,124,0.409480122324159,0.10459562049252939,0.2300986293897814,0.28827883340698185,0.950021404109589,0.0,,,,0,15,124,44
h5_d03,VIXPercentileRaw,9,2336,124,0.409480122324159,0.10459562049252939,0.2300986293897814,0.28827883340698185,0.950021404109589,0.0,,,,0,15,124,45
h5_d03,VIXPercentileRaw,9,2336,124,0.409480122324159,0.10459562049252939,0.2300986293897814,0.28827883340698185,0.950021404109589,0.0,,,,0,15,124,46
h5_d03,VIXPercentileCalibrated,9,2336,124,0.4244648318042814,0.10820731511351522,0.1109219181954735,0.06315049345648897,0.453781512605042,0.0,,,,0,15,124,42
h5_d03,VIXPercentileCalibrated,9,2336,124,0.4244648318042814,0.10820731511351522,0.1109219181954735,0.06315049345648897,0.453781512605042,0.0,,,,0,15,124,43
h5_d03,VIXPercentileCalibrated,9,2336,124,0.4244648318042814,0.10820731511351522,0.1109219181954735,0.06315049345648897,0.453781512605042,0.0,,,,0,15,124,44
h5_d03,VIXPercentileCalibrated,9,2336,124,0.4244648318042814,0.10820731511351522,0.1109219181954735,0.06315049345648897,0.453781512605042,0.0,,,,0,15,124,45
h5_d03,VIXPercentileCalibrated,9,2336,124,0.4244648318042814,0.10820731511351522,0.1109219181954735,0.06315049345648897,0.453781512605042,0.0,,,,0,15,124,46
h5_d03,HarRvThreshold,9,2336,124,0.4260536398467433,0.14415683354231928,0.14003821300339683,0.11429157731749073,0.1828609161102737,0.0,,,,0,15,102,42
h5_d03,HarRvThreshold,9,2336,124,0.4260536398467433,0.14415683354231928,0.14003821300339683,0.11429157731749073,0.1828609161102737,0.0,,,,0,15,102,43
h5_d03,HarRvThreshold,9,2336,124,0.4260536398467433,0.14415683354231928,0.14003821300339683,0.11429157731749073,0.1828609161102737,0.0,,,,0,15,102,44
h5_d03,HarRvThreshold,9,2336,124,0.4260536398467433,0.14415683354231928,0.14003821300339683,0.11429157731749073,0.1828609161102737,0.0,,,,0,15,102,45
h5_d03,HarRvThreshold,9,2336,124,0.4260536398467433,0.14415683354231928,0.14003821300339683,0.11429157731749073,0.1828609161102737,0.0,,,,0,15,102,46
h5_d03,LogisticRegressionL2,9,2336,124,0.4342507645259938,0.11025532565374987,0.2622040728093136,0.37130528957284586,0.7348214457945366,0.024193548387096774,0.0,0.25527621160397174,,3,15,124,42
h5_d03,LogisticRegressionL2,9,2336,124,0.4342507645259938,0.11025532565374987,0.2622040728093136,0.37130528957284586,0.7348214457945366,0.024193548387096774,0.0,0.25527621160397174,,3,15,124,43
h5_d03,LogisticRegressionL2,9,2336,124,0.4342507645259938,0.11025532565374987,0.2622040728093136,0.37130528957284586,0.7348214457945366,0.024193548387096774,0.0,0.25527621160397174,,3,15,124,44
h5_d03,LogisticRegressionL2,9,2336,124,0.4342507645259938,0.11025532565374987,0.2622040728093136,0.37130528957284586,0.7348214457945366,0.024193548387096774,0.0,0.25527621160397174,,3,15,124,45
h5_d03,LogisticRegressionL2,9,2336,124,0.4342507645259938,0.11025532565374987,0.2622040728093136,0.37130528957284586,0.7348214457945366,0.024193548387096774,0.0,0.25527621160397174,,3,15,124,46
h5_d03,LightGbmTuned,9,2336,124,0.45137614678899074,0.11436139910761411,0.245695271039802,0.351592236433323,0.6524310210392212,0.07258064516129033,0.0,0.4071172745985145,,9,15,124,42
h5_d03,LightGbmTuned,9,2336,124,0.45137614678899074,0.11436139910761411,0.245695271039802,0.351592236433323,0.6524310210392212,0.07258064516129033,0.0,0.4071172745985145,,9,15,124,43
h5_d03,LightGbmTuned,9,2336,124,0.45137614678899074,0.11436139910761411,0.245695271039802,0.351592236433323,0.6524310210392212,0.07258064516129033,0.0,0.4071172745985145,,9,15,124,44
h5_d03,LightGbmTuned,9,2336,124,0.45137614678899074,0.11436139910761411,0.245695271039802,0.351592236433323,0.6524310210392212,0.07258064516129033,0.0,0.4071172745985145,,9,15,124,45
h5_d03,LightGbmTuned,9,2336,124,0.45137614678899074,0.11436139910761411,0.245695271039802,0.351592236433323,0.6524310210392212,0.07258064516129033,0.0,0.4071172745985145,,9,15,124,46
h5_d03,NaiveBaseRate,10,2460,126,0.5,0.10317460317460317,0.09464674434781513,0.046012388695315515,0.1491869918699187,0.0,,,,0,13,126,42
h5_d03,NaiveBaseRate,10,2460,126,0.5,0.10317460317460317,0.09464674434781513,0.046012388695315515,0.1491869918699187,0.0,,,,0,13,126,43
h5_d03,NaiveBaseRate,10,2460,126,0.5,0.10317460317460317,0.09464674434781513,0.046012388695315515,0.1491869918699187,0.0,,,,0,13,126,44
h5_d03,NaiveBaseRate,10,2460,126,0.5,0.10317460317460317,0.09464674434781513,0.046012388695315515,0.1491869918699187,0.0,,,,0,13,126,45
h5_d03,NaiveBaseRate,10,2460,126,0.5,0.10317460317460317,0.09464674434781513,0.046012388695315515,0.1491869918699187,0.0,,,,0,13,126,46
h5_d03,VIXPercentileRaw,10,2460,126,0.7079646017699116,0.16590599503319808,0.17278648989064418,0.24047941669892883,0.9504065040650407,0.0,,,,0,13,126,42
h5_d03,VIXPercentileRaw,10,2460,126,0.7079646017699116,0.16590599503319808,0.17278648989064418,0.24047941669892883,0.9504065040650407,0.0,,,,0,13,126,43
h5_d03,VIXPercentileRaw,10,2460,126,0.7079646017699116,0.16590599503319808,0.17278648989064418,0.24047941669892883,0.9504065040650407,0.0,,,,0,13,126,44
h5_d03,VIXPercentileRaw,10,2460,126,0.7079646017699116,0.16590599503319808,0.17278648989064418,0.24047941669892883,0.9504065040650407,0.0,,,,0,13,126,45
h5_d03,VIXPercentileRaw,10,2460,126,0.7079646017699116,0.16590599503319808,0.17278648989064418,0.24047941669892883,0.9504065040650407,0.0,,,,0,13,126,46
h5_d03,VIXPercentileCalibrated,10,2460,126,0.6991150442477876,0.18559300176947235,0.09062536691985187,0.042257935550205,0.42857142857142855,0.0,,,,0,13,126,42
h5_d03,VIXPercentileCalibrated,10,2460,126,0.6991150442477876,0.18559300176947235,0.09062536691985187,0.042257935550205,0.42857142857142855,0.0,,,,0,13,126,43
h5_d03,VIXPercentileCalibrated,10,2460,126,0.6991150442477876,0.18559300176947235,0.09062536691985187,0.042257935550205,0.42857142857142855,0.0,,,,0,13,126,44
h5_d03,VIXPercentileCalibrated,10,2460,126,0.6991150442477876,0.18559300176947235,0.09062536691985187,0.042257935550205,0.42857142857142855,0.0,,,,0,13,126,45
h5_d03,VIXPercentileCalibrated,10,2460,126,0.6991150442477876,0.18559300176947235,0.09062536691985187,0.042257935550205,0.42857142857142855,0.0,,,,0,13,126,46
h5_d03,HarRvThreshold,10,2460,126,0.7707602339181288,0.1889472325263828,0.07856109013921596,0.05543028332209435,0.18042795524339486,0.0,,,,0,9,104,42
h5_d03,HarRvThreshold,10,2460,126,0.7707602339181288,0.1889472325263828,0.07856109013921596,0.05543028332209435,0.18042795524339486,0.0,,,,0,9,104,43
h5_d03,HarRvThreshold,10,2460,126,0.7707602339181288,0.1889472325263828,0.07856109013921596,0.05543028332209435,0.18042795524339486,0.0,,,,0,9,104,44
h5_d03,HarRvThreshold,10,2460,126,0.7707602339181288,0.1889472325263828,0.07856109013921596,0.05543028332209435,0.18042795524339486,0.0,,,,0,9,104,45
h5_d03,HarRvThreshold,10,2460,126,0.7707602339181288,0.1889472325263828,0.07856109013921596,0.05543028332209435,0.18042795524339486,0.0,,,,0,9,104,46
h5_d03,LogisticRegressionL2,10,2460,126,0.7590197413206262,0.22720554389606268,0.20178489342843106,0.33814632705651443,0.715357347424913,0.0,,,,0,13,126,42
h5_d03,LogisticRegressionL2,10,2460,126,0.7590197413206262,0.22720554389606268,0.20178489342843106,0.33814632705651443,0.715357347424913,0.0,,,,0,13,126,43
h5_d03,LogisticRegressionL2,10,2460,126,0.7590197413206262,0.22720554389606268,0.20178489342843106,0.33814632705651443,0.715357347424913,0.0,,,,0,13,126,44
h5_d03,LogisticRegressionL2,10,2460,126,0.7590197413206262,0.22720554389606268,0.20178489342843106,0.33814632705651443,0.715357347424913,0.0,,,,0,13,126,45
h5_d03,LogisticRegressionL2,10,2460,126,0.7590197413206262,0.22720554389606268,0.20178489342843106,0.33814632705651443,0.715357347424913,0.0,,,,0,13,126,46
h5_d03,LightGbmTuned,10,2460,126,0.6266167460857726,0.18441863085262716,0.2121361481748665,0.3452184839608851,0.6476979039366526,0.0,,,,0,13,126,42
h5_d03,LightGbmTuned,10,2460,126,0.6266167460857726,0.18441863085262716,0.2121361481748665,0.3452184839608851,0.6476979039366526,0.0,,,,0,13,126,43
h5_d03,LightGbmTuned,10,2460,126,0.6266167460857726,0.18441863085262716,0.2121361481748665,0.3452184839608851,0.6476979039366526,0.0,,,,0,13,126,44
h5_d03,LightGbmTuned,10,2460,126,0.6266167460857726,0.18441863085262716,0.2121361481748665,0.3452184839608851,0.6476979039366526,0.0,,,,0,13,126,45
h5_d03,LightGbmTuned,10,2460,126,0.6266167460857726,0.18441863085262716,0.2121361481748665,0.3452184839608851,0.6476979039366526,0.0,,,,0,13,126,46
h5_d03,NaiveBaseRate,11,2586,126,0.5,0.3492063492063492,0.26817089228467295,0.2022612602659006,0.14694508894044858,0.0,,,,0,44,126,42
h5_d03,NaiveBaseRate,11,2586,126,0.5,0.3492063492063492,0.26817089228467295,0.2022612602659006,0.14694508894044858,0.0,,,,0,44,126,43
h5_d03,NaiveBaseRate,11,2586,126,0.5,0.3492063492063492,0.26817089228467295,0.2022612602659006,0.14694508894044858,0.0,,,,0,44,126,44
h5_d03,NaiveBaseRate,11,2586,126,0.5,0.3492063492063492,0.26817089228467295,0.2022612602659006,0.14694508894044858,0.0,,,,0,44,126,45
h5_d03,NaiveBaseRate,11,2586,126,0.5,0.3492063492063492,0.26817089228467295,0.2022612602659006,0.14694508894044858,0.0,,,,0,44,126,46
h5_d03,VIXPercentileRaw,11,2586,126,0.5981152993348114,0.4685330451671657,0.44719007266424826,0.4372905387986593,0.9500193348801238,0.6666666666666666,0.38095238095238093,1.0408587613495754,1.0186757677322034,84,44,126,42
h5_d03,VIXPercentileRaw,11,2586,126,0.5981152993348114,0.4685330451671657,0.44719007266424826,0.4372905387986593,0.9500193348801238,0.6666666666666666,0.38095238095238093,1.0408587613495754,1.0186757677322034,84,44,126,43
h5_d03,VIXPercentileRaw,11,2586,126,0.5981152993348114,0.4685330451671657,0.44719007266424826,0.4372905387986593,0.9500193348801238,0.6666666666666666,0.38095238095238093,1.0408587613495754,1.0186757677322034,84,44,126,44
h5_d03,VIXPercentileRaw,11,2586,126,0.5981152993348114,0.4685330451671657,0.44719007266424826,0.4372905387986593,0.9500193348801238,0.6666666666666666,0.38095238095238093,1.0408587613495754,1.0186757677322034,84,44,126,45
h5_d03,VIXPercentileRaw,11,2586,126,0.5981152993348114,0.4685330451671657,0.44719007266424826,0.4372905387986593,0.9500193348801238,0.6666666666666666,0.38095238095238093,1.0408587613495754,1.0186757677322034,84,44,126,46
h5_d03,VIXPercentileCalibrated,11,2586,126,0.5655487804878049,0.38020819386309807,0.2319631732679836,0.11188580926291278,0.36585365853658536,0.6666666666666666,0.38095238095238093,1.0408587613495754,1.0186757677322034,84,44,126,42
h5_d03,VIXPercentileCalibrated,11,2586,126,0.5655487804878049,0.38020819386309807,0.2319631732679836,0.11188580926291278,0.36585365853658536,0.6666666666666666,0.38095238095238093,1.0408587613495754,1.0186757677322034,84,44,126,43
h5_d03,VIXPercentileCalibrated,11,2586,126,0.5655487804878049,0.38020819386309807,0.2319631732679836,0.11188580926291278,0.36585365853658536,0.6666666666666666,0.38095238095238093,1.0408587613495754,1.0186757677322034,84,44,126,44
h5_d03,VIXPercentileCalibrated,11,2586,126,0.5655487804878049,0.38020819386309807,0.2319631732679836,0.11188580926291278,0.36585365853658536,0.6666666666666666,0.38095238095238093,1.0408587613495754,1.0186757677322034,84,44,126,45
h5_d03,VIXPercentileCalibrated,11,2586,126,0.5655487804878049,0.38020819386309807,0.2319631732679836,0.11188580926291278,0.36585365853658536,0.6666666666666666,0.38095238095238093,1.0408587613495754,1.0186757677322034,84,44,126,46
h5_d03,HarRvThreshold,11,2586,126,0.4937094929470072,0.4577948332070403,0.33159564012505977,0.33127677226658025,0.17407367006945618,0.7692307692307693,0.3875,1.0046253420678257,1.0858058584312986,80,43,104,42
h5_d03,HarRvThreshold,11,2586,126,0.4937094929470072,0.4577948332070403,0.33159564012505977,0.33127677226658025,0.17407367006945618,0.7692307692307693,0.3875,1.0046253420678257,1.0858058584312986,80,43,104,43
h5_d03,HarRvThreshold,11,2586,126,0.4937094929470072,0.4577948332070403,0.33159564012505977,0.33127677226658025,0.17407367006945618,0.7692307692307693,0.3875,1.0046253420678257,1.0858058584312986,80,43,104,44
h5_d03,HarRvThreshold,11,2586,126,0.4937094929470072,0.4577948332070403,0.33159564012505977,0.33127677226658025,0.17407367006945618,0.7692307692307693,0.3875,1.0046253420678257,1.0858058584312986,80,43,104,45
h5_d03,HarRvThreshold,11,2586,126,0.4937094929470072,0.4577948332070403,0.33159564012505977,0.33127677226658025,0.17407367006945618,0.7692307692307693,0.3875,1.0046253420678257,1.0858058584312986,80,43,104,46
h5_d03,LogisticRegressionL2,11,2586,126,0.6676829268292683,0.505628938124954,0.3201388427334791,0.3188671292675031,0.7165044128672183,0.4523809523809524,0.43859649122807015,1.3550400895911274,1.1642933254775978,57,44,126,42
h5_d03,LogisticRegressionL2,11,2586,126,0.6676829268292683,0.505628938124954,0.3201388427334791,0.3188671292675031,0.7165044128672183,0.4523809523809524,0.43859649122807015,1.3550400895911274,1.1642933254775978,57,44,126,43
h5_d03,LogisticRegressionL2,11,2586,126,0.6676829268292683,0.505628938124954,0.3201388427334791,0.3188671292675031,0.7165044128672183,0.4523809523809524,0.43859649122807015,1.3550400895911274,1.1642933254775978,57,44,126,44
h5_d03,LogisticRegressionL2,11,2586,126,0.6676829268292683,0.505628938124954,0.3201388427334791,0.3188671292675031,0.7165044128672183,0.4523809523809524,0.43859649122807015,1.3550400895911274,1.1642933254775978,57,44,126,45
h5_d03,LogisticRegressionL2,11,2586,126,0.6676829268292683,0.505628938124954,0.3201388427334791,0.3188671292675031,0.7165044128672183,0.4523809523809524,0.43859649122807015,1.3550400895911274,1.1642933254775978,57,44,126,46
h5_d03,LightGbmTuned,11,2586,126,0.558619733924612,0.3754436964255673,0.2928660460447939,0.2662887646210762,0.6336000042496631,0.5714285714285714,0.375,0.8869413119507313,0.9042247091753781,72,44,126,42
h5_d03,LightGbmTuned,11,2586,126,0.558619733924612,0.3754436964255673,0.2928660460447939,0.2662887646210762,0.6336000042496631,0.5714285714285714,0.375,0.8869413119507313,0.9042247091753781,72,44,126,43
h5_d03,LightGbmTuned,11,2586,126,0.558619733924612,0.3754436964255673,0.2928660460447939,0.2662887646210762,0.6336000042496631,0.5714285714285714,0.375,0.8869413119507313,0.9042247091753781,72,44,126,44
h5_d03,LightGbmTuned,11,2586,126,0.558619733924612,0.3754436964255673,0.2928660460447939,0.2662887646210762,0.6336000042496631,0.5714285714285714,0.375,0.8869413119507313,0.9042247091753781,72,44,126,45
h5_d03,LightGbmTuned,11,2586,126,0.558619733924612,0.3754436964255673,0.2928660460447939,0.2662887646210762,0.6336000042496631,0.5714285714285714,0.375,0.8869413119507313,0.9042247091753781,72,44,126,46
h5_d03,NaiveBaseRate,12,2712,126,0.5,0.12698412698412698,0.1117210539248287,0.029358055906728547,0.15634218289085547,0.0,,,,0,16,126,42
h5_d03,NaiveBaseRate,12,2712,126,0.5,0.12698412698412698,0.1117210539248287,0.029358055906728547,0.15634218289085547,0.0,,,,0,16,126,43
h5_d03,NaiveBaseRate,12,2712,126,0.5,0.12698412698412698,0.1117210539248287,0.029358055906728547,0.15634218289085547,0.0,,,,0,16,126,44
h5_d03,NaiveBaseRate,12,2712,126,0.5,0.12698412698412698,0.1117210539248287,0.029358055906728547,0.15634218289085547,0.0,,,,0,16,126,45
h5_d03,NaiveBaseRate,12,2712,126,0.5,0.12698412698412698,0.1117210539248287,0.029358055906728547,0.15634218289085547,0.0,,,,0,16,126,46
h5_d03,VIXPercentileRaw,12,2712,126,0.5704545454545455,0.1641281706913974,0.6895523609697094,0.7612843564170997,0.950018436578171,0.03968253968253968,0.0,1.2276110118549832,,5,16,126,42
h5_d03,VIXPercentileRaw,12,2712,126,0.5704545454545455,0.1641281706913974,0.6895523609697094,0.7612843564170997,0.950018436578171,0.03968253968253968,0.0,1.2276110118549832,,5,16,126,43
h5_d03,VIXPercentileRaw,12,2712,126,0.5704545454545455,0.1641281706913974,0.6895523609697094,0.7612843564170997,0.950018436578171,0.03968253968253968,0.0,1.2276110118549832,,5,16,126,44
h5_d03,VIXPercentileRaw,12,2712,126,0.5704545454545455,0.1641281706913974,0.6895523609697094,0.7612843564170997,0.950018436578171,0.03968253968253968,0.0,1.2276110118549832,,5,16,126,45
h5_d03,VIXPercentileRaw,12,2712,126,0.5704545454545455,0.1641281706913974,0.6895523609697094,0.7612843564170997,0.950018436578171,0.03968253968253968,0.0,1.2276110118549832,,5,16,126,46
h5_d03,VIXPercentileCalibrated,12,2712,126,0.5727272727272728,0.15374107249330843,0.14027277615047315,0.15977506573049138,0.40512820512820513,0.0,,,,0,16,126,42
h5_d03,VIXPercentileCalibrated,12,2712,126,0.5727272727272728,0.15374107249330843,0.14027277615047315,0.15977506573049138,0.40512820512820513,0.0,,,,0,16,126,43
h5_d03,VIXPercentileCalibrated,12,2712,126,0.5727272727272728,0.15374107249330843,0.14027277615047315,0.15977506573049138,0.40512820512820513,0.0,,,,0,16,126,44
h5_d03,VIXPercentileCalibrated,12,2712,126,0.5727272727272728,0.15374107249330843,0.14027277615047315,0.15977506573049138,0.40512820512820513,0.0,,,,0,16,126,45
h5_d03,VIXPercentileCalibrated,12,2712,126,0.5727272727272728,0.15374107249330843,0.14027277615047315,0.15977506573049138,0.40512820512820513,0.0,,,,0,16,126,46
h5_d03,HarRvThreshold,12,2712,126,0.45393258426966293,0.13117410645343375,0.14063829176294732,0.12760250424882202,0.057618911934826156,0.0,,,,0,15,104,42
h5_d03,HarRvThreshold,12,2712,126,0.45393258426966293,0.13117410645343375,0.14063829176294732,0.12760250424882202,0.057618911934826156,0.0,,,,0,15,104,43
h5_d03,HarRvThreshold,12,2712,126,0.45393258426966293,0.13117410645343375,0.14063829176294732,0.12760250424882202,0.057618911934826156,0.0,,,,0,15,104,44
h5_d03,HarRvThreshold,12,2712,126,0.45393258426966293,0.13117410645343375,0.14063829176294732,0.12760250424882202,0.057618911934826156,0.0,,,,0,15,104,45
h5_d03,HarRvThreshold,12,2712,126,0.45393258426966293,0.13117410645343375,0.14063829176294732,0.12760250424882202,0.057618911934826156,0.0,,,,0,15,104,46
h5_d03,LogisticRegressionL2,12,2712,126,0.6698863636363637,0.17440287750037822,0.23864515326346994,0.3554403289014339,0.7213278221934575,0.007936507936507936,0.0,0.03369256431985511,,1,16,126,42
h5_d03,LogisticRegressionL2,12,2712,126,0.6698863636363637,0.17440287750037822,0.23864515326346994,0.3554403289014339,0.7213278221934575,0.007936507936507936,0.0,0.03369256431985511,,1,16,126,43
h5_d03,LogisticRegressionL2,12,2712,126,0.6698863636363637,0.17440287750037822,0.23864515326346994,0.3554403289014339,0.7213278221934575,0.007936507936507936,0.0,0.03369256431985511,,1,16,126,44
h5_d03,LogisticRegressionL2,12,2712,126,0.6698863636363637,0.17440287750037822,0.23864515326346994,0.3554403289014339,0.7213278221934575,0.007936507936507936,0.0,0.03369256431985511,,1,16,126,45
h5_d03,LogisticRegressionL2,12,2712,126,0.6698863636363637,0.17440287750037822,0.23864515326346994,0.3554403289014339,0.7213278221934575,0.007936507936507936,0.0,0.03369256431985511,,1,16,126,46
h5_d03,LightGbmTuned,12,2712,126,0.5133522727272728,0.17020986967870877,0.2114917459483496,0.3134309187114303,0.6992116523053273,0.0,,,,0,16,126,42
h5_d03,LightGbmTuned,12,2712,126,0.5133522727272728,0.17020986967870877,0.2114917459483496,0.3134309187114303,0.6992116523053273,0.0,,,,0,16,126,43
h5_d03,LightGbmTuned,12,2712,126,0.5133522727272728,0.17020986967870877,0.2114917459483496,0.3134309187114303,0.6992116523053273,0.0,,,,0,16,126,44
h5_d03,LightGbmTuned,12,2712,126,0.5133522727272728,0.17020986967870877,0.2114917459483496,0.3134309187114303,0.6992116523053273,0.0,,,,0,16,126,45
h5_d03,LightGbmTuned,12,2712,126,0.5133522727272728,0.17020986967870877,0.2114917459483496,0.3134309187114303,0.6992116523053273,0.0,,,,0,16,126,46
h5_d03,NaiveBaseRate,13,2838,125,0.5,0.216,0.17306027282014308,0.06096124031007749,0.15503875968992248,0.0,,,,0,27,125,42
h5_d03,NaiveBaseRate,13,2838,125,0.5,0.216,0.17306027282014308,0.06096124031007749,0.15503875968992248,0.0,,,,0,27,125,43
h5_d03,NaiveBaseRate,13,2838,125,0.5,0.216,0.17306027282014308,0.06096124031007749,0.15503875968992248,0.0,,,,0,27,125,44
h5_d03,NaiveBaseRate,13,2838,125,0.5,0.216,0.17306027282014308,0.06096124031007749,0.15503875968992248,0.0,,,,0,27,125,45
h5_d03,NaiveBaseRate,13,2838,125,0.5,0.216,0.17306027282014308,0.06096124031007749,0.15503875968992248,0.0,,,,0,27,125,46
h5_d03,VIXPercentileRaw,13,2838,125,0.4718442932728647,0.20379758721313604,0.5247924070837686,0.5868583509513742,0.9500176180408738,0.0,,,,0,27,125,42
h5_d03,VIXPercentileRaw,13,2838,125,0.4718442932728647,0.20379758721313604,0.5247924070837686,0.5868583509513742,0.9500176180408738,0.0,,,,0,27,125,43
h5_d03,VIXPercentileRaw,13,2838,125,0.4718442932728647,0.20379758721313604,0.5247924070837686,0.5868583509513742,0.9500176180408738,0.0,,,,0,27,125,44
h5_d03,VIXPercentileRaw,13,2838,125,0.4718442932728647,0.20379758721313604,0.5247924070837686,0.5868583509513742,0.9500176180408738,0.0,,,,0,27,125,45
h5_d03,VIXPercentileRaw,13,2838,125,0.4718442932728647,0.20379758721313604,0.5247924070837686,0.5868583509513742,0.9500176180408738,0.0,,,,0,27,125,46
h5_d03,VIXPercentileCalibrated,13,2838,125,0.477891156462585,0.21113118538592793,0.1760410045614166,0.03719728863648421,0.3875598086124402,0.0,,,,0,27,125,42
h5_d03,VIXPercentileCalibrated,13,2838,125,0.477891156462585,0.21113118538592793,0.1760410045614166,0.03719728863648421,0.3875598086124402,0.0,,,,0,27,125,43
h5_d03,VIXPercentileCalibrated,13,2838,125,0.477891156462585,0.21113118538592793,0.1760410045614166,0.03719728863648421,0.3875598086124402,0.0,,,,0,27,125,44
h5_d03,VIXPercentileCalibrated,13,2838,125,0.477891156462585,0.21113118538592793,0.1760410045614166,0.03719728863648421,0.3875598086124402,0.0,,,,0,27,125,45
h5_d03,VIXPercentileCalibrated,13,2838,125,0.477891156462585,0.21113118538592793,0.1760410045614166,0.03719728863648421,0.3875598086124402,0.0,,,,0,27,125,46
h5_d03,HarRvThreshold,13,2838,125,0.44989451476793246,0.2555098677377407,0.22576312828733927,0.21438060430241979,0.054038920097643814,0.02912621359223301,0.3333333333333333,1.0717945372230184,0.8538056415701174,3,24,103,42
h5_d03,HarRvThreshold,13,2838,125,0.44989451476793246,0.2555098677377407,0.22576312828733927,0.21438060430241979,0.054038920097643814,0.02912621359223301,0.3333333333333333,1.0717945372230184,0.8538056415701174,3,24,103,43
h5_d03,HarRvThreshold,13,2838,125,0.44989451476793246,0.2555098677377407,0.22576312828733927,0.21438060430241979,0.054038920097643814,0.02912621359223301,0.3333333333333333,1.0717945372230184,0.8538056415701174,3,24,103,44
h5_d03,HarRvThreshold,13,2838,125,0.44989451476793246,0.2555098677377407,0.22576312828733927,0.21438060430241979,0.054038920097643814,0.02912621359223301,0.3333333333333333,1.0717945372230184,0.8538056415701174,3,24,103,45
h5_d03,HarRvThreshold,13,2838,125,0.44989451476793246,0.2555098677377407,0.22576312828733927,0.21438060430241979,0.054038920097643814,0.02912621359223301,0.3333333333333333,1.0717945372230184,0.8538056415701174,3,24,103,46
h5_d03,LogisticRegressionL2,13,2838,125,0.4259259259259259,0.19464449165704073,0.23305525895926896,0.2234894277224112,0.7162868809775574,0.0,,,,0,27,125,42
h5_d03,LogisticRegressionL2,13,2838,125,0.4259259259259259,0.19464449165704073,0.23305525895926896,0.2234894277224112,0.7162868809775574,0.0,,,,0,27,125,43
h5_d03,LogisticRegressionL2,13,2838,125,0.4259259259259259,0.19464449165704073,0.23305525895926896,0.2234894277224112,0.7162868809775574,0.0,,,,0,27,125,44
h5_d03,LogisticRegressionL2,13,2838,125,0.4259259259259259,0.19464449165704073,0.23305525895926896,0.2234894277224112,0.7162868809775574,0.0,,,,0,27,125,45
h5_d03,LogisticRegressionL2,13,2838,125,0.4259259259259259,0.19464449165704073,0.23305525895926896,0.2234894277224112,0.7162868809775574,0.0,,,,0,27,125,46
h5_d03,LightGbmTuned,13,2838,125,0.4028722600151171,0.17691999718279364,0.21933950363228957,0.1918483281349706,0.6986808518482739,0.0,,,,0,27,125,42
h5_d03,LightGbmTuned,13,2838,125,0.4028722600151171,0.17691999718279364,0.21933950363228957,0.1918483281349706,0.6986808518482739,0.0,,,,0,27,125,43
h5_d03,LightGbmTuned,13,2838,125,0.4028722600151171,0.17691999718279364,0.21933950363228957,0.1918483281349706,0.6986808518482739,0.0,,,,0,27,125,44
h5_d03,LightGbmTuned,13,2838,125,0.4028722600151171,0.17691999718279364,0.21933950363228957,0.1918483281349706,0.6986808518482739,0.0,,,,0,27,125,45
h5_d03,LightGbmTuned,13,2838,125,0.4028722600151171,0.17691999718279364,0.21933950363228957,0.1918483281349706,0.6986808518482739,0.0,,,,0,27,125,46
h5_d03,NaiveBaseRate,14,2963,127,0.5,0.18110236220472442,0.1488561627951123,0.02349183233634783,0.15761052986837665,0.0,,,,0,23,127,42
h5_d03,NaiveBaseRate,14,2963,127,0.5,0.18110236220472442,0.1488561627951123,0.02349183233634783,0.15761052986837665,0.0,,,,0,23,127,43
h5_d03,NaiveBaseRate,14,2963,127,0.5,0.18110236220472442,0.1488561627951123,0.02349183233634783,0.15761052986837665,0.0,,,,0,23,127,44
h5_d03,NaiveBaseRate,14,2963,127,0.5,0.18110236220472442,0.1488561627951123,0.02349183233634783,0.15761052986837665,0.0,,,,0,23,127,45
h5_d03,NaiveBaseRate,14,2963,127,0.5,0.18110236220472442,0.1488561627951123,0.02349183233634783,0.15761052986837665,0.0,,,,0,23,127,46
h5_d03,VIXPercentileRaw,14,2963,127,0.459448160535117,0.1847679045415712,0.45036714981461506,0.5407134182476262,0.9500168747890652,0.015748031496062992,0.0,0.8812040562485672,,2,23,127,42
h5_d03,VIXPercentileRaw,14,2963,127,0.459448160535117,0.1847679045415712,0.45036714981461506,0.5407134182476262,0.9500168747890652,0.015748031496062992,0.0,0.8812040562485672,,2,23,127,43
h5_d03,VIXPercentileRaw,14,2963,127,0.459448160535117,0.1847679045415712,0.45036714981461506,0.5407134182476262,0.9500168747890652,0.015748031496062992,0.0,0.8812040562485672,,2,23,127,44
h5_d03,VIXPercentileRaw,14,2963,127,0.459448160535117,0.1847679045415712,0.45036714981461506,0.5407134182476262,0.9500168747890652,0.015748031496062992,0.0,0.8812040562485672,,2,23,127,45
h5_d03,VIXPercentileRaw,14,2963,127,0.459448160535117,0.1847679045415712,0.45036714981461506,0.5407134182476262,0.9500168747890652,0.015748031496062992,0.0,0.8812040562485672,,2,23,127,46
h5_d03,VIXPercentileCalibrated,14,2963,127,0.45171404682274247,0.17944088333553282,0.15020745997070875,0.01844585185971853,0.37681159420289856,0.0,,,,0,23,127,42
h5_d03,VIXPercentileCalibrated,14,2963,127,0.45171404682274247,0.17944088333553282,0.15020745997070875,0.01844585185971853,0.37681159420289856,0.0,,,,0,23,127,43
h5_d03,VIXPercentileCalibrated,14,2963,127,0.45171404682274247,0.17944088333553282,0.15020745997070875,0.01844585185971853,0.37681159420289856,0.0,,,,0,23,127,44
h5_d03,VIXPercentileCalibrated,14,2963,127,0.45171404682274247,0.17944088333553282,0.15020745997070875,0.01844585185971853,0.37681159420289856,0.0,,,,0,23,127,45
h5_d03,VIXPercentileCalibrated,14,2963,127,0.45171404682274247,0.17944088333553282,0.15020745997070875,0.01844585185971853,0.37681159420289856,0.0,,,,0,23,127,46
h5_d03,HarRvThreshold,14,2963,127,0.40441176470588236,0.2092370124575908,0.15782606927060527,0.14824426550599196,0.05332316990299576,0.0,,,,0,17,105,42
h5_d03,HarRvThreshold,14,2963,127,0.40441176470588236,0.2092370124575908,0.15782606927060527,0.14824426550599196,0.05332316990299576,0.0,,,,0,17,105,43
h5_d03,HarRvThreshold,14,2963,127,0.40441176470588236,0.2092370124575908,0.15782606927060527,0.14824426550599196,0.05332316990299576,0.0,,,,0,17,105,44
h5_d03,HarRvThreshold,14,2963,127,0.40441176470588236,0.2092370124575908,0.15782606927060527,0.14824426550599196,0.05332316990299576,0.0,,,,0,17,105,45
h5_d03,HarRvThreshold,14,2963,127,0.40441176470588236,0.2092370124575908,0.15782606927060527,0.14824426550599196,0.05332316990299576,0.0,,,,0,17,105,46
h5_d03,LogisticRegressionL2,14,2963,127,0.5125418060200668,0.22003627505155154,0.2366912458548119,0.28462076847479945,0.7057975066183942,0.03937007874015748,0.2,0.810648028467688,0.9227984799661251,5,23,127,42
h5_d03,LogisticRegressionL2,14,2963,127,0.5125418060200668,0.22003627505155154,0.2366912458548119,0.28462076847479945,0.7057975066183942,0.03937007874015748,0.2,0.810648028467688,0.9227984799661251,5,23,127,43
h5_d03,LogisticRegressionL2,14,2963,127,0.5125418060200668,0.22003627505155154,0.2366912458548119,0.28462076847479945,0.7057975066183942,0.03937007874015748,0.2,0.810648028467688,0.9227984799661251,5,23,127,44
h5_d03,LogisticRegressionL2,14,2963,127,0.5125418060200668,0.22003627505155154,0.2366912458548119,0.28462076847479945,0.7057975066183942,0.03937007874015748,0.2,0.810648028467688,0.9227984799661251,5,23,127,45
h5_d03,LogisticRegressionL2,14,2963,127,0.5125418060200668,0.22003627505155154,0.2366912458548119,0.28462076847479945,0.7057975066183942,0.03937007874015748,0.2,0.810648028467688,0.9227984799661251,5,23,127,46
h5_d03,LightGbmTuned,14,2963,127,0.490175585284281,0.19672986614550003,0.23845183300203132,0.28963595645027385,0.6807919701510387,0.0,,,,0,23,127,42
h5_d03,LightGbmTuned,14,2963,127,0.490175585284281,0.19672986614550003,0.23845183300203132,0.28963595645027385,0.6807919701510387,0.0,,,,0,23,127,43
h5_d03,LightGbmTuned,14,2963,127,0.490175585284281,0.19672986614550003,0.23845183300203132,0.28963595645027385,0.6807919701510387,0.0,,,,0,23,127,44
h5_d03,LightGbmTuned,14,2963,127,0.490175585284281,0.19672986614550003,0.23845183300203132,0.28963595645027385,0.6807919701510387,0.0,,,,0,23,127,45
h5_d03,LightGbmTuned,14,2963,127,0.490175585284281,0.19672986614550003,0.23845183300203132,0.28963595645027385,0.6807919701510387,0.0,,,,0,23,127,46
h5_d03,NaiveBaseRate,15,3090,125,0.5,0.4,0.2982855227741646,0.2414239482200648,0.15857605177993528,0.0,,,,0,50,125,42
h5_d03,NaiveBaseRate,15,3090,125,0.5,0.4,0.2982855227741646,0.2414239482200648,0.15857605177993528,0.0,,,,0,50,125,43
h5_d03,NaiveBaseRate,15,3090,125,0.5,0.4,0.2982855227741646,0.2414239482200648,0.15857605177993528,0.0,,,,0,50,125,44
h5_d03,NaiveBaseRate,15,3090,125,0.5,0.4,0.2982855227741646,0.2414239482200648,0.15857605177993528,0.0,,,,0,50,125,45
h5_d03,NaiveBaseRate,15,3090,125,0.5,0.4,0.2982855227741646,0.2414239482200648,0.15857605177993528,0.0,,,,0,50,125,46
h5_d03,VIXPercentileRaw,15,3090,125,0.3661333333333333,0.3234754875345104,0.4703115836658603,0.46745889967637555,0.9500161812297734,0.008,0.0,0.18901473710470607,,1,50,125,42
h5_d03,VIXPercentileRaw,15,3090,125,0.3661333333333333,0.3234754875345104,0.4703115836658603,0.46745889967637555,0.9500161812297734,0.008,0.0,0.18901473710470607,,1,50,125,43
h5_d03,VIXPercentileRaw,15,3090,125,0.3661333333333333,0.3234754875345104,0.4703115836658603,0.46745889967637555,0.9500161812297734,0.008,0.0,0.18901473710470607,,1,50,125,44
h5_d03,VIXPercentileRaw,15,3090,125,0.3661333333333333,0.3234754875345104,0.4703115836658603,0.46745889967637555,0.9500161812297734,0.008,0.0,0.18901473710470607,,1,50,125,45
h5_d03,VIXPercentileRaw,15,3090,125,0.3661333333333333,0.3234754875345104,0.4703115836658603,0.46745889967637555,0.9500161812297734,0.008,0.0,0.18901473710470607,,1,50,125,46
h5_d03,VIXPercentileCalibrated,15,3090,125,0.37706666666666666,0.3411386456055561,0.27763344381204125,0.20583007394009178,0.3744075829383886,0.0,,,,0,50,125,42
h5_d03,VIXPercentileCalibrated,15,3090,125,0.37706666666666666,0.3411386456055561,0.27763344381204125,0.20583007394009178,0.3744075829383886,0.0,,,,0,50,125,43
h5_d03,VIXPercentileCalibrated,15,3090,125,0.37706666666666666,0.3411386456055561,0.27763344381204125,0.20583007394009178,0.3744075829383886,0.0,,,,0,50,125,44
h5_d03,VIXPercentileCalibrated,15,3090,125,0.37706666666666666,0.3411386456055561,0.27763344381204125,0.20583007394009178,0.3744075829383886,0.0,,,,0,50,125,45
h5_d03,VIXPercentileCalibrated,15,3090,125,0.37706666666666666,0.3411386456055561,0.27763344381204125,0.20583007394009178,0.3744075829383886,0.0,,,,0,50,125,46
h5_d03,HarRvThreshold,15,3090,125,0.4230769230769231,0.3219721691093426,0.3492524309250456,0.33779364360872605,0.051739840894011575,0.1262135922330097,0.23076923076923078,0.3880600253659988,0.7034310358277779,13,38,103,42
h5_d03,HarRvThreshold,15,3090,125,0.4230769230769231,0.3219721691093426,0.3492524309250456,0.33779364360872605,0.051739840894011575,0.1262135922330097,0.23076923076923078,0.3880600253659988,0.7034310358277779,13,38,103,43
h5_d03,HarRvThreshold,15,3090,125,0.4230769230769231,0.3219721691093426,0.3492524309250456,0.33779364360872605,0.051739840894011575,0.1262135922330097,0.23076923076923078,0.3880600253659988,0.7034310358277779,13,38,103,44
h5_d03,HarRvThreshold,15,3090,125,0.4230769230769231,0.3219721691093426,0.3492524309250456,0.33779364360872605,0.051739840894011575,0.1262135922330097,0.23076923076923078,0.3880600253659988,0.7034310358277779,13,38,103,45
h5_d03,HarRvThreshold,15,3090,125,0.4230769230769231,0.3219721691093426,0.3492524309250456,0.33779364360872605,0.051739840894011575,0.1262135922330097,0.23076923076923078,0.3880600253659988,0.7034310358277779,13,38,103,46
h5_d03,LogisticRegressionL2,15,3090,125,0.4048,0.3547029792242985,0.3137130659965689,0.27155303186486857,0.7066034924099334,0.192,0.3333333333333333,0.6851103312057077,0.9698963306855344,24,50,125,42
h5_d03,LogisticRegressionL2,15,3090,125,0.4048,0.3547029792242985,0.3137130659965689,0.27155303186486857,0.7066034924099334,0.192,0.3333333333333333,0.6851103312057077,0.9698963306855344,24,50,125,43
h5_d03,LogisticRegressionL2,15,3090,125,0.4048,0.3547029792242985,0.3137130659965689,0.27155303186486857,0.7066034924099334,0.192,0.3333333333333333,0.6851103312057077,0.9698963306855344,24,50,125,44
h5_d03,LogisticRegressionL2,15,3090,125,0.4048,0.3547029792242985,0.3137130659965689,0.27155303186486857,0.7066034924099334,0.192,0.3333333333333333,0.6851103312057077,0.9698963306855344,24,50,125,45
h5_d03,LogisticRegressionL2,15,3090,125,0.4048,0.3547029792242985,0.3137130659965689,0.27155303186486857,0.7066034924099334,0.192,0.3333333333333333,0.6851103312057077,0.9698963306855344,24,50,125,46
h5_d03,LightGbmTuned,15,3090,125,0.36546666666666666,0.32453060850444815,0.3024359179644733,0.24041699042657771,0.6929280149658499,0.208,0.19230769230769232,0.4389596056921303,0.9856286793884116,26,50,125,42
h5_d03,LightGbmTuned,15,3090,125,0.36546666666666666,0.32453060850444815,0.3024359179644733,0.24041699042657771,0.6929280149658499,0.208,0.19230769230769232,0.4389596056921303,0.9856286793884116,26,50,125,43
h5_d03,LightGbmTuned,15,3090,125,0.36546666666666666,0.32453060850444815,0.3024359179644733,0.24041699042657771,0.6929280149658499,0.208,0.19230769230769232,0.4389596056921303,0.9856286793884116,26,50,125,44
h5_d03,LightGbmTuned,15,3090,125,0.36546666666666666,0.32453060850444815,0.3024359179644733,0.24041699042657771,0.6929280149658499,0.208,0.19230769230769232,0.4389596056921303,0.9856286793884116,26,50,125,45
h5_d03,LightGbmTuned,15,3090,125,0.36546666666666666,0.32453060850444815,0.3024359179644733,0.24041699042657771,0.6929280149658499,0.208,0.19230769230769232,0.4389596056921303,0.9856286793884116,26,50,125,46
h5_d03,NaiveBaseRate,16,3215,127,0.5,0.2677165354330709,0.20599522476784174,0.09975386047195106,0.16796267496111975,0.0,,,,0,34,127,42
h5_d03,NaiveBaseRate,16,3215,127,0.5,0.2677165354330709,0.20599522476784174,0.09975386047195106,0.16796267496111975,0.0,,,,0,34,127,43
h5_d03,NaiveBaseRate,16,3215,127,0.5,0.2677165354330709,0.20599522476784174,0.09975386047195106,0.16796267496111975,0.0,,,,0,34,127,44
h5_d03,NaiveBaseRate,16,3215,127,0.5,0.2677165354330709,0.20599522476784174,0.09975386047195106,0.16796267496111975,0.0,,,,0,34,127,45
h5_d03,NaiveBaseRate,16,3215,127,0.5,0.2677165354330709,0.20599522476784174,0.09975386047195106,0.16796267496111975,0.0,,,,0,34,127,46
h5_d03,VIXPercentileRaw,16,3215,127,0.45382669196710945,0.24485699114243825,0.48061712626278075,0.5266749121367604,0.9500155520995334,0.0,,,,0,34,127,42
h5_d03,VIXPercentileRaw,16,3215,127,0.45382669196710945,0.24485699114243825,0.48061712626278075,0.5266749121367604,0.9500155520995334,0.0,,,,0,34,127,43
h5_d03,VIXPercentileRaw,16,3215,127,0.45382669196710945,0.24485699114243825,0.48061712626278075,0.5266749121367604,0.9500155520995334,0.0,,,,0,34,127,44
h5_d03,VIXPercentileRaw,16,3215,127,0.45382669196710945,0.24485699114243825,0.48061712626278075,0.5266749121367604,0.9500155520995334,0.0,,,,0,34,127,45
h5_d03,VIXPercentileRaw,16,3215,127,0.45382669196710945,0.24485699114243825,0.48061712626278075,0.5266749121367604,0.9500155520995334,0.0,,,,0,34,127,46
h5_d03,VIXPercentileCalibrated,16,3215,127,0.39958886780518654,0.23203381392936745,0.2063016247949411,0.10893284508262949,0.3641304347826087,0.0,,,,0,34,127,42
h5_d03,VIXPercentileCalibrated,16,3215,127,0.39958886780518654,0.23203381392936745,0.2063016247949411,0.10893284508262949,0.3641304347826087,0.0,,,,0,34,127,43
h5_d03,VIXPercentileCalibrated,16,3215,127,0.39958886780518654,0.23203381392936745,0.2063016247949411,0.10893284508262949,0.3641304347826087,0.0,,,,0,34,127,44
h5_d03,VIXPercentileCalibrated,16,3215,127,0.39958886780518654,0.23203381392936745,0.2063016247949411,0.10893284508262949,0.3641304347826087,0.0,,,,0,34,127,45
h5_d03,VIXPercentileCalibrated,16,3215,127,0.39958886780518654,0.23203381392936745,0.2063016247949411,0.10893284508262949,0.3641304347826087,0.0,,,,0,34,127,46
h5_d03,HarRvThreshold,16,3215,127,0.5124143835616438,0.30764384789604454,0.2911319166149998,0.28004216796811415,0.0532586622477774,0.05714285714285714,0.16666666666666666,1.0760608928863924,0.9868576108119711,6,32,105,42
h5_d03,HarRvThreshold,16,3215,127,0.5124143835616438,0.30764384789604454,0.2911319166149998,0.28004216796811415,0.0532586622477774,0.05714285714285714,0.16666666666666666,1.0760608928863924,0.9868576108119711,6,32,105,43
h5_d03,HarRvThreshold,16,3215,127,0.5124143835616438,0.30764384789604454,0.2911319166149998,0.28004216796811415,0.0532586622477774,0.05714285714285714,0.16666666666666666,1.0760608928863924,0.9868576108119711,6,32,105,44
h5_d03,HarRvThreshold,16,3215,127,0.5124143835616438,0.30764384789604454,0.2911319166149998,0.28004216796811415,0.0532586622477774,0.05714285714285714,0.16666666666666666,1.0760608928863924,0.9868576108119711,6,32,105,45
h5_d03,HarRvThreshold,16,3215,127,0.5124143835616438,0.30764384789604454,0.2911319166149998,0.28004216796811415,0.0532586622477774,0.05714285714285714,0.16666666666666666,1.0760608928863924,0.9868576108119711,6,32,105,46
h5_d03,LogisticRegressionL2,16,3215,127,0.4854522454142947,0.2576997978698371,0.27400317696238363,0.25200069558908017,0.7119814305850801,0.03937007874015748,0.0,0.8575907238520645,,5,34,127,42
h5_d03,LogisticRegressionL2,16,3215,127,0.4854522454142947,0.2576997978698371,0.27400317696238363,0.25200069558908017,0.7119814305850801,0.03937007874015748,0.0,0.8575907238520645,,5,34,127,43
h5_d03,LogisticRegressionL2,16,3215,127,0.4854522454142947,0.2576997978698371,0.27400317696238363,0.25200069558908017,0.7119814305850801,0.03937007874015748,0.0,0.8575907238520645,,5,34,127,44
h5_d03,LogisticRegressionL2,16,3215,127,0.4854522454142947,0.2576997978698371,0.27400317696238363,0.25200069558908017,0.7119814305850801,0.03937007874015748,0.0,0.8575907238520645,,5,34,127,45
h5_d03,LogisticRegressionL2,16,3215,127,0.4854522454142947,0.2576997978698371,0.27400317696238363,0.25200069558908017,0.7119814305850801,0.03937007874015748,0.0,0.8575907238520645,,5,34,127,46
h5_d03,LightGbmTuned,16,3215,127,0.43390259329538267,0.2524621353605972,0.2716569604111884,0.2520874007139874,0.6763789019862625,0.007874015748031496,0.0,1.0475656140484886,,1,34,127,42
h5_d03,LightGbmTuned,16,3215,127,0.43390259329538267,0.2524621353605972,0.2716569604111884,0.2520874007139874,0.6763789019862625,0.007874015748031496,0.0,1.0475656140484886,,1,34,127,43
h5_d03,LightGbmTuned,16,3215,127,0.43390259329538267,0.2524621353605972,0.2716569604111884,0.2520874007139874,0.6763789019862625,0.007874015748031496,0.0,1.0475656140484886,,1,34,127,44
h5_d03,LightGbmTuned,16,3215,127,0.43390259329538267,0.2524621353605972,0.2716569604111884,0.2520874007139874,0.6763789019862625,0.007874015748031496,0.0,1.0475656140484886,,1,34,127,45
h5_d03,LightGbmTuned,16,3215,127,0.43390259329538267,0.2524621353605972,0.2716569604111884,0.2520874007139874,0.6763789019862625,0.007874015748031496,0.0,1.0475656140484886,,1,34,127,46
h5_d03,NaiveBaseRate,17,3342,124,0.5,0.12096774193548387,0.10891373458139549,0.05078569911777761,0.1717534410532615,0.0,,,,0,15,124,42
h5_d03,NaiveBaseRate,17,3342,124,0.5,0.12096774193548387,0.10891373458139549,0.05078569911777761,0.1717534410532615,0.0,,,,0,15,124,43
h5_d03,NaiveBaseRate,17,3342,124,0.5,0.12096774193548387,0.10891373458139549,0.05078569911777761,0.1717534410532615,0.0,,,,0,15,124,44
h5_d03,NaiveBaseRate,17,3342,124,0.5,0.12096774193548387,0.10891373458139549,0.05078569911777761,0.1717534410532615,0.0,,,,0,15,124,45
h5_d03,NaiveBaseRate,17,3342,124,0.5,0.12096774193548387,0.10891373458139549,0.05078569911777761,0.1717534410532615,0.0,,,,0,15,124,46
h5_d03,VIXPercentileRaw,17,3342,124,0.3743119266055046,0.10145558895464446,0.34036215112728685,0.46360108878206985,0.9502992220227408,0.0,,,,0,15,124,42
h5_d03,VIXPercentileRaw,17,3342,124,0.3743119266055046,0.10145558895464446,0.34036215112728685,0.46360108878206985,0.9502992220227408,0.0,,,,0,15,124,43
h5_d03,VIXPercentileRaw,17,3342,124,0.3743119266055046,0.10145558895464446,0.34036215112728685,0.46360108878206985,0.9502992220227408,0.0,,,,0,15,124,44
h5_d03,VIXPercentileRaw,17,3342,124,0.3743119266055046,0.10145558895464446,0.34036215112728685,0.46360108878206985,0.9502992220227408,0.0,,,,0,15,124,45
h5_d03,VIXPercentileRaw,17,3342,124,0.3743119266055046,0.10145558895464446,0.34036215112728685,0.46360108878206985,0.9502992220227408,0.0,,,,0,15,124,46
h5_d03,VIXPercentileCalibrated,17,3342,124,0.5140672782874618,0.12455425397349172,0.11237492049755081,0.07367330055671177,0.3641304347826087,0.0,,,,0,15,124,42
h5_d03,VIXPercentileCalibrated,17,3342,124,0.5140672782874618,0.12455425397349172,0.11237492049755081,0.07367330055671177,0.3641304347826087,0.0,,,,0,15,124,43
h5_d03,VIXPercentileCalibrated,17,3342,124,0.5140672782874618,0.12455425397349172,0.11237492049755081,0.07367330055671177,0.3641304347826087,0.0,,,,0,15,124,44
h5_d03,VIXPercentileCalibrated,17,3342,124,0.5140672782874618,0.12455425397349172,0.11237492049755081,0.07367330055671177,0.3641304347826087,0.0,,,,0,15,124,45
h5_d03,VIXPercentileCalibrated,17,3342,124,0.5140672782874618,0.12455425397349172,0.11237492049755081,0.07367330055671177,0.3641304347826087,0.0,,,,0,15,124,46
h5_d03,HarRvThreshold,17,3342,124,0.30194805194805197,0.1055111169291709,0.13493666002820684,0.12281926285532947,0.05330683736009806,0.0,,,,0,14,102,42
h5_d03,HarRvThreshold,17,3342,124,0.30194805194805197,0.1055111169291709,0.13493666002820684,0.12281926285532947,0.05330683736009806,0.0,,,,0,14,102,43
h5_d03,HarRvThreshold,17,3342,124,0.30194805194805197,0.1055111169291709,0.13493666002820684,0.12281926285532947,0.05330683736009806,0.0,,,,0,14,102,44
h5_d03,HarRvThreshold,17,3342,124,0.30194805194805197,0.1055111169291709,0.13493666002820684,0.12281926285532947,0.05330683736009806,0.0,,,,0,14,102,45
h5_d03,HarRvThreshold,17,3342,124,0.30194805194805197,0.1055111169291709,0.13493666002820684,0.12281926285532947,0.05330683736009806,0.0,,,,0,14,102,46
h5_d03,LogisticRegressionL2,17,3342,124,0.2954128440366972,0.09227028200146217,0.22181086600895278,0.31822467597428866,0.7078590306564464,0.0,,,,0,15,124,42
h5_d03,LogisticRegressionL2,17,3342,124,0.2954128440366972,0.09227028200146217,0.22181086600895278,0.31822467597428866,0.7078590306564464,0.0,,,,0,15,124,43
h5_d03,LogisticRegressionL2,17,3342,124,0.2954128440366972,0.09227028200146217,0.22181086600895278,0.31822467597428866,0.7078590306564464,0.0,,,,0,15,124,44
h5_d03,LogisticRegressionL2,17,3342,124,0.2954128440366972,0.09227028200146217,0.22181086600895278,0.31822467597428866,0.7078590306564464,0.0,,,,0,15,124,45
h5_d03,LogisticRegressionL2,17,3342,124,0.2954128440366972,0.09227028200146217,0.22181086600895278,0.31822467597428866,0.7078590306564464,0.0,,,,0,15,124,46
h5_d03,LightGbmTuned,17,3342,124,0.4235474006116208,0.11651289486837821,0.24440021457475783,0.3925156056480083,0.6603992931433187,0.0,,,,0,15,124,42
h5_d03,LightGbmTuned,17,3342,124,0.4235474006116208,0.11651289486837821,0.24440021457475783,0.3925156056480083,0.6603992931433187,0.0,,,,0,15,124,43
h5_d03,LightGbmTuned,17,3342,124,0.4235474006116208,0.11651289486837821,0.24440021457475783,0.3925156056480083,0.6603992931433187,0.0,,,,0,15,124,44
h5_d03,LightGbmTuned,17,3342,124,0.4235474006116208,0.11651289486837821,0.24440021457475783,0.3925156056480083,0.6603992931433187,0.0,,,,0,15,124,45
h5_d03,LightGbmTuned,17,3342,124,0.4235474006116208,0.11651289486837821,0.24440021457475783,0.3925156056480083,0.6603992931433187,0.0,,,,0,15,124,46
h5_d03,NaiveBaseRate,18,3466,126,0.5,0.1746031746031746,0.144138683628473,0.004666648348125524,0.16993652625504904,0.0,,,,0,22,126,42
h5_d03,NaiveBaseRate,18,3466,126,0.5,0.1746031746031746,0.144138683628473,0.004666648348125524,0.16993652625504904,0.0,,,,0,22,126,43
h5_d03,NaiveBaseRate,18,3466,126,0.5,0.1746031746031746,0.144138683628473,0.004666648348125524,0.16993652625504904,0.0,,,,0,22,126,44
h5_d03,NaiveBaseRate,18,3466,126,0.5,0.1746031746031746,0.144138683628473,0.004666648348125524,0.16993652625504904,0.0,,,,0,22,126,45
h5_d03,NaiveBaseRate,18,3466,126,0.5,0.1746031746031746,0.144138683628473,0.004666648348125524,0.16993652625504904,0.0,,,,0,22,126,46
h5_d03,VIXPercentileRaw,18,3466,126,0.5080856643356643,0.21003226282475126,0.23207530620120617,0.31047179402632374,0.9500144258511253,0.0,,,,0,22,126,42
h5_d03,VIXPercentileRaw,18,3466,126,0.5080856643356643,0.21003226282475126,0.23207530620120617,0.31047179402632374,0.9500144258511253,0.0,,,,0,22,126,43
h5_d03,VIXPercentileRaw,18,3466,126,0.5080856643356643,0.21003226282475126,0.23207530620120617,0.31047179402632374,0.9500144258511253,0.0,,,,0,22,126,44
h5_d03,VIXPercentileRaw,18,3466,126,0.5080856643356643,0.21003226282475126,0.23207530620120617,0.31047179402632374,0.9500144258511253,0.0,,,,0,22,126,45
h5_d03,VIXPercentileRaw,18,3466,126,0.5080856643356643,0.21003226282475126,0.23207530620120617,0.31047179402632374,0.9500144258511253,0.0,,,,0,22,126,46
h5_d03,VIXPercentileCalibrated,18,3466,126,0.49694055944055937,0.18389640814339608,0.14704183574495044,0.034017009222206164,0.3641304347826087,0.0,,,,0,22,126,42
h5_d03,VIXPercentileCalibrated,18,3466,126,0.49694055944055937,0.18389640814339608,0.14704183574495044,0.034017009222206164,0.3641304347826087,0.0,,,,0,22,126,43
h5_d03,VIXPercentileCalibrated,18,3466,126,0.49694055944055937,0.18389640814339608,0.14704183574495044,0.034017009222206164,0.3641304347826087,0.0,,,,0,22,126,44
h5_d03,VIXPercentileCalibrated,18,3466,126,0.49694055944055937,0.18389640814339608,0.14704183574495044,0.034017009222206164,0.3641304347826087,0.0,,,,0,22,126,45
h5_d03,VIXPercentileCalibrated,18,3466,126,0.49694055944055937,0.18389640814339608,0.14704183574495044,0.034017009222206164,0.3641304347826087,0.0,,,,0,22,126,46
h5_d03,HarRvThreshold,18,3466,126,0.3586474501108648,0.172936260887718,0.20782985577132493,0.1978641047302737,0.05218667918554208,0.038461538461538464,0.0,0.5667118580247938,,4,22,104,42
h5_d03,HarRvThreshold,18,3466,126,0.3586474501108648,0.172936260887718,0.20782985577132493,0.1978641047302737,0.05218667918554208,0.038461538461538464,0.0,0.5667118580247938,,4,22,104,43
h5_d03,HarRvThreshold,18,3466,126,0.3586474501108648,0.172936260887718,0.20782985577132493,0.1978641047302737,0.05218667918554208,0.038461538461538464,0.0,0.5667118580247938,,4,22,104,44
h5_d03,HarRvThreshold,18,3466,126,0.3586474501108648,0.172936260887718,0.20782985577132493,0.1978641047302737,0.05218667918554208,0.038461538461538464,0.0,0.5667118580247938,,4,22,104,45
h5_d03,HarRvThreshold,18,3466,126,0.3586474501108648,0.172936260887718,0.20782985577132493,0.1978641047302737,0.05218667918554208,0.038461538461538464,0.0,0.5667118580247938,,4,22,104,46
h5_d03,LogisticRegressionL2,18,3466,126,0.513986013986014,0.1735643882906175,0.21576750481224474,0.2587827890663463,0.7001875080390296,0.0,,,,0,22,126,42
h5_d03,LogisticRegressionL2,18,3466,126,0.513986013986014,0.1735643882906175,0.21576750481224474,0.2587827890663463,0.7001875080390296,0.0,,,,0,22,126,43
h5_d03,LogisticRegressionL2,18,3466,126,0.513986013986014,0.1735643882906175,0.21576750481224474,0.2587827890663463,0.7001875080390296,0.0,,,,0,22,126,44
h5_d03,LogisticRegressionL2,18,3466,126,0.513986013986014,0.1735643882906175,0.21576750481224474,0.2587827890663463,0.7001875080390296,0.0,,,,0,22,126,45
h5_d03,LogisticRegressionL2,18,3466,126,0.513986013986014,0.1735643882906175,0.21576750481224474,0.2587827890663463,0.7001875080390296,0.0,,,,0,22,126,46
h5_d03,LightGbmTuned,18,3466,126,0.4562937062937063,0.17410886728808267,0.2272131568553227,0.2870513946199638,0.6626365264189317,0.0,,,,0,22,126,42
h5_d03,LightGbmTuned,18,3466,126,0.4562937062937063,0.17410886728808267,0.2272131568553227,0.2870513946199638,0.6626365264189317,0.0,,,,0,22,126,43
h5_d03,LightGbmTuned,18,3466,126,0.4562937062937063,0.17410886728808267,0.2272131568553227,0.2870513946199638,0.6626365264189317,0.0,,,,0,22,126,44
h5_d03,LightGbmTuned,18,3466,126,0.4562937062937063,0.17410886728808267,0.2272131568553227,0.2870513946199638,0.6626365264189317,0.0,,,,0,22,126,45
h5_d03,LightGbmTuned,18,3466,126,0.4562937062937063,0.17410886728808267,0.2272131568553227,0.2870513946199638,0.6626365264189317,0.0,,,,0,22,126,46
h5_d03,NaiveBaseRate,19,3592,124,0.5,0.08870967741935484,0.08746469141538113,0.08139054529779444,0.17010022271714922,0.0,,,,0,11,124,42
h5_d03,NaiveBaseRate,19,3592,124,0.5,0.08870967741935484,0.08746469141538113,0.08139054529779444,0.17010022271714922,0.0,,,,0,11,124,43
h5_d03,NaiveBaseRate,19,3592,124,0.5,0.08870967741935484,0.08746469141538113,0.08139054529779444,0.17010022271714922,0.0,,,,0,11,124,44
h5_d03,NaiveBaseRate,19,3592,124,0.5,0.08870967741935484,0.08746469141538113,0.08139054529779444,0.17010022271714922,0.0,,,,0,11,124,45
h5_d03,NaiveBaseRate,19,3592,124,0.5,0.08870967741935484,0.08746469141538113,0.08139054529779444,0.17010022271714922,0.0,,,,0,11,124,46
h5_d03,VIXPercentileRaw,19,3592,124,0.6769911504424779,0.14230261801690375,0.2415698904113298,0.398369584740283,0.9501391982182626,0.0,,,,0,11,124,42
h5_d03,VIXPercentileRaw,19,3592,124,0.6769911504424779,0.14230261801690375,0.2415698904113298,0.398369584740283,0.9501391982182626,0.0,,,,0,11,124,43
h5_d03,VIXPercentileRaw,19,3592,124,0.6769911504424779,0.14230261801690375,0.2415698904113298,0.398369584740283,0.9501391982182626,0.0,,,,0,11,124,44
h5_d03,VIXPercentileRaw,19,3592,124,0.6769911504424779,0.14230261801690375,0.2415698904113298,0.398369584740283,0.9501391982182626,0.0,,,,0,11,124,45
h5_d03,VIXPercentileRaw,19,3592,124,0.6769911504424779,0.14230261801690375,0.2415698904113298,0.398369584740283,0.9501391982182626,0.0,,,,0,11,124,46
h5_d03,VIXPercentileCalibrated,19,3592,124,0.6737731295253419,0.1375069535939101,0.08372230240360051,0.0735729945805233,0.3641304347826087,0.0,,,,0,11,124,42
h5_d03,VIXPercentileCalibrated,19,3592,124,0.6737731295253419,0.1375069535939101,0.08372230240360051,0.0735729945805233,0.3641304347826087,0.0,,,,0,11,124,43
h5_d03,VIXPercentileCalibrated,19,3592,124,0.6737731295253419,0.1375069535939101,0.08372230240360051,0.0735729945805233,0.3641304347826087,0.0,,,,0,11,124,44
h5_d03,VIXPercentileCalibrated,19,3592,124,0.6737731295253419,0.1375069535939101,0.08372230240360051,0.0735729945805233,0.3641304347826087,0.0,,,,0,11,124,45
h5_d03,VIXPercentileCalibrated,19,3592,124,0.6737731295253419,0.1375069535939101,0.08372230240360051,0.0735729945805233,0.3641304347826087,0.0,,,,0,11,124,46
h5_d03,HarRvThreshold,19,3592,124,0.6954787234042553,0.17400110199202018,0.07601106294375516,0.06702411935390078,0.0519302203999818,0.029411764705882353,0.3333333333333333,2.092587510829732,0.7956371447087357,3,8,102,42
h5_d03,HarRvThreshold,19,3592,124,0.6954787234042553,0.17400110199202018,0.07601106294375516,0.06702411935390078,0.0519302203999818,0.029411764705882353,0.3333333333333333,2.092587510829732,0.7956371447087357,3,8,102,43
h5_d03,HarRvThreshold,19,3592,124,0.6954787234042553,0.17400110199202018,0.07601106294375516,0.06702411935390078,0.0519302203999818,0.029411764705882353,0.3333333333333333,2.092587510829732,0.7956371447087357,3,8,102,44
h5_d03,HarRvThreshold,19,3592,124,0.6954787234042553,0.17400110199202018,0.07601106294375516,0.06702411935390078,0.0519302203999818,0.029411764705882353,0.3333333333333333,2.092587510829732,0.7956371447087357,3,8,102,45
h5_d03,HarRvThreshold,19,3592,124,0.6954787234042553,0.17400110199202018,0.07601106294375516,0.06702411935390078,0.0519302203999818,0.029411764705882353,0.3333333333333333,2.092587510829732,0.7956371447087357,3,8,102,46
h5_d03,LogisticRegressionL2,19,3592,124,0.6484312148028962,0.14121189384401703,0.2369364926345323,0.3953067283000047,0.6966131998055675,0.0,,,,0,11,124,42
h5_d03,LogisticRegressionL2,19,3592,124,0.6484312148028962,0.14121189384401703,0.2369364926345323,0.3953067283000047,0.6966131998055675,0.0,,,,0,11,124,43
h5_d03,LogisticRegressionL2,19,3592,124,0.6484312148028962,0.14121189384401703,0.2369364926345323,0.3953067283000047,0.6966131998055675,0.0,,,,0,11,124,44
h5_d03,LogisticRegressionL2,19,3592,124,0.6484312148028962,0.14121189384401703,0.2369364926345323,0.3953067283000047,0.6966131998055675,0.0,,,,0,11,124,45
h5_d03,LogisticRegressionL2,19,3592,124,0.6484312148028962,0.14121189384401703,0.2369364926345323,0.3953067283000047,0.6966131998055675,0.0,,,,0,11,124,46
h5_d03,LightGbmTuned,19,3592,124,0.6287208366854384,0.1490389698286928,0.25369862248031017,0.4161483285295595,0.6616081466801298,0.0,,,,0,11,124,42
h5_d03,LightGbmTuned,19,3592,124,0.6287208366854384,0.1490389698286928,0.25369862248031017,0.4161483285295595,0.6616081466801298,0.0,,,,0,11,124,43
h5_d03,LightGbmTuned,19,3592,124,0.6287208366854384,0.1490389698286928,0.25369862248031017,0.4161483285295595,0.6616081466801298,0.0,,,,0,11,124,44
h5_d03,LightGbmTuned,19,3592,124,0.6287208366854384,0.1490389698286928,0.25369862248031017,0.4161483285295595,0.6616081466801298,0.0,,,,0,11,124,45
h5_d03,LightGbmTuned,19,3592,124,0.6287208366854384,0.1490389698286928,0.25369862248031017,0.4161483285295595,0.6616081466801298,0.0,,,,0,11,124,46
h5_d03,NaiveBaseRate,20,3716,127,0.5,0.14960629921259844,0.12754031119788672,0.01777798496393554,0.16738428417653392,0.0,,,,0,19,127,42
h5_d03,NaiveBaseRate,20,3716,127,0.5,0.14960629921259844,0.12754031119788672,0.01777798496393554,0.16738428417653392,0.0,,,,0,19,127,43
h5_d03,NaiveBaseRate,20,3716,127,0.5,0.14960629921259844,0.12754031119788672,0.01777798496393554,0.16738428417653392,0.0,,,,0,19,127,44
h5_d03,NaiveBaseRate,20,3716,127,0.5,0.14960629921259844,0.12754031119788672,0.01777798496393554,0.16738428417653392,0.0,,,,0,19,127,45
h5_d03,NaiveBaseRate,20,3716,127,0.5,0.14960629921259844,0.12754031119788672,0.01777798496393554,0.16738428417653392,0.0,,,,0,19,127,46
h5_d03,VIXPercentileRaw,20,3716,127,0.49415204678362573,0.15170963029368556,0.367150905856089,0.4724896807167134,0.95001345532831,0.007874015748031496,0.0,0.15751435493468352,,1,19,127,42
h5_d03,VIXPercentileRaw,20,3716,127,0.49415204678362573,0.15170963029368556,0.367150905856089,0.4724896807167134,0.95001345532831,0.007874015748031496,0.0,0.15751435493468352,,1,19,127,43
h5_d03,VIXPercentileRaw,20,3716,127,0.49415204678362573,0.15170963029368556,0.367150905856089,0.4724896807167134,0.95001345532831,0.007874015748031496,0.0,0.15751435493468352,,1,19,127,44
h5_d03,VIXPercentileRaw,20,3716,127,0.49415204678362573,0.15170963029368556,0.367150905856089,0.4724896807167134,0.95001345532831,0.007874015748031496,0.0,0.15751435493468352,,1,19,127,45
h5_d03,VIXPercentileRaw,20,3716,127,0.49415204678362573,0.15170963029368556,0.367150905856089,0.4724896807167134,0.95001345532831,0.007874015748031496,0.0,0.15751435493468352,,1,19,127,46
h5_d03,VIXPercentileCalibrated,20,3716,127,0.49025341130604283,0.15069431628446114,0.12916319541898094,0.0371657255451134,0.3641304347826087,0.0,,,,0,19,127,42
h5_d03,VIXPercentileCalibrated,20,3716,127,0.49025341130604283,0.15069431628446114,0.12916319541898094,0.0371657255451134,0.3641304347826087,0.0,,,,0,19,127,43
h5_d03,VIXPercentileCalibrated,20,3716,127,0.49025341130604283,0.15069431628446114,0.12916319541898094,0.0371657255451134,0.3641304347826087,0.0,,,,0,19,127,44
h5_d03,VIXPercentileCalibrated,20,3716,127,0.49025341130604283,0.15069431628446114,0.12916319541898094,0.0371657255451134,0.3641304347826087,0.0,,,,0,19,127,45
h5_d03,VIXPercentileCalibrated,20,3716,127,0.49025341130604283,0.15069431628446114,0.12916319541898094,0.0371657255451134,0.3641304347826087,0.0,,,,0,19,127,46
h5_d03,HarRvThreshold,20,3716,127,0.5361067503924647,0.3375212030317023,0.1273236484077365,0.11609510777978457,0.05153733086824143,0.0761904761904762,0.375,1.7561873132167447,0.8787361329659752,8,14,105,42
h5_d03,HarRvThreshold,20,3716,127,0.5361067503924647,0.3375212030317023,0.1273236484077365,0.11609510777978457,0.05153733086824143,0.0761904761904762,0.375,1.7561873132167447,0.8787361329659752,8,14,105,43
h5_d03,HarRvThreshold,20,3716,127,0.5361067503924647,0.3375212030317023,0.1273236484077365,0.11609510777978457,0.05153733086824143,0.0761904761904762,0.375,1.7561873132167447,0.8787361329659752,8,14,105,44
h5_d03,HarRvThreshold,20,3716,127,0.5361067503924647,0.3375212030317023,0.1273236484077365,0.11609510777978457,0.05153733086824143,0.0761904761904762,0.375,1.7561873132167447,0.8787361329659752,8,14,105,45
h5_d03,HarRvThreshold,20,3716,127,0.5361067503924647,0.3375212030317023,0.1273236484077365,0.11609510777978457,0.05153733086824143,0.0761904761904762,0.375,1.7561873132167447,0.8787361329659752,8,14,105,46
h5_d03,LogisticRegressionL2,20,3716,127,0.5346003898635477,0.15528148229308414,0.2780116887336406,0.380102929827607,0.6944854449376218,0.05511811023622047,0.0,0.10615889345598414,,7,19,127,42
h5_d03,LogisticRegressionL2,20,3716,127,0.5346003898635477,0.15528148229308414,0.2780116887336406,0.380102929827607,0.6944854449376218,0.05511811023622047,0.0,0.10615889345598414,,7,19,127,43
h5_d03,LogisticRegressionL2,20,3716,127,0.5346003898635477,0.15528148229308414,0.2780116887336406,0.380102929827607,0.6944854449376218,0.05511811023622047,0.0,0.10615889345598414,,7,19,127,44
h5_d03,LogisticRegressionL2,20,3716,127,0.5346003898635477,0.15528148229308414,0.2780116887336406,0.380102929827607,0.6944854449376218,0.05511811023622047,0.0,0.10615889345598414,,7,19,127,45
h5_d03,LogisticRegressionL2,20,3716,127,0.5346003898635477,0.15528148229308414,0.2780116887336406,0.380102929827607,0.6944854449376218,0.05511811023622047,0.0,0.10615889345598414,,7,19,127,46
h5_d03,LightGbmTuned,20,3716,127,0.49975633528265107,0.14966294648202633,0.2736464662642984,0.37534114893195714,0.6527033883447697,0.0,,,,0,19,127,42
h5_d03,LightGbmTuned,20,3716,127,0.49975633528265107,0.14966294648202633,0.2736464662642984,0.37534114893195714,0.6527033883447697,0.0,,,,0,19,127,43
h5_d03,LightGbmTuned,20,3716,127,0.49975633528265107,0.14966294648202633,0.2736464662642984,0.37534114893195714,0.6527033883447697,0.0,,,,0,19,127,44
h5_d03,LightGbmTuned,20,3716,127,0.49975633528265107,0.14966294648202633,0.2736464662642984,0.37534114893195714,0.6527033883447697,0.0,,,,0,19,127,45
h5_d03,LightGbmTuned,20,3716,127,0.49975633528265107,0.14966294648202633,0.2736464662642984,0.37534114893195714,0.6527033883447697,0.0,,,,0,19,127,46
h5_d03,NaiveBaseRate,21,3843,123,0.5,0.23577235772357724,0.1849413842961467,0.06897558436942688,0.1667967733541504,0.0,,,,0,29,123,42
h5_d03,NaiveBaseRate,21,3843,123,0.5,0.23577235772357724,0.1849413842961467,0.06897558436942688,0.1667967733541504,0.0,,,,0,29,123,43
h5_d03,NaiveBaseRate,21,3843,123,0.5,0.23577235772357724,0.1849413842961467,0.06897558436942688,0.1667967733541504,0.0,,,,0,29,123,44
h5_d03,NaiveBaseRate,21,3843,123,0.5,0.23577235772357724,0.1849413842961467,0.06897558436942688,0.1667967733541504,0.0,,,,0,29,123,45
h5_d03,NaiveBaseRate,21,3843,123,0.5,0.23577235772357724,0.1849413842961467,0.06897558436942688,0.1667967733541504,0.0,,,,0,29,123,46
h5_d03,VIXPercentileRaw,21,3843,123,0.43983859134262654,0.22465789502147984,0.3723932216472749,0.41401428846450833,0.9500130106687482,0.04065040650406504,0.2,0.2287175719989955,0.6852366306943154,5,29,123,42
h5_d03,VIXPercentileRaw,21,3843,123,0.43983859134262654,0.22465789502147984,0.3723932216472749,0.41401428846450833,0.9500130106687482,0.04065040650406504,0.2,0.2287175719989955,0.6852366306943154,5,29,123,43
h5_d03,VIXPercentileRaw,21,3843,123,0.43983859134262654,0.22465789502147984,0.3723932216472749,0.41401428846450833,0.9500130106687482,0.04065040650406504,0.2,0.2287175719989955,0.6852366306943154,5,29,123,44
h5_d03,VIXPercentileRaw,21,3843,123,0.43983859134262654,0.22465789502147984,0.3723932216472749,0.41401428846450833,0.9500130106687482,0.04065040650406504,0.2,0.2287175719989955,0.6852366306943154,5,29,123,45
h5_d03,VIXPercentileRaw,21,3843,123,0.43983859134262654,0.22465789502147984,0.3723932216472749,0.41401428846450833,0.9500130106687482,0.04065040650406504,0.2,0.2287175719989955,0.6852366306943154,5,29,123,46
h5_d03,VIXPercentileCalibrated,21,3843,123,0.4719369038884813,0.22639166830998014,0.18620751001982908,0.06287538878165215,0.3621621621621622,0.0,,,,0,29,123,42
h5_d03,VIXPercentileCalibrated,21,3843,123,0.4719369038884813,0.22639166830998014,0.18620751001982908,0.06287538878165215,0.3621621621621622,0.0,,,,0,29,123,43
h5_d03,VIXPercentileCalibrated,21,3843,123,0.4719369038884813,0.22639166830998014,0.18620751001982908,0.06287538878165215,0.3621621621621622,0.0,,,,0,29,123,44
h5_d03,VIXPercentileCalibrated,21,3843,123,0.4719369038884813,0.22639166830998014,0.18620751001982908,0.06287538878165215,0.3621621621621622,0.0,,,,0,29,123,45
h5_d03,VIXPercentileCalibrated,21,3843,123,0.4719369038884813,0.22639166830998014,0.18620751001982908,0.06287538878165215,0.3621621621621622,0.0,,,,0,29,123,46
h5_d03,HarRvThreshold,21,3843,123,0.484984984984985,0.30283422108091473,0.25551557342594783,0.24198162541264587,0.05174506034765558,0.0891089108910891,0.3333333333333333,1.1590159341167117,0.9659657210766678,9,27,101,42
h5_d03,HarRvThreshold,21,3843,123,0.484984984984985,0.30283422108091473,0.25551557342594783,0.24198162541264587,0.05174506034765558,0.0891089108910891,0.3333333333333333,1.1590159341167117,0.9659657210766678,9,27,101,43
h5_d03,HarRvThreshold,21,3843,123,0.484984984984985,0.30283422108091473,0.25551557342594783,0.24198162541264587,0.05174506034765558,0.0891089108910891,0.3333333333333333,1.1590159341167117,0.9659657210766678,9,27,101,44
h5_d03,HarRvThreshold,21,3843,123,0.484984984984985,0.30283422108091473,0.25551557342594783,0.24198162541264587,0.05174506034765558,0.0891089108910891,0.3333333333333333,1.1590159341167117,0.9659657210766678,9,27,101,45
h5_d03,HarRvThreshold,21,3843,123,0.484984984984985,0.30283422108091473,0.25551557342594783,0.24198162541264587,0.05174506034765558,0.0891089108910891,0.3333333333333333,1.1590159341167117,0.9659657210766678,9,27,101,46
h5_d03,LogisticRegressionL2,21,3843,123,0.45377842993396916,0.22695579977648783,0.2940516814431366,0.3110325769185129,0.6909277820155493,0.13008130081300814,0.1875,0.835524691968252,0.9908596339055064,16,29,123,42
h5_d03,LogisticRegressionL2,21,3843,123,0.45377842993396916,0.22695579977648783,0.2940516814431366,0.3110325769185129,0.6909277820155493,0.13008130081300814,0.1875,0.835524691968252,0.9908596339055064,16,29,123,43
h5_d03,LogisticRegressionL2,21,3843,123,0.45377842993396916,0.22695579977648783,0.2940516814431366,0.3110325769185129,0.6909277820155493,0.13008130081300814,0.1875,0.835524691968252,0.9908596339055064,16,29,123,44
h5_d03,LogisticRegressionL2,21,3843,123,0.45377842993396916,0.22695579977648783,0.2940516814431366,0.3110325769185129,0.6909277820155493,0.13008130081300814,0.1875,0.835524691968252,0.9908596339055064,16,29,123,45
h5_d03,LogisticRegressionL2,21,3843,123,0.45377842993396916,0.22695579977648783,0.2940516814431366,0.3110325769185129,0.6909277820155493,0.13008130081300814,0.1875,0.835524691968252,0.9908596339055064,16,29,123,46
h5_d03,LightGbmTuned,21,3843,123,0.5029347028613353,0.23884865770004593,0.26834985148712653,0.2852154685079901,0.6526601082540443,0.13821138211382114,0.17647058823529413,0.5922591054728058,0.9908596339055064,17,29,123,42
h5_d03,LightGbmTuned,21,3843,123,0.5029347028613353,0.23884865770004593,0.26834985148712653,0.2852154685079901,0.6526601082540443,0.13821138211382114,0.17647058823529413,0.5922591054728058,0.9908596339055064,17,29,123,43
h5_d03,LightGbmTuned,21,3843,123,0.5029347028613353,0.23884865770004593,0.26834985148712653,0.2852154685079901,0.6526601082540443,0.13821138211382114,0.17647058823529413,0.5922591054728058,0.9908596339055064,17,29,123,44
h5_d03,LightGbmTuned,21,3843,123,0.5029347028613353,0.23884865770004593,0.26834985148712653,0.2852154685079901,0.6526601082540443,0.13821138211382114,0.17647058823529413,0.5922591054728058,0.9908596339055064,17,29,123,45
h5_d03,LightGbmTuned,21,3843,123,0.5029347028613353,0.23884865770004593,0.26834985148712653,0.2852154685079901,0.6526601082540443,0.13821138211382114,0.17647058823529413,0.5922591054728058,0.9908596339055064,17,29,123,46
h5_d03,NaiveBaseRate,22,3966,127,0.5,0.11023622047244094,0.1015298550751139,0.05869973515035276,0.16893595562279376,0.0,,,,0,14,127,42
h5_d03,NaiveBaseRate,22,3966,127,0.5,0.11023622047244094,0.1015298550751139,0.05869973515035276,0.16893595562279376,0.0,,,,0,14,127,43
h5_d03,NaiveBaseRate,22,3966,127,0.5,0.11023622047244094,0.1015298550751139,0.05869973515035276,0.16893595562279376,0.0,,,,0,14,127,44
h5_d03,NaiveBaseRate,22,3966,127,0.5,0.11023622047244094,0.1015298550751139,0.05869973515035276,0.16893595562279376,0.0,,,,0,14,127,45
h5_d03,NaiveBaseRate,22,3966,127,0.5,0.11023622047244094,0.1015298550751139,0.05869973515035276,0.16893595562279376,0.0,,,,0,14,127,46
h5_d03,VIXPercentileRaw,22,3966,127,0.5085335018963337,0.12262737808735172,0.30953989866530085,0.4494502483709959,0.9500126071608673,0.0,,,,0,14,127,42
h5_d03,VIXPercentileRaw,22,3966,127,0.5085335018963337,0.12262737808735172,0.30953989866530085,0.4494502483709959,0.9500126071608673,0.0,,,,0,14,127,43
h5_d03,VIXPercentileRaw,22,3966,127,0.5085335018963337,0.12262737808735172,0.30953989866530085,0.4494502483709959,0.9500126071608673,0.0,,,,0,14,127,44
h5_d03,VIXPercentileRaw,22,3966,127,0.5085335018963337,0.12262737808735172,0.30953989866530085,0.4494502483709959,0.9500126071608673,0.0,,,,0,14,127,45
h5_d03,VIXPercentileRaw,22,3966,127,0.5085335018963337,0.12262737808735172,0.30953989866530085,0.4494502483709959,0.9500126071608673,0.0,,,,0,14,127,46
h5_d03,VIXPercentileCalibrated,22,3966,127,0.5483565107458913,0.12668067226890756,0.10243952934638458,0.07418530415345599,0.35789473684210527,0.0,,,,0,14,127,42
h5_d03,VIXPercentileCalibrated,22,3966,127,0.5483565107458913,0.12668067226890756,0.10243952934638458,0.07418530415345599,0.35789473684210527,0.0,,,,0,14,127,43
h5_d03,VIXPercentileCalibrated,22,3966,127,0.5483565107458913,0.12668067226890756,0.10243952934638458,0.07418530415345599,0.35789473684210527,0.0,,,,0,14,127,44
h5_d03,VIXPercentileCalibrated,22,3966,127,0.5483565107458913,0.12668067226890756,0.10243952934638458,0.07418530415345599,0.35789473684210527,0.0,,,,0,14,127,45
h5_d03,VIXPercentileCalibrated,22,3966,127,0.5483565107458913,0.12668067226890756,0.10243952934638458,0.07418530415345599,0.35789473684210527,0.0,,,,0,14,127,46
h5_d03,HarRvThreshold,22,3966,127,0.3994197292069632,0.08947938997060977,0.10311425965449036,0.09194060554470077,0.05217043797245848,0.0,,,,0,11,105,42
h5_d03,HarRvThreshold,22,3966,127,0.3994197292069632,0.08947938997060977,0.10311425965449036,0.09194060554470077,0.05217043797245848,0.0,,,,0,11,105,43
h5_d03,HarRvThreshold,22,3966,127,0.3994197292069632,0.08947938997060977,0.10311425965449036,0.09194060554470077,0.05217043797245848,0.0,,,,0,11,105,44
h5_d03,HarRvThreshold,22,3966,127,0.3994197292069632,0.08947938997060977,0.10311425965449036,0.09194060554470077,0.05217043797245848,0.0,,,,0,11,105,45
h5_d03,HarRvThreshold,22,3966,127,0.3994197292069632,0.08947938997060977,0.10311425965449036,0.09194060554470077,0.05217043797245848,0.0,,,,0,11,105,46
h5_d03,LogisticRegressionL2,22,3966,127,0.5290771175726927,0.14104951914420638,0.2232024553947728,0.35155154899017166,0.6825397385659536,0.0,,,,0,14,127,42
h5_d03,LogisticRegressionL2,22,3966,127,0.5290771175726927,0.14104951914420638,0.2232024553947728,0.35155154899017166,0.6825397385659536,0.0,,,,0,14,127,43
h5_d03,LogisticRegressionL2,22,3966,127,0.5290771175726927,0.14104951914420638,0.2232024553947728,0.35155154899017166,0.6825397385659536,0.0,,,,0,14,127,44
h5_d03,LogisticRegressionL2,22,3966,127,0.5290771175726927,0.14104951914420638,0.2232024553947728,0.35155154899017166,0.6825397385659536,0.0,,,,0,14,127,45
h5_d03,LogisticRegressionL2,22,3966,127,0.5290771175726927,0.14104951914420638,0.2232024553947728,0.35155154899017166,0.6825397385659536,0.0,,,,0,14,127,46
h5_d03,LightGbmTuned,22,3966,127,0.5335018963337548,0.17056142866994328,0.21961478896177933,0.34676614632563096,0.6500126263038805,0.0,,,,0,14,127,42
h5_d03,LightGbmTuned,22,3966,127,0.5335018963337548,0.17056142866994328,0.21961478896177933,0.34676614632563096,0.6500126263038805,0.0,,,,0,14,127,43
h5_d03,LightGbmTuned,22,3966,127,0.5335018963337548,0.17056142866994328,0.21961478896177933,0.34676614632563096,0.6500126263038805,0.0,,,,0,14,127,44
h5_d03,LightGbmTuned,22,3966,127,0.5335018963337548,0.17056142866994328,0.21961478896177933,0.34676614632563096,0.6500126263038805,0.0,,,,0,14,127,45
h5_d03,LightGbmTuned,22,3966,127,0.5335018963337548,0.17056142866994328,0.21961478896177933,0.34676614632563096,0.6500126263038805,0.0,,,,0,14,127,46
h10_d05,NaiveBaseRate,1,1333,124,0.5,0.008064516129032258,0.02227193144872864,0.11946736684171042,0.1275318829707427,0.0,,,,0,1,124,42
h10_d05,NaiveBaseRate,1,1333,124,0.5,0.008064516129032258,0.02227193144872864,0.11946736684171042,0.1275318829707427,0.0,,,,0,1,124,43
h10_d05,NaiveBaseRate,1,1333,124,0.5,0.008064516129032258,0.02227193144872864,0.11946736684171042,0.1275318829707427,0.0,,,,0,1,124,44
h10_d05,NaiveBaseRate,1,1333,124,0.5,0.008064516129032258,0.02227193144872864,0.11946736684171042,0.1275318829707427,0.0,,,,0,1,124,45
h10_d05,NaiveBaseRate,1,1333,124,0.5,0.008064516129032258,0.02227193144872864,0.11946736684171042,0.1275318829707427,0.0,,,,0,1,124,46
h10_d05,VIXPercentileRaw,1,1333,124,0.0,0.008064516129032258,0.07478855442147446,0.17363816760641773,0.9500375093773442,0.0,,,,0,1,124,42
h10_d05,VIXPercentileRaw,1,1333,124,0.0,0.008064516129032258,0.07478855442147446,0.17363816760641773,0.9500375093773442,0.0,,,,0,1,124,43
h10_d05,VIXPercentileRaw,1,1333,124,0.0,0.008064516129032258,0.07478855442147446,0.17363816760641773,0.9500375093773442,0.0,,,,0,1,124,44
h10_d05,VIXPercentileRaw,1,1333,124,0.0,0.008064516129032258,0.07478855442147446,0.17363816760641773,0.9500375093773442,0.0,,,,0,1,124,45
h10_d05,VIXPercentileRaw,1,1333,124,0.0,0.008064516129032258,0.07478855442147446,0.17363816760641773,0.9500375093773442,0.0,,,,0,1,124,46
h10_d05,VIXPercentileCalibrated,1,1333,124,0.04878048780487804,0.008064516129032258,0.010958578880848838,0.037010912955081215,0.41346153846153844,0.0,,,,0,1,124,42
h10_d05,VIXPercentileCalibrated,1,1333,124,0.04878048780487804,0.008064516129032258,0.010958578880848838,0.037010912955081215,0.41346153846153844,0.0,,,,0,1,124,43
h10_d05,VIXPercentileCalibrated,1,1333,124,0.04878048780487804,0.008064516129032258,0.010958578880848838,0.037010912955081215,0.41346153846153844,0.0,,,,0,1,124,44
h10_d05,VIXPercentileCalibrated,1,1333,124,0.04878048780487804,0.008064516129032258,0.010958578880848838,0.037010912955081215,0.41346153846153844,0.0,,,,0,1,124,45
h10_d05,VIXPercentileCalibrated,1,1333,124,0.04878048780487804,0.008064516129032258,0.010958578880848838,0.037010912955081215,0.41346153846153844,0.0,,,,0,1,124,46
h10_d05,HarRvThreshold,1,1333,124,0.24752475247524752,0.012987012987012988,0.010088052590139993,0.008406091873565606,0.2540141383820368,0.0,,,,0,1,102,42
h10_d05,HarRvThreshold,1,1333,124,0.24752475247524752,0.012987012987012988,0.010088052590139993,0.008406091873565606,0.2540141383820368,0.0,,,,0,1,102,43
h10_d05,HarRvThreshold,1,1333,124,0.24752475247524752,0.012987012987012988,0.010088052590139993,0.008406091873565606,0.2540141383820368,0.0,,,,0,1,102,44
h10_d05,HarRvThreshold,1,1333,124,0.24752475247524752,0.012987012987012988,0.010088052590139993,0.008406091873565606,0.2540141383820368,0.0,,,,0,1,102,45
h10_d05,HarRvThreshold,1,1333,124,0.24752475247524752,0.012987012987012988,0.010088052590139993,0.008406091873565606,0.2540141383820368,0.0,,,,0,1,102,46
h10_d05,LogisticRegressionL2,1,1333,124,0.04878048780487809,0.00847457627118644,0.12486498395002305,0.32187600171405006,0.8410219262932555,0.0,,,,0,1,124,42
h10_d05,LogisticRegressionL2,1,1333,124,0.04878048780487809,0.00847457627118644,0.12486498395002305,0.32187600171405006,0.8410219262932555,0.0,,,,0,1,124,43
h10_d05,LogisticRegressionL2,1,1333,124,0.04878048780487809,0.00847457627118644,0.12486498395002305,0.32187600171405006,0.8410219262932555,0.0,,,,0,1,124,44
h10_d05,LogisticRegressionL2,1,1333,124,0.04878048780487809,0.00847457627118644,0.12486498395002305,0.32187600171405006,0.8410219262932555,0.0,,,,0,1,124,45
h10_d05,LogisticRegressionL2,1,1333,124,0.04878048780487809,0.00847457627118644,0.12486498395002305,0.32187600171405006,0.8410219262932555,0.0,,,,0,1,124,46
h10_d05,LightGbmTuned,1,1333,124,0.04065040650406504,0.008064516129032258,0.18046450516700727,0.40136157579428433,0.7343673888000782,0.0,,,,0,1,124,42
h10_d05,LightGbmTuned,1,1333,124,0.04065040650406504,0.008064516129032258,0.18046450516700727,0.40136157579428433,0.7343673888000782,0.0,,,,0,1,124,43
h10_d05,LightGbmTuned,1,1333,124,0.04065040650406504,0.008064516129032258,0.18046450516700727,0.40136157579428433,0.7343673888000782,0.0,,,,0,1,124,44
h10_d05,LightGbmTuned,1,1333,124,0.04065040650406504,0.008064516129032258,0.18046450516700727,0.40136157579428433,0.7343673888000782,0.0,,,,0,1,124,45
h10_d05,LightGbmTuned,1,1333,124,0.04065040650406504,0.008064516129032258,0.18046450516700727,0.40136157579428433,0.7343673888000782,0.0,,,,0,1,124,46
h10_d05,NaiveBaseRate,2,1457,127,0.5,0.2125984251968504,0.17646984530961426,0.09523397770199796,0.11736444749485243,0.0,,,,0,27,127,42
h10_d05,NaiveBaseRate,2,1457,127,0.5,0.2125984251968504,0.17646984530961426,0.09523397770199796,0.11736444749485243,0.0,,,,0,27,127,43
h10_d05,NaiveBaseRate,2,1457,127,0.5,0.2125984251968504,0.17646984530961426,0.09523397770199796,0.11736444749485243,0.0,,,,0,27,127,44
h10_d05,NaiveBaseRate,2,1457,127,0.5,0.2125984251968504,0.17646984530961426,0.09523397770199796,0.11736444749485243,0.0,,,,0,27,127,45
h10_d05,NaiveBaseRate,2,1457,127,0.5,0.2125984251968504,0.17646984530961426,0.09523397770199796,0.11736444749485243,0.0,,,,0,27,127,46
h10_d05,VIXPercentileRaw,2,1457,127,0.4244444444444444,0.18246600658425915,0.2623589715118506,0.2803030712444404,0.9500343170899108,0.0,,,,0,27,127,42
h10_d05,VIXPercentileRaw,2,1457,127,0.4244444444444444,0.18246600658425915,0.2623589715118506,0.2803030712444404,0.9500343170899108,0.0,,,,0,27,127,43
h10_d05,VIXPercentileRaw,2,1457,127,0.4244444444444444,0.18246600658425915,0.2623589715118506,0.2803030712444404,0.9500343170899108,0.0,,,,0,27,127,44
h10_d05,VIXPercentileRaw,2,1457,127,0.4244444444444444,0.18246600658425915,0.2623589715118506,0.2803030712444404,0.9500343170899108,0.0,,,,0,27,127,45
h10_d05,VIXPercentileRaw,2,1457,127,0.4244444444444444,0.18246600658425915,0.2623589715118506,0.2803030712444404,0.9500343170899108,0.0,,,,0,27,127,46
h10_d05,VIXPercentileCalibrated,2,1457,127,0.39037037037037037,0.19858230731862575,0.19851129432620135,0.17745058416719822,0.41346153846153844,0.0,,,,0,27,127,42
h10_d05,VIXPercentileCalibrated,2,1457,127,0.39037037037037037,0.19858230731862575,0.19851129432620135,0.17745058416719822,0.41346153846153844,0.0,,,,0,27,127,43
h10_d05,VIXPercentileCalibrated,2,1457,127,0.39037037037037037,0.19858230731862575,0.19851129432620135,0.17745058416719822,0.41346153846153844,0.0,,,,0,27,127,44
h10_d05,VIXPercentileCalibrated,2,1457,127,0.39037037037037037,0.19858230731862575,0.19851129432620135,0.17745058416719822,0.41346153846153844,0.0,,,,0,27,127,45
h10_d05,VIXPercentileCalibrated,2,1457,127,0.39037037037037037,0.19858230731862575,0.19851129432620135,0.17745058416719822,0.41346153846153844,0.0,,,,0,27,127,46
h10_d05,HarRvThreshold,2,1457,127,0.23504273504273504,0.17207582221537582,0.24387572833957732,0.2240979378821976,0.24523256072439506,0.0,,,,0,27,105,42
h10_d05,HarRvThreshold,2,1457,127,0.23504273504273504,0.17207582221537582,0.24387572833957732,0.2240979378821976,0.24523256072439506,0.0,,,,0,27,105,43
h10_d05,HarRvThreshold,2,1457,127,0.23504273504273504,0.17207582221537582,0.24387572833957732,0.2240979378821976,0.24523256072439506,0.0,,,,0,27,105,44
h10_d05,HarRvThreshold,2,1457,127,0.23504273504273504,0.17207582221537582,0.24387572833957732,0.2240979378821976,0.24523256072439506,0.0,,,,0,27,105,45
h10_d05,HarRvThreshold,2,1457,127,0.23504273504273504,0.17207582221537582,0.24387572833957732,0.2240979378821976,0.24523256072439506,0.0,,,,0,27,105,46
h10_d05,LogisticRegressionL2,2,1457,127,0.17777777777777778,0.13378357637300403,0.2840967349650591,0.3230402215527347,0.8266031608739446,0.0,,,,0,27,127,42
h10_d05,LogisticRegressionL2,2,1457,127,0.17777777777777778,0.13378357637300403,0.2840967349650591,0.3230402215527347,0.8266031608739446,0.0,,,,0,27,127,43
h10_d05,LogisticRegressionL2,2,1457,127,0.17777777777777778,0.13378357637300403,0.2840967349650591,0.3230402215527347,0.8266031608739446,0.0,,,,0,27,127,44
h10_d05,LogisticRegressionL2,2,1457,127,0.17777777777777778,0.13378357637300403,0.2840967349650591,0.3230402215527347,0.8266031608739446,0.0,,,,0,27,127,45
h10_d05,LogisticRegressionL2,2,1457,127,0.17777777777777778,0.13378357637300403,0.2840967349650591,0.3230402215527347,0.8266031608739446,0.0,,,,0,27,127,46
h10_d05,LightGbmTuned,2,1457,127,0.337037037037037,0.16194828954877205,0.2530956800790252,0.251741460184063,0.7347659758439914,0.05511811023622047,0.0,0.3549838128777946,,7,27,127,42
h10_d05,LightGbmTuned,2,1457,127,0.337037037037037,0.16194828954877205,0.2530956800790252,0.251741460184063,0.7347659758439914,0.05511811023622047,0.0,0.3549838128777946,,7,27,127,43
h10_d05,LightGbmTuned,2,1457,127,0.337037037037037,0.16194828954877205,0.2530956800790252,0.251741460184063,0.7347659758439914,0.05511811023622047,0.0,0.3549838128777946,,7,27,127,44
h10_d05,LightGbmTuned,2,1457,127,0.337037037037037,0.16194828954877205,0.2530956800790252,0.251741460184063,0.7347659758439914,0.05511811023622047,0.0,0.3549838128777946,,7,27,127,45
h10_d05,LightGbmTuned,2,1457,127,0.337037037037037,0.16194828954877205,0.2530956800790252,0.251741460184063,0.7347659758439914,0.05511811023622047,0.0,0.3549838128777946,,7,27,127,46
h10_d05,NaiveBaseRate,3,1584,126,0.5,0.15079365079365079,0.12872023809523808,0.025793650793650785,0.125,0.0,,,,0,19,126,42
h10_d05,NaiveBaseRate,3,1584,126,0.5,0.15079365079365079,0.12872023809523808,0.025793650793650785,0.125,0.0,,,,0,19,126,43
h10_d05,NaiveBaseRate,3,1584,126,0.5,0.15079365079365079,0.12872023809523808,0.025793650793650785,0.125,0.0,,,,0,19,126,44
h10_d05,NaiveBaseRate,3,1584,126,0.5,0.15079365079365079,0.12872023809523808,0.025793650793650785,0.125,0.0,,,,0,19,126,45
h10_d05,NaiveBaseRate,3,1584,126,0.5,0.15079365079365079,0.12872023809523808,0.025793650793650785,0.125,0.0,,,,0,19,126,46
h10_d05,VIXPercentileRaw,3,1584,126,0.7274963108706345,0.23410306604977352,0.2238072109179011,0.30017436267436265,0.9500315656565657,0.0,,,,0,19,126,42
h10_d05,VIXPercentileRaw,3,1584,126,0.7274963108706345,0.23410306604977352,0.2238072109179011,0.30017436267436265,0.9500315656565657,0.0,,,,0,19,126,43
h10_d05,VIXPercentileRaw,3,1584,126,0.7274963108706345,0.23410306604977352,0.2238072109179011,0.30017436267436265,0.9500315656565657,0.0,,,,0,19,126,44
h10_d05,VIXPercentileRaw,3,1584,126,0.7274963108706345,0.23410306604977352,0.2238072109179011,0.30017436267436265,0.9500315656565657,0.0,,,,0,19,126,45
h10_d05,VIXPercentileRaw,3,1584,126,0.7274963108706345,0.23410306604977352,0.2238072109179011,0.30017436267436265,0.9500315656565657,0.0,,,,0,19,126,46
h10_d05,VIXPercentileCalibrated,3,1584,126,0.7306935563207083,0.25660956823006686,0.12638662753310034,0.08579991775390694,0.4095238095238095,0.0,,,,0,19,126,42
h10_d05,VIXPercentileCalibrated,3,1584,126,0.7306935563207083,0.25660956823006686,0.12638662753310034,0.08579991775390694,0.4095238095238095,0.0,,,,0,19,126,43
h10_d05,VIXPercentileCalibrated,3,1584,126,0.7306935563207083,0.25660956823006686,0.12638662753310034,0.08579991775390694,0.4095238095238095,0.0,,,,0,19,126,44
h10_d05,VIXPercentileCalibrated,3,1584,126,0.7306935563207083,0.25660956823006686,0.12638662753310034,0.08579991775390694,0.4095238095238095,0.0,,,,0,19,126,45
h10_d05,VIXPercentileCalibrated,3,1584,126,0.7306935563207083,0.25660956823006686,0.12638662753310034,0.08579991775390694,0.4095238095238095,0.0,,,,0,19,126,46
h10_d05,HarRvThreshold,3,1584,126,0.3148936170212766,0.09377388373448843,0.09246903072881778,0.046734494215113644,0.23843790419716085,0.0,,,,0,10,104,42
h10_d05,HarRvThreshold,3,1584,126,0.3148936170212766,0.09377388373448843,0.09246903072881778,0.046734494215113644,0.23843790419716085,0.0,,,,0,10,104,43
h10_d05,HarRvThreshold,3,1584,126,0.3148936170212766,0.09377388373448843,0.09246903072881778,0.046734494215113644,0.23843790419716085,0.0,,,,0,10,104,44
h10_d05,HarRvThreshold,3,1584,126,0.3148936170212766,0.09377388373448843,0.09246903072881778,0.046734494215113644,0.23843790419716085,0.0,,,,0,10,104,45
h10_d05,HarRvThreshold,3,1584,126,0.3148936170212766,0.09377388373448843,0.09246903072881778,0.046734494215113644,0.23843790419716085,0.0,,,,0,10,104,46
h10_d05,LogisticRegressionL2,3,1584,126,0.5563207083128382,0.1723627946940754,0.2453016871970976,0.3000130920185172,0.7702461922647106,0.07142857142857142,0.0,0.37983375575073525,,9,19,126,42
h10_d05,LogisticRegressionL2,3,1584,126,0.5563207083128382,0.1723627946940754,0.2453016871970976,0.3000130920185172,0.7702461922647106,0.07142857142857142,0.0,0.37983375575073525,,9,19,126,43
h10_d05,LogisticRegressionL2,3,1584,126,0.5563207083128382,0.1723627946940754,0.2453016871970976,0.3000130920185172,0.7702461922647106,0.07142857142857142,0.0,0.37983375575073525,,9,19,126,44
h10_d05,LogisticRegressionL2,3,1584,126,0.5563207083128382,0.1723627946940754,0.2453016871970976,0.3000130920185172,0.7702461922647106,0.07142857142857142,0.0,0.37983375575073525,,9,19,126,45
h10_d05,LogisticRegressionL2,3,1584,126,0.5563207083128382,0.1723627946940754,0.2453016871970976,0.3000130920185172,0.7702461922647106,0.07142857142857142,0.0,0.37983375575073525,,9,19,126,46
h10_d05,LightGbmTuned,3,1584,126,0.6893753074274471,0.34442505452818883,0.20694426288371015,0.2919073740868102,0.7476490281243151,0.0,,,,0,19,126,42
h10_d05,LightGbmTuned,3,1584,126,0.6893753074274471,0.34442505452818883,0.20694426288371015,0.2919073740868102,0.7476490281243151,0.0,,,,0,19,126,43
h10_d05,LightGbmTuned,3,1584,126,0.6893753074274471,0.34442505452818883,0.20694426288371015,0.2919073740868102,0.7476490281243151,0.0,,,,0,19,126,44
h10_d05,LightGbmTuned,3,1584,126,0.6893753074274471,0.34442505452818883,0.20694426288371015,0.2919073740868102,0.7476490281243151,0.0,,,,0,19,126,45
h10_d05,LightGbmTuned,3,1584,126,0.6893753074274471,0.34442505452818883,0.20694426288371015,0.2919073740868102,0.7476490281243151,0.0,,,,0,19,126,46
h10_d05,NaiveBaseRate,4,1710,127,0.5,0.023622047244094488,0.03373050244681248,0.10327853755122714,0.12690058479532162,0.0,,,,0,3,127,42
h10_d05,NaiveBaseRate,4,1710,127,0.5,0.023622047244094488,0.03373050244681248,0.10327853755122714,0.12690058479532162,0.0,,,,0,3,127,43
h10_d05,NaiveBaseRate,4,1710,127,0.5,0.023622047244094488,0.03373050244681248,0.10327853755122714,0.12690058479532162,0.0,,,,0,3,127,44
h10_d05,NaiveBaseRate,4,1710,127,0.5,0.023622047244094488,0.03373050244681248,0.10327853755122714,0.12690058479532162,0.0,,,,0,3,127,45
h10_d05,NaiveBaseRate,4,1710,127,0.5,0.023622047244094488,0.03373050244681248,0.10327853755122714,0.12690058479532162,0.0,,,,0,3,127,46
h10_d05,VIXPercentileRaw,4,1710,127,0.510752688172043,0.030706931602072267,0.09376651056506516,0.21523691117557675,0.9500292397660819,0.0,,,,0,3,127,42
h10_d05,VIXPercentileRaw,4,1710,127,0.510752688172043,0.030706931602072267,0.09376651056506516,0.21523691117557675,0.9500292397660819,0.0,,,,0,3,127,43
h10_d05,VIXPercentileRaw,4,1710,127,0.510752688172043,0.030706931602072267,0.09376651056506516,0.21523691117557675,0.9500292397660819,0.0,,,,0,3,127,44
h10_d05,VIXPercentileRaw,4,1710,127,0.510752688172043,0.030706931602072267,0.09376651056506516,0.21523691117557675,0.9500292397660819,0.0,,,,0,3,127,45
h10_d05,VIXPercentileRaw,4,1710,127,0.510752688172043,0.030706931602072267,0.09376651056506516,0.21523691117557675,0.9500292397660819,0.0,,,,0,3,127,46
h10_d05,VIXPercentileCalibrated,4,1710,127,0.5094086021505376,0.028191753601589667,0.02499575908165863,0.03477002117482673,0.4095238095238095,0.0,,,,0,3,127,42
h10_d05,VIXPercentileCalibrated,4,1710,127,0.5094086021505376,0.028191753601589667,0.02499575908165863,0.03477002117482673,0.4095238095238095,0.0,,,,0,3,127,43
h10_d05,VIXPercentileCalibrated,4,1710,127,0.5094086021505376,0.028191753601589667,0.02499575908165863,0.03477002117482673,0.4095238095238095,0.0,,,,0,3,127,44
h10_d05,VIXPercentileCalibrated,4,1710,127,0.5094086021505376,0.028191753601589667,0.02499575908165863,0.03477002117482673,0.4095238095238095,0.0,,,,0,3,127,45
h10_d05,VIXPercentileCalibrated,4,1710,127,0.5094086021505376,0.028191753601589667,0.02499575908165863,0.03477002117482673,0.4095238095238095,0.0,,,,0,3,127,46
h10_d05,HarRvThreshold,4,1710,127,0.14705882352941177,0.022236170913759217,0.029367043138199107,0.0026405461787754186,0.2256830865999974,0.0,,,,0,3,105,42
h10_d05,HarRvThreshold,4,1710,127,0.14705882352941177,0.022236170913759217,0.029367043138199107,0.0026405461787754186,0.2256830865999974,0.0,,,,0,3,105,43
h10_d05,HarRvThreshold,4,1710,127,0.14705882352941177,0.022236170913759217,0.029367043138199107,0.0026405461787754186,0.2256830865999974,0.0,,,,0,3,105,44
h10_d05,HarRvThreshold,4,1710,127,0.14705882352941177,0.022236170913759217,0.029367043138199107,0.0026405461787754186,0.2256830865999974,0.0,,,,0,3,105,45
h10_d05,HarRvThreshold,4,1710,127,0.14705882352941177,0.022236170913759217,0.029367043138199107,0.0026405461787754186,0.2256830865999974,0.0,,,,0,3,105,46
h10_d05,LogisticRegressionL2,4,1710,127,0.7661290322580646,0.06278388278388279,0.15230632502275415,0.3465819848945598,0.7805778143996039,0.0,,,,0,3,127,42
h10_d05,LogisticRegressionL2,4,1710,127,0.7661290322580646,0.06278388278388279,0.15230632502275415,0.3465819848945598,0.7805778143996039,0.0,,,,0,3,127,43
h10_d05,LogisticRegressionL2,4,1710,127,0.7661290322580646,0.06278388278388279,0.15230632502275415,0.3465819848945598,0.7805778143996039,0.0,,,,0,3,127,44
h10_d05,LogisticRegressionL2,4,1710,127,0.7661290322580646,0.06278388278388279,0.15230632502275415,0.3465819848945598,0.7805778143996039,0.0,,,,0,3,127,45
h10_d05,LogisticRegressionL2,4,1710,127,0.7661290322580646,0.06278388278388279,0.15230632502275415,0.3465819848945598,0.7805778143996039,0.0,,,,0,3,127,46
h10_d05,LightGbmTuned,4,1710,127,0.9166666666666667,0.14814814814814814,0.17040775760355567,0.37815122795703493,0.7452088759276774,0.0,,,,0,3,127,42
h10_d05,LightGbmTuned,4,1710,127,0.9166666666666667,0.14814814814814814,0.17040775760355567,0.37815122795703493,0.7452088759276774,0.0,,,,0,3,127,43
h10_d05,LightGbmTuned,4,1710,127,0.9166666666666667,0.14814814814814814,0.17040775760355567,0.37815122795703493,0.7452088759276774,0.0,,,,0,3,127,44
h10_d05,LightGbmTuned,4,1710,127,0.9166666666666667,0.14814814814814814,0.17040775760355567,0.37815122795703493,0.7452088759276774,0.0,,,,0,3,127,45
h10_d05,LightGbmTuned,4,1710,127,0.9166666666666667,0.14814814814814814,0.17040775760355567,0.37815122795703493,0.7452088759276774,0.0,,,,0,3,127,46
h10_d05,NaiveBaseRate,5,1837,125,,,0.014342572340349247,0.11976047904191622,0.11976047904191617,0.0,,,,0,0,125,42
h10_d05,NaiveBaseRate,5,1837,125,,,0.014342572340349247,0.11976047904191622,0.11976047904191617,0.0,,,,0,0,125,43
h10_d05,NaiveBaseRate,5,1837,125,,,0.014342572340349247,0.11976047904191622,0.11976047904191617,0.0,,,,0,0,125,44
h10_d05,NaiveBaseRate,5,1837,125,,,0.014342572340349247,0.11976047904191622,0.11976047904191617,0.0,,,,0,0,125,45
h10_d05,NaiveBaseRate,5,1837,125,,,0.014342572340349247,0.11976047904191622,0.11976047904191617,0.0,,,,0,0,125,46
h10_d05,VIXPercentileRaw,5,1837,125,,,0.02882309414920839,0.12342732716385411,0.9500272182906913,0.0,,,,0,0,125,42
h10_d05,VIXPercentileRaw,5,1837,125,,,0.02882309414920839,0.12342732716385411,0.9500272182906913,0.0,,,,0,0,125,43
h10_d05,VIXPercentileRaw,5,1837,125,,,0.02882309414920839,0.12342732716385411,0.9500272182906913,0.0,,,,0,0,125,44
h10_d05,VIXPercentileRaw,5,1837,125,,,0.02882309414920839,0.12342732716385411,0.9500272182906913,0.0,,,,0,0,125,45
h10_d05,VIXPercentileRaw,5,1837,125,,,0.02882309414920839,0.12342732716385411,0.9500272182906913,0.0,,,,0,0,125,46
h10_d05,VIXPercentileCalibrated,5,1837,125,,,0.0017515185213391163,0.039722296382839695,0.4095238095238095,0.0,,,,0,0,125,42
h10_d05,VIXPercentileCalibrated,5,1837,125,,,0.0017515185213391163,0.039722296382839695,0.4095238095238095,0.0,,,,0,0,125,43
h10_d05,VIXPercentileCalibrated,5,1837,125,,,0.0017515185213391163,0.039722296382839695,0.4095238095238095,0.0,,,,0,0,125,44
h10_d05,VIXPercentileCalibrated,5,1837,125,,,0.0017515185213391163,0.039722296382839695,0.4095238095238095,0.0,,,,0,0,125,45
h10_d05,VIXPercentileCalibrated,5,1837,125,,,0.0017515185213391163,0.039722296382839695,0.4095238095238095,0.0,,,,0,0,125,46
h10_d05,HarRvThreshold,5,1837,125,,,0.0005103433515507266,0.019411548636235443,0.21767298565051657,0.0,,,,0,0,103,42
h10_d05,HarRvThreshold,5,1837,125,,,0.0005103433515507266,0.019411548636235443,0.21767298565051657,0.0,,,,0,0,103,43
h10_d05,HarRvThreshold,5,1837,125,,,0.0005103433515507266,0.019411548636235443,0.21767298565051657,0.0,,,,0,0,103,44
h10_d05,HarRvThreshold,5,1837,125,,,0.0005103433515507266,0.019411548636235443,0.21767298565051657,0.0,,,,0,0,103,45
h10_d05,HarRvThreshold,5,1837,125,,,0.0005103433515507266,0.019411548636235443,0.21767298565051657,0.0,,,,0,0,103,46
h10_d05,LogisticRegressionL2,5,1837,125,,,0.1442191658437459,0.3728980137466462,0.7754818414268201,0.0,,,,0,0,125,42
h10_d05,LogisticRegressionL2,5,1837,125,,,0.1442191658437459,0.3728980137466462,0.7754818414268201,0.0,,,,0,0,125,43
h10_d05,LogisticRegressionL2,5,1837,125,,,0.1442191658437459,0.3728980137466462,0.7754818414268201,0.0,,,,0,0,125,44
h10_d05,LogisticRegressionL2,5,1837,125,,,0.1442191658437459,0.3728980137466462,0.7754818414268201,0.0,,,,0,0,125,45
h10_d05,LogisticRegressionL2,5,1837,125,,,0.1442191658437459,0.3728980137466462,0.7754818414268201,0.0,,,,0,0,125,46
h10_d05,LightGbmTuned,5,1837,125,,,0.19217142695278813,0.4308386345559153,0.7173096655999829,0.0,,,,0,0,125,42
h10_d05,LightGbmTuned,5,1837,125,,,0.19217142695278813,0.4308386345559153,0.7173096655999829,0.0,,,,0,0,125,43
h10_d05,LightGbmTuned,5,1837,125,,,0.19217142695278813,0.4308386345559153,0.7173096655999829,0.0,,,,0,0,125,44
h10_d05,LightGbmTuned,5,1837,125,,,0.19217142695278813,0.4308386345559153,0.7173096655999829,0.0,,,,0,0,125,45
h10_d05,LightGbmTuned,5,1837,125,,,0.19217142695278813,0.4308386345559153,0.7173096655999829,0.0,,,,0,0,125,46
h10_d05,NaiveBaseRate,6,1962,126,,,0.012573244343858479,0.11213047910295623,0.11213047910295616,0.0,,,,0,0,126,42
h10_d05,NaiveBaseRate,6,1962,126,,,0.012573244343858479,0.11213047910295623,0.11213047910295616,0.0,,,,0,0,126,43
h10_d05,NaiveBaseRate,6,1962,126,,,0.012573244343858479,0.11213047910295623,0.11213047910295616,0.0,,,,0,0,126,44
h10_d05,NaiveBaseRate,6,1962,126,,,0.012573244343858479,0.11213047910295623,0.11213047910295616,0.0,,,,0,0,126,45
h10_d05,NaiveBaseRate,6,1962,126,,,0.012573244343858479,0.11213047910295623,0.11213047910295616,0.0,,,,0,0,126,46
h10_d05,VIXPercentileRaw,6,1962,126,,,0.007769281147722295,0.04453667297703995,0.950025484199796,0.0,,,,0,0,126,42
h10_d05,VIXPercentileRaw,6,1962,126,,,0.007769281147722295,0.04453667297703995,0.950025484199796,0.0,,,,0,0,126,43
h10_d05,VIXPercentileRaw,6,1962,126,,,0.007769281147722295,0.04453667297703995,0.950025484199796,0.0,,,,0,0,126,44
h10_d05,VIXPercentileRaw,6,1962,126,,,0.007769281147722295,0.04453667297703995,0.950025484199796,0.0,,,,0,0,126,45
h10_d05,VIXPercentileRaw,6,1962,126,,,0.007769281147722295,0.04453667297703995,0.950025484199796,0.0,,,,0,0,126,46
h10_d05,VIXPercentileCalibrated,6,1962,126,,,0.0004813677102225345,0.015777269343878807,0.4095238095238095,0.0,,,,0,0,126,42
h10_d05,VIXPercentileCalibrated,6,1962,126,,,0.0004813677102225345,0.015777269343878807,0.4095238095238095,0.0,,,,0,0,126,43
h10_d05,VIXPercentileCalibrated,6,1962,126,,,0.0004813677102225345,0.015777269343878807,0.4095238095238095,0.0,,,,0,0,126,44
h10_d05,VIXPercentileCalibrated,6,1962,126,,,0.0004813677102225345,0.015777269343878807,0.4095238095238095,0.0,,,,0,0,126,45
h10_d05,VIXPercentileCalibrated,6,1962,126,,,0.0004813677102225345,0.015777269343878807,0.4095238095238095,0.0,,,,0,0,126,46
h10_d05,HarRvThreshold,6,1962,126,,,0.0001671176127989457,0.010096667935324023,0.2051254718982957,0.0,,,,0,0,104,42
h10_d05,HarRvThreshold,6,1962,126,,,0.0001671176127989457,0.010096667935324023,0.2051254718982957,0.0,,,,0,0,104,43
h10_d05,HarRvThreshold,6,1962,126,,,0.0001671176127989457,0.010096667935324023,0.2051254718982957,0.0,,,,0,0,104,44
h10_d05,HarRvThreshold,6,1962,126,,,0.0001671176127989457,0.010096667935324023,0.2051254718982957,0.0,,,,0,0,104,45
h10_d05,HarRvThreshold,6,1962,126,,,0.0001671176127989457,0.010096667935324023,0.2051254718982957,0.0,,,,0,0,104,46
h10_d05,LogisticRegressionL2,6,1962,126,,,0.10007986486612916,0.3040032050919895,0.7857316353489354,0.0,,,,0,0,126,42
h10_d05,LogisticRegressionL2,6,1962,126,,,0.10007986486612916,0.3040032050919895,0.7857316353489354,0.0,,,,0,0,126,43
h10_d05,LogisticRegressionL2,6,1962,126,,,0.10007986486612916,0.3040032050919895,0.7857316353489354,0.0,,,,0,0,126,44
h10_d05,LogisticRegressionL2,6,1962,126,,,0.10007986486612916,0.3040032050919895,0.7857316353489354,0.0,,,,0,0,126,45
h10_d05,LogisticRegressionL2,6,1962,126,,,0.10007986486612916,0.3040032050919895,0.7857316353489354,0.0,,,,0,0,126,46
h10_d05,LightGbmTuned,6,1962,126,,,0.15710196848792787,0.3865798405020271,0.7077340325656423,0.0,,,,0,0,126,42
h10_d05,LightGbmTuned,6,1962,126,,,0.15710196848792787,0.3865798405020271,0.7077340325656423,0.0,,,,0,0,126,43
h10_d05,LightGbmTuned,6,1962,126,,,0.15710196848792787,0.3865798405020271,0.7077340325656423,0.0,,,,0,0,126,44
h10_d05,LightGbmTuned,6,1962,126,,,0.15710196848792787,0.3865798405020271,0.7077340325656423,0.0,,,,0,0,126,45
h10_d05,LightGbmTuned,6,1962,126,,,0.15710196848792787,0.3865798405020271,0.7077340325656423,0.0,,,,0,0,126,46
h10_d05,NaiveBaseRate,7,2088,124,0.5,0.12096774193548387,0.10657802458717912,0.015603757261154344,0.1053639846743295,0.0,,,,0,15,124,42
h10_d05,NaiveBaseRate,7,2088,124,0.5,0.12096774193548387,0.10657802458717912,0.015603757261154344,0.1053639846743295,0.0,,,,0,15,124,43
h10_d05,NaiveBaseRate,7,2088,124,0.5,0.12096774193548387,0.10657802458717912,0.015603757261154344,0.1053639846743295,0.0,,,,0,15,124,44
h10_d05,NaiveBaseRate,7,2088,124,0.5,0.12096774193548387,0.10657802458717912,0.015603757261154344,0.1053639846743295,0.0,,,,0,15,124,45
h10_d05,NaiveBaseRate,7,2088,124,0.5,0.12096774193548387,0.10657802458717912,0.015603757261154344,0.1053639846743295,0.0,,,,0,15,124,46
h10_d05,VIXPercentileRaw,7,2088,124,0.5314984709480122,0.12615199368869032,0.18921130386880367,0.20679226918798668,0.9500239463601532,0.0,,,,0,15,124,42
h10_d05,VIXPercentileRaw,7,2088,124,0.5314984709480122,0.12615199368869032,0.18921130386880367,0.20679226918798668,0.9500239463601532,0.0,,,,0,15,124,43
h10_d05,VIXPercentileRaw,7,2088,124,0.5314984709480122,0.12615199368869032,0.18921130386880367,0.20679226918798668,0.9500239463601532,0.0,,,,0,15,124,44
h10_d05,VIXPercentileRaw,7,2088,124,0.5314984709480122,0.12615199368869032,0.18921130386880367,0.20679226918798668,0.9500239463601532,0.0,,,,0,15,124,45
h10_d05,VIXPercentileRaw,7,2088,124,0.5314984709480122,0.12615199368869032,0.18921130386880367,0.20679226918798668,0.9500239463601532,0.0,,,,0,15,124,46
h10_d05,VIXPercentileCalibrated,7,2088,124,0.5489296636085627,0.1422594746037772,0.11583880645123873,0.10990199185506698,0.4095238095238095,0.0,,,,0,15,124,42
h10_d05,VIXPercentileCalibrated,7,2088,124,0.5489296636085627,0.1422594746037772,0.11583880645123873,0.10990199185506698,0.4095238095238095,0.0,,,,0,15,124,43
h10_d05,VIXPercentileCalibrated,7,2088,124,0.5489296636085627,0.1422594746037772,0.11583880645123873,0.10990199185506698,0.4095238095238095,0.0,,,,0,15,124,44
h10_d05,VIXPercentileCalibrated,7,2088,124,0.5489296636085627,0.1422594746037772,0.11583880645123873,0.10990199185506698,0.4095238095238095,0.0,,,,0,15,124,45
h10_d05,VIXPercentileCalibrated,7,2088,124,0.5489296636085627,0.1422594746037772,0.11583880645123873,0.10990199185506698,0.4095238095238095,0.0,,,,0,15,124,46
h10_d05,HarRvThreshold,7,2088,124,0.46701388888888895,0.06024049975170076,0.05779056088861995,0.03171460887880634,0.19215121794971626,0.0,,,,0,6,102,42
h10_d05,HarRvThreshold,7,2088,124,0.46701388888888895,0.06024049975170076,0.05779056088861995,0.03171460887880634,0.19215121794971626,0.0,,,,0,6,102,43
h10_d05,HarRvThreshold,7,2088,124,0.46701388888888895,0.06024049975170076,0.05779056088861995,0.03171460887880634,0.19215121794971626,0.0,,,,0,6,102,44
h10_d05,HarRvThreshold,7,2088,124,0.46701388888888895,0.06024049975170076,0.05779056088861995,0.03171460887880634,0.19215121794971626,0.0,,,,0,6,102,45
h10_d05,HarRvThreshold,7,2088,124,0.46701388888888895,0.06024049975170076,0.05779056088861995,0.03171460887880634,0.19215121794971626,0.0,,,,0,6,102,46
h10_d05,LogisticRegressionL2,7,2088,124,0.3675840978593272,0.09633464778970763,0.2404399034480131,0.27793672705085265,0.7976405523662666,0.008064516129032258,0.0,0.5601160052945774,,1,15,124,42
h10_d05,LogisticRegressionL2,7,2088,124,0.3675840978593272,0.09633464778970763,0.2404399034480131,0.27793672705085265,0.7976405523662666,0.008064516129032258,0.0,0.5601160052945774,,1,15,124,43
h10_d05,LogisticRegressionL2,7,2088,124,0.3675840978593272,0.09633464778970763,0.2404399034480131,0.27793672705085265,0.7976405523662666,0.008064516129032258,0.0,0.5601160052945774,,1,15,124,44
h10_d05,LogisticRegressionL2,7,2088,124,0.3675840978593272,0.09633464778970763,0.2404399034480131,0.27793672705085265,0.7976405523662666,0.008064516129032258,0.0,0.5601160052945774,,1,15,124,45
h10_d05,LogisticRegressionL2,7,2088,124,0.3675840978593272,0.09633464778970763,0.2404399034480131,0.27793672705085265,0.7976405523662666,0.008064516129032258,0.0,0.5601160052945774,,1,15,124,46
h10_d05,LightGbmTuned,7,2088,124,0.3993883792048929,0.10162966888007278,0.20963587869364395,0.28139266197537754,0.7105268368433808,0.0,,,,0,15,124,42
h10_d05,LightGbmTuned,7,2088,124,0.3993883792048929,0.10162966888007278,0.20963587869364395,0.28139266197537754,0.7105268368433808,0.0,,,,0,15,124,43
h10_d05,LightGbmTuned,7,2088,124,0.3993883792048929,0.10162966888007278,0.20963587869364395,0.28139266197537754,0.7105268368433808,0.0,,,,0,15,124,44
h10_d05,LightGbmTuned,7,2088,124,0.3993883792048929,0.10162966888007278,0.20963587869364395,0.28139266197537754,0.7105268368433808,0.0,,,,0,15,124,45
h10_d05,LightGbmTuned,7,2088,124,0.3993883792048929,0.10162966888007278,0.20963587869364395,0.28139266197537754,0.7105268368433808,0.0,,,,0,15,124,46
h10_d05,NaiveBaseRate,8,2212,124,0.5,0.28225806451612906,0.23357126691665753,0.17601936650527916,0.10623869801084991,0.0,,,,0,35,124,42
h10_d05,NaiveBaseRate,8,2212,124,0.5,0.28225806451612906,0.23357126691665753,0.17601936650527916,0.10623869801084991,0.0,,,,0,35,124,43
h10_d05,NaiveBaseRate,8,2212,124,0.5,0.28225806451612906,0.23357126691665753,0.17601936650527916,0.10623869801084991,0.0,,,,0,35,124,44
h10_d05,NaiveBaseRate,8,2212,124,0.5,0.28225806451612906,0.23357126691665753,0.17601936650527916,0.10623869801084991,0.0,,,,0,35,124,45
h10_d05,NaiveBaseRate,8,2212,124,0.5,0.28225806451612906,0.23357126691665753,0.17601936650527916,0.10623869801084991,0.0,,,,0,35,124,46
h10_d05,VIXPercentileRaw,8,2212,124,0.6918138041733547,0.3739486034101793,0.22844736611635832,0.20963731552237064,0.9500226039783001,0.0,,,,0,35,124,42
h10_d05,VIXPercentileRaw,8,2212,124,0.6918138041733547,0.3739486034101793,0.22844736611635832,0.20963731552237064,0.9500226039783001,0.0,,,,0,35,124,43
h10_d05,VIXPercentileRaw,8,2212,124,0.6918138041733547,0.3739486034101793,0.22844736611635832,0.20963731552237064,0.9500226039783001,0.0,,,,0,35,124,44
h10_d05,VIXPercentileRaw,8,2212,124,0.6918138041733547,0.3739486034101793,0.22844736611635832,0.20963731552237064,0.9500226039783001,0.0,,,,0,35,124,45
h10_d05,VIXPercentileRaw,8,2212,124,0.6918138041733547,0.3739486034101793,0.22844736611635832,0.20963731552237064,0.9500226039783001,0.0,,,,0,35,124,46
h10_d05,VIXPercentileCalibrated,8,2212,124,0.6818619582664527,0.3821394873843964,0.23800826171064776,0.22124736879045495,0.4095238095238095,0.0,,,,0,35,124,42
h10_d05,VIXPercentileCalibrated,8,2212,124,0.6818619582664527,0.3821394873843964,0.23800826171064776,0.22124736879045495,0.4095238095238095,0.0,,,,0,35,124,43
h10_d05,VIXPercentileCalibrated,8,2212,124,0.6818619582664527,0.3821394873843964,0.23800826171064776,0.22124736879045495,0.4095238095238095,0.0,,,,0,35,124,44
h10_d05,VIXPercentileCalibrated,8,2212,124,0.6818619582664527,0.3821394873843964,0.23800826171064776,0.22124736879045495,0.4095238095238095,0.0,,,,0,35,124,45
h10_d05,VIXPercentileCalibrated,8,2212,124,0.6818619582664527,0.3821394873843964,0.23800826171064776,0.22124736879045495,0.4095238095238095,0.0,,,,0,35,124,46
h10_d05,HarRvThreshold,8,2212,124,0.6046908315565032,0.3788759323224624,0.30905667751099736,0.2963429117090352,0.18411195657638846,0.029411764705882353,0.0,0.04675517131812548,,3,35,102,42
h10_d05,HarRvThreshold,8,2212,124,0.6046908315565032,0.3788759323224624,0.30905667751099736,0.2963429117090352,0.18411195657638846,0.029411764705882353,0.0,0.04675517131812548,,3,35,102,43
h10_d05,HarRvThreshold,8,2212,124,0.6046908315565032,0.3788759323224624,0.30905667751099736,0.2963429117090352,0.18411195657638846,0.029411764705882353,0.0,0.04675517131812548,,3,35,102,44
h10_d05,HarRvThreshold,8,2212,124,0.6046908315565032,0.3788759323224624,0.30905667751099736,0.2963429117090352,0.18411195657638846,0.029411764705882353,0.0,0.04675517131812548,,3,35,102,45
h10_d05,HarRvThreshold,8,2212,124,0.6046908315565032,0.3788759323224624,0.30905667751099736,0.2963429117090352,0.18411195657638846,0.029411764705882353,0.0,0.04675517131812548,,3,35,102,46
h10_d05,LogisticRegressionL2,8,2212,124,0.6863563402889246,0.36944528776273833,0.2526185726491012,0.2573573389544258,0.769573561734016,0.16129032258064516,0.25,0.9109010845290125,0.9682686675568293,20,35,124,42
h10_d05,LogisticRegressionL2,8,2212,124,0.6863563402889246,0.36944528776273833,0.2526185726491012,0.2573573389544258,0.769573561734016,0.16129032258064516,0.25,0.9109010845290125,0.9682686675568293,20,35,124,43
h10_d05,LogisticRegressionL2,8,2212,124,0.6863563402889246,0.36944528776273833,0.2526185726491012,0.2573573389544258,0.769573561734016,0.16129032258064516,0.25,0.9109010845290125,0.9682686675568293,20,35,124,44
h10_d05,LogisticRegressionL2,8,2212,124,0.6863563402889246,0.36944528776273833,0.2526185726491012,0.2573573389544258,0.769573561734016,0.16129032258064516,0.25,0.9109010845290125,0.9682686675568293,20,35,124,45
h10_d05,LogisticRegressionL2,8,2212,124,0.6863563402889246,0.36944528776273833,0.2526185726491012,0.2573573389544258,0.769573561734016,0.16129032258064516,0.25,0.9109010845290125,0.9682686675568293,20,35,124,46
h10_d05,LightGbmTuned,8,2212,124,0.7020866773675762,0.4053697163159099,0.21214402296779958,0.17617638308309375,0.7113137966081557,0.056451612903225805,0.14285714285714285,0.6562737328255773,0.7079349544027035,7,35,124,42
h10_d05,LightGbmTuned,8,2212,124,0.7020866773675762,0.4053697163159099,0.21214402296779958,0.17617638308309375,0.7113137966081557,0.056451612903225805,0.14285714285714285,0.6562737328255773,0.7079349544027035,7,35,124,43
h10_d05,LightGbmTuned,8,2212,124,0.7020866773675762,0.4053697163159099,0.21214402296779958,0.17617638308309375,0.7113137966081557,0.056451612903225805,0.14285714285714285,0.6562737328255773,0.7079349544027035,7,35,124,44
h10_d05,LightGbmTuned,8,2212,124,0.7020866773675762,0.4053697163159099,0.21214402296779958,0.17617638308309375,0.7113137966081557,0.056451612903225805,0.14285714285714285,0.6562737328255773,0.7079349544027035,7,35,124,45
h10_d05,LightGbmTuned,8,2212,124,0.7020866773675762,0.4053697163159099,0.21214402296779958,0.17617638308309375,0.7113137966081557,0.056451612903225805,0.14285714285714285,0.6562737328255773,0.7079349544027035,7,35,124,46
h10_d05,NaiveBaseRate,9,2336,124,0.5,0.03225806451612903,0.03816039197422502,0.08332412726469292,0.11558219178082192,0.0,,,,0,4,124,42
h10_d05,NaiveBaseRate,9,2336,124,0.5,0.03225806451612903,0.03816039197422502,0.08332412726469292,0.11558219178082192,0.0,,,,0,4,124,43
h10_d05,NaiveBaseRate,9,2336,124,0.5,0.03225806451612903,0.03816039197422502,0.08332412726469292,0.11558219178082192,0.0,,,,0,4,124,44
h10_d05,NaiveBaseRate,9,2336,124,0.5,0.03225806451612903,0.03816039197422502,0.08332412726469292,0.11558219178082192,0.0,,,,0,4,124,45
h10_d05,NaiveBaseRate,9,2336,124,0.5,0.03225806451612903,0.03816039197422502,0.08332412726469292,0.11558219178082192,0.0,,,,0,4,124,46
h10_d05,VIXPercentileRaw,9,2336,124,0.4302083333333333,0.033789165708418056,0.20089928117944117,0.3622887207247017,0.950021404109589,0.0,,,,0,4,124,42
h10_d05,VIXPercentileRaw,9,2336,124,0.4302083333333333,0.033789165708418056,0.20089928117944117,0.3622887207247017,0.950021404109589,0.0,,,,0,4,124,43
h10_d05,VIXPercentileRaw,9,2336,124,0.4302083333333333,0.033789165708418056,0.20089928117944117,0.3622887207247017,0.950021404109589,0.0,,,,0,4,124,44
h10_d05,VIXPercentileRaw,9,2336,124,0.4302083333333333,0.033789165708418056,0.20089928117944117,0.3622887207247017,0.950021404109589,0.0,,,,0,4,124,45
h10_d05,VIXPercentileRaw,9,2336,124,0.4302083333333333,0.033789165708418056,0.20089928117944117,0.3622887207247017,0.950021404109589,0.0,,,,0,4,124,46
h10_d05,VIXPercentileCalibrated,9,2336,124,0.503125,0.04103593523759379,0.035353175246706,0.04631859466561521,0.4095238095238095,0.0,,,,0,4,124,42
h10_d05,VIXPercentileCalibrated,9,2336,124,0.503125,0.04103593523759379,0.035353175246706,0.04631859466561521,0.4095238095238095,0.0,,,,0,4,124,43
h10_d05,VIXPercentileCalibrated,9,2336,124,0.503125,0.04103593523759379,0.035353175246706,0.04631859466561521,0.4095238095238095,0.0,,,,0,4,124,44
h10_d05,VIXPercentileCalibrated,9,2336,124,0.503125,0.04103593523759379,0.035353175246706,0.04631859466561521,0.4095238095238095,0.0,,,,0,4,124,45
h10_d05,VIXPercentileCalibrated,9,2336,124,0.503125,0.04103593523759379,0.035353175246706,0.04631859466561521,0.4095238095238095,0.0,,,,0,4,124,46
h10_d05,HarRvThreshold,9,2336,124,0.7015306122448979,0.08265671331709068,0.03748145122147688,0.006448440062588767,0.1828609161102737,0.0,,,,0,4,102,42
h10_d05,HarRvThreshold,9,2336,124,0.7015306122448979,0.08265671331709068,0.03748145122147688,0.006448440062588767,0.1828609161102737,0.0,,,,0,4,102,43
h10_d05,HarRvThreshold,9,2336,124,0.7015306122448979,0.08265671331709068,0.03748145122147688,0.006448440062588767,0.1828609161102737,0.0,,,,0,4,102,44
h10_d05,HarRvThreshold,9,2336,124,0.7015306122448979,0.08265671331709068,0.03748145122147688,0.006448440062588767,0.1828609161102737,0.0,,,,0,4,102,45
h10_d05,HarRvThreshold,9,2336,124,0.7015306122448979,0.08265671331709068,0.03748145122147688,0.006448440062588767,0.1828609161102737,0.0,,,,0,4,102,46
h10_d05,LogisticRegressionL2,9,2336,124,0.5333333333333333,0.04678874943227475,0.24345592380717954,0.44105964615856014,0.7962030248706172,0.024193548387096774,0.0,0.14711871196993084,,3,4,124,42
h10_d05,LogisticRegressionL2,9,2336,124,0.5333333333333333,0.04678874943227475,0.24345592380717954,0.44105964615856014,0.7962030248706172,0.024193548387096774,0.0,0.14711871196993084,,3,4,124,43
h10_d05,LogisticRegressionL2,9,2336,124,0.5333333333333333,0.04678874943227475,0.24345592380717954,0.44105964615856014,0.7962030248706172,0.024193548387096774,0.0,0.14711871196993084,,3,4,124,44
h10_d05,LogisticRegressionL2,9,2336,124,0.5333333333333333,0.04678874943227475,0.24345592380717954,0.44105964615856014,0.7962030248706172,0.024193548387096774,0.0,0.14711871196993084,,3,4,124,45
h10_d05,LogisticRegressionL2,9,2336,124,0.5333333333333333,0.04678874943227475,0.24345592380717954,0.44105964615856014,0.7962030248706172,0.024193548387096774,0.0,0.14711871196993084,,3,4,124,46
h10_d05,LightGbmTuned,9,2336,124,0.4114583333333333,0.03201386481744551,0.22956652349336737,0.4279323148646191,0.7323818102267806,0.03225806451612903,0.0,0.44572712358772504,,4,4,124,42
h10_d05,LightGbmTuned,9,2336,124,0.4114583333333333,0.03201386481744551,0.22956652349336737,0.4279323148646191,0.7323818102267806,0.03225806451612903,0.0,0.44572712358772504,,4,4,124,43
h10_d05,LightGbmTuned,9,2336,124,0.4114583333333333,0.03201386481744551,0.22956652349336737,0.4279323148646191,0.7323818102267806,0.03225806451612903,0.0,0.44572712358772504,,4,4,124,44
h10_d05,LightGbmTuned,9,2336,124,0.4114583333333333,0.03201386481744551,0.22956652349336737,0.4279323148646191,0.7323818102267806,0.03225806451612903,0.0,0.44572712358772504,,4,4,124,45
h10_d05,LightGbmTuned,9,2336,124,0.4114583333333333,0.03201386481744551,0.22956652349336737,0.4279323148646191,0.7323818102267806,0.03225806451612903,0.0,0.44572712358772504,,4,4,124,46
h10_d05,NaiveBaseRate,10,2460,126,0.5,0.09523809523809523,0.08642842978952436,0.016144018583042943,0.11138211382113822,0.0,,,,0,12,126,42
h10_d05,NaiveBaseRate,10,2460,126,0.5,0.09523809523809523,0.08642842978952436,0.016144018583042943,0.11138211382113822,0.0,,,,0,12,126,43
h10_d05,NaiveBaseRate,10,2460,126,0.5,0.09523809523809523,0.08642842978952436,0.016144018583042943,0.11138211382113822,0.0,,,,0,12,126,44
h10_d05,NaiveBaseRate,10,2460,126,0.5,0.09523809523809523,0.08642842978952436,0.016144018583042943,0.11138211382113822,0.0,,,,0,12,126,45
h10_d05,NaiveBaseRate,10,2460,126,0.5,0.09523809523809523,0.08642842978952436,0.016144018583042943,0.11138211382113822,0.0,,,,0,12,126,46
h10_d05,VIXPercentileRaw,10,2460,126,0.5420321637426901,0.10526391002348118,0.19253742549523833,0.24841592463543677,0.9504065040650407,0.0,,,,0,12,126,42
h10_d05,VIXPercentileRaw,10,2460,126,0.5420321637426901,0.10526391002348118,0.19253742549523833,0.24841592463543677,0.9504065040650407,0.0,,,,0,12,126,43
h10_d05,VIXPercentileRaw,10,2460,126,0.5420321637426901,0.10526391002348118,0.19253742549523833,0.24841592463543677,0.9504065040650407,0.0,,,,0,12,126,44
h10_d05,VIXPercentileRaw,10,2460,126,0.5420321637426901,0.10526391002348118,0.19253742549523833,0.24841592463543677,0.9504065040650407,0.0,,,,0,12,126,45
h10_d05,VIXPercentileRaw,10,2460,126,0.5420321637426901,0.10526391002348118,0.19253742549523833,0.24841592463543677,0.9504065040650407,0.0,,,,0,12,126,46
h10_d05,VIXPercentileCalibrated,10,2460,126,0.5416666666666666,0.12224240263121433,0.08964255816412008,0.0662337214669701,0.3111111111111111,0.0,,,,0,12,126,42
h10_d05,VIXPercentileCalibrated,10,2460,126,0.5416666666666666,0.12224240263121433,0.08964255816412008,0.0662337214669701,0.3111111111111111,0.0,,,,0,12,126,43
h10_d05,VIXPercentileCalibrated,10,2460,126,0.5416666666666666,0.12224240263121433,0.08964255816412008,0.0662337214669701,0.3111111111111111,0.0,,,,0,12,126,44
h10_d05,VIXPercentileCalibrated,10,2460,126,0.5416666666666666,0.12224240263121433,0.08964255816412008,0.0662337214669701,0.3111111111111111,0.0,,,,0,12,126,45
h10_d05,VIXPercentileCalibrated,10,2460,126,0.5416666666666666,0.12224240263121433,0.08964255816412008,0.0662337214669701,0.3111111111111111,0.0,,,,0,12,126,46
h10_d05,HarRvThreshold,10,2460,126,0.5153061224489796,0.06473693084820087,0.05641471665418863,0.026584129475940504,0.18042795524339486,0.0,,,,0,6,104,42
h10_d05,HarRvThreshold,10,2460,126,0.5153061224489796,0.06473693084820087,0.05641471665418863,0.026584129475940504,0.18042795524339486,0.0,,,,0,6,104,43
h10_d05,HarRvThreshold,10,2460,126,0.5153061224489796,0.06473693084820087,0.05641471665418863,0.026584129475940504,0.18042795524339486,0.0,,,,0,6,104,44
h10_d05,HarRvThreshold,10,2460,126,0.5153061224489796,0.06473693084820087,0.05641471665418863,0.026584129475940504,0.18042795524339486,0.0,,,,0,6,104,45
h10_d05,HarRvThreshold,10,2460,126,0.5153061224489796,0.06473693084820087,0.05641471665418863,0.026584129475940504,0.18042795524339486,0.0,,,,0,6,104,46
h10_d05,LogisticRegressionL2,10,2460,126,0.5175438596491228,0.09776198714952239,0.21166016076946398,0.29908541262822674,0.7921119999905257,0.0,,,,0,12,126,42
h10_d05,LogisticRegressionL2,10,2460,126,0.5175438596491228,0.09776198714952239,0.21166016076946398,0.29908541262822674,0.7921119999905257,0.0,,,,0,12,126,43
h10_d05,LogisticRegressionL2,10,2460,126,0.5175438596491228,0.09776198714952239,0.21166016076946398,0.29908541262822674,0.7921119999905257,0.0,,,,0,12,126,44
h10_d05,LogisticRegressionL2,10,2460,126,0.5175438596491228,0.09776198714952239,0.21166016076946398,0.29908541262822674,0.7921119999905257,0.0,,,,0,12,126,45
h10_d05,LogisticRegressionL2,10,2460,126,0.5175438596491228,0.09776198714952239,0.21166016076946398,0.29908541262822674,0.7921119999905257,0.0,,,,0,12,126,46
h10_d05,LightGbmTuned,10,2460,126,0.4736842105263158,0.09731551845269992,0.20121482278077701,0.29847800140534353,0.7185784679920666,0.007936507936507936,0.0,0.5903166707510896,,1,12,126,42
h10_d05,LightGbmTuned,10,2460,126,0.4736842105263158,0.09731551845269992,0.20121482278077701,0.29847800140534353,0.7185784679920666,0.007936507936507936,0.0,0.5903166707510896,,1,12,126,43
h10_d05,LightGbmTuned,10,2460,126,0.4736842105263158,0.09731551845269992,0.20121482278077701,0.29847800140534353,0.7185784679920666,0.007936507936507936,0.0,0.5903166707510896,,1,12,126,44
h10_d05,LightGbmTuned,10,2460,126,0.4736842105263158,0.09731551845269992,0.20121482278077701,0.29847800140534353,0.7185784679920666,0.007936507936507936,0.0,0.5903166707510896,,1,12,126,45
h10_d05,LightGbmTuned,10,2460,126,0.4736842105263158,0.09731551845269992,0.20121482278077701,0.29847800140534353,0.7185784679920666,0.007936507936507936,0.0,0.5903166707510896,,1,12,126,46
h10_d05,NaiveBaseRate,11,2586,126,0.5,0.35714285714285715,0.2903774289937153,0.2465473428350459,0.1105955143078113,0.0,,,,0,45,126,42
h10_d05,NaiveBaseRate,11,2586,126,0.5,0.35714285714285715,0.2903774289937153,0.2465473428350459,0.1105955143078113,0.0,,,,0,45,126,43
h10_d05,NaiveBaseRate,11,2586,126,0.5,0.35714285714285715,0.2903774289937153,0.2465473428350459,0.1105955143078113,0.0,,,,0,45,126,44
h10_d05,NaiveBaseRate,11,2586,126,0.5,0.35714285714285715,0.2903774289937153,0.2465473428350459,0.1105955143078113,0.0,,,,0,45,126,45
h10_d05,NaiveBaseRate,11,2586,126,0.5,0.35714285714285715,0.2903774289937153,0.2465473428350459,0.1105955143078113,0.0,,,,0,45,126,46
h10_d05,VIXPercentileRaw,11,2586,126,0.47434842249657067,0.3804238811933618,0.5078893201384377,0.5087191102272308,0.9500193348801238,0.6666666666666666,0.3333333333333333,0.9217977415497891,0.9854042439361056,84,45,126,42
h10_d05,VIXPercentileRaw,11,2586,126,0.47434842249657067,0.3804238811933618,0.5078893201384377,0.5087191102272308,0.9500193348801238,0.6666666666666666,0.3333333333333333,0.9217977415497891,0.9854042439361056,84,45,126,43
h10_d05,VIXPercentileRaw,11,2586,126,0.47434842249657067,0.3804238811933618,0.5078893201384377,0.5087191102272308,0.9500193348801238,0.6666666666666666,0.3333333333333333,0.9217977415497891,0.9854042439361056,84,45,126,44
h10_d05,VIXPercentileRaw,11,2586,126,0.47434842249657067,0.3804238811933618,0.5078893201384377,0.5087191102272308,0.9500193348801238,0.6666666666666666,0.3333333333333333,0.9217977415497891,0.9854042439361056,84,45,126,45
h10_d05,VIXPercentileRaw,11,2586,126,0.47434842249657067,0.3804238811933618,0.5078893201384377,0.5087191102272308,0.9500193348801238,0.6666666666666666,0.3333333333333333,0.9217977415497891,0.9854042439361056,84,45,126,46
h10_d05,VIXPercentileCalibrated,11,2586,126,0.4876543209876543,0.34822523721990495,0.26892834156636775,0.21084593385459882,0.3111111111111111,0.6666666666666666,0.3333333333333333,0.9217977415497891,0.9854042439361056,84,45,126,42
h10_d05,VIXPercentileCalibrated,11,2586,126,0.4876543209876543,0.34822523721990495,0.26892834156636775,0.21084593385459882,0.3111111111111111,0.6666666666666666,0.3333333333333333,0.9217977415497891,0.9854042439361056,84,45,126,43
h10_d05,VIXPercentileCalibrated,11,2586,126,0.4876543209876543,0.34822523721990495,0.26892834156636775,0.21084593385459882,0.3111111111111111,0.6666666666666666,0.3333333333333333,0.9217977415497891,0.9854042439361056,84,45,126,44
h10_d05,VIXPercentileCalibrated,11,2586,126,0.4876543209876543,0.34822523721990495,0.26892834156636775,0.21084593385459882,0.3111111111111111,0.6666666666666666,0.3333333333333333,0.9217977415497891,0.9854042439361056,84,45,126,45
h10_d05,VIXPercentileCalibrated,11,2586,126,0.4876543209876543,0.34822523721990495,0.26892834156636775,0.21084593385459882,0.3111111111111111,0.6666666666666666,0.3333333333333333,0.9217977415497891,0.9854042439361056,84,45,126,46
h10_d05,HarRvThreshold,11,2586,126,0.38314906595501336,0.3871295996194808,0.3923973793471347,0.3839568335196774,0.17407367006945618,0.7692307692307693,0.35,0.8840672121215052,1.04078988682559,80,43,104,42
h10_d05,HarRvThreshold,11,2586,126,0.38314906595501336,0.3871295996194808,0.3923973793471347,0.3839568335196774,0.17407367006945618,0.7692307692307693,0.35,0.8840672121215052,1.04078988682559,80,43,104,43
h10_d05,HarRvThreshold,11,2586,126,0.38314906595501336,0.3871295996194808,0.3923973793471347,0.3839568335196774,0.17407367006945618,0.7692307692307693,0.35,0.8840672121215052,1.04078988682559,80,43,104,44
h10_d05,HarRvThreshold,11,2586,126,0.38314906595501336,0.3871295996194808,0.3923973793471347,0.3839568335196774,0.17407367006945618,0.7692307692307693,0.35,0.8840672121215052,1.04078988682559,80,43,104,45
h10_d05,HarRvThreshold,11,2586,126,0.38314906595501336,0.3871295996194808,0.3923973793471347,0.3839568335196774,0.17407367006945618,0.7692307692307693,0.35,0.8840672121215052,1.04078988682559,80,43,104,46
h10_d05,LogisticRegressionL2,11,2586,126,0.5646090534979424,0.4557656462611609,0.358635769489195,0.34702914654418954,0.7722985042543307,0.3888888888888889,0.42857142857142855,1.4729881919423604,1.3436573982492894,49,45,126,42
h10_d05,LogisticRegressionL2,11,2586,126,0.5646090534979424,0.4557656462611609,0.358635769489195,0.34702914654418954,0.7722985042543307,0.3888888888888889,0.42857142857142855,1.4729881919423604,1.3436573982492894,49,45,126,43
h10_d05,LogisticRegressionL2,11,2586,126,0.5646090534979424,0.4557656462611609,0.358635769489195,0.34702914654418954,0.7722985042543307,0.3888888888888889,0.42857142857142855,1.4729881919423604,1.3436573982492894,49,45,126,44
h10_d05,LogisticRegressionL2,11,2586,126,0.5646090534979424,0.4557656462611609,0.358635769489195,0.34702914654418954,0.7722985042543307,0.3888888888888889,0.42857142857142855,1.4729881919423604,1.3436573982492894,49,45,126,45
h10_d05,LogisticRegressionL2,11,2586,126,0.5646090534979424,0.4557656462611609,0.358635769489195,0.34702914654418954,0.7722985042543307,0.3888888888888889,0.42857142857142855,1.4729881919423604,1.3436573982492894,49,45,126,46
h10_d05,LightGbmTuned,11,2586,126,0.4496570644718793,0.3186507294763661,0.325152222343962,0.30170738440089806,0.7163870540074211,0.49206349206349204,0.3387096774193548,1.0558682555357555,1.1805578944152488,62,45,126,42
h10_d05,LightGbmTuned,11,2586,126,0.4496570644718793,0.3186507294763661,0.325152222343962,0.30170738440089806,0.7163870540074211,0.49206349206349204,0.3387096774193548,1.0558682555357555,1.1805578944152488,62,45,126,43
h10_d05,LightGbmTuned,11,2586,126,0.4496570644718793,0.3186507294763661,0.325152222343962,0.30170738440089806,0.7163870540074211,0.49206349206349204,0.3387096774193548,1.0558682555357555,1.1805578944152488,62,45,126,44
h10_d05,LightGbmTuned,11,2586,126,0.4496570644718793,0.3186507294763661,0.325152222343962,0.30170738440089806,0.7163870540074211,0.49206349206349204,0.3387096774193548,1.0558682555357555,1.1805578944152488,62,45,126,45
h10_d05,LightGbmTuned,11,2586,126,0.4496570644718793,0.3186507294763661,0.325152222343962,0.30170738440089806,0.7163870540074211,0.49206349206349204,0.3387096774193548,1.0558682555357555,1.1805578944152488,62,45,126,46
h10_d05,NaiveBaseRate,12,2712,126,0.5,0.09523809523809523,0.08688668659961443,0.026812052254530178,0.12205014749262537,0.0,,,,0,12,126,42
h10_d05,NaiveBaseRate,12,2712,126,0.5,0.09523809523809523,0.08688668659961443,0.026812052254530178,0.12205014749262537,0.0,,,,0,12,126,43
h10_d05,NaiveBaseRate,12,2712,126,0.5,0.09523809523809523,0.08688668659961443,0.026812052254530178,0.12205014749262537,0.0,,,,0,12,126,44
h10_d05,NaiveBaseRate,12,2712,126,0.5,0.09523809523809523,0.08688668659961443,0.026812052254530178,0.12205014749262537,0.0,,,,0,12,126,45
h10_d05,NaiveBaseRate,12,2712,126,0.5,0.09523809523809523,0.08688668659961443,0.026812052254530178,0.12205014749262537,0.0,,,,0,12,126,46
h10_d05,VIXPercentileRaw,12,2712,126,0.35526315789473684,0.07503244720908331,0.7190216216336605,0.7930303881631314,0.950018436578171,0.03968253968253968,0.0,0.7096196297471766,,5,12,126,42
h10_d05,VIXPercentileRaw,12,2712,126,0.35526315789473684,0.07503244720908331,0.7190216216336605,0.7930303881631314,0.950018436578171,0.03968253968253968,0.0,0.7096196297471766,,5,12,126,43
h10_d05,VIXPercentileRaw,12,2712,126,0.35526315789473684,0.07503244720908331,0.7190216216336605,0.7930303881631314,0.950018436578171,0.03968253968253968,0.0,0.7096196297471766,,5,12,126,44
h10_d05,VIXPercentileRaw,12,2712,126,0.35526315789473684,0.07503244720908331,0.7190216216336605,0.7930303881631314,0.950018436578171,0.03968253968253968,0.0,0.7096196297471766,,5,12,126,45
h10_d05,VIXPercentileRaw,12,2712,126,0.35526315789473684,0.07503244720908331,0.7190216216336605,0.7930303881631314,0.950018436578171,0.03968253968253968,0.0,0.7096196297471766,,5,12,126,46
h10_d05,VIXPercentileCalibrated,12,2712,126,0.3760964912280702,0.08138288151673509,0.12229358731448042,0.15066024536116795,0.3697916666666667,0.0,,,,0,12,126,42
h10_d05,VIXPercentileCalibrated,12,2712,126,0.3760964912280702,0.08138288151673509,0.12229358731448042,0.15066024536116795,0.3697916666666667,0.0,,,,0,12,126,43
h10_d05,VIXPercentileCalibrated,12,2712,126,0.3760964912280702,0.08138288151673509,0.12229358731448042,0.15066024536116795,0.3697916666666667,0.0,,,,0,12,126,44
h10_d05,VIXPercentileCalibrated,12,2712,126,0.3760964912280702,0.08138288151673509,0.12229358731448042,0.15066024536116795,0.3697916666666667,0.0,,,,0,12,126,45
h10_d05,VIXPercentileCalibrated,12,2712,126,0.3760964912280702,0.08138288151673509,0.12229358731448042,0.15066024536116795,0.3697916666666667,0.0,,,,0,12,126,46
h10_d05,HarRvThreshold,12,2712,126,0.3822463768115942,0.0945684795798357,0.11296710699393589,0.0987563504026682,0.057618911934826156,0.0,,,,0,12,104,42
h10_d05,HarRvThreshold,12,2712,126,0.3822463768115942,0.0945684795798357,0.11296710699393589,0.0987563504026682,0.057618911934826156,0.0,,,,0,12,104,43
h10_d05,HarRvThreshold,12,2712,126,0.3822463768115942,0.0945684795798357,0.11296710699393589,0.0987563504026682,0.057618911934826156,0.0,,,,0,12,104,44
h10_d05,HarRvThreshold,12,2712,126,0.3822463768115942,0.0945684795798357,0.11296710699393589,0.0987563504026682,0.057618911934826156,0.0,,,,0,12,104,45
h10_d05,HarRvThreshold,12,2712,126,0.3822463768115942,0.0945684795798357,0.11296710699393589,0.0987563504026682,0.057618911934826156,0.0,,,,0,12,104,46
h10_d05,LogisticRegressionL2,12,2712,126,0.547514619883041,0.10482490748544977,0.23233939277935248,0.36248129223521375,0.754816188608888,0.015873015873015872,0.0,0.07190270125866632,,2,12,126,42
h10_d05,LogisticRegressionL2,12,2712,126,0.547514619883041,0.10482490748544977,0.23233939277935248,0.36248129223521375,0.754816188608888,0.015873015873015872,0.0,0.07190270125866632,,2,12,126,43
h10_d05,LogisticRegressionL2,12,2712,126,0.547514619883041,0.10482490748544977,0.23233939277935248,0.36248129223521375,0.754816188608888,0.015873015873015872,0.0,0.07190270125866632,,2,12,126,44
h10_d05,LogisticRegressionL2,12,2712,126,0.547514619883041,0.10482490748544977,0.23233939277935248,0.36248129223521375,0.754816188608888,0.015873015873015872,0.0,0.07190270125866632,,2,12,126,45
h10_d05,LogisticRegressionL2,12,2712,126,0.547514619883041,0.10482490748544977,0.23233939277935248,0.36248129223521375,0.754816188608888,0.015873015873015872,0.0,0.07190270125866632,,2,12,126,46
h10_d05,LightGbmTuned,12,2712,126,0.5489766081871345,0.11521800882588824,0.20347991237315455,0.3261697370963187,0.712407363648434,0.0,,,,0,12,126,42
h10_d05,LightGbmTuned,12,2712,126,0.5489766081871345,0.11521800882588824,0.20347991237315455,0.3261697370963187,0.712407363648434,0.0,,,,0,12,126,43
h10_d05,LightGbmTuned,12,2712,126,0.5489766081871345,0.11521800882588824,0.20347991237315455,0.3261697370963187,0.712407363648434,0.0,,,,0,12,126,44
h10_d05,LightGbmTuned,12,2712,126,0.5489766081871345,0.11521800882588824,0.20347991237315455,0.3261697370963187,0.712407363648434,0.0,,,,0,12,126,45
h10_d05,LightGbmTuned,12,2712,126,0.5489766081871345,0.11521800882588824,0.20347991237315455,0.3261697370963187,0.712407363648434,0.0,,,,0,12,126,46
h10_d05,NaiveBaseRate,13,2838,125,0.5,0.152,0.12986571452267898,0.031140239605355835,0.12085976039464412,0.0,,,,0,19,125,42
h10_d05,NaiveBaseRate,13,2838,125,0.5,0.152,0.12986571452267898,0.031140239605355835,0.12085976039464412,0.0,,,,0,19,125,43
h10_d05,NaiveBaseRate,13,2838,125,0.5,0.152,0.12986571452267898,0.031140239605355835,0.12085976039464412,0.0,,,,0,19,125,44
h10_d05,NaiveBaseRate,13,2838,125,0.5,0.152,0.12986571452267898,0.031140239605355835,0.12085976039464412,0.0,,,,0,19,125,45
h10_d05,NaiveBaseRate,13,2838,125,0.5,0.152,0.12986571452267898,0.031140239605355835,0.12085976039464412,0.0,,,,0,19,125,46
h10_d05,VIXPercentileRaw,13,2838,125,0.49205561072492554,0.14525989593568978,0.5587036121577643,0.6508583509513742,0.9500176180408738,0.0,,,,0,19,125,42
h10_d05,VIXPercentileRaw,13,2838,125,0.49205561072492554,0.14525989593568978,0.5587036121577643,0.6508583509513742,0.9500176180408738,0.0,,,,0,19,125,43
h10_d05,VIXPercentileRaw,13,2838,125,0.49205561072492554,0.14525989593568978,0.5587036121577643,0.6508583509513742,0.9500176180408738,0.0,,,,0,19,125,44
h10_d05,VIXPercentileRaw,13,2838,125,0.49205561072492554,0.14525989593568978,0.5587036121577643,0.6508583509513742,0.9500176180408738,0.0,,,,0,19,125,45
h10_d05,VIXPercentileRaw,13,2838,125,0.49205561072492554,0.14525989593568978,0.5587036121577643,0.6508583509513742,0.9500176180408738,0.0,,,,0,19,125,46
h10_d05,VIXPercentileCalibrated,13,2838,125,0.45109235352532273,0.1462467644521139,0.13592670825756462,0.06379794816360887,0.3380952380952381,0.0,,,,0,19,125,42
h10_d05,VIXPercentileCalibrated,13,2838,125,0.45109235352532273,0.1462467644521139,0.13592670825756462,0.06379794816360887,0.3380952380952381,0.0,,,,0,19,125,43
h10_d05,VIXPercentileCalibrated,13,2838,125,0.45109235352532273,0.1462467644521139,0.13592670825756462,0.06379794816360887,0.3380952380952381,0.0,,,,0,19,125,44
h10_d05,VIXPercentileCalibrated,13,2838,125,0.45109235352532273,0.1462467644521139,0.13592670825756462,0.06379794816360887,0.3380952380952381,0.0,,,,0,19,125,45
h10_d05,VIXPercentileCalibrated,13,2838,125,0.45109235352532273,0.1462467644521139,0.13592670825756462,0.06379794816360887,0.3380952380952381,0.0,,,,0,19,125,46
h10_d05,HarRvThreshold,13,2838,125,0.513157894736842,0.19145535605871392,0.1785392881575883,0.16583691498203143,0.054038920097643814,0.02912621359223301,0.0,0.5932341619654231,,3,19,103,42
h10_d05,HarRvThreshold,13,2838,125,0.513157894736842,0.19145535605871392,0.1785392881575883,0.16583691498203143,0.054038920097643814,0.02912621359223301,0.0,0.5932341619654231,,3,19,103,43
h10_d05,HarRvThreshold,13,2838,125,0.513157894736842,0.19145535605871392,0.1785392881575883,0.16583691498203143,0.054038920097643814,0.02912621359223301,0.0,0.5932341619654231,,3,19,103,44
h10_d05,HarRvThreshold,13,2838,125,0.513157894736842,0.19145535605871392,0.1785392881575883,0.16583691498203143,0.054038920097643814,0.02912621359223301,0.0,0.5932341619654231,,3,19,103,45
h10_d05,HarRvThreshold,13,2838,125,0.513157894736842,0.19145535605871392,0.1785392881575883,0.16583691498203143,0.054038920097643814,0.02912621359223301,0.0,0.5932341619654231,,3,19,103,46
h10_d05,LogisticRegressionL2,13,2838,125,0.4329692154915591,0.14249133759578225,0.1915008229391353,0.2140948484475981,0.7516499869972119,0.0,,,,0,19,125,42
h10_d05,LogisticRegressionL2,13,2838,125,0.4329692154915591,0.14249133759578225,0.1915008229391353,0.2140948484475981,0.7516499869972119,0.0,,,,0,19,125,43
h10_d05,LogisticRegressionL2,13,2838,125,0.4329692154915591,0.14249133759578225,0.1915008229391353,0.2140948484475981,0.7516499869972119,0.0,,,,0,19,125,44
h10_d05,LogisticRegressionL2,13,2838,125,0.4329692154915591,0.14249133759578225,0.1915008229391353,0.2140948484475981,0.7516499869972119,0.0,,,,0,19,125,45
h10_d05,LogisticRegressionL2,13,2838,125,0.4329692154915591,0.14249133759578225,0.1915008229391353,0.2140948484475981,0.7516499869972119,0.0,,,,0,19,125,46
h10_d05,LightGbmTuned,13,2838,125,0.3386295928500496,0.11775443914596179,0.20507159191955254,0.2482267909717308,0.705112082316783,0.0,,,,0,19,125,42
h10_d05,LightGbmTuned,13,2838,125,0.3386295928500496,0.11775443914596179,0.20507159191955254,0.2482267909717308,0.705112082316783,0.0,,,,0,19,125,43
h10_d05,LightGbmTuned,13,2838,125,0.3386295928500496,0.11775443914596179,0.20507159191955254,0.2482267909717308,0.705112082316783,0.0,,,,0,19,125,44
h10_d05,LightGbmTuned,13,2838,125,0.3386295928500496,0.11775443914596179,0.20507159191955254,0.2482267909717308,0.705112082316783,0.0,,,,0,19,125,45
h10_d05,LightGbmTuned,13,2838,125,0.3386295928500496,0.11775443914596179,0.20507159191955254,0.2482267909717308,0.705112082316783,0.0,,,,0,19,125,46
h10_d05,NaiveBaseRate,14,2963,127,0.5,0.15748031496062992,0.13392683846165576,0.03530684212904037,0.12217347283158961,0.0,,,,0,20,127,42
h10_d05,NaiveBaseRate,14,2963,127,0.5,0.15748031496062992,0.13392683846165576,0.03530684212904037,0.12217347283158961,0.0,,,,0,20,127,43
h10_d05,NaiveBaseRate,14,2963,127,0.5,0.15748031496062992,0.13392683846165576,0.03530684212904037,0.12217347283158961,0.0,,,,0,20,127,44
h10_d05,NaiveBaseRate,14,2963,127,0.5,0.15748031496062992,0.13392683846165576,0.03530684212904037,0.12217347283158961,0.0,,,,0,20,127,45
h10_d05,NaiveBaseRate,14,2963,127,0.5,0.15748031496062992,0.13392683846165576,0.03530684212904037,0.12217347283158961,0.0,,,,0,20,127,46
h10_d05,VIXPercentileRaw,14,2963,127,0.3530373831775701,0.1209987343987783,0.47014652855663275,0.5643354654917205,0.9500168747890652,0.015748031496062992,0.0,0.046289119238786806,,2,20,127,42
h10_d05,VIXPercentileRaw,14,2963,127,0.3530373831775701,0.1209987343987783,0.47014652855663275,0.5643354654917205,0.9500168747890652,0.015748031496062992,0.0,0.046289119238786806,,2,20,127,43
h10_d05,VIXPercentileRaw,14,2963,127,0.3530373831775701,0.1209987343987783,0.47014652855663275,0.5643354654917205,0.9500168747890652,0.015748031496062992,0.0,0.046289119238786806,,2,20,127,44
h10_d05,VIXPercentileRaw,14,2963,127,0.3530373831775701,0.1209987343987783,0.47014652855663275,0.5643354654917205,0.9500168747890652,0.015748031496062992,0.0,0.046289119238786806,,2,20,127,45
h10_d05,VIXPercentileRaw,14,2963,127,0.3530373831775701,0.1209987343987783,0.47014652855663275,0.5643354654917205,0.9500168747890652,0.015748031496062992,0.0,0.046289119238786806,,2,20,127,46
h10_d05,VIXPercentileCalibrated,14,2963,127,0.36308411214953273,0.13895658469769143,0.13929522563629199,0.045128354337462,0.32786885245901637,0.0,,,,0,20,127,42
h10_d05,VIXPercentileCalibrated,14,2963,127,0.36308411214953273,0.13895658469769143,0.13929522563629199,0.045128354337462,0.32786885245901637,0.0,,,,0,20,127,43
h10_d05,VIXPercentileCalibrated,14,2963,127,0.36308411214953273,0.13895658469769143,0.13929522563629199,0.045128354337462,0.32786885245901637,0.0,,,,0,20,127,44
h10_d05,VIXPercentileCalibrated,14,2963,127,0.36308411214953273,0.13895658469769143,0.13929522563629199,0.045128354337462,0.32786885245901637,0.0,,,,0,20,127,45
h10_d05,VIXPercentileCalibrated,14,2963,127,0.36308411214953273,0.13895658469769143,0.13929522563629199,0.045128354337462,0.32786885245901637,0.0,,,,0,20,127,46
h10_d05,HarRvThreshold,14,2963,127,0.3328100470957614,0.1595693081728084,0.13069226174817028,0.11967283693456339,0.05332316990299576,0.0,,,,0,14,105,42
h10_d05,HarRvThreshold,14,2963,127,0.3328100470957614,0.1595693081728084,0.13069226174817028,0.11967283693456339,0.05332316990299576,0.0,,,,0,14,105,43
h10_d05,HarRvThreshold,14,2963,127,0.3328100470957614,0.1595693081728084,0.13069226174817028,0.11967283693456339,0.05332316990299576,0.0,,,,0,14,105,44
h10_d05,HarRvThreshold,14,2963,127,0.3328100470957614,0.1595693081728084,0.13069226174817028,0.11967283693456339,0.05332316990299576,0.0,,,,0,14,105,45
h10_d05,HarRvThreshold,14,2963,127,0.3328100470957614,0.1595693081728084,0.13069226174817028,0.11967283693456339,0.05332316990299576,0.0,,,,0,14,105,46
h10_d05,LogisticRegressionL2,14,2963,127,0.30280373831775703,0.12525891087003388,0.23936393907915127,0.2696633904453398,0.7295016215829976,0.031496062992125984,0.0,0.5071146236023949,,4,20,127,42
h10_d05,LogisticRegressionL2,14,2963,127,0.30280373831775703,0.12525891087003388,0.23936393907915127,0.2696633904453398,0.7295016215829976,0.031496062992125984,0.0,0.5071146236023949,,4,20,127,43
h10_d05,LogisticRegressionL2,14,2963,127,0.30280373831775703,0.12525891087003388,0.23936393907915127,0.2696633904453398,0.7295016215829976,0.031496062992125984,0.0,0.5071146236023949,,4,20,127,44
h10_d05,LogisticRegressionL2,14,2963,127,0.30280373831775703,0.12525891087003388,0.23936393907915127,0.2696633904453398,0.7295016215829976,0.031496062992125984,0.0,0.5071146236023949,,4,20,127,45
h10_d05,LogisticRegressionL2,14,2963,127,0.30280373831775703,0.12525891087003388,0.23936393907915127,0.2696633904453398,0.7295016215829976,0.031496062992125984,0.0,0.5071146236023949,,4,20,127,46
h10_d05,LightGbmTuned,14,2963,127,0.4156542056074767,0.14034349632265533,0.24289264332089727,0.3140632843826639,0.7151141071741538,0.007874015748031496,0.0,0.15906325272172747,,1,20,127,42
h10_d05,LightGbmTuned,14,2963,127,0.4156542056074767,0.14034349632265533,0.24289264332089727,0.3140632843826639,0.7151141071741538,0.007874015748031496,0.0,0.15906325272172747,,1,20,127,43
h10_d05,LightGbmTuned,14,2963,127,0.4156542056074767,0.14034349632265533,0.24289264332089727,0.3140632843826639,0.7151141071741538,0.007874015748031496,0.0,0.15906325272172747,,1,20,127,44
h10_d05,LightGbmTuned,14,2963,127,0.4156542056074767,0.14034349632265533,0.24289264332089727,0.3140632843826639,0.7151141071741538,0.007874015748031496,0.0,0.15906325272172747,,1,20,127,45
h10_d05,LightGbmTuned,14,2963,127,0.4156542056074767,0.14034349632265533,0.24289264332089727,0.3140632843826639,0.7151141071741538,0.007874015748031496,0.0,0.15906325272172747,,1,20,127,46
h10_d05,NaiveBaseRate,15,3090,125,0.5,0.408,0.3224053707020244,0.28437540453074434,0.12362459546925567,0.0,,,,0,51,125,42
h10_d05,NaiveBaseRate,15,3090,125,0.5,0.408,0.3224053707020244,0.28437540453074434,0.12362459546925567,0.0,,,,0,51,125,43
h10_d05,NaiveBaseRate,15,3090,125,0.5,0.408,0.3224053707020244,0.28437540453074434,0.12362459546925567,0.0,,,,0,51,125,44
h10_d05,NaiveBaseRate,15,3090,125,0.5,0.408,0.3224053707020244,0.28437540453074434,0.12362459546925567,0.0,,,,0,51,125,45
h10_d05,NaiveBaseRate,15,3090,125,0.5,0.408,0.3224053707020244,0.28437540453074434,0.12362459546925567,0.0,,,,0,51,125,46
h10_d05,VIXPercentileRaw,15,3090,125,0.26192368839427665,0.2917079839956766,0.4780371500089024,0.4594588996763755,0.9500161812297734,0.008,0.0,0.11049899282791453,,1,51,125,42
h10_d05,VIXPercentileRaw,15,3090,125,0.26192368839427665,0.2917079839956766,0.4780371500089024,0.4594588996763755,0.9500161812297734,0.008,0.0,0.11049899282791453,,1,51,125,43
h10_d05,VIXPercentileRaw,15,3090,125,0.26192368839427665,0.2917079839956766,0.4780371500089024,0.4594588996763755,0.9500161812297734,0.008,0.0,0.11049899282791453,,1,51,125,44
h10_d05,VIXPercentileRaw,15,3090,125,0.26192368839427665,0.2917079839956766,0.4780371500089024,0.4594588996763755,0.9500161812297734,0.008,0.0,0.11049899282791453,,1,51,125,45
h10_d05,VIXPercentileRaw,15,3090,125,0.26192368839427665,0.2917079839956766,0.4780371500089024,0.4594588996763755,0.9500161812297734,0.008,0.0,0.11049899282791453,,1,51,125,46
h10_d05,VIXPercentileCalibrated,15,3090,125,0.27040275569687333,0.315849762387322,0.3032642852812022,0.25287815680615117,0.31746031746031744,0.0,,,,0,51,125,42
h10_d05,VIXPercentileCalibrated,15,3090,125,0.27040275569687333,0.315849762387322,0.3032642852812022,0.25287815680615117,0.31746031746031744,0.0,,,,0,51,125,43
h10_d05,VIXPercentileCalibrated,15,3090,125,0.27040275569687333,0.315849762387322,0.3032642852812022,0.25287815680615117,0.31746031746031744,0.0,,,,0,51,125,44
h10_d05,VIXPercentileCalibrated,15,3090,125,0.27040275569687333,0.315849762387322,0.3032642852812022,0.25287815680615117,0.31746031746031744,0.0,,,,0,51,125,45
h10_d05,VIXPercentileCalibrated,15,3090,125,0.27040275569687333,0.315849762387322,0.3032642852812022,0.25287815680615117,0.31746031746031744,0.0,,,,0,51,125,46
h10_d05,HarRvThreshold,15,3090,125,0.3753036437246963,0.30080518955804736,0.35162827725228907,0.33779364360872605,0.051739840894011575,0.1262135922330097,0.0,0.2501709142581309,,13,38,103,42
h10_d05,HarRvThreshold,15,3090,125,0.3753036437246963,0.30080518955804736,0.35162827725228907,0.33779364360872605,0.051739840894011575,0.1262135922330097,0.0,0.2501709142581309,,13,38,103,43
h10_d05,HarRvThreshold,15,3090,125,0.3753036437246963,0.30080518955804736,0.35162827725228907,0.33779364360872605,0.051739840894011575,0.1262135922330097,0.0,0.2501709142581309,,13,38,103,44
h10_d05,HarRvThreshold,15,3090,125,0.3753036437246963,0.30080518955804736,0.35162827725228907,0.33779364360872605,0.051739840894011575,0.1262135922330097,0.0,0.2501709142581309,,13,38,103,45
h10_d05,HarRvThreshold,15,3090,125,0.3753036437246963,0.30080518955804736,0.35162827725228907,0.33779364360872605,0.051739840894011575,0.1262135922330097,0.0,0.2501709142581309,,13,38,103,46
h10_d05,LogisticRegressionL2,15,3090,125,0.28537360890302066,0.30076344429135443,0.33735880408744173,0.31528835053738025,0.714999244691475,0.184,0.17391304347826086,0.4603973967914739,0.9648067823514888,23,51,125,42
h10_d05,LogisticRegressionL2,15,3090,125,0.28537360890302066,0.30076344429135443,0.33735880408744173,0.31528835053738025,0.714999244691475,0.184,0.17391304347826086,0.4603973967914739,0.9648067823514888,23,51,125,43
h10_d05,LogisticRegressionL2,15,3090,125,0.28537360890302066,0.30076344429135443,0.33735880408744173,0.31528835053738025,0.714999244691475,0.184,0.17391304347826086,0.4603973967914739,0.9648067823514888,23,51,125,44
h10_d05,LogisticRegressionL2,15,3090,125,0.28537360890302066,0.30076344429135443,0.33735880408744173,0.31528835053738025,0.714999244691475,0.184,0.17391304347826086,0.4603973967914739,0.9648067823514888,23,51,125,45
h10_d05,LogisticRegressionL2,15,3090,125,0.28537360890302066,0.30076344429135443,0.33735880408744173,0.31528835053738025,0.714999244691475,0.184,0.17391304347826086,0.4603973967914739,0.9648067823514888,23,51,125,46
h10_d05,LightGbmTuned,15,3090,125,0.26126126126126126,0.3018534504885201,0.3379888793647132,0.3274293693806426,0.7064782869042302,0.248,0.0967741935483871,0.2941281243749432,0.9265099205343448,31,51,125,42
h10_d05,LightGbmTuned,15,3090,125,0.26126126126126126,0.3018534504885201,0.3379888793647132,0.3274293693806426,0.7064782869042302,0.248,0.0967741935483871,0.2941281243749432,0.9265099205343448,31,51,125,43
h10_d05,LightGbmTuned,15,3090,125,0.26126126126126126,0.3018534504885201,0.3379888793647132,0.3274293693806426,0.7064782869042302,0.248,0.0967741935483871,0.2941281243749432,0.9265099205343448,31,51,125,44
h10_d05,LightGbmTuned,15,3090,125,0.26126126126126126,0.3018534504885201,0.3379888793647132,0.3274293693806426,0.7064782869042302,0.248,0.0967741935483871,0.2941281243749432,0.9265099205343448,31,51,125,45
h10_d05,LightGbmTuned,15,3090,125,0.26126126126126126,0.3018534504885201,0.3379888793647132,0.3274293693806426,0.7064782869042302,0.248,0.0967741935483871,0.2941281243749432,0.9265099205343448,31,51,125,46
h10_d05,NaiveBaseRate,16,3215,127,0.5,0.2125984251968504,0.17347143159436795,0.07791724323728585,0.13468118195956455,0.0,,,,0,27,127,42
h10_d05,NaiveBaseRate,16,3215,127,0.5,0.2125984251968504,0.17347143159436795,0.07791724323728585,0.13468118195956455,0.0,,,,0,27,127,43
h10_d05,NaiveBaseRate,16,3215,127,0.5,0.2125984251968504,0.17347143159436795,0.07791724323728585,0.13468118195956455,0.0,,,,0,27,127,44
h10_d05,NaiveBaseRate,16,3215,127,0.5,0.2125984251968504,0.17347143159436795,0.07791724323728585,0.13468118195956455,0.0,,,,0,27,127,45
h10_d05,NaiveBaseRate,16,3215,127,0.5,0.2125984251968504,0.17347143159436795,0.07791724323728585,0.13468118195956455,0.0,,,,0,27,127,46
h10_d05,VIXPercentileRaw,16,3215,127,0.3401851851851852,0.16082176110458635,0.5228184218628836,0.581793022372981,0.9500155520995334,0.0,,,,0,27,127,42
h10_d05,VIXPercentileRaw,16,3215,127,0.3401851851851852,0.16082176110458635,0.5228184218628836,0.581793022372981,0.9500155520995334,0.0,,,,0,27,127,43
h10_d05,VIXPercentileRaw,16,3215,127,0.3401851851851852,0.16082176110458635,0.5228184218628836,0.581793022372981,0.9500155520995334,0.0,,,,0,27,127,44
h10_d05,VIXPercentileRaw,16,3215,127,0.3401851851851852,0.16082176110458635,0.5228184218628836,0.581793022372981,0.9500155520995334,0.0,,,,0,27,127,45
h10_d05,VIXPercentileRaw,16,3215,127,0.3401851851851852,0.16082176110458635,0.5228184218628836,0.581793022372981,0.9500155520995334,0.0,,,,0,27,127,46
h10_d05,VIXPercentileCalibrated,16,3215,127,0.33685185185185185,0.17098622815436154,0.1749409858789797,0.09559170290027197,0.3018867924528302,0.0,,,,0,27,127,42
h10_d05,VIXPercentileCalibrated,16,3215,127,0.33685185185185185,0.17098622815436154,0.1749409858789797,0.09559170290027197,0.3018867924528302,0.0,,,,0,27,127,43
h10_d05,VIXPercentileCalibrated,16,3215,127,0.33685185185185185,0.17098622815436154,0.1749409858789797,0.09559170290027197,0.3018867924528302,0.0,,,,0,27,127,44
h10_d05,VIXPercentileCalibrated,16,3215,127,0.33685185185185185,0.17098622815436154,0.1749409858789797,0.09559170290027197,0.3018867924528302,0.0,,,,0,27,127,45
h10_d05,VIXPercentileCalibrated,16,3215,127,0.33685185185185185,0.17098622815436154,0.1749409858789797,0.09559170290027197,0.3018867924528302,0.0,,,,0,27,127,46
h10_d05,HarRvThreshold,16,3215,127,0.4990503323836657,0.2528103139353524,0.2461289807061837,0.23242312034906648,0.0532586622477774,0.05714285714285714,0.16666666666666666,0.7833802488223928,0.6976799577876058,6,27,105,42
h10_d05,HarRvThreshold,16,3215,127,0.4990503323836657,0.2528103139353524,0.2461289807061837,0.23242312034906648,0.0532586622477774,0.05714285714285714,0.16666666666666666,0.7833802488223928,0.6976799577876058,6,27,105,43
h10_d05,HarRvThreshold,16,3215,127,0.4990503323836657,0.2528103139353524,0.2461289807061837,0.23242312034906648,0.0532586622477774,0.05714285714285714,0.16666666666666666,0.7833802488223928,0.6976799577876058,6,27,105,44
h10_d05,HarRvThreshold,16,3215,127,0.4990503323836657,0.2528103139353524,0.2461289807061837,0.23242312034906648,0.0532586622477774,0.05714285714285714,0.16666666666666666,0.7833802488223928,0.6976799577876058,6,27,105,45
h10_d05,HarRvThreshold,16,3215,127,0.4990503323836657,0.2528103139353524,0.2461289807061837,0.23242312034906648,0.0532586622477774,0.05714285714285714,0.16666666666666666,0.7833802488223928,0.6976799577876058,6,27,105,46
h10_d05,LogisticRegressionL2,16,3215,127,0.3911111111111111,0.17664360573218527,0.28415990902044463,0.3320512110813766,0.7260348797330098,0.015748031496062992,0.0,0.852261650542547,,2,27,127,42
h10_d05,LogisticRegressionL2,16,3215,127,0.3911111111111111,0.17664360573218527,0.28415990902044463,0.3320512110813766,0.7260348797330098,0.015748031496062992,0.0,0.852261650542547,,2,27,127,43
h10_d05,LogisticRegressionL2,16,3215,127,0.3911111111111111,0.17664360573218527,0.28415990902044463,0.3320512110813766,0.7260348797330098,0.015748031496062992,0.0,0.852261650542547,,2,27,127,44
h10_d05,LogisticRegressionL2,16,3215,127,0.3911111111111111,0.17664360573218527,0.28415990902044463,0.3320512110813766,0.7260348797330098,0.015748031496062992,0.0,0.852261650542547,,2,27,127,45
h10_d05,LogisticRegressionL2,16,3215,127,0.3911111111111111,0.17664360573218527,0.28415990902044463,0.3320512110813766,0.7260348797330098,0.015748031496062992,0.0,0.852261650542547,,2,27,127,46
h10_d05,LightGbmTuned,16,3215,127,0.4092592592592592,0.18131865720628532,0.29469627266409915,0.3274218697412402,0.6862718284138997,0.10236220472440945,0.07692307692307693,0.67921060752192,0.6976799577876058,13,27,127,42
h10_d05,LightGbmTuned,16,3215,127,0.4092592592592592,0.18131865720628532,0.29469627266409915,0.3274218697412402,0.6862718284138997,0.10236220472440945,0.07692307692307693,0.67921060752192,0.6976799577876058,13,27,127,43
h10_d05,LightGbmTuned,16,3215,127,0.4092592592592592,0.18131865720628532,0.29469627266409915,0.3274218697412402,0.6862718284138997,0.10236220472440945,0.07692307692307693,0.67921060752192,0.6976799577876058,13,27,127,44
h10_d05,LightGbmTuned,16,3215,127,0.4092592592592592,0.18131865720628532,0.29469627266409915,0.3274218697412402,0.6862718284138997,0.10236220472440945,0.07692307692307693,0.67921060752192,0.6976799577876058,13,27,127,45
h10_d05,LightGbmTuned,16,3215,127,0.4092592592592592,0.18131865720628532,0.29469627266409915,0.3274218697412402,0.6862718284138997,0.10236220472440945,0.07692307692307693,0.67921060752192,0.6976799577876058,13,27,127,46
h10_d05,NaiveBaseRate,17,3342,124,0.5,0.08064516129032258,0.07739017374540101,0.05699696917047935,0.13764213046080193,0.0,,,,0,10,124,42
h10_d05,NaiveBaseRate,17,3342,124,0.5,0.08064516129032258,0.07739017374540101,0.05699696917047935,0.13764213046080193,0.0,,,,0,10,124,43
h10_d05,NaiveBaseRate,17,3342,124,0.5,0.08064516129032258,0.07739017374540101,0.05699696917047935,0.13764213046080193,0.0,,,,0,10,124,44
h10_d05,NaiveBaseRate,17,3342,124,0.5,0.08064516129032258,0.07739017374540101,0.05699696917047935,0.13764213046080193,0.0,,,,0,10,124,45
h10_d05,NaiveBaseRate,17,3342,124,0.5,0.08064516129032258,0.07739017374540101,0.05699696917047935,0.13764213046080193,0.0,,,,0,10,124,46
h10_d05,VIXPercentileRaw,17,3342,124,0.6105263157894737,0.10641196662109549,0.3356421650266324,0.5039236694272311,0.9502992220227408,0.0,,,,0,10,124,42
h10_d05,VIXPercentileRaw,17,3342,124,0.6105263157894737,0.10641196662109549,0.3356421650266324,0.5039236694272311,0.9502992220227408,0.0,,,,0,10,124,43
h10_d05,VIXPercentileRaw,17,3342,124,0.6105263157894737,0.10641196662109549,0.3356421650266324,0.5039236694272311,0.9502992220227408,0.0,,,,0,10,124,44
h10_d05,VIXPercentileRaw,17,3342,124,0.6105263157894737,0.10641196662109549,0.3356421650266324,0.5039236694272311,0.9502992220227408,0.0,,,,0,10,124,45
h10_d05,VIXPercentileRaw,17,3342,124,0.6105263157894737,0.10641196662109549,0.3356421650266324,0.5039236694272311,0.9502992220227408,0.0,,,,0,10,124,46
h10_d05,VIXPercentileCalibrated,17,3342,124,0.6412280701754386,0.10965468639887245,0.07784019789800246,0.0747596803870833,0.2992125984251969,0.0,,,,0,10,124,42
h10_d05,VIXPercentileCalibrated,17,3342,124,0.6412280701754386,0.10965468639887245,0.07784019789800246,0.0747596803870833,0.2992125984251969,0.0,,,,0,10,124,43
h10_d05,VIXPercentileCalibrated,17,3342,124,0.6412280701754386,0.10965468639887245,0.07784019789800246,0.0747596803870833,0.2992125984251969,0.0,,,,0,10,124,44
h10_d05,VIXPercentileCalibrated,17,3342,124,0.6412280701754386,0.10965468639887245,0.07784019789800246,0.0747596803870833,0.2992125984251969,0.0,,,,0,10,124,45
h10_d05,VIXPercentileCalibrated,17,3342,124,0.6412280701754386,0.10965468639887245,0.07784019789800246,0.0747596803870833,0.2992125984251969,0.0,,,,0,10,124,46
h10_d05,HarRvThreshold,17,3342,124,0.32065217391304346,0.07865098239674428,0.09654709641431339,0.08360357658081966,0.05330683736009806,0.0,,,,0,10,102,42
h10_d05,HarRvThreshold,17,3342,124,0.32065217391304346,0.07865098239674428,0.09654709641431339,0.08360357658081966,0.05330683736009806,0.0,,,,0,10,102,43
h10_d05,HarRvThreshold,17,3342,124,0.32065217391304346,0.07865098239674428,0.09654709641431339,0.08360357658081966,0.05330683736009806,0.0,,,,0,10,102,44
h10_d05,HarRvThreshold,17,3342,124,0.32065217391304346,0.07865098239674428,0.09654709641431339,0.08360357658081966,0.05330683736009806,0.0,,,,0,10,102,45
h10_d05,HarRvThreshold,17,3342,124,0.32065217391304346,0.07865098239674428,0.09654709641431339,0.08360357658081966,0.05330683736009806,0.0,,,,0,10,102,46
h10_d05,LogisticRegressionL2,17,3342,124,0.5464912280701755,0.091256691231291,0.1921490296504796,0.3308979972744542,0.7177153677093471,0.0,,,,0,10,124,42
h10_d05,LogisticRegressionL2,17,3342,124,0.5464912280701755,0.091256691231291,0.1921490296504796,0.3308979972744542,0.7177153677093471,0.0,,,,0,10,124,43
h10_d05,LogisticRegressionL2,17,3342,124,0.5464912280701755,0.091256691231291,0.1921490296504796,0.3308979972744542,0.7177153677093471,0.0,,,,0,10,124,44
h10_d05,LogisticRegressionL2,17,3342,124,0.5464912280701755,0.091256691231291,0.1921490296504796,0.3308979972744542,0.7177153677093471,0.0,,,,0,10,124,45
h10_d05,LogisticRegressionL2,17,3342,124,0.5464912280701755,0.091256691231291,0.1921490296504796,0.3308979972744542,0.7177153677093471,0.0,,,,0,10,124,46
h10_d05,LightGbmTuned,17,3342,124,0.5614035087719298,0.10916605555054969,0.24058623449950572,0.4064244868407666,0.6494670719407093,0.0,,,,0,10,124,42
h10_d05,LightGbmTuned,17,3342,124,0.5614035087719298,0.10916605555054969,0.24058623449950572,0.4064244868407666,0.6494670719407093,0.0,,,,0,10,124,43
h10_d05,LightGbmTuned,17,3342,124,0.5614035087719298,0.10916605555054969,0.24058623449950572,0.4064244868407666,0.6494670719407093,0.0,,,,0,10,124,44
h10_d05,LightGbmTuned,17,3342,124,0.5614035087719298,0.10916605555054969,0.24058623449950572,0.4064244868407666,0.6494670719407093,0.0,,,,0,10,124,45
h10_d05,LightGbmTuned,17,3342,124,0.5614035087719298,0.10916605555054969,0.24058623449950572,0.4064244868407666,0.6494670719407093,0.0,,,,0,10,124,46
h10_d05,NaiveBaseRate,18,3466,126,0.5,0.11904761904761904,0.10514936410429652,0.016555381529415047,0.13560300057703403,0.0,,,,0,15,126,42
h10_d05,NaiveBaseRate,18,3466,126,0.5,0.11904761904761904,0.10514936410429652,0.016555381529415047,0.13560300057703403,0.0,,,,0,15,126,43
h10_d05,NaiveBaseRate,18,3466,126,0.5,0.11904761904761904,0.10514936410429652,0.016555381529415047,0.13560300057703403,0.0,,,,0,15,126,44
h10_d05,NaiveBaseRate,18,3466,126,0.5,0.11904761904761904,0.10514936410429652,0.016555381529415047,0.13560300057703403,0.0,,,,0,15,126,45
h10_d05,NaiveBaseRate,18,3466,126,0.5,0.11904761904761904,0.10514936410429652,0.016555381529415047,0.13560300057703403,0.0,,,,0,15,126,46
h10_d05,VIXPercentileRaw,18,3466,126,0.5981981981981981,0.1734211481448997,0.21900502711823233,0.3342813178358475,0.9500144258511253,0.0,,,,0,15,126,42
h10_d05,VIXPercentileRaw,18,3466,126,0.5981981981981981,0.1734211481448997,0.21900502711823233,0.3342813178358475,0.9500144258511253,0.0,,,,0,15,126,43
h10_d05,VIXPercentileRaw,18,3466,126,0.5981981981981981,0.1734211481448997,0.21900502711823233,0.3342813178358475,0.9500144258511253,0.0,,,,0,15,126,44
h10_d05,VIXPercentileRaw,18,3466,126,0.5981981981981981,0.1734211481448997,0.21900502711823233,0.3342813178358475,0.9500144258511253,0.0,,,,0,15,126,45
h10_d05,VIXPercentileRaw,18,3466,126,0.5981981981981981,0.1734211481448997,0.21900502711823233,0.3342813178358475,0.9500144258511253,0.0,,,,0,15,126,46
h10_d05,VIXPercentileCalibrated,18,3466,126,0.5831831831831831,0.1510799329318816,0.10613593484574618,0.025958265472888528,0.2943019219371772,0.0,,,,0,15,126,42
h10_d05,VIXPercentileCalibrated,18,3466,126,0.5831831831831831,0.1510799329318816,0.10613593484574618,0.025958265472888528,0.2943019219371772,0.0,,,,0,15,126,43
h10_d05,VIXPercentileCalibrated,18,3466,126,0.5831831831831831,0.1510799329318816,0.10613593484574618,0.025958265472888528,0.2943019219371772,0.0,,,,0,15,126,44
h10_d05,VIXPercentileCalibrated,18,3466,126,0.5831831831831831,0.1510799329318816,0.10613593484574618,0.025958265472888528,0.2943019219371772,0.0,,,,0,15,126,45
h10_d05,VIXPercentileCalibrated,18,3466,126,0.5831831831831831,0.1510799329318816,0.10613593484574618,0.025958265472888528,0.2943019219371772,0.0,,,,0,15,126,46
h10_d05,HarRvThreshold,18,3466,126,0.4059925093632959,0.12657613850513824,0.14169966464375283,0.13055641242258137,0.05218667918554208,0.038461538461538464,0.0,0.33919706080276174,,4,15,104,42
h10_d05,HarRvThreshold,18,3466,126,0.4059925093632959,0.12657613850513824,0.14169966464375283,0.13055641242258137,0.05218667918554208,0.038461538461538464,0.0,0.33919706080276174,,4,15,104,43
h10_d05,HarRvThreshold,18,3466,126,0.4059925093632959,0.12657613850513824,0.14169966464375283,0.13055641242258137,0.05218667918554208,0.038461538461538464,0.0,0.33919706080276174,,4,15,104,44
h10_d05,HarRvThreshold,18,3466,126,0.4059925093632959,0.12657613850513824,0.14169966464375283,0.13055641242258137,0.05218667918554208,0.038461538461538464,0.0,0.33919706080276174,,4,15,104,45
h10_d05,HarRvThreshold,18,3466,126,0.4059925093632959,0.12657613850513824,0.14169966464375283,0.13055641242258137,0.05218667918554208,0.038461538461538464,0.0,0.33919706080276174,,4,15,104,46
h10_d05,LogisticRegressionL2,18,3466,126,0.47267267267267266,0.1110907587865955,0.20182734269780203,0.2989720967689005,0.7176292283548962,0.0,,,,0,15,126,42
h10_d05,LogisticRegressionL2,18,3466,126,0.47267267267267266,0.1110907587865955,0.20182734269780203,0.2989720967689005,0.7176292283548962,0.0,,,,0,15,126,43
h10_d05,LogisticRegressionL2,18,3466,126,0.47267267267267266,0.1110907587865955,0.20182734269780203,0.2989720967689005,0.7176292283548962,0.0,,,,0,15,126,44
h10_d05,LogisticRegressionL2,18,3466,126,0.47267267267267266,0.1110907587865955,0.20182734269780203,0.2989720967689005,0.7176292283548962,0.0,,,,0,15,126,45
h10_d05,LogisticRegressionL2,18,3466,126,0.47267267267267266,0.1110907587865955,0.20182734269780203,0.2989720967689005,0.7176292283548962,0.0,,,,0,15,126,46
h10_d05,LightGbmTuned,18,3466,126,0.5129129129129129,0.12725269084942806,0.2248936456785996,0.34197422674558126,0.6413487343449457,0.0,,,,0,15,126,42
h10_d05,LightGbmTuned,18,3466,126,0.5129129129129129,0.12725269084942806,0.2248936456785996,0.34197422674558126,0.6413487343449457,0.0,,,,0,15,126,43
h10_d05,LightGbmTuned,18,3466,126,0.5129129129129129,0.12725269084942806,0.2248936456785996,0.34197422674558126,0.6413487343449457,0.0,,,,0,15,126,44
h10_d05,LightGbmTuned,18,3466,126,0.5129129129129129,0.12725269084942806,0.2248936456785996,0.34197422674558126,0.6413487343449457,0.0,,,,0,15,126,45
h10_d05,LightGbmTuned,18,3466,126,0.5129129129129129,0.12725269084942806,0.2248936456785996,0.34197422674558126,0.6413487343449457,0.0,,,,0,15,126,46
h10_d05,NaiveBaseRate,19,3592,124,0.5,0.056451612903225805,0.05943817672995413,0.07857065881169631,0.13502227171492204,0.0,,,,0,7,124,42
h10_d05,NaiveBaseRate,19,3592,124,0.5,0.056451612903225805,0.05943817672995413,0.07857065881169631,0.13502227171492204,0.0,,,,0,7,124,43
h10_d05,NaiveBaseRate,19,3592,124,0.5,0.056451612903225805,0.05943817672995413,0.07857065881169631,0.13502227171492204,0.0,,,,0,7,124,44
h10_d05,NaiveBaseRate,19,3592,124,0.5,0.056451612903225805,0.05943817672995413,0.07857065881169631,0.13502227171492204,0.0,,,,0,7,124,45
h10_d05,NaiveBaseRate,19,3592,124,0.5,0.056451612903225805,0.05943817672995413,0.07857065881169631,0.13502227171492204,0.0,,,,0,7,124,46
h10_d05,VIXPercentileRaw,19,3592,124,0.5451770451770452,0.0663378932549023,0.24956256229867807,0.43062764925641206,0.9501391982182626,0.0,,,,0,7,124,42
h10_d05,VIXPercentileRaw,19,3592,124,0.5451770451770452,0.0663378932549023,0.24956256229867807,0.43062764925641206,0.9501391982182626,0.0,,,,0,7,124,43
h10_d05,VIXPercentileRaw,19,3592,124,0.5451770451770452,0.0663378932549023,0.24956256229867807,0.43062764925641206,0.9501391982182626,0.0,,,,0,7,124,44
h10_d05,VIXPercentileRaw,19,3592,124,0.5451770451770452,0.0663378932549023,0.24956256229867807,0.43062764925641206,0.9501391982182626,0.0,,,,0,7,124,45
h10_d05,VIXPercentileRaw,19,3592,124,0.5451770451770452,0.0663378932549023,0.24956256229867807,0.43062764925641206,0.9501391982182626,0.0,,,,0,7,124,46
h10_d05,VIXPercentileCalibrated,19,3592,124,0.5561660561660562,0.06988219923670744,0.057748679568524613,0.06125378718692808,0.27956989247311825,0.0,,,,0,7,124,42
h10_d05,VIXPercentileCalibrated,19,3592,124,0.5561660561660562,0.06988219923670744,0.057748679568524613,0.06125378718692808,0.27956989247311825,0.0,,,,0,7,124,43
h10_d05,VIXPercentileCalibrated,19,3592,124,0.5561660561660562,0.06988219923670744,0.057748679568524613,0.06125378718692808,0.27956989247311825,0.0,,,,0,7,124,44
h10_d05,VIXPercentileCalibrated,19,3592,124,0.5561660561660562,0.06988219923670744,0.057748679568524613,0.06125378718692808,0.27956989247311825,0.0,,,,0,7,124,45
h10_d05,VIXPercentileCalibrated,19,3592,124,0.5561660561660562,0.06988219923670744,0.057748679568524613,0.06125378718692808,0.27956989247311825,0.0,,,,0,7,124,46
h10_d05,HarRvThreshold,19,3592,124,0.5819548872180451,0.08995517950745323,0.0674550721461853,0.05722019778527333,0.0519302203999818,0.029411764705882353,0.0,1.3416688967645716,,3,7,102,42
h10_d05,HarRvThreshold,19,3592,124,0.5819548872180451,0.08995517950745323,0.0674550721461853,0.05722019778527333,0.0519302203999818,0.029411764705882353,0.0,1.3416688967645716,,3,7,102,43
h10_d05,HarRvThreshold,19,3592,124,0.5819548872180451,0.08995517950745323,0.0674550721461853,0.05722019778527333,0.0519302203999818,0.029411764705882353,0.0,1.3416688967645716,,3,7,102,44
h10_d05,HarRvThreshold,19,3592,124,0.5819548872180451,0.08995517950745323,0.0674550721461853,0.05722019778527333,0.0519302203999818,0.029411764705882353,0.0,1.3416688967645716,,3,7,102,45
h10_d05,HarRvThreshold,19,3592,124,0.5819548872180451,0.08995517950745323,0.0674550721461853,0.05722019778527333,0.0519302203999818,0.029411764705882353,0.0,1.3416688967645716,,3,7,102,46
h10_d05,LogisticRegressionL2,19,3592,124,0.5286935286935287,0.06608777005458365,0.23263531400228038,0.415372665355612,0.7126127706815807,0.0,,,,0,7,124,42
h10_d05,LogisticRegressionL2,19,3592,124,0.5286935286935287,0.06608777005458365,0.23263531400228038,0.415372665355612,0.7126127706815807,0.0,,,,0,7,124,43
h10_d05,LogisticRegressionL2,19,3592,124,0.5286935286935287,0.06608777005458365,0.23263531400228038,0.415372665355612,0.7126127706815807,0.0,,,,0,7,124,44
h10_d05,LogisticRegressionL2,19,3592,124,0.5286935286935287,0.06608777005458365,0.23263531400228038,0.415372665355612,0.7126127706815807,0.0,,,,0,7,124,45
h10_d05,LogisticRegressionL2,19,3592,124,0.5286935286935287,0.06608777005458365,0.23263531400228038,0.415372665355612,0.7126127706815807,0.0,,,,0,7,124,46
h10_d05,LightGbmTuned,19,3592,124,0.362026862026862,0.048540538489401285,0.2613034485033318,0.4487328682256217,0.6405757113252587,0.0,,,,0,7,124,42
h10_d05,LightGbmTuned,19,3592,124,0.362026862026862,0.048540538489401285,0.2613034485033318,0.4487328682256217,0.6405757113252587,0.0,,,,0,7,124,43
h10_d05,LightGbmTuned,19,3592,124,0.362026862026862,0.048540538489401285,0.2613034485033318,0.4487328682256217,0.6405757113252587,0.0,,,,0,7,124,44
h10_d05,LightGbmTuned,19,3592,124,0.362026862026862,0.048540538489401285,0.2613034485033318,0.4487328682256217,0.6405757113252587,0.0,,,,0,7,124,45
h10_d05,LightGbmTuned,19,3592,124,0.362026862026862,0.048540538489401285,0.2613034485033318,0.4487328682256217,0.6405757113252587,0.0,,,,0,7,124,46
h10_d05,NaiveBaseRate,20,3716,127,0.5,0.1889763779527559,0.15646514435081224,0.05657594738224994,0.13240043057050593,0.0,,,,0,24,127,42
h10_d05,NaiveBaseRate,20,3716,127,0.5,0.1889763779527559,0.15646514435081224,0.05657594738224994,0.13240043057050593,0.0,,,,0,24,127,43
h10_d05,NaiveBaseRate,20,3716,127,0.5,0.1889763779527559,0.15646514435081224,0.05657594738224994,0.13240043057050593,0.0,,,,0,24,127,44
h10_d05,NaiveBaseRate,20,3716,127,0.5,0.1889763779527559,0.15646514435081224,0.05657594738224994,0.13240043057050593,0.0,,,,0,24,127,45
h10_d05,NaiveBaseRate,20,3716,127,0.5,0.1889763779527559,0.15646514435081224,0.05657594738224994,0.13240043057050593,0.0,,,,0,24,127,46
h10_d05,VIXPercentileRaw,20,3716,127,0.3982605177993528,0.1529035143435458,0.36947327433290345,0.433852758448251,0.95001345532831,0.007874015748031496,0.0,0.08964436702299391,,1,24,127,42
h10_d05,VIXPercentileRaw,20,3716,127,0.3982605177993528,0.1529035143435458,0.36947327433290345,0.433852758448251,0.95001345532831,0.007874015748031496,0.0,0.08964436702299391,,1,24,127,43
h10_d05,VIXPercentileRaw,20,3716,127,0.3982605177993528,0.1529035143435458,0.36947327433290345,0.433852758448251,0.95001345532831,0.007874015748031496,0.0,0.08964436702299391,,1,24,127,44
h10_d05,VIXPercentileRaw,20,3716,127,0.3982605177993528,0.1529035143435458,0.36947327433290345,0.433852758448251,0.95001345532831,0.007874015748031496,0.0,0.08964436702299391,,1,24,127,45
h10_d05,VIXPercentileRaw,20,3716,127,0.3982605177993528,0.1529035143435458,0.36947327433290345,0.433852758448251,0.95001345532831,0.007874015748031496,0.0,0.08964436702299391,,1,24,127,46
h10_d05,VIXPercentileCalibrated,20,3716,127,0.41039644012944987,0.16553209796090865,0.16129624402863632,0.05035756213348686,0.27956989247311825,0.007874015748031496,0.0,0.08964436702299391,,1,24,127,42
h10_d05,VIXPercentileCalibrated,20,3716,127,0.41039644012944987,0.16553209796090865,0.16129624402863632,0.05035756213348686,0.27956989247311825,0.007874015748031496,0.0,0.08964436702299391,,1,24,127,43
h10_d05,VIXPercentileCalibrated,20,3716,127,0.41039644012944987,0.16553209796090865,0.16129624402863632,0.05035756213348686,0.27956989247311825,0.007874015748031496,0.0,0.08964436702299391,,1,24,127,44
h10_d05,VIXPercentileCalibrated,20,3716,127,0.41039644012944987,0.16553209796090865,0.16129624402863632,0.05035756213348686,0.27956989247311825,0.007874015748031496,0.0,0.08964436702299391,,1,24,127,45
h10_d05,VIXPercentileCalibrated,20,3716,127,0.41039644012944987,0.16553209796090865,0.16129624402863632,0.05035756213348686,0.27956989247311825,0.007874015748031496,0.0,0.08964436702299391,,1,24,127,46
h10_d05,HarRvThreshold,20,3716,127,0.33497191011235955,0.19122721018086103,0.14864830480690625,0.13514272682740364,0.05153733086824143,0.0761904761904762,0.125,1.1271985258544948,0.853076794578063,8,16,105,42
h10_d05,HarRvThreshold,20,3716,127,0.33497191011235955,0.19122721018086103,0.14864830480690625,0.13514272682740364,0.05153733086824143,0.0761904761904762,0.125,1.1271985258544948,0.853076794578063,8,16,105,43
h10_d05,HarRvThreshold,20,3716,127,0.33497191011235955,0.19122721018086103,0.14864830480690625,0.13514272682740364,0.05153733086824143,0.0761904761904762,0.125,1.1271985258544948,0.853076794578063,8,16,105,44
h10_d05,HarRvThreshold,20,3716,127,0.33497191011235955,0.19122721018086103,0.14864830480690625,0.13514272682740364,0.05153733086824143,0.0761904761904762,0.125,1.1271985258544948,0.853076794578063,8,16,105,45
h10_d05,HarRvThreshold,20,3716,127,0.33497191011235955,0.19122721018086103,0.14864830480690625,0.13514272682740364,0.05153733086824143,0.0761904761904762,0.125,1.1271985258544948,0.853076794578063,8,16,105,46
h10_d05,LogisticRegressionL2,20,3716,127,0.4312297734627832,0.1706334871061847,0.2928934638946601,0.3452464007229652,0.7063040578099612,0.05511811023622047,0.0,0.15670974367385213,,7,24,127,42
h10_d05,LogisticRegressionL2,20,3716,127,0.4312297734627832,0.1706334871061847,0.2928934638946601,0.3452464007229652,0.7063040578099612,0.05511811023622047,0.0,0.15670974367385213,,7,24,127,43
h10_d05,LogisticRegressionL2,20,3716,127,0.4312297734627832,0.1706334871061847,0.2928934638946601,0.3452464007229652,0.7063040578099612,0.05511811023622047,0.0,0.15670974367385213,,7,24,127,44
h10_d05,LogisticRegressionL2,20,3716,127,0.4312297734627832,0.1706334871061847,0.2928934638946601,0.3452464007229652,0.7063040578099612,0.05511811023622047,0.0,0.15670974367385213,,7,24,127,45
h10_d05,LogisticRegressionL2,20,3716,127,0.4312297734627832,0.1706334871061847,0.2928934638946601,0.3452464007229652,0.7063040578099612,0.05511811023622047,0.0,0.15670974367385213,,7,24,127,46
h10_d05,LightGbmTuned,20,3716,127,0.5048543689320388,0.1876780157993314,0.26778334056621117,0.33816956609857496,0.6411033963453161,0.0,,,,0,24,127,42
h10_d05,LightGbmTuned,20,3716,127,0.5048543689320388,0.1876780157993314,0.26778334056621117,0.33816956609857496,0.6411033963453161,0.0,,,,0,24,127,43
h10_d05,LightGbmTuned,20,3716,127,0.5048543689320388,0.1876780157993314,0.26778334056621117,0.33816956609857496,0.6411033963453161,0.0,,,,0,24,127,44
h10_d05,LightGbmTuned,20,3716,127,0.5048543689320388,0.1876780157993314,0.26778334056621117,0.33816956609857496,0.6411033963453161,0.0,,,,0,24,127,45
h10_d05,LightGbmTuned,20,3716,127,0.5048543689320388,0.1876780157993314,0.26778334056621117,0.33816956609857496,0.6411033963453161,0.0,,,,0,24,127,46
h10_d05,NaiveBaseRate,21,3843,123,0.5,0.21138211382113822,0.17264597822444944,0.07711201233792198,0.13427010148321625,0.0,,,,0,26,123,42
h10_d05,NaiveBaseRate,21,3843,123,0.5,0.21138211382113822,0.17264597822444944,0.07711201233792198,0.13427010148321625,0.0,,,,0,26,123,43
h10_d05,NaiveBaseRate,21,3843,123,0.5,0.21138211382113822,0.17264597822444944,0.07711201233792198,0.13427010148321625,0.0,,,,0,26,123,44
h10_d05,NaiveBaseRate,21,3843,123,0.5,0.21138211382113822,0.17264597822444944,0.07711201233792198,0.13427010148321625,0.0,,,,0,26,123,45
h10_d05,NaiveBaseRate,21,3843,123,0.5,0.21138211382113822,0.17264597822444944,0.07711201233792198,0.13427010148321625,0.0,,,,0,26,123,46
h10_d05,VIXPercentileRaw,21,3843,123,0.3643933386201428,0.16525226461948866,0.3948244607918287,0.47092485757019936,0.9500130106687482,0.04065040650406504,0.0,0.20750478161411584,,5,26,123,42
h10_d05,VIXPercentileRaw,21,3843,123,0.3643933386201428,0.16525226461948866,0.3948244607918287,0.47092485757019936,0.9500130106687482,0.04065040650406504,0.0,0.20750478161411584,,5,26,123,43
h10_d05,VIXPercentileRaw,21,3843,123,0.3643933386201428,0.16525226461948866,0.3948244607918287,0.47092485757019936,0.9500130106687482,0.04065040650406504,0.0,0.20750478161411584,,5,26,123,44
h10_d05,VIXPercentileRaw,21,3843,123,0.3643933386201428,0.16525226461948866,0.3948244607918287,0.47092485757019936,0.9500130106687482,0.04065040650406504,0.0,0.20750478161411584,,5,26,123,45
h10_d05,VIXPercentileRaw,21,3843,123,0.3643933386201428,0.16525226461948866,0.3948244607918287,0.47092485757019936,0.9500130106687482,0.04065040650406504,0.0,0.20750478161411584,,5,26,123,46
h10_d05,VIXPercentileCalibrated,21,3843,123,0.38897700237906424,0.18005496802996312,0.17884377630931242,0.0927009455705081,0.27956989247311825,0.04065040650406504,0.0,0.20750478161411584,,5,26,123,42
h10_d05,VIXPercentileCalibrated,21,3843,123,0.38897700237906424,0.18005496802996312,0.17884377630931242,0.0927009455705081,0.27956989247311825,0.04065040650406504,0.0,0.20750478161411584,,5,26,123,43
h10_d05,VIXPercentileCalibrated,21,3843,123,0.38897700237906424,0.18005496802996312,0.17884377630931242,0.0927009455705081,0.27956989247311825,0.04065040650406504,0.0,0.20750478161411584,,5,26,123,44
h10_d05,VIXPercentileCalibrated,21,3843,123,0.38897700237906424,0.18005496802996312,0.17884377630931242,0.0927009455705081,0.27956989247311825,0.04065040650406504,0.0,0.20750478161411584,,5,26,123,45
h10_d05,VIXPercentileCalibrated,21,3843,123,0.38897700237906424,0.18005496802996312,0.17884377630931242,0.0927009455705081,0.27956989247311825,0.04065040650406504,0.0,0.20750478161411584,,5,26,123,46
h10_d05,HarRvThreshold,21,3843,123,0.39487179487179486,0.21203049920827116,0.25224138576693295,0.2561024574509719,0.05174506034765558,0.0891089108910891,0.1111111111111111,0.6865116707926394,0.8432582972402857,9,26,101,42
h10_d05,HarRvThreshold,21,3843,123,0.39487179487179486,0.21203049920827116,0.25224138576693295,0.2561024574509719,0.05174506034765558,0.0891089108910891,0.1111111111111111,0.6865116707926394,0.8432582972402857,9,26,101,43
h10_d05,HarRvThreshold,21,3843,123,0.39487179487179486,0.21203049920827116,0.25224138576693295,0.2561024574509719,0.05174506034765558,0.0891089108910891,0.1111111111111111,0.6865116707926394,0.8432582972402857,9,26,101,44
h10_d05,HarRvThreshold,21,3843,123,0.39487179487179486,0.21203049920827116,0.25224138576693295,0.2561024574509719,0.05174506034765558,0.0891089108910891,0.1111111111111111,0.6865116707926394,0.8432582972402857,9,26,101,45
h10_d05,HarRvThreshold,21,3843,123,0.39487179487179486,0.21203049920827116,0.25224138576693295,0.2561024574509719,0.05174506034765558,0.0891089108910891,0.1111111111111111,0.6865116707926394,0.8432582972402857,9,26,101,46
h10_d05,LogisticRegressionL2,21,3843,123,0.44845360824742264,0.189479668238933,0.3044824956085494,0.3264039834533297,0.697441486049679,0.15447154471544716,0.05263157894736842,0.30540352165700496,0.8432582972402857,19,26,123,42
h10_d05,LogisticRegressionL2,21,3843,123,0.44845360824742264,0.189479668238933,0.3044824956085494,0.3264039834533297,0.697441486049679,0.15447154471544716,0.05263157894736842,0.30540352165700496,0.8432582972402857,19,26,123,43
h10_d05,LogisticRegressionL2,21,3843,123,0.44845360824742264,0.189479668238933,0.3044824956085494,0.3264039834533297,0.697441486049679,0.15447154471544716,0.05263157894736842,0.30540352165700496,0.8432582972402857,19,26,123,44
h10_d05,LogisticRegressionL2,21,3843,123,0.44845360824742264,0.189479668238933,0.3044824956085494,0.3264039834533297,0.697441486049679,0.15447154471544716,0.05263157894736842,0.30540352165700496,0.8432582972402857,19,26,123,45
h10_d05,LogisticRegressionL2,21,3843,123,0.44845360824742264,0.189479668238933,0.3044824956085494,0.3264039834533297,0.697441486049679,0.15447154471544716,0.05263157894736842,0.30540352165700496,0.8432582972402857,19,26,123,46
h10_d05,LightGbmTuned,21,3843,123,0.48869944488501194,0.19874420746935323,0.2804930119659878,0.32124099459289446,0.6368811061420195,0.14634146341463414,0.0,0.10296538348248681,,18,26,123,42
h10_d05,LightGbmTuned,21,3843,123,0.48869944488501194,0.19874420746935323,0.2804930119659878,0.32124099459289446,0.6368811061420195,0.14634146341463414,0.0,0.10296538348248681,,18,26,123,43
h10_d05,LightGbmTuned,21,3843,123,0.48869944488501194,0.19874420746935323,0.2804930119659878,0.32124099459289446,0.6368811061420195,0.14634146341463414,0.0,0.10296538348248681,,18,26,123,44
h10_d05,LightGbmTuned,21,3843,123,0.48869944488501194,0.19874420746935323,0.2804930119659878,0.32124099459289446,0.6368811061420195,0.14634146341463414,0.0,0.10296538348248681,,18,26,123,45
h10_d05,LightGbmTuned,21,3843,123,0.48869944488501194,0.19874420746935323,0.2804930119659878,0.32124099459289446,0.6368811061420195,0.14634146341463414,0.0,0.10296538348248681,,18,26,123,46
h10_d05,NaiveBaseRate,22,3966,127,0.5,0.05511811023622047,0.058729448764912914,0.08154351356609917,0.13666162380231972,0.0,,,,0,7,127,42
h10_d05,NaiveBaseRate,22,3966,127,0.5,0.05511811023622047,0.058729448764912914,0.08154351356609917,0.13666162380231972,0.0,,,,0,7,127,43
h10_d05,NaiveBaseRate,22,3966,127,0.5,0.05511811023622047,0.058729448764912914,0.08154351356609917,0.13666162380231972,0.0,,,,0,7,127,44
h10_d05,NaiveBaseRate,22,3966,127,0.5,0.05511811023622047,0.058729448764912914,0.08154351356609917,0.13666162380231972,0.0,,,,0,7,127,45
h10_d05,NaiveBaseRate,22,3966,127,0.5,0.05511811023622047,0.058729448764912914,0.08154351356609917,0.13666162380231972,0.0,,,,0,7,127,46
h10_d05,VIXPercentileRaw,22,3966,127,0.7178571428571429,0.0995939864080108,0.311926325021613,0.5045683586072165,0.9500126071608673,0.0,,,,0,7,127,42
h10_d05,VIXPercentileRaw,22,3966,127,0.7178571428571429,0.0995939864080108,0.311926325021613,0.5045683586072165,0.9500126071608673,0.0,,,,0,7,127,43
h10_d05,VIXPercentileRaw,22,3966,127,0.7178571428571429,0.0995939864080108,0.311926325021613,0.5045683586072165,0.9500126071608673,0.0,,,,0,7,127,44
h10_d05,VIXPercentileRaw,22,3966,127,0.7178571428571429,0.0995939864080108,0.311926325021613,0.5045683586072165,0.9500126071608673,0.0,,,,0,7,127,45
h10_d05,VIXPercentileRaw,22,3966,127,0.7178571428571429,0.0995939864080108,0.311926325021613,0.5045683586072165,0.9500126071608673,0.0,,,,0,7,127,46
h10_d05,VIXPercentileCalibrated,22,3966,127,0.5886904761904762,0.07195767195767196,0.06130445795773358,0.09882676516267444,0.27956989247311825,0.0,,,,0,7,127,42
h10_d05,VIXPercentileCalibrated,22,3966,127,0.5886904761904762,0.07195767195767196,0.06130445795773358,0.09882676516267444,0.27956989247311825,0.0,,,,0,7,127,43
h10_d05,VIXPercentileCalibrated,22,3966,127,0.5886904761904762,0.07195767195767196,0.06130445795773358,0.09882676516267444,0.27956989247311825,0.0,,,,0,7,127,44
h10_d05,VIXPercentileCalibrated,22,3966,127,0.5886904761904762,0.07195767195767196,0.06130445795773358,0.09882676516267444,0.27956989247311825,0.0,,,,0,7,127,45
h10_d05,VIXPercentileCalibrated,22,3966,127,0.5886904761904762,0.07195767195767196,0.06130445795773358,0.09882676516267444,0.27956989247311825,0.0,,,,0,7,127,46
h10_d05,HarRvThreshold,22,3966,127,0.5336700336700337,0.06795518511620206,0.0560086107735624,0.04432155792565314,0.05217043797245848,0.0,,,,0,6,105,42
h10_d05,HarRvThreshold,22,3966,127,0.5336700336700337,0.06795518511620206,0.0560086107735624,0.04432155792565314,0.05217043797245848,0.0,,,,0,6,105,43
h10_d05,HarRvThreshold,22,3966,127,0.5336700336700337,0.06795518511620206,0.0560086107735624,0.04432155792565314,0.05217043797245848,0.0,,,,0,6,105,44
h10_d05,HarRvThreshold,22,3966,127,0.5336700336700337,0.06795518511620206,0.0560086107735624,0.04432155792565314,0.05217043797245848,0.0,,,,0,6,105,45
h10_d05,HarRvThreshold,22,3966,127,0.5336700336700337,0.06795518511620206,0.0560086107735624,0.04432155792565314,0.05217043797245848,0.0,,,,0,6,105,46
h10_d05,LogisticRegressionL2,22,3966,127,0.7809523809523811,0.13600198200219618,0.20685245132689525,0.3950302726470546,0.6900756290538087,0.0,,,,0,7,127,42
h10_d05,LogisticRegressionL2,22,3966,127,0.7809523809523811,0.13600198200219618,0.20685245132689525,0.3950302726470546,0.6900756290538087,0.0,,,,0,7,127,43
h10_d05,LogisticRegressionL2,22,3966,127,0.7809523809523811,0.13600198200219618,0.20685245132689525,0.3950302726470546,0.6900756290538087,0.0,,,,0,7,127,44
h10_d05,LogisticRegressionL2,22,3966,127,0.7809523809523811,0.13600198200219618,0.20685245132689525,0.3950302726470546,0.6900756290538087,0.0,,,,0,7,127,45
h10_d05,LogisticRegressionL2,22,3966,127,0.7809523809523811,0.13600198200219618,0.20685245132689525,0.3950302726470546,0.6900756290538087,0.0,,,,0,7,127,46
h10_d05,LightGbmTuned,22,3966,127,0.7428571428571429,0.15288845124476091,0.2139181318326598,0.40450706190828206,0.6290243713891468,0.0,,,,0,7,127,42
h10_d05,LightGbmTuned,22,3966,127,0.7428571428571429,0.15288845124476091,0.2139181318326598,0.40450706190828206,0.6290243713891468,0.0,,,,0,7,127,43
h10_d05,LightGbmTuned,22,3966,127,0.7428571428571429,0.15288845124476091,0.2139181318326598,0.40450706190828206,0.6290243713891468,0.0,,,,0,7,127,44
h10_d05,LightGbmTuned,22,3966,127,0.7428571428571429,0.15288845124476091,0.2139181318326598,0.40450706190828206,0.6290243713891468,0.0,,,,0,7,127,45
h10_d05,LightGbmTuned,22,3966,127,0.7428571428571429,0.15288845124476091,0.2139181318326598,0.40450706190828206,0.6290243713891468,0.0,,,,0,7,127,46
h20_d07,NaiveBaseRate,1,1333,124,,,0.018032077411701014,0.13428357089272322,0.1342835708927232,0.0,,,,0,0,124,42
h20_d07,NaiveBaseRate,1,1333,124,,,0.018032077411701014,0.13428357089272322,0.1342835708927232,0.0,,,,0,0,124,43
h20_d07,NaiveBaseRate,1,1333,124,,,0.018032077411701014,0.13428357089272322,0.1342835708927232,0.0,,,,0,0,124,44
h20_d07,NaiveBaseRate,1,1333,124,,,0.018032077411701014,0.13428357089272322,0.1342835708927232,0.0,,,,0,0,124,45
h20_d07,NaiveBaseRate,1,1333,124,,,0.018032077411701014,0.13428357089272322,0.1342835708927232,0.0,,,,0,0,124,46
h20_d07,VIXPercentileRaw,1,1333,124,,,0.06674823789072888,0.18170268373544998,0.9500375093773442,0.0,,,,0,0,124,42
h20_d07,VIXPercentileRaw,1,1333,124,,,0.06674823789072888,0.18170268373544998,0.9500375093773442,0.0,,,,0,0,124,43
h20_d07,VIXPercentileRaw,1,1333,124,,,0.06674823789072888,0.18170268373544998,0.9500375093773442,0.0,,,,0,0,124,44
h20_d07,VIXPercentileRaw,1,1333,124,,,0.06674823789072888,0.18170268373544998,0.9500375093773442,0.0,,,,0,0,124,45
h20_d07,VIXPercentileRaw,1,1333,124,,,0.06674823789072888,0.18170268373544998,0.9500375093773442,0.0,,,,0,0,124,46
h20_d07,VIXPercentileCalibrated,1,1333,124,,,0.00459160504649291,0.05743321204112916,0.4380952380952381,0.0,,,,0,0,124,42
h20_d07,VIXPercentileCalibrated,1,1333,124,,,0.00459160504649291,0.05743321204112916,0.4380952380952381,0.0,,,,0,0,124,43
h20_d07,VIXPercentileCalibrated,1,1333,124,,,0.00459160504649291,0.05743321204112916,0.4380952380952381,0.0,,,,0,0,124,44
h20_d07,VIXPercentileCalibrated,1,1333,124,,,0.00459160504649291,0.05743321204112916,0.4380952380952381,0.0,,,,0,0,124,45
h20_d07,VIXPercentileCalibrated,1,1333,124,,,0.00459160504649291,0.05743321204112916,0.4380952380952381,0.0,,,,0,0,124,46
h20_d07,HarRvThreshold,1,1333,124,,,0.0004795101575331689,0.018210013442193057,0.2540141383820368,0.0,,,,0,0,102,42
h20_d07,HarRvThreshold,1,1333,124,,,0.0004795101575331689,0.018210013442193057,0.2540141383820368,0.0,,,,0,0,102,43
h20_d07,HarRvThreshold,1,1333,124,,,0.0004795101575331689,0.018210013442193057,0.2540141383820368,0.0,,,,0,0,102,44
h20_d07,HarRvThreshold,1,1333,124,,,0.0004795101575331689,0.018210013442193057,0.2540141383820368,0.0,,,,0,0,102,45
h20_d07,HarRvThreshold,1,1333,124,,,0.0004795101575331689,0.018210013442193057,0.2540141383820368,0.0,,,,0,0,102,46
h20_d07,LogisticRegressionL2,1,1333,124,,,0.1117884685878006,0.3253562548995444,0.8352645615165305,0.0,,,,0,0,124,42
h20_d07,LogisticRegressionL2,1,1333,124,,,0.1117884685878006,0.3253562548995444,0.8352645615165305,0.0,,,,0,0,124,43
h20_d07,LogisticRegressionL2,1,1333,124,,,0.1117884685878006,0.3253562548995444,0.8352645615165305,0.0,,,,0,0,124,44
h20_d07,LogisticRegressionL2,1,1333,124,,,0.1117884685878006,0.3253562548995444,0.8352645615165305,0.0,,,,0,0,124,45
h20_d07,LogisticRegressionL2,1,1333,124,,,0.1117884685878006,0.3253562548995444,0.8352645615165305,0.0,,,,0,0,124,46
h20_d07,LightGbmTuned,1,1333,124,,,0.16727263414312352,0.39949505618717385,0.7486699545084575,0.0,,,,0,0,124,42
h20_d07,LightGbmTuned,1,1333,124,,,0.16727263414312352,0.39949505618717385,0.7486699545084575,0.0,,,,0,0,124,43
h20_d07,LightGbmTuned,1,1333,124,,,0.16727263414312352,0.39949505618717385,0.7486699545084575,0.0,,,,0,0,124,44
h20_d07,LightGbmTuned,1,1333,124,,,0.16727263414312352,0.39949505618717385,0.7486699545084575,0.0,,,,0,0,124,45
h20_d07,LightGbmTuned,1,1333,124,,,0.16727263414312352,0.39949505618717385,0.7486699545084575,0.0,,,,0,0,124,46
h20_d07,NaiveBaseRate,2,1457,127,0.5,0.30708661417322836,0.24672564621345314,0.18423143229265188,0.12285518188057652,0.0,,,,0,39,127,42
h20_d07,NaiveBaseRate,2,1457,127,0.5,0.30708661417322836,0.24672564621345314,0.18423143229265188,0.12285518188057652,0.0,,,,0,39,127,43
h20_d07,NaiveBaseRate,2,1457,127,0.5,0.30708661417322836,0.24672564621345314,0.18423143229265188,0.12285518188057652,0.0,,,,0,39,127,44
h20_d07,NaiveBaseRate,2,1457,127,0.5,0.30708661417322836,0.24672564621345314,0.18423143229265188,0.12285518188057652,0.0,,,,0,39,127,45
h20_d07,NaiveBaseRate,2,1457,127,0.5,0.30708661417322836,0.24672564621345314,0.18423143229265188,0.12285518188057652,0.0,,,,0,39,127,46
h20_d07,VIXPercentileRaw,2,1457,127,0.3471736596736597,0.23353167808449488,0.32565373639925277,0.28956598338728595,0.9500343170899108,0.0,,,,0,39,127,42
h20_d07,VIXPercentileRaw,2,1457,127,0.3471736596736597,0.23353167808449488,0.32565373639925277,0.28956598338728595,0.9500343170899108,0.0,,,,0,39,127,43
h20_d07,VIXPercentileRaw,2,1457,127,0.3471736596736597,0.23353167808449488,0.32565373639925277,0.28956598338728595,0.9500343170899108,0.0,,,,0,39,127,44
h20_d07,VIXPercentileRaw,2,1457,127,0.3471736596736597,0.23353167808449488,0.32565373639925277,0.28956598338728595,0.9500343170899108,0.0,,,,0,39,127,45
h20_d07,VIXPercentileRaw,2,1457,127,0.3471736596736597,0.23353167808449488,0.32565373639925277,0.28956598338728595,0.9500343170899108,0.0,,,,0,39,127,46
h20_d07,VIXPercentileCalibrated,2,1457,127,0.36407342657342656,0.2550292996680213,0.27732177107190426,0.24341846395745392,0.4380952380952381,0.0,,,,0,39,127,42
h20_d07,VIXPercentileCalibrated,2,1457,127,0.36407342657342656,0.2550292996680213,0.27732177107190426,0.24341846395745392,0.4380952380952381,0.0,,,,0,39,127,43
h20_d07,VIXPercentileCalibrated,2,1457,127,0.36407342657342656,0.2550292996680213,0.27732177107190426,0.24341846395745392,0.4380952380952381,0.0,,,,0,39,127,44
h20_d07,VIXPercentileCalibrated,2,1457,127,0.36407342657342656,0.2550292996680213,0.27732177107190426,0.24341846395745392,0.4380952380952381,0.0,,,,0,39,127,45
h20_d07,VIXPercentileCalibrated,2,1457,127,0.36407342657342656,0.2550292996680213,0.27732177107190426,0.24341846395745392,0.4380952380952381,0.0,,,,0,39,127,46
h20_d07,HarRvThreshold,2,1457,127,0.18475559237779618,0.20996428844808007,0.3072208767780923,0.2907646045488643,0.24523256072439506,0.0,,,,0,34,105,42
h20_d07,HarRvThreshold,2,1457,127,0.18475559237779618,0.20996428844808007,0.3072208767780923,0.2907646045488643,0.24523256072439506,0.0,,,,0,34,105,43
h20_d07,HarRvThreshold,2,1457,127,0.18475559237779618,0.20996428844808007,0.3072208767780923,0.2907646045488643,0.24523256072439506,0.0,,,,0,34,105,44
h20_d07,HarRvThreshold,2,1457,127,0.18475559237779618,0.20996428844808007,0.3072208767780923,0.2907646045488643,0.24523256072439506,0.0,,,,0,34,105,45
h20_d07,HarRvThreshold,2,1457,127,0.18475559237779618,0.20996428844808007,0.3072208767780923,0.2907646045488643,0.24523256072439506,0.0,,,,0,34,105,46
h20_d07,LogisticRegressionL2,2,1457,127,0.49271561771561767,0.32966279054860714,0.23206065525739977,0.1584145840525274,0.8245149477722575,0.0,,,,0,39,127,42
h20_d07,LogisticRegressionL2,2,1457,127,0.49271561771561767,0.32966279054860714,0.23206065525739977,0.1584145840525274,0.8245149477722575,0.0,,,,0,39,127,43
h20_d07,LogisticRegressionL2,2,1457,127,0.49271561771561767,0.32966279054860714,0.23206065525739977,0.1584145840525274,0.8245149477722575,0.0,,,,0,39,127,44
h20_d07,LogisticRegressionL2,2,1457,127,0.49271561771561767,0.32966279054860714,0.23206065525739977,0.1584145840525274,0.8245149477722575,0.0,,,,0,39,127,45
h20_d07,LogisticRegressionL2,2,1457,127,0.49271561771561767,0.32966279054860714,0.23206065525739977,0.1584145840525274,0.8245149477722575,0.0,,,,0,39,127,46
h20_d07,LightGbmTuned,2,1457,127,0.42336829836829837,0.28253317530321015,0.25311353899456834,0.14568132419745872,0.7545162472750776,0.0,,,,0,39,127,42
h20_d07,LightGbmTuned,2,1457,127,0.42336829836829837,0.28253317530321015,0.25311353899456834,0.14568132419745872,0.7545162472750776,0.0,,,,0,39,127,43
h20_d07,LightGbmTuned,2,1457,127,0.42336829836829837,0.28253317530321015,0.25311353899456834,0.14568132419745872,0.7545162472750776,0.0,,,,0,39,127,44
h20_d07,LightGbmTuned,2,1457,127,0.42336829836829837,0.28253317530321015,0.25311353899456834,0.14568132419745872,0.7545162472750776,0.0,,,,0,39,127,45
h20_d07,LightGbmTuned,2,1457,127,0.42336829836829837,0.28253317530321015,0.25311353899456834,0.14568132419745872,0.7545162472750776,0.0,,,,0,39,127,46
h20_d07,NaiveBaseRate,3,1584,126,0.5,0.12698412698412698,0.11097241352923172,0.010642135642135647,0.13762626262626262,0.0,,,,0,16,126,42
h20_d07,NaiveBaseRate,3,1584,126,0.5,0.12698412698412698,0.11097241352923172,0.010642135642135647,0.13762626262626262,0.0,,,,0,16,126,43
h20_d07,NaiveBaseRate,3,1584,126,0.5,0.12698412698412698,0.11097241352923172,0.010642135642135647,0.13762626262626262,0.0,,,,0,16,126,44
h20_d07,NaiveBaseRate,3,1584,126,0.5,0.12698412698412698,0.11097241352923172,0.010642135642135647,0.13762626262626262,0.0,,,,0,16,126,45
h20_d07,NaiveBaseRate,3,1584,126,0.5,0.12698412698412698,0.11097241352923172,0.010642135642135647,0.13762626262626262,0.0,,,,0,16,126,46
h20_d07,VIXPercentileRaw,3,1584,126,0.5809659090909092,0.15860973663709316,0.25374949086018106,0.3239838864838865,0.9500315656565657,0.0,,,,0,16,126,42
h20_d07,VIXPercentileRaw,3,1584,126,0.5809659090909092,0.15860973663709316,0.25374949086018106,0.3239838864838865,0.9500315656565657,0.0,,,,0,16,126,43
h20_d07,VIXPercentileRaw,3,1584,126,0.5809659090909092,0.15860973663709316,0.25374949086018106,0.3239838864838865,0.9500315656565657,0.0,,,,0,16,126,44
h20_d07,VIXPercentileRaw,3,1584,126,0.5809659090909092,0.15860973663709316,0.25374949086018106,0.3239838864838865,0.9500315656565657,0.0,,,,0,16,126,45
h20_d07,VIXPercentileRaw,3,1584,126,0.5809659090909092,0.15860973663709316,0.25374949086018106,0.3239838864838865,0.9500315656565657,0.0,,,,0,16,126,46
h20_d07,VIXPercentileCalibrated,3,1584,126,0.6025568181818182,0.1667620530005713,0.11049581166665536,0.055366948309160405,0.4339622641509434,0.0,,,,0,16,126,42
h20_d07,VIXPercentileCalibrated,3,1584,126,0.6025568181818182,0.1667620530005713,0.11049581166665536,0.055366948309160405,0.4339622641509434,0.0,,,,0,16,126,43
h20_d07,VIXPercentileCalibrated,3,1584,126,0.6025568181818182,0.1667620530005713,0.11049581166665536,0.055366948309160405,0.4339622641509434,0.0,,,,0,16,126,44
h20_d07,VIXPercentileCalibrated,3,1584,126,0.6025568181818182,0.1667620530005713,0.11049581166665536,0.055366948309160405,0.4339622641509434,0.0,,,,0,16,126,45
h20_d07,VIXPercentileCalibrated,3,1584,126,0.6025568181818182,0.1667620530005713,0.11049581166665536,0.055366948309160405,0.4339622641509434,0.0,,,,0,16,126,46
h20_d07,HarRvThreshold,3,1584,126,0.17373737373737375,0.034047629149351576,0.04965134511945086,0.022700853090560844,0.23843790419716085,0.0,,,,0,5,104,42
h20_d07,HarRvThreshold,3,1584,126,0.17373737373737375,0.034047629149351576,0.04965134511945086,0.022700853090560844,0.23843790419716085,0.0,,,,0,5,104,43
h20_d07,HarRvThreshold,3,1584,126,0.17373737373737375,0.034047629149351576,0.04965134511945086,0.022700853090560844,0.23843790419716085,0.0,,,,0,5,104,44
h20_d07,HarRvThreshold,3,1584,126,0.17373737373737375,0.034047629149351576,0.04965134511945086,0.022700853090560844,0.23843790419716085,0.0,,,,0,5,104,45
h20_d07,HarRvThreshold,3,1584,126,0.17373737373737375,0.034047629149351576,0.04965134511945086,0.022700853090560844,0.23843790419716085,0.0,,,,0,5,104,46
h20_d07,LogisticRegressionL2,3,1584,126,0.6136363636363636,0.19263860396576893,0.2585805066758852,0.3666637561438068,0.7813401140153029,0.12698412698412698,0.3125,1.838771901828559,0.9029364279595362,16,16,126,42
h20_d07,LogisticRegressionL2,3,1584,126,0.6136363636363636,0.19263860396576893,0.2585805066758852,0.3666637561438068,0.7813401140153029,0.12698412698412698,0.3125,1.838771901828559,0.9029364279595362,16,16,126,43
h20_d07,LogisticRegressionL2,3,1584,126,0.6136363636363636,0.19263860396576893,0.2585805066758852,0.3666637561438068,0.7813401140153029,0.12698412698412698,0.3125,1.838771901828559,0.9029364279595362,16,16,126,44
h20_d07,LogisticRegressionL2,3,1584,126,0.6136363636363636,0.19263860396576893,0.2585805066758852,0.3666637561438068,0.7813401140153029,0.12698412698412698,0.3125,1.838771901828559,0.9029364279595362,16,16,126,45
h20_d07,LogisticRegressionL2,3,1584,126,0.6136363636363636,0.19263860396576893,0.2585805066758852,0.3666637561438068,0.7813401140153029,0.12698412698412698,0.3125,1.838771901828559,0.9029364279595362,16,16,126,46
h20_d07,LightGbmTuned,3,1584,126,0.5428977272727272,0.16387653610188826,0.23093340047131825,0.33077385927864233,0.741149638525421,0.0,,,,0,16,126,42
h20_d07,LightGbmTuned,3,1584,126,0.5428977272727272,0.16387653610188826,0.23093340047131825,0.33077385927864233,0.741149638525421,0.0,,,,0,16,126,43
h20_d07,LightGbmTuned,3,1584,126,0.5428977272727272,0.16387653610188826,0.23093340047131825,0.33077385927864233,0.741149638525421,0.0,,,,0,16,126,44
h20_d07,LightGbmTuned,3,1584,126,0.5428977272727272,0.16387653610188826,0.23093340047131825,0.33077385927864233,0.741149638525421,0.0,,,,0,16,126,45
h20_d07,LightGbmTuned,3,1584,126,0.5428977272727272,0.16387653610188826,0.23093340047131825,0.33077385927864233,0.741149638525421,0.0,,,,0,16,126,46
h20_d07,NaiveBaseRate,4,1710,127,0.5,0.015748031496062992,0.030163805701572618,0.12109407376709502,0.1368421052631579,0.0,,,,0,2,127,42
h20_d07,NaiveBaseRate,4,1710,127,0.5,0.015748031496062992,0.030163805701572618,0.12109407376709502,0.1368421052631579,0.0,,,,0,2,127,43
h20_d07,NaiveBaseRate,4,1710,127,0.5,0.015748031496062992,0.030163805701572618,0.12109407376709502,0.1368421052631579,0.0,,,,0,2,127,44
h20_d07,NaiveBaseRate,4,1710,127,0.5,0.015748031496062992,0.030163805701572618,0.12109407376709502,0.1368421052631579,0.0,,,,0,2,127,45
h20_d07,NaiveBaseRate,4,1710,127,0.5,0.015748031496062992,0.030163805701572618,0.12109407376709502,0.1368421052631579,0.0,,,,0,2,127,46
h20_d07,VIXPercentileRaw,4,1710,127,0.624,0.030146425495262703,0.08743046046606437,0.22311092692360826,0.9500292397660819,0.0,,,,0,2,127,42
h20_d07,VIXPercentileRaw,4,1710,127,0.624,0.030146425495262703,0.08743046046606437,0.22311092692360826,0.9500292397660819,0.0,,,,0,2,127,43
h20_d07,VIXPercentileRaw,4,1710,127,0.624,0.030146425495262703,0.08743046046606437,0.22311092692360826,0.9500292397660819,0.0,,,,0,2,127,44
h20_d07,VIXPercentileRaw,4,1710,127,0.624,0.030146425495262703,0.08743046046606437,0.22311092692360826,0.9500292397660819,0.0,,,,0,2,127,45
h20_d07,VIXPercentileRaw,4,1710,127,0.624,0.030146425495262703,0.08743046046606437,0.22311092692360826,0.9500292397660819,0.0,,,,0,2,127,46
h20_d07,VIXPercentileCalibrated,4,1710,127,0.5720000000000001,0.02197802197802198,0.021311922824622354,0.07387186016199399,0.4339622641509434,0.0,,,,0,2,127,42
h20_d07,VIXPercentileCalibrated,4,1710,127,0.5720000000000001,0.02197802197802198,0.021311922824622354,0.07387186016199399,0.4339622641509434,0.0,,,,0,2,127,43
h20_d07,VIXPercentileCalibrated,4,1710,127,0.5720000000000001,0.02197802197802198,0.021311922824622354,0.07387186016199399,0.4339622641509434,0.0,,,,0,2,127,44
h20_d07,VIXPercentileCalibrated,4,1710,127,0.5720000000000001,0.02197802197802198,0.021311922824622354,0.07387186016199399,0.4339622641509434,0.0,,,,0,2,127,45
h20_d07,VIXPercentileCalibrated,4,1710,127,0.5720000000000001,0.02197802197802198,0.021311922824622354,0.07387186016199399,0.4339622641509434,0.0,,,,0,2,127,46
h20_d07,HarRvThreshold,4,1710,127,0.5485436893203883,0.03042328042328042,0.019354695748703448,0.009158233138409001,0.2256830865999974,0.0,,,,0,2,105,42
h20_d07,HarRvThreshold,4,1710,127,0.5485436893203883,0.03042328042328042,0.019354695748703448,0.009158233138409001,0.2256830865999974,0.0,,,,0,2,105,43
h20_d07,HarRvThreshold,4,1710,127,0.5485436893203883,0.03042328042328042,0.019354695748703448,0.009158233138409001,0.2256830865999974,0.0,,,,0,2,105,44
h20_d07,HarRvThreshold,4,1710,127,0.5485436893203883,0.03042328042328042,0.019354695748703448,0.009158233138409001,0.2256830865999974,0.0,,,,0,2,105,45
h20_d07,HarRvThreshold,4,1710,127,0.5485436893203883,0.03042328042328042,0.019354695748703448,0.009158233138409001,0.2256830865999974,0.0,,,,0,2,105,46
h20_d07,LogisticRegressionL2,4,1710,127,0.628,0.031024531024531024,0.18080896647039996,0.3876109572259626,0.7831075298339026,0.0,,,,0,2,127,42
h20_d07,LogisticRegressionL2,4,1710,127,0.628,0.031024531024531024,0.18080896647039996,0.3876109572259626,0.7831075298339026,0.0,,,,0,2,127,43
h20_d07,LogisticRegressionL2,4,1710,127,0.628,0.031024531024531024,0.18080896647039996,0.3876109572259626,0.7831075298339026,0.0,,,,0,2,127,44
h20_d07,LogisticRegressionL2,4,1710,127,0.628,0.031024531024531024,0.18080896647039996,0.3876109572259626,0.7831075298339026,0.0,,,,0,2,127,45
h20_d07,LogisticRegressionL2,4,1710,127,0.628,0.031024531024531024,0.18080896647039996,0.3876109572259626,0.7831075298339026,0.0,,,,0,2,127,46
h20_d07,LightGbmTuned,4,1710,127,0.446,0.021178843567906766,0.18221082362775354,0.3953104239404208,0.6626609454090528,0.0,,,,0,2,127,42
h20_d07,LightGbmTuned,4,1710,127,0.446,0.021178843567906766,0.18221082362775354,0.3953104239404208,0.6626609454090528,0.0,,,,0,2,127,43
h20_d07,LightGbmTuned,4,1710,127,0.446,0.021178843567906766,0.18221082362775354,0.3953104239404208,0.6626609454090528,0.0,,,,0,2,127,44
h20_d07,LightGbmTuned,4,1710,127,0.446,0.021178843567906766,0.18221082362775354,0.3953104239404208,0.6626609454090528,0.0,,,,0,2,127,45
h20_d07,LightGbmTuned,4,1710,127,0.446,0.021178843567906766,0.18221082362775354,0.3953104239404208,0.6626609454090528,0.0,,,,0,2,127,46
h20_d07,NaiveBaseRate,5,1837,125,,,0.016504626220415094,0.12847033206314643,0.12847033206314643,0.0,,,,0,0,125,42
h20_d07,NaiveBaseRate,5,1837,125,,,0.016504626220415094,0.12847033206314643,0.12847033206314643,0.0,,,,0,0,125,43
h20_d07,NaiveBaseRate,5,1837,125,,,0.016504626220415094,0.12847033206314643,0.12847033206314643,0.0,,,,0,0,125,44
h20_d07,NaiveBaseRate,5,1837,125,,,0.016504626220415094,0.12847033206314643,0.12847033206314643,0.0,,,,0,0,125,45
h20_d07,NaiveBaseRate,5,1837,125,,,0.016504626220415094,0.12847033206314643,0.12847033206314643,0.0,,,,0,0,125,46
h20_d07,VIXPercentileRaw,5,1837,125,,,0.02882309414920839,0.12342732716385411,0.9500272182906913,0.0,,,,0,0,125,42
h20_d07,VIXPercentileRaw,5,1837,125,,,0.02882309414920839,0.12342732716385411,0.9500272182906913,0.0,,,,0,0,125,43
h20_d07,VIXPercentileRaw,5,1837,125,,,0.02882309414920839,0.12342732716385411,0.9500272182906913,0.0,,,,0,0,125,44
h20_d07,VIXPercentileRaw,5,1837,125,,,0.02882309414920839,0.12342732716385411,0.9500272182906913,0.0,,,,0,0,125,45
h20_d07,VIXPercentileRaw,5,1837,125,,,0.02882309414920839,0.12342732716385411,0.9500272182906913,0.0,,,,0,0,125,46
h20_d07,VIXPercentileCalibrated,5,1837,125,,,0.0038810158550514487,0.05369553148018306,0.4339622641509434,0.0,,,,0,0,125,42
h20_d07,VIXPercentileCalibrated,5,1837,125,,,0.0038810158550514487,0.05369553148018306,0.4339622641509434,0.0,,,,0,0,125,43
h20_d07,VIXPercentileCalibrated,5,1837,125,,,0.0038810158550514487,0.05369553148018306,0.4339622641509434,0.0,,,,0,0,125,44
h20_d07,VIXPercentileCalibrated,5,1837,125,,,0.0038810158550514487,0.05369553148018306,0.4339622641509434,0.0,,,,0,0,125,45
h20_d07,VIXPercentileCalibrated,5,1837,125,,,0.0038810158550514487,0.05369553148018306,0.4339622641509434,0.0,,,,0,0,125,46
h20_d07,HarRvThreshold,5,1837,125,,,0.0005103433515507266,0.019411548636235443,0.21767298565051657,0.0,,,,0,0,103,42
h20_d07,HarRvThreshold,5,1837,125,,,0.0005103433515507266,0.019411548636235443,0.21767298565051657,0.0,,,,0,0,103,43
h20_d07,HarRvThreshold,5,1837,125,,,0.0005103433515507266,0.019411548636235443,0.21767298565051657,0.0,,,,0,0,103,44
h20_d07,HarRvThreshold,5,1837,125,,,0.0005103433515507266,0.019411548636235443,0.21767298565051657,0.0,,,,0,0,103,45
h20_d07,HarRvThreshold,5,1837,125,,,0.0005103433515507266,0.019411548636235443,0.21767298565051657,0.0,,,,0,0,103,46
h20_d07,LogisticRegressionL2,5,1837,125,,,0.1374766735524694,0.3638858222237904,0.7839115489436054,0.0,,,,0,0,125,42
h20_d07,LogisticRegressionL2,5,1837,125,,,0.1374766735524694,0.3638858222237904,0.7839115489436054,0.0,,,,0,0,125,43
h20_d07,LogisticRegressionL2,5,1837,125,,,0.1374766735524694,0.3638858222237904,0.7839115489436054,0.0,,,,0,0,125,44
h20_d07,LogisticRegressionL2,5,1837,125,,,0.1374766735524694,0.3638858222237904,0.7839115489436054,0.0,,,,0,0,125,45
h20_d07,LogisticRegressionL2,5,1837,125,,,0.1374766735524694,0.3638858222237904,0.7839115489436054,0.0,,,,0,0,125,46
h20_d07,LightGbmTuned,5,1837,125,,,0.18626253906416473,0.4194153484898566,0.6697318648455438,0.0,,,,0,0,125,42
h20_d07,LightGbmTuned,5,1837,125,,,0.18626253906416473,0.4194153484898566,0.6697318648455438,0.0,,,,0,0,125,43
h20_d07,LightGbmTuned,5,1837,125,,,0.18626253906416473,0.4194153484898566,0.6697318648455438,0.0,,,,0,0,125,44
h20_d07,LightGbmTuned,5,1837,125,,,0.18626253906416473,0.4194153484898566,0.6697318648455438,0.0,,,,0,0,125,45
h20_d07,LightGbmTuned,5,1837,125,,,0.18626253906416473,0.4194153484898566,0.6697318648455438,0.0,,,,0,0,125,46
h20_d07,NaiveBaseRate,6,1962,126,,,0.014468582995362437,0.12028542303771658,0.12028542303771661,0.0,,,,0,0,126,42
h20_d07,NaiveBaseRate,6,1962,126,,,0.014468582995362437,0.12028542303771658,0.12028542303771661,0.0,,,,0,0,126,43
h20_d07,NaiveBaseRate,6,1962,126,,,0.014468582995362437,0.12028542303771658,0.12028542303771661,0.0,,,,0,0,126,44
h20_d07,NaiveBaseRate,6,1962,126,,,0.014468582995362437,0.12028542303771658,0.12028542303771661,0.0,,,,0,0,126,45
h20_d07,NaiveBaseRate,6,1962,126,,,0.014468582995362437,0.12028542303771658,0.12028542303771661,0.0,,,,0,0,126,46
h20_d07,VIXPercentileRaw,6,1962,126,,,0.007769281147722295,0.04453667297703995,0.950025484199796,0.0,,,,0,0,126,42
h20_d07,VIXPercentileRaw,6,1962,126,,,0.007769281147722295,0.04453667297703995,0.950025484199796,0.0,,,,0,0,126,43
h20_d07,VIXPercentileRaw,6,1962,126,,,0.007769281147722295,0.04453667297703995,0.950025484199796,0.0,,,,0,0,126,44
h20_d07,VIXPercentileRaw,6,1962,126,,,0.007769281147722295,0.04453667297703995,0.950025484199796,0.0,,,,0,0,126,45
h20_d07,VIXPercentileRaw,6,1962,126,,,0.007769281147722295,0.04453667297703995,0.950025484199796,0.0,,,,0,0,126,46
h20_d07,VIXPercentileCalibrated,6,1962,126,,,0.0010707878319678266,0.02017079848003096,0.4339622641509434,0.0,,,,0,0,126,42
h20_d07,VIXPercentileCalibrated,6,1962,126,,,0.0010707878319678266,0.02017079848003096,0.4339622641509434,0.0,,,,0,0,126,43
h20_d07,VIXPercentileCalibrated,6,1962,126,,,0.0010707878319678266,0.02017079848003096,0.4339622641509434,0.0,,,,0,0,126,44
h20_d07,VIXPercentileCalibrated,6,1962,126,,,0.0010707878319678266,0.02017079848003096,0.4339622641509434,0.0,,,,0,0,126,45
h20_d07,VIXPercentileCalibrated,6,1962,126,,,0.0010707878319678266,0.02017079848003096,0.4339622641509434,0.0,,,,0,0,126,46
h20_d07,HarRvThreshold,6,1962,126,,,0.0001671176127989457,0.010096667935324023,0.2051254718982957,0.0,,,,0,0,104,42
h20_d07,HarRvThreshold,6,1962,126,,,0.0001671176127989457,0.010096667935324023,0.2051254718982957,0.0,,,,0,0,104,43
h20_d07,HarRvThreshold,6,1962,126,,,0.0001671176127989457,0.010096667935324023,0.2051254718982957,0.0,,,,0,0,104,44
h20_d07,HarRvThreshold,6,1962,126,,,0.0001671176127989457,0.010096667935324023,0.2051254718982957,0.0,,,,0,0,104,45
h20_d07,HarRvThreshold,6,1962,126,,,0.0001671176127989457,0.010096667935324023,0.2051254718982957,0.0,,,,0,0,104,46
h20_d07,LogisticRegressionL2,6,1962,126,,,0.10616323925059304,0.31442208683452083,0.7882638127692891,0.0,,,,0,0,126,42
h20_d07,LogisticRegressionL2,6,1962,126,,,0.10616323925059304,0.31442208683452083,0.7882638127692891,0.0,,,,0,0,126,43
h20_d07,LogisticRegressionL2,6,1962,126,,,0.10616323925059304,0.31442208683452083,0.7882638127692891,0.0,,,,0,0,126,44
h20_d07,LogisticRegressionL2,6,1962,126,,,0.10616323925059304,0.31442208683452083,0.7882638127692891,0.0,,,,0,0,126,45
h20_d07,LogisticRegressionL2,6,1962,126,,,0.10616323925059304,0.31442208683452083,0.7882638127692891,0.0,,,,0,0,126,46
h20_d07,LightGbmTuned,6,1962,126,,,0.16160151443672657,0.3917493882655415,0.6684552936773989,0.0,,,,0,0,126,42
h20_d07,LightGbmTuned,6,1962,126,,,0.16160151443672657,0.3917493882655415,0.6684552936773989,0.0,,,,0,0,126,43
h20_d07,LightGbmTuned,6,1962,126,,,0.16160151443672657,0.3917493882655415,0.6684552936773989,0.0,,,,0,0,126,44
h20_d07,LightGbmTuned,6,1962,126,,,0.16160151443672657,0.3917493882655415,0.6684552936773989,0.0,,,,0,0,126,45
h20_d07,LightGbmTuned,6,1962,126,,,0.16160151443672657,0.3917493882655415,0.6684552936773989,0.0,,,,0,0,126,46
h20_d07,NaiveBaseRate,7,2088,124,0.5,0.11290322580645161,0.10015610268445474,0.00012359411692004774,0.11302681992337164,0.0,,,,0,14,124,42
h20_d07,NaiveBaseRate,7,2088,124,0.5,0.11290322580645161,0.10015610268445474,0.00012359411692004774,0.11302681992337164,0.0,,,,0,14,124,43
h20_d07,NaiveBaseRate,7,2088,124,0.5,0.11290322580645161,0.10015610268445474,0.00012359411692004774,0.11302681992337164,0.0,,,,0,14,124,44
h20_d07,NaiveBaseRate,7,2088,124,0.5,0.11290322580645161,0.10015610268445474,0.00012359411692004774,0.11302681992337164,0.0,,,,0,14,124,45
h20_d07,NaiveBaseRate,7,2088,124,0.5,0.11290322580645161,0.10015610268445474,0.00012359411692004774,0.11302681992337164,0.0,,,,0,14,124,46
h20_d07,VIXPercentileRaw,7,2088,124,0.4064935064935065,0.09587092717937681,0.19940009388239904,0.23098581757508344,0.9500239463601532,0.0,,,,0,14,124,42
h20_d07,VIXPercentileRaw,7,2088,124,0.4064935064935065,0.09587092717937681,0.19940009388239904,0.23098581757508344,0.9500239463601532,0.0,,,,0,14,124,43
h20_d07,VIXPercentileRaw,7,2088,124,0.4064935064935065,0.09587092717937681,0.19940009388239904,0.23098581757508344,0.9500239463601532,0.0,,,,0,14,124,44
h20_d07,VIXPercentileRaw,7,2088,124,0.4064935064935065,0.09587092717937681,0.19940009388239904,0.23098581757508344,0.9500239463601532,0.0,,,,0,14,124,45
h20_d07,VIXPercentileRaw,7,2088,124,0.4064935064935065,0.09587092717937681,0.19940009388239904,0.23098581757508344,0.9500239463601532,0.0,,,,0,14,124,46
h20_d07,VIXPercentileCalibrated,7,2088,124,0.40909090909090906,0.09779984420966095,0.10929213549101299,0.10393704282958997,0.4339622641509434,0.0,,,,0,14,124,42
h20_d07,VIXPercentileCalibrated,7,2088,124,0.40909090909090906,0.09779984420966095,0.10929213549101299,0.10393704282958997,0.4339622641509434,0.0,,,,0,14,124,43
h20_d07,VIXPercentileCalibrated,7,2088,124,0.40909090909090906,0.09779984420966095,0.10929213549101299,0.10393704282958997,0.4339622641509434,0.0,,,,0,14,124,44
h20_d07,VIXPercentileCalibrated,7,2088,124,0.40909090909090906,0.09779984420966095,0.10929213549101299,0.10393704282958997,0.4339622641509434,0.0,,,,0,14,124,45
h20_d07,VIXPercentileCalibrated,7,2088,124,0.40909090909090906,0.09779984420966095,0.10929213549101299,0.10393704282958997,0.4339622641509434,0.0,,,,0,14,124,46
h20_d07,HarRvThreshold,7,2088,124,,,0.0022498355325129807,0.036494826403015976,0.19215121794971626,0.0,,,,0,0,102,42
h20_d07,HarRvThreshold,7,2088,124,,,0.0022498355325129807,0.036494826403015976,0.19215121794971626,0.0,,,,0,0,102,43
h20_d07,HarRvThreshold,7,2088,124,,,0.0022498355325129807,0.036494826403015976,0.19215121794971626,0.0,,,,0,0,102,44
h20_d07,HarRvThreshold,7,2088,124,,,0.0022498355325129807,0.036494826403015976,0.19215121794971626,0.0,,,,0,0,102,45
h20_d07,HarRvThreshold,7,2088,124,,,0.0022498355325129807,0.036494826403015976,0.19215121794971626,0.0,,,,0,0,102,46
h20_d07,LogisticRegressionL2,7,2088,124,0.15,0.06851398213080012,0.22041838557741736,0.3147607231747145,0.7993186814468318,0.008064516129032258,0.0,1.1671220790850698,,1,14,124,42
h20_d07,LogisticRegressionL2,7,2088,124,0.15,0.06851398213080012,0.22041838557741736,0.3147607231747145,0.7993186814468318,0.008064516129032258,0.0,1.1671220790850698,,1,14,124,43
h20_d07,LogisticRegressionL2,7,2088,124,0.15,0.06851398213080012,0.22041838557741736,0.3147607231747145,0.7993186814468318,0.008064516129032258,0.0,1.1671220790850698,,1,14,124,44
h20_d07,LogisticRegressionL2,7,2088,124,0.15,0.06851398213080012,0.22041838557741736,0.3147607231747145,0.7993186814468318,0.008064516129032258,0.0,1.1671220790850698,,1,14,124,45
h20_d07,LogisticRegressionL2,7,2088,124,0.15,0.06851398213080012,0.22041838557741736,0.3147607231747145,0.7993186814468318,0.008064516129032258,0.0,1.1671220790850698,,1,14,124,46
h20_d07,LightGbmTuned,7,2088,124,0.29188311688311686,0.08419490590023165,0.22120787908768377,0.29326683540583703,0.6311023729728149,0.0,,,,0,14,124,42
h20_d07,LightGbmTuned,7,2088,124,0.29188311688311686,0.08419490590023165,0.22120787908768377,0.29326683540583703,0.6311023729728149,0.0,,,,0,14,124,43
h20_d07,LightGbmTuned,7,2088,124,0.29188311688311686,0.08419490590023165,0.22120787908768377,0.29326683540583703,0.6311023729728149,0.0,,,,0,14,124,44
h20_d07,LightGbmTuned,7,2088,124,0.29188311688311686,0.08419490590023165,0.22120787908768377,0.29326683540583703,0.6311023729728149,0.0,,,,0,14,124,45
h20_d07,LightGbmTuned,7,2088,124,0.29188311688311686,0.08419490590023165,0.22120787908768377,0.29326683540583703,0.6311023729728149,0.0,,,,0,14,124,46
h20_d07,NaiveBaseRate,8,2212,124,0.5,0.3790322580645161,0.30612938457580363,0.26601236656361193,0.11301989150090416,0.0,,,,0,47,124,42
h20_d07,NaiveBaseRate,8,2212,124,0.5,0.3790322580645161,0.30612938457580363,0.26601236656361193,0.11301989150090416,0.0,,,,0,47,124,43
h20_d07,NaiveBaseRate,8,2212,124,0.5,0.3790322580645161,0.30612938457580363,0.26601236656361193,0.11301989150090416,0.0,,,,0,47,124,44
h20_d07,NaiveBaseRate,8,2212,124,0.5,0.3790322580645161,0.30612938457580363,0.26601236656361193,0.11301989150090416,0.0,,,,0,47,124,45
h20_d07,NaiveBaseRate,8,2212,124,0.5,0.3790322580645161,0.30612938457580363,0.26601236656361193,0.11301989150090416,0.0,,,,0,47,124,46
h20_d07,VIXPercentileRaw,8,2212,124,0.575158883669522,0.40480799546891333,0.28853019875941965,0.26342020066499444,0.9500226039783001,0.0,,,,0,47,124,42
h20_d07,VIXPercentileRaw,8,2212,124,0.575158883669522,0.40480799546891333,0.28853019875941965,0.26342020066499444,0.9500226039783001,0.0,,,,0,47,124,43
h20_d07,VIXPercentileRaw,8,2212,124,0.575158883669522,0.40480799546891333,0.28853019875941965,0.26342020066499444,0.9500226039783001,0.0,,,,0,47,124,44
h20_d07,VIXPercentileRaw,8,2212,124,0.575158883669522,0.40480799546891333,0.28853019875941965,0.26342020066499444,0.9500226039783001,0.0,,,,0,47,124,45
h20_d07,VIXPercentileRaw,8,2212,124,0.575158883669522,0.40480799546891333,0.28853019875941965,0.26342020066499444,0.9500226039783001,0.0,,,,0,47,124,46
h20_d07,VIXPercentileCalibrated,8,2212,124,0.5840011052777011,0.43039411756023926,0.3252529395295361,0.31471428944199625,0.4,0.0,,,,0,47,124,42
h20_d07,VIXPercentileCalibrated,8,2212,124,0.5840011052777011,0.43039411756023926,0.3252529395295361,0.31471428944199625,0.4,0.0,,,,0,47,124,43
h20_d07,VIXPercentileCalibrated,8,2212,124,0.5840011052777011,0.43039411756023926,0.3252529395295361,0.31471428944199625,0.4,0.0,,,,0,47,124,44
h20_d07,VIXPercentileCalibrated,8,2212,124,0.5840011052777011,0.43039411756023926,0.3252529395295361,0.31471428944199625,0.4,0.0,,,,0,47,124,45
h20_d07,VIXPercentileCalibrated,8,2212,124,0.5840011052777011,0.43039411756023926,0.3252529395295361,0.31471428944199625,0.4,0.0,,,,0,47,124,46
h20_d07,HarRvThreshold,8,2212,124,0.4940038684719536,0.4315543095385833,0.4218690941219632,0.4139899705325646,0.18411195657638846,0.029411764705882353,0.0,0.026488467021282595,,3,47,102,42
h20_d07,HarRvThreshold,8,2212,124,0.4940038684719536,0.4315543095385833,0.4218690941219632,0.4139899705325646,0.18411195657638846,0.029411764705882353,0.0,0.026488467021282595,,3,47,102,43
h20_d07,HarRvThreshold,8,2212,124,0.4940038684719536,0.4315543095385833,0.4218690941219632,0.4139899705325646,0.18411195657638846,0.029411764705882353,0.0,0.026488467021282595,,3,47,102,44
h20_d07,HarRvThreshold,8,2212,124,0.4940038684719536,0.4315543095385833,0.4218690941219632,0.4139899705325646,0.18411195657638846,0.029411764705882353,0.0,0.026488467021282595,,3,47,102,45
h20_d07,HarRvThreshold,8,2212,124,0.4940038684719536,0.4315543095385833,0.4218690941219632,0.4139899705325646,0.18411195657638846,0.029411764705882353,0.0,0.026488467021282595,,3,47,102,46
h20_d07,LogisticRegressionL2,8,2212,124,0.5904946117712075,0.4034657353084864,0.2726728626796754,0.20047233341334955,0.7601034476157702,0.1532258064516129,0.15789473684210525,0.5803647133811303,0.9075197585363991,19,47,124,42
h20_d07,LogisticRegressionL2,8,2212,124,0.5904946117712075,0.4034657353084864,0.2726728626796754,0.20047233341334955,0.7601034476157702,0.1532258064516129,0.15789473684210525,0.5803647133811303,0.9075197585363991,19,47,124,43
h20_d07,LogisticRegressionL2,8,2212,124,0.5904946117712075,0.4034657353084864,0.2726728626796754,0.20047233341334955,0.7601034476157702,0.1532258064516129,0.15789473684210525,0.5803647133811303,0.9075197585363991,19,47,124,44
h20_d07,LogisticRegressionL2,8,2212,124,0.5904946117712075,0.4034657353084864,0.2726728626796754,0.20047233341334955,0.7601034476157702,0.1532258064516129,0.15789473684210525,0.5803647133811303,0.9075197585363991,19,47,124,45
h20_d07,LogisticRegressionL2,8,2212,124,0.5904946117712075,0.4034657353084864,0.2726728626796754,0.20047233341334955,0.7601034476157702,0.1532258064516129,0.15789473684210525,0.5803647133811303,0.9075197585363991,19,47,124,46
h20_d07,LightGbmTuned,8,2212,124,0.6547388781431335,0.47164565271927666,0.22824287559787187,0.13767639475392957,0.6121521509176449,0.024193548387096774,0.0,0.030591616281210772,,3,47,124,42
h20_d07,LightGbmTuned,8,2212,124,0.6547388781431335,0.47164565271927666,0.22824287559787187,0.13767639475392957,0.6121521509176449,0.024193548387096774,0.0,0.030591616281210772,,3,47,124,43
h20_d07,LightGbmTuned,8,2212,124,0.6547388781431335,0.47164565271927666,0.22824287559787187,0.13767639475392957,0.6121521509176449,0.024193548387096774,0.0,0.030591616281210772,,3,47,124,44
h20_d07,LightGbmTuned,8,2212,124,0.6547388781431335,0.47164565271927666,0.22824287559787187,0.13767639475392957,0.6121521509176449,0.024193548387096774,0.0,0.030591616281210772,,3,47,124,45
h20_d07,LightGbmTuned,8,2212,124,0.6547388781431335,0.47164565271927666,0.22824287559787187,0.13767639475392957,0.6121521509176449,0.024193548387096774,0.0,0.030591616281210772,,3,47,124,46
h20_d07,NaiveBaseRate,9,2336,124,0.5,0.03225806451612903,0.04022014145628906,0.09488234644277507,0.1271404109589041,0.0,,,,0,4,124,42
h20_d07,NaiveBaseRate,9,2336,124,0.5,0.03225806451612903,0.04022014145628906,0.09488234644277507,0.1271404109589041,0.0,,,,0,4,124,43
h20_d07,NaiveBaseRate,9,2336,124,0.5,0.03225806451612903,0.04022014145628906,0.09488234644277507,0.1271404109589041,0.0,,,,0,4,124,44
h20_d07,NaiveBaseRate,9,2336,124,0.5,0.03225806451612903,0.04022014145628906,0.09488234644277507,0.1271404109589041,0.0,,,,0,4,124,45
h20_d07,NaiveBaseRate,9,2336,124,0.5,0.03225806451612903,0.04022014145628906,0.09488234644277507,0.1271404109589041,0.0,,,,0,4,124,46
h20_d07,VIXPercentileRaw,9,2336,124,0.5177083333333333,0.04458041742549605,0.19730200985818616,0.36228872072470164,0.950021404109589,0.0,,,,0,4,124,42
h20_d07,VIXPercentileRaw,9,2336,124,0.5177083333333333,0.04458041742549605,0.19730200985818616,0.36228872072470164,0.950021404109589,0.0,,,,0,4,124,43
h20_d07,VIXPercentileRaw,9,2336,124,0.5177083333333333,0.04458041742549605,0.19730200985818616,0.36228872072470164,0.950021404109589,0.0,,,,0,4,124,44
h20_d07,VIXPercentileRaw,9,2336,124,0.5177083333333333,0.04458041742549605,0.19730200985818616,0.36228872072470164,0.950021404109589,0.0,,,,0,4,124,45
h20_d07,VIXPercentileRaw,9,2336,124,0.5177083333333333,0.04458041742549605,0.19730200985818616,0.36228872072470164,0.950021404109589,0.0,,,,0,4,124,46
h20_d07,VIXPercentileCalibrated,9,2336,124,0.5885416666666667,0.04512138188608777,0.03559016999077924,0.061543480094778835,0.275,0.0,,,,0,4,124,42
h20_d07,VIXPercentileCalibrated,9,2336,124,0.5885416666666667,0.04512138188608777,0.03559016999077924,0.061543480094778835,0.275,0.0,,,,0,4,124,43
h20_d07,VIXPercentileCalibrated,9,2336,124,0.5885416666666667,0.04512138188608777,0.03559016999077924,0.061543480094778835,0.275,0.0,,,,0,4,124,44
h20_d07,VIXPercentileCalibrated,9,2336,124,0.5885416666666667,0.04512138188608777,0.03559016999077924,0.061543480094778835,0.275,0.0,,,,0,4,124,45
h20_d07,VIXPercentileCalibrated,9,2336,124,0.5885416666666667,0.04512138188608777,0.03559016999077924,0.061543480094778835,0.275,0.0,,,,0,4,124,46
h20_d07,HarRvThreshold,9,2336,124,0.5127551020408163,0.05169191686397334,0.03829591321831722,0.006448440062588767,0.1828609161102737,0.0,,,,0,4,102,42
h20_d07,HarRvThreshold,9,2336,124,0.5127551020408163,0.05169191686397334,0.03829591321831722,0.006448440062588767,0.1828609161102737,0.0,,,,0,4,102,43
h20_d07,HarRvThreshold,9,2336,124,0.5127551020408163,0.05169191686397334,0.03829591321831722,0.006448440062588767,0.1828609161102737,0.0,,,,0,4,102,44
h20_d07,HarRvThreshold,9,2336,124,0.5127551020408163,0.05169191686397334,0.03829591321831722,0.006448440062588767,0.1828609161102737,0.0,,,,0,4,102,45
h20_d07,HarRvThreshold,9,2336,124,0.5127551020408163,0.05169191686397334,0.03829591321831722,0.006448440062588767,0.1828609161102737,0.0,,,,0,4,102,46
h20_d07,LogisticRegressionL2,9,2336,124,0.13541666666666666,0.0225056374051289,0.2574082084703735,0.45061384591358217,0.7538686349722244,0.056451612903225805,0.0,0.07275798620555464,,7,4,124,42
h20_d07,LogisticRegressionL2,9,2336,124,0.13541666666666666,0.0225056374051289,0.2574082084703735,0.45061384591358217,0.7538686349722244,0.056451612903225805,0.0,0.07275798620555464,,7,4,124,43
h20_d07,LogisticRegressionL2,9,2336,124,0.13541666666666666,0.0225056374051289,0.2574082084703735,0.45061384591358217,0.7538686349722244,0.056451612903225805,0.0,0.07275798620555464,,7,4,124,44
h20_d07,LogisticRegressionL2,9,2336,124,0.13541666666666666,0.0225056374051289,0.2574082084703735,0.45061384591358217,0.7538686349722244,0.056451612903225805,0.0,0.07275798620555464,,7,4,124,45
h20_d07,LogisticRegressionL2,9,2336,124,0.13541666666666666,0.0225056374051289,0.2574082084703735,0.45061384591358217,0.7538686349722244,0.056451612903225805,0.0,0.07275798620555464,,7,4,124,46
h20_d07,LightGbmTuned,9,2336,124,0.38125,0.03069150167563277,0.21188491679271562,0.4045894348250913,0.6735339566347841,0.0,,,,0,4,124,42
h20_d07,LightGbmTuned,9,2336,124,0.38125,0.03069150167563277,0.21188491679271562,0.4045894348250913,0.6735339566347841,0.0,,,,0,4,124,43
h20_d07,LightGbmTuned,9,2336,124,0.38125,0.03069150167563277,0.21188491679271562,0.4045894348250913,0.6735339566347841,0.0,,,,0,4,124,44
h20_d07,LightGbmTuned,9,2336,124,0.38125,0.03069150167563277,0.21188491679271562,0.4045894348250913,0.6735339566347841,0.0,,,,0,4,124,45
h20_d07,LightGbmTuned,9,2336,124,0.38125,0.03069150167563277,0.21188491679271562,0.4045894348250913,0.6735339566347841,0.0,,,,0,4,124,46
h20_d07,NaiveBaseRate,10,2460,126,0.5,0.03968253968253968,0.04494302175890517,0.0826751838946961,0.12235772357723577,0.0,,,,0,5,126,42
h20_d07,NaiveBaseRate,10,2460,126,0.5,0.03968253968253968,0.04494302175890517,0.0826751838946961,0.12235772357723577,0.0,,,,0,5,126,43
h20_d07,NaiveBaseRate,10,2460,126,0.5,0.03968253968253968,0.04494302175890517,0.0826751838946961,0.12235772357723577,0.0,,,,0,5,126,44
h20_d07,NaiveBaseRate,10,2460,126,0.5,0.03968253968253968,0.04494302175890517,0.0826751838946961,0.12235772357723577,0.0,,,,0,5,126,45
h20_d07,NaiveBaseRate,10,2460,126,0.5,0.03968253968253968,0.04494302175890517,0.0826751838946961,0.12235772357723577,0.0,,,,0,5,126,46
h20_d07,VIXPercentileRaw,10,2460,126,0.3876033057851239,0.03717985024475826,0.18678184412990087,0.30397148019099235,0.9504065040650407,0.0,,,,0,5,126,42
h20_d07,VIXPercentileRaw,10,2460,126,0.3876033057851239,0.03717985024475826,0.18678184412990087,0.30397148019099235,0.9504065040650407,0.0,,,,0,5,126,43
h20_d07,VIXPercentileRaw,10,2460,126,0.3876033057851239,0.03717985024475826,0.18678184412990087,0.30397148019099235,0.9504065040650407,0.0,,,,0,5,126,44
h20_d07,VIXPercentileRaw,10,2460,126,0.3876033057851239,0.03717985024475826,0.18678184412990087,0.30397148019099235,0.9504065040650407,0.0,,,,0,5,126,45
h20_d07,VIXPercentileRaw,10,2460,126,0.3876033057851239,0.03717985024475826,0.18678184412990087,0.30397148019099235,0.9504065040650407,0.0,,,,0,5,126,46
h20_d07,VIXPercentileCalibrated,10,2460,126,0.41735537190082644,0.037753666867590914,0.042324082613110756,0.04818218860716033,0.275,0.0,,,,0,5,126,42
h20_d07,VIXPercentileCalibrated,10,2460,126,0.41735537190082644,0.037753666867590914,0.042324082613110756,0.04818218860716033,0.275,0.0,,,,0,5,126,43
h20_d07,VIXPercentileCalibrated,10,2460,126,0.41735537190082644,0.037753666867590914,0.042324082613110756,0.04818218860716033,0.275,0.0,,,,0,5,126,44
h20_d07,VIXPercentileCalibrated,10,2460,126,0.41735537190082644,0.037753666867590914,0.042324082613110756,0.04818218860716033,0.275,0.0,,,,0,5,126,45
h20_d07,VIXPercentileCalibrated,10,2460,126,0.41735537190082644,0.037753666867590914,0.042324082613110756,0.04818218860716033,0.275,0.0,,,,0,5,126,46
h20_d07,HarRvThreshold,10,2460,126,0.7184466019417476,0.03333333333333333,0.010727090106494062,0.025510797742081065,0.18042795524339486,0.0,,,,0,1,104,42
h20_d07,HarRvThreshold,10,2460,126,0.7184466019417476,0.03333333333333333,0.010727090106494062,0.025510797742081065,0.18042795524339486,0.0,,,,0,1,104,43
h20_d07,HarRvThreshold,10,2460,126,0.7184466019417476,0.03333333333333333,0.010727090106494062,0.025510797742081065,0.18042795524339486,0.0,,,,0,1,104,44
h20_d07,HarRvThreshold,10,2460,126,0.7184466019417476,0.03333333333333333,0.010727090106494062,0.025510797742081065,0.18042795524339486,0.0,,,,0,1,104,45
h20_d07,HarRvThreshold,10,2460,126,0.7184466019417476,0.03333333333333333,0.010727090106494062,0.025510797742081065,0.18042795524339486,0.0,,,,0,1,104,46
h20_d07,LogisticRegressionL2,10,2460,126,0.3487603305785124,0.034455582712101814,0.21035740304236883,0.38511978301802674,0.7533569063243105,0.0,,,,0,5,126,42
h20_d07,LogisticRegressionL2,10,2460,126,0.3487603305785124,0.034455582712101814,0.21035740304236883,0.38511978301802674,0.7533569063243105,0.0,,,,0,5,126,43
h20_d07,LogisticRegressionL2,10,2460,126,0.3487603305785124,0.034455582712101814,0.21035740304236883,0.38511978301802674,0.7533569063243105,0.0,,,,0,5,126,44
h20_d07,LogisticRegressionL2,10,2460,126,0.3487603305785124,0.034455582712101814,0.21035740304236883,0.38511978301802674,0.7533569063243105,0.0,,,,0,5,126,45
h20_d07,LogisticRegressionL2,10,2460,126,0.3487603305785124,0.034455582712101814,0.21035740304236883,0.38511978301802674,0.7533569063243105,0.0,,,,0,5,126,46
h20_d07,LightGbmTuned,10,2460,126,0.2487603305785124,0.031220639091772952,0.20170647427479207,0.3823608360545262,0.678430992518026,0.0,,,,0,5,126,42
h20_d07,LightGbmTuned,10,2460,126,0.2487603305785124,0.031220639091772952,0.20170647427479207,0.3823608360545262,0.678430992518026,0.0,,,,0,5,126,43
h20_d07,LightGbmTuned,10,2460,126,0.2487603305785124,0.031220639091772952,0.20170647427479207,0.3823608360545262,0.678430992518026,0.0,,,,0,5,126,44
h20_d07,LightGbmTuned,10,2460,126,0.2487603305785124,0.031220639091772952,0.20170647427479207,0.3823608360545262,0.678430992518026,0.0,,,,0,5,126,45
h20_d07,LightGbmTuned,10,2460,126,0.2487603305785124,0.031220639091772952,0.20170647427479207,0.3823608360545262,0.678430992518026,0.0,,,,0,5,126,46
h20_d07,NaiveBaseRate,11,2586,126,0.5,0.3412698412698413,0.27450714747563915,0.22294037491253263,0.11832946635730858,0.0,,,,0,43,126,42
h20_d07,NaiveBaseRate,11,2586,126,0.5,0.3412698412698413,0.27450714747563915,0.22294037491253263,0.11832946635730858,0.0,,,,0,43,126,43
h20_d07,NaiveBaseRate,11,2586,126,0.5,0.3412698412698413,0.27450714747563915,0.22294037491253263,0.11832946635730858,0.0,,,,0,43,126,44
h20_d07,NaiveBaseRate,11,2586,126,0.5,0.3412698412698413,0.27450714747563915,0.22294037491253263,0.11832946635730858,0.0,,,,0,43,126,45
h20_d07,NaiveBaseRate,11,2586,126,0.5,0.3412698412698413,0.27450714747563915,0.22294037491253263,0.11832946635730858,0.0,,,,0,43,126,46
h20_d07,VIXPercentileRaw,11,2586,126,0.391846455589801,0.3091910239356826,0.5738304684461752,0.5906805877803557,0.9500193348801238,0.6666666666666666,0.23809523809523808,0.6255002402923441,0.8043589522900387,84,43,126,42
h20_d07,VIXPercentileRaw,11,2586,126,0.391846455589801,0.3091910239356826,0.5738304684461752,0.5906805877803557,0.9500193348801238,0.6666666666666666,0.23809523809523808,0.6255002402923441,0.8043589522900387,84,43,126,43
h20_d07,VIXPercentileRaw,11,2586,126,0.391846455589801,0.3091910239356826,0.5738304684461752,0.5906805877803557,0.9500193348801238,0.6666666666666666,0.23809523809523808,0.6255002402923441,0.8043589522900387,84,43,126,44
h20_d07,VIXPercentileRaw,11,2586,126,0.391846455589801,0.3091910239356826,0.5738304684461752,0.5906805877803557,0.9500193348801238,0.6666666666666666,0.23809523809523808,0.6255002402923441,0.8043589522900387,84,43,126,45
h20_d07,VIXPercentileRaw,11,2586,126,0.391846455589801,0.3091910239356826,0.5738304684461752,0.5906805877803557,0.9500193348801238,0.6666666666666666,0.23809523809523808,0.6255002402923441,0.8043589522900387,84,43,126,46
h20_d07,VIXPercentileCalibrated,11,2586,126,0.3761557859344354,0.2795724091705188,0.29403070605056314,0.2778785889944387,0.275,0.6349206349206349,0.2375,0.5854780779000696,0.7682426761721338,80,43,126,42
h20_d07,VIXPercentileCalibrated,11,2586,126,0.3761557859344354,0.2795724091705188,0.29403070605056314,0.2778785889944387,0.275,0.6349206349206349,0.2375,0.5854780779000696,0.7682426761721338,80,43,126,43
h20_d07,VIXPercentileCalibrated,11,2586,126,0.3761557859344354,0.2795724091705188,0.29403070605056314,0.2778785889944387,0.275,0.6349206349206349,0.2375,0.5854780779000696,0.7682426761721338,80,43,126,44
h20_d07,VIXPercentileCalibrated,11,2586,126,0.3761557859344354,0.2795724091705188,0.29403070605056314,0.2778785889944387,0.275,0.6349206349206349,0.2375,0.5854780779000696,0.7682426761721338,80,43,126,45
h20_d07,VIXPercentileCalibrated,11,2586,126,0.3761557859344354,0.2795724091705188,0.29403070605056314,0.2778785889944387,0.275,0.6349206349206349,0.2375,0.5854780779000696,0.7682426761721338,80,43,126,46
h20_d07,HarRvThreshold,11,2586,126,0.27519531250000007,0.30296089903555823,0.44426799123921484,0.45126452582736976,0.17407367006945618,0.7692307692307693,0.275,0.6149450456317994,0.7917905080964357,80,40,104,42
h20_d07,HarRvThreshold,11,2586,126,0.27519531250000007,0.30296089903555823,0.44426799123921484,0.45126452582736976,0.17407367006945618,0.7692307692307693,0.275,0.6149450456317994,0.7917905080964357,80,40,104,43
h20_d07,HarRvThreshold,11,2586,126,0.27519531250000007,0.30296089903555823,0.44426799123921484,0.45126452582736976,0.17407367006945618,0.7692307692307693,0.275,0.6149450456317994,0.7917905080964357,80,40,104,44
h20_d07,HarRvThreshold,11,2586,126,0.27519531250000007,0.30296089903555823,0.44426799123921484,0.45126452582736976,0.17407367006945618,0.7692307692307693,0.275,0.6149450456317994,0.7917905080964357,80,40,104,45
h20_d07,HarRvThreshold,11,2586,126,0.27519531250000007,0.30296089903555823,0.44426799123921484,0.45126452582736976,0.17407367006945618,0.7692307692307693,0.275,0.6149450456317994,0.7917905080964357,80,40,104,46
h20_d07,LogisticRegressionL2,11,2586,126,0.480526758195573,0.33567189509426004,0.4247215914601329,0.410445926027339,0.7421973776512103,0.5476190476190477,0.30434782608695654,0.8634983863297366,1.0144229930849378,69,43,126,42
h20_d07,LogisticRegressionL2,11,2586,126,0.480526758195573,0.33567189509426004,0.4247215914601329,0.410445926027339,0.7421973776512103,0.5476190476190477,0.30434782608695654,0.8634983863297366,1.0144229930849378,69,43,126,43
h20_d07,LogisticRegressionL2,11,2586,126,0.480526758195573,0.33567189509426004,0.4247215914601329,0.410445926027339,0.7421973776512103,0.5476190476190477,0.30434782608695654,0.8634983863297366,1.0144229930849378,69,43,126,44
h20_d07,LogisticRegressionL2,11,2586,126,0.480526758195573,0.33567189509426004,0.4247215914601329,0.410445926027339,0.7421973776512103,0.5476190476190477,0.30434782608695654,0.8634983863297366,1.0144229930849378,69,43,126,45
h20_d07,LogisticRegressionL2,11,2586,126,0.480526758195573,0.33567189509426004,0.4247215914601329,0.410445926027339,0.7421973776512103,0.5476190476190477,0.30434782608695654,0.8634983863297366,1.0144229930849378,69,43,126,46
h20_d07,LightGbmTuned,11,2586,126,0.35864387783692914,0.2774976346484541,0.34645768212998634,0.330420203613249,0.6599646687960942,0.46825396825396826,0.2033898305084746,0.4290849553979189,0.6196931137749796,59,43,126,42
h20_d07,LightGbmTuned,11,2586,126,0.35864387783692914,0.2774976346484541,0.34645768212998634,0.330420203613249,0.6599646687960942,0.46825396825396826,0.2033898305084746,0.4290849553979189,0.6196931137749796,59,43,126,43
h20_d07,LightGbmTuned,11,2586,126,0.35864387783692914,0.2774976346484541,0.34645768212998634,0.330420203613249,0.6599646687960942,0.46825396825396826,0.2033898305084746,0.4290849553979189,0.6196931137749796,59,43,126,44
h20_d07,LightGbmTuned,11,2586,126,0.35864387783692914,0.2774976346484541,0.34645768212998634,0.330420203613249,0.6599646687960942,0.46825396825396826,0.2033898305084746,0.4290849553979189,0.6196931137749796,59,43,126,45
h20_d07,LightGbmTuned,11,2586,126,0.35864387783692914,0.2774976346484541,0.34645768212998634,0.330420203613249,0.6599646687960942,0.46825396825396826,0.2033898305084746,0.4290849553979189,0.6196931137749796,59,43,126,46
h20_d07,NaiveBaseRate,12,2712,126,0.5,0.047619047619047616,0.05192353800188201,0.08106826801517067,0.12868731563421829,0.0,,,,0,6,126,42
h20_d07,NaiveBaseRate,12,2712,126,0.5,0.047619047619047616,0.05192353800188201,0.08106826801517067,0.12868731563421829,0.0,,,,0,6,126,43
h20_d07,NaiveBaseRate,12,2712,126,0.5,0.047619047619047616,0.05192353800188201,0.08106826801517067,0.12868731563421829,0.0,,,,0,6,126,44
h20_d07,NaiveBaseRate,12,2712,126,0.5,0.047619047619047616,0.05192353800188201,0.08106826801517067,0.12868731563421829,0.0,,,,0,6,126,45
h20_d07,NaiveBaseRate,12,2712,126,0.5,0.047619047619047616,0.05192353800188201,0.08106826801517067,0.12868731563421829,0.0,,,,0,6,126,46
h20_d07,VIXPercentileRaw,12,2712,126,0.32430555555555557,0.039276579113322,0.7549758755082684,0.840649435782179,0.950018436578171,0.03968253968253968,0.0,0.4629962953387591,,5,6,126,42
h20_d07,VIXPercentileRaw,12,2712,126,0.32430555555555557,0.039276579113322,0.7549758755082684,0.840649435782179,0.950018436578171,0.03968253968253968,0.0,0.4629962953387591,,5,6,126,43
h20_d07,VIXPercentileRaw,12,2712,126,0.32430555555555557,0.039276579113322,0.7549758755082684,0.840649435782179,0.950018436578171,0.03968253968253968,0.0,0.4629962953387591,,5,6,126,44
h20_d07,VIXPercentileRaw,12,2712,126,0.32430555555555557,0.039276579113322,0.7549758755082684,0.840649435782179,0.950018436578171,0.03968253968253968,0.0,0.4629962953387591,,5,6,126,45
h20_d07,VIXPercentileRaw,12,2712,126,0.32430555555555557,0.039276579113322,0.7549758755082684,0.840649435782179,0.950018436578171,0.03968253968253968,0.0,0.4629962953387591,,5,6,126,46
h20_d07,VIXPercentileCalibrated,12,2712,126,0.43680555555555556,0.042921458837772396,0.08501699611819276,0.17766679674554034,0.34615384615384615,0.0,,,,0,6,126,42
h20_d07,VIXPercentileCalibrated,12,2712,126,0.43680555555555556,0.042921458837772396,0.08501699611819276,0.17766679674554034,0.34615384615384615,0.0,,,,0,6,126,43
h20_d07,VIXPercentileCalibrated,12,2712,126,0.43680555555555556,0.042921458837772396,0.08501699611819276,0.17766679674554034,0.34615384615384615,0.0,,,,0,6,126,44
h20_d07,VIXPercentileCalibrated,12,2712,126,0.43680555555555556,0.042921458837772396,0.08501699611819276,0.17766679674554034,0.34615384615384615,0.0,,,,0,6,126,45
h20_d07,VIXPercentileCalibrated,12,2712,126,0.43680555555555556,0.042921458837772396,0.08501699611819276,0.17766679674554034,0.34615384615384615,0.0,,,,0,6,126,46
h20_d07,HarRvThreshold,12,2712,126,0.09693877551020408,0.037298413944262934,0.05756705863523618,0.04106404271036051,0.057618911934826156,0.0,,,,0,6,104,42
h20_d07,HarRvThreshold,12,2712,126,0.09693877551020408,0.037298413944262934,0.05756705863523618,0.04106404271036051,0.057618911934826156,0.0,,,,0,6,104,43
h20_d07,HarRvThreshold,12,2712,126,0.09693877551020408,0.037298413944262934,0.05756705863523618,0.04106404271036051,0.057618911934826156,0.0,,,,0,6,104,44
h20_d07,HarRvThreshold,12,2712,126,0.09693877551020408,0.037298413944262934,0.05756705863523618,0.04106404271036051,0.057618911934826156,0.0,,,,0,6,104,45
h20_d07,HarRvThreshold,12,2712,126,0.09693877551020408,0.037298413944262934,0.05756705863523618,0.04106404271036051,0.057618911934826156,0.0,,,,0,6,104,46
h20_d07,LogisticRegressionL2,12,2712,126,0.7277777777777777,0.0912180784307221,0.22806775049657793,0.42333558216899403,0.737429744407845,0.0,,,,0,6,126,42
h20_d07,LogisticRegressionL2,12,2712,126,0.7277777777777777,0.0912180784307221,0.22806775049657793,0.42333558216899403,0.737429744407845,0.0,,,,0,6,126,43
h20_d07,LogisticRegressionL2,12,2712,126,0.7277777777777777,0.0912180784307221,0.22806775049657793,0.42333558216899403,0.737429744407845,0.0,,,,0,6,126,44
h20_d07,LogisticRegressionL2,12,2712,126,0.7277777777777777,0.0912180784307221,0.22806775049657793,0.42333558216899403,0.737429744407845,0.0,,,,0,6,126,45
h20_d07,LogisticRegressionL2,12,2712,126,0.7277777777777777,0.0912180784307221,0.22806775049657793,0.42333558216899403,0.737429744407845,0.0,,,,0,6,126,46
h20_d07,LightGbmTuned,12,2712,126,0.5236111111111111,0.05382469650206927,0.18315745439283307,0.35841130197031806,0.6594657995306327,0.0,,,,0,6,126,42
h20_d07,LightGbmTuned,12,2712,126,0.5236111111111111,0.05382469650206927,0.18315745439283307,0.35841130197031806,0.6594657995306327,0.0,,,,0,6,126,43
h20_d07,LightGbmTuned,12,2712,126,0.5236111111111111,0.05382469650206927,0.18315745439283307,0.35841130197031806,0.6594657995306327,0.0,,,,0,6,126,44
h20_d07,LightGbmTuned,12,2712,126,0.5236111111111111,0.05382469650206927,0.18315745439283307,0.35841130197031806,0.6594657995306327,0.0,,,,0,6,126,45
h20_d07,LightGbmTuned,12,2712,126,0.5236111111111111,0.05382469650206927,0.18315745439283307,0.35841130197031806,0.6594657995306327,0.0,,,,0,6,126,46
h20_d07,NaiveBaseRate,13,2838,125,0.5,0.12,0.10562588866192782,0.005088090204369261,0.12508809020436928,0.0,,,,0,15,125,42
h20_d07,NaiveBaseRate,13,2838,125,0.5,0.12,0.10562588866192782,0.005088090204369261,0.12508809020436928,0.0,,,,0,15,125,43
h20_d07,NaiveBaseRate,13,2838,125,0.5,0.12,0.10562588866192782,0.005088090204369261,0.12508809020436928,0.0,,,,0,15,125,44
h20_d07,NaiveBaseRate,13,2838,125,0.5,0.12,0.10562588866192782,0.005088090204369261,0.12508809020436928,0.0,,,,0,15,125,45
h20_d07,NaiveBaseRate,13,2838,125,0.5,0.12,0.10562588866192782,0.005088090204369261,0.12508809020436928,0.0,,,,0,15,125,46
h20_d07,VIXPercentileRaw,13,2838,125,0.23,0.07911098294075969,0.6007613993318305,0.6963608174770965,0.9500176180408738,0.0,,,,0,15,125,42
h20_d07,VIXPercentileRaw,13,2838,125,0.23,0.07911098294075969,0.6007613993318305,0.6963608174770965,0.9500176180408738,0.0,,,,0,15,125,43
h20_d07,VIXPercentileRaw,13,2838,125,0.23,0.07911098294075969,0.6007613993318305,0.6963608174770965,0.9500176180408738,0.0,,,,0,15,125,44
h20_d07,VIXPercentileRaw,13,2838,125,0.23,0.07911098294075969,0.6007613993318305,0.6963608174770965,0.9500176180408738,0.0,,,,0,15,125,45
h20_d07,VIXPercentileRaw,13,2838,125,0.23,0.07911098294075969,0.6007613993318305,0.6963608174770965,0.9500176180408738,0.0,,,,0,15,125,46
h20_d07,VIXPercentileCalibrated,13,2838,125,0.3196969696969697,0.10235464733025709,0.11563139046490974,0.07743094315245476,0.315,0.0,,,,0,15,125,42
h20_d07,VIXPercentileCalibrated,13,2838,125,0.3196969696969697,0.10235464733025709,0.11563139046490974,0.07743094315245476,0.315,0.0,,,,0,15,125,43
h20_d07,VIXPercentileCalibrated,13,2838,125,0.3196969696969697,0.10235464733025709,0.11563139046490974,0.07743094315245476,0.315,0.0,,,,0,15,125,44
h20_d07,VIXPercentileCalibrated,13,2838,125,0.3196969696969697,0.10235464733025709,0.11563139046490974,0.07743094315245476,0.315,0.0,,,,0,15,125,45
h20_d07,VIXPercentileCalibrated,13,2838,125,0.3196969696969697,0.10235464733025709,0.11563139046490974,0.07743094315245476,0.315,0.0,,,,0,15,125,46
h20_d07,HarRvThreshold,13,2838,125,0.5075757575757576,0.14707225149989067,0.14144877456207505,0.12700196352572074,0.054038920097643814,0.02912621359223301,0.0,0.5118061085975009,,3,15,103,42
h20_d07,HarRvThreshold,13,2838,125,0.5075757575757576,0.14707225149989067,0.14144877456207505,0.12700196352572074,0.054038920097643814,0.02912621359223301,0.0,0.5118061085975009,,3,15,103,43
h20_d07,HarRvThreshold,13,2838,125,0.5075757575757576,0.14707225149989067,0.14144877456207505,0.12700196352572074,0.054038920097643814,0.02912621359223301,0.0,0.5118061085975009,,3,15,103,44
h20_d07,HarRvThreshold,13,2838,125,0.5075757575757576,0.14707225149989067,0.14144877456207505,0.12700196352572074,0.054038920097643814,0.02912621359223301,0.0,0.5118061085975009,,3,15,103,45
h20_d07,HarRvThreshold,13,2838,125,0.5075757575757576,0.14707225149989067,0.14144877456207505,0.12700196352572074,0.054038920097643814,0.02912621359223301,0.0,0.5118061085975009,,3,15,103,46
h20_d07,LogisticRegressionL2,13,2838,125,0.2987878787878788,0.08645502460222133,0.20424024469649948,0.2680535036876927,0.7360451324510859,0.0,,,,0,15,125,42
h20_d07,LogisticRegressionL2,13,2838,125,0.2987878787878788,0.08645502460222133,0.20424024469649948,0.2680535036876927,0.7360451324510859,0.0,,,,0,15,125,43
h20_d07,LogisticRegressionL2,13,2838,125,0.2987878787878788,0.08645502460222133,0.20424024469649948,0.2680535036876927,0.7360451324510859,0.0,,,,0,15,125,44
h20_d07,LogisticRegressionL2,13,2838,125,0.2987878787878788,0.08645502460222133,0.20424024469649948,0.2680535036876927,0.7360451324510859,0.0,,,,0,15,125,45
h20_d07,LogisticRegressionL2,13,2838,125,0.2987878787878788,0.08645502460222133,0.20424024469649948,0.2680535036876927,0.7360451324510859,0.0,,,,0,15,125,46
h20_d07,LightGbmTuned,13,2838,125,0.2772727272727273,0.09185650475639227,0.18513166522644728,0.26131792878988236,0.6672108308758726,0.0,,,,0,15,125,42
h20_d07,LightGbmTuned,13,2838,125,0.2772727272727273,0.09185650475639227,0.18513166522644728,0.26131792878988236,0.6672108308758726,0.0,,,,0,15,125,43
h20_d07,LightGbmTuned,13,2838,125,0.2772727272727273,0.09185650475639227,0.18513166522644728,0.26131792878988236,0.6672108308758726,0.0,,,,0,15,125,44
h20_d07,LightGbmTuned,13,2838,125,0.2772727272727273,0.09185650475639227,0.18513166522644728,0.26131792878988236,0.6672108308758726,0.0,,,,0,15,125,45
h20_d07,LightGbmTuned,13,2838,125,0.2772727272727273,0.09185650475639227,0.18513166522644728,0.26131792878988236,0.6672108308758726,0.0,,,,0,15,125,46
h20_d07,NaiveBaseRate,14,2963,127,0.5,0.2047244094488189,0.16918850309317202,0.0798509703668075,0.12487343908201147,0.0,,,,0,26,127,42
h20_d07,NaiveBaseRate,14,2963,127,0.5,0.2047244094488189,0.16918850309317202,0.0798509703668075,0.12487343908201147,0.0,,,,0,26,127,43
h20_d07,NaiveBaseRate,14,2963,127,0.5,0.2047244094488189,0.16918850309317202,0.0798509703668075,0.12487343908201147,0.0,,,,0,26,127,44
h20_d07,NaiveBaseRate,14,2963,127,0.5,0.2047244094488189,0.16918850309317202,0.0798509703668075,0.12487343908201147,0.0,,,,0,26,127,45
h20_d07,NaiveBaseRate,14,2963,127,0.5,0.2047244094488189,0.16918850309317202,0.0798509703668075,0.12487343908201147,0.0,,,,0,26,127,46
h20_d07,VIXPercentileRaw,14,2963,127,0.32273419649657276,0.15026382221458892,0.45354279909537704,0.5170913710035318,0.9500168747890652,0.015748031496062992,0.0,0.1506272988568112,,2,26,127,42
h20_d07,VIXPercentileRaw,14,2963,127,0.32273419649657276,0.15026382221458892,0.45354279909537704,0.5170913710035318,0.9500168747890652,0.015748031496062992,0.0,0.1506272988568112,,2,26,127,43
h20_d07,VIXPercentileRaw,14,2963,127,0.32273419649657276,0.15026382221458892,0.45354279909537704,0.5170913710035318,0.9500168747890652,0.015748031496062992,0.0,0.1506272988568112,,2,26,127,44
h20_d07,VIXPercentileRaw,14,2963,127,0.32273419649657276,0.15026382221458892,0.45354279909537704,0.5170913710035318,0.9500168747890652,0.015748031496062992,0.0,0.1506272988568112,,2,26,127,45
h20_d07,VIXPercentileRaw,14,2963,127,0.32273419649657276,0.15026382221458892,0.45354279909537704,0.5170913710035318,0.9500168747890652,0.015748031496062992,0.0,0.1506272988568112,,2,26,127,46
h20_d07,VIXPercentileCalibrated,14,2963,127,0.472962680883473,0.21333095197419846,0.17019094720292932,0.07908872846351872,0.3081761006289308,0.0,,,,0,26,127,42
h20_d07,VIXPercentileCalibrated,14,2963,127,0.472962680883473,0.21333095197419846,0.17019094720292932,0.07908872846351872,0.3081761006289308,0.0,,,,0,26,127,43
h20_d07,VIXPercentileCalibrated,14,2963,127,0.472962680883473,0.21333095197419846,0.17019094720292932,0.07908872846351872,0.3081761006289308,0.0,,,,0,26,127,44
h20_d07,VIXPercentileCalibrated,14,2963,127,0.472962680883473,0.21333095197419846,0.17019094720292932,0.07908872846351872,0.3081761006289308,0.0,,,,0,26,127,45
h20_d07,VIXPercentileCalibrated,14,2963,127,0.472962680883473,0.21333095197419846,0.17019094720292932,0.07908872846351872,0.3081761006289308,0.0,,,,0,26,127,46
h20_d07,HarRvThreshold,14,2963,127,0.47479423868312753,0.2416365199160262,0.2230724751462631,0.2149109321726586,0.05332316990299576,0.0,,,,0,24,105,42
h20_d07,HarRvThreshold,14,2963,127,0.47479423868312753,0.2416365199160262,0.2230724751462631,0.2149109321726586,0.05332316990299576,0.0,,,,0,24,105,43
h20_d07,HarRvThreshold,14,2963,127,0.47479423868312753,0.2416365199160262,0.2230724751462631,0.2149109321726586,0.05332316990299576,0.0,,,,0,24,105,44
h20_d07,HarRvThreshold,14,2963,127,0.47479423868312753,0.2416365199160262,0.2230724751462631,0.2149109321726586,0.05332316990299576,0.0,,,,0,24,105,45
h20_d07,HarRvThreshold,14,2963,127,0.47479423868312753,0.2416365199160262,0.2230724751462631,0.2149109321726586,0.05332316990299576,0.0,,,,0,24,105,46
h20_d07,LogisticRegressionL2,14,2963,127,0.4067022086824067,0.18694215659249494,0.2536281617945562,0.26554784594115766,0.7161367255563429,0.06299212598425197,0.125,0.8192299471678319,0.783334466070479,8,26,127,42
h20_d07,LogisticRegressionL2,14,2963,127,0.4067022086824067,0.18694215659249494,0.2536281617945562,0.26554784594115766,0.7161367255563429,0.06299212598425197,0.125,0.8192299471678319,0.783334466070479,8,26,127,43
h20_d07,LogisticRegressionL2,14,2963,127,0.4067022086824067,0.18694215659249494,0.2536281617945562,0.26554784594115766,0.7161367255563429,0.06299212598425197,0.125,0.8192299471678319,0.783334466070479,8,26,127,44
h20_d07,LogisticRegressionL2,14,2963,127,0.4067022086824067,0.18694215659249494,0.2536281617945562,0.26554784594115766,0.7161367255563429,0.06299212598425197,0.125,0.8192299471678319,0.783334466070479,8,26,127,45
h20_d07,LogisticRegressionL2,14,2963,127,0.4067022086824067,0.18694215659249494,0.2536281617945562,0.26554784594115766,0.7161367255563429,0.06299212598425197,0.125,0.8192299471678319,0.783334466070479,8,26,127,46
h20_d07,LightGbmTuned,14,2963,127,0.31092916984006097,0.19443489865105174,0.25026480766398757,0.2549172041944243,0.6718180676535195,0.007874015748031496,1.0,1.9543733496162232,0.783334466070479,1,26,127,42
h20_d07,LightGbmTuned,14,2963,127,0.31092916984006097,0.19443489865105174,0.25026480766398757,0.2549172041944243,0.6718180676535195,0.007874015748031496,1.0,1.9543733496162232,0.783334466070479,1,26,127,43
h20_d07,LightGbmTuned,14,2963,127,0.31092916984006097,0.19443489865105174,0.25026480766398757,0.2549172041944243,0.6718180676535195,0.007874015748031496,1.0,1.9543733496162232,0.783334466070479,1,26,127,44
h20_d07,LightGbmTuned,14,2963,127,0.31092916984006097,0.19443489865105174,0.25026480766398757,0.2549172041944243,0.6718180676535195,0.007874015748031496,1.0,1.9543733496162232,0.783334466070479,1,26,127,45
h20_d07,LightGbmTuned,14,2963,127,0.31092916984006097,0.19443489865105174,0.25026480766398757,0.2549172041944243,0.6718180676535195,0.007874015748031496,1.0,1.9543733496162232,0.783334466070479,1,26,127,46
h20_d07,NaiveBaseRate,15,3090,125,0.5,0.448,0.34959660665472686,0.31984466019417473,0.12815533980582525,0.0,,,,0,56,125,42
h20_d07,NaiveBaseRate,15,3090,125,0.5,0.448,0.34959660665472686,0.31984466019417473,0.12815533980582525,0.0,,,,0,56,125,43
h20_d07,NaiveBaseRate,15,3090,125,0.5,0.448,0.34959660665472686,0.31984466019417473,0.12815533980582525,0.0,,,,0,56,125,44
h20_d07,NaiveBaseRate,15,3090,125,0.5,0.448,0.34959660665472686,0.31984466019417473,0.12815533980582525,0.0,,,,0,56,125,45
h20_d07,NaiveBaseRate,15,3090,125,0.5,0.448,0.34959660665472686,0.31984466019417473,0.12815533980582525,0.0,,,,0,56,125,46
h20_d07,VIXPercentileRaw,15,3090,125,0.18995859213250516,0.30500381640110763,0.4619077001707147,0.45975922330097097,0.9500161812297734,0.008,0.0,0.07327255169525677,,1,56,125,42
h20_d07,VIXPercentileRaw,15,3090,125,0.18995859213250516,0.30500381640110763,0.4619077001707147,0.45975922330097097,0.9500161812297734,0.008,0.0,0.07327255169525677,,1,56,125,43
h20_d07,VIXPercentileRaw,15,3090,125,0.18995859213250516,0.30500381640110763,0.4619077001707147,0.45975922330097097,0.9500161812297734,0.008,0.0,0.07327255169525677,,1,56,125,44
h20_d07,VIXPercentileRaw,15,3090,125,0.18995859213250516,0.30500381640110763,0.4619077001707147,0.45975922330097097,0.9500161812297734,0.008,0.0,0.07327255169525677,,1,56,125,45
h20_d07,VIXPercentileRaw,15,3090,125,0.18995859213250516,0.30500381640110763,0.4619077001707147,0.45975922330097097,0.9500161812297734,0.008,0.0,0.07327255169525677,,1,56,125,46
h20_d07,VIXPercentileCalibrated,15,3090,125,0.23317805383022774,0.37426389491966994,0.3377348772244916,0.31033628920668727,0.30434782608695654,0.0,,,,0,56,125,42
h20_d07,VIXPercentileCalibrated,15,3090,125,0.23317805383022774,0.37426389491966994,0.3377348772244916,0.31033628920668727,0.30434782608695654,0.0,,,,0,56,125,43
h20_d07,VIXPercentileCalibrated,15,3090,125,0.23317805383022774,0.37426389491966994,0.3377348772244916,0.31033628920668727,0.30434782608695654,0.0,,,,0,56,125,44
h20_d07,VIXPercentileCalibrated,15,3090,125,0.23317805383022774,0.37426389491966994,0.3377348772244916,0.31033628920668727,0.30434782608695654,0.0,,,,0,56,125,45
h20_d07,VIXPercentileCalibrated,15,3090,125,0.23317805383022774,0.37426389491966994,0.3377348772244916,0.31033628920668727,0.30434782608695654,0.0,,,,0,56,125,46
h20_d07,HarRvThreshold,15,3090,125,0.33744221879815095,0.34210924541755255,0.40691247328701957,0.39604607079319204,0.051739840894011575,0.1262135922330097,0.15384615384615385,0.3492639085281983,0.6532745877477109,13,44,103,42
h20_d07,HarRvThreshold,15,3090,125,0.33744221879815095,0.34210924541755255,0.40691247328701957,0.39604607079319204,0.051739840894011575,0.1262135922330097,0.15384615384615385,0.3492639085281983,0.6532745877477109,13,44,103,43
h20_d07,HarRvThreshold,15,3090,125,0.33744221879815095,0.34210924541755255,0.40691247328701957,0.39604607079319204,0.051739840894011575,0.1262135922330097,0.15384615384615385,0.3492639085281983,0.6532745877477109,13,44,103,44
h20_d07,HarRvThreshold,15,3090,125,0.33744221879815095,0.34210924541755255,0.40691247328701957,0.39604607079319204,0.051739840894011575,0.1262135922330097,0.15384615384615385,0.3492639085281983,0.6532745877477109,13,44,103,45
h20_d07,HarRvThreshold,15,3090,125,0.33744221879815095,0.34210924541755255,0.40691247328701957,0.39604607079319204,0.051739840894011575,0.1262135922330097,0.15384615384615385,0.3492639085281983,0.6532745877477109,13,44,103,46
h20_d07,LogisticRegressionL2,15,3090,125,0.343944099378882,0.35960568274791155,0.31340247133652865,0.22862866638368162,0.6909680783520944,0.192,0.20833333333333334,0.5444002337596768,0.8299156207145542,24,56,125,42
h20_d07,LogisticRegressionL2,15,3090,125,0.343944099378882,0.35960568274791155,0.31340247133652865,0.22862866638368162,0.6909680783520944,0.192,0.20833333333333334,0.5444002337596768,0.8299156207145542,24,56,125,43
h20_d07,LogisticRegressionL2,15,3090,125,0.343944099378882,0.35960568274791155,0.31340247133652865,0.22862866638368162,0.6909680783520944,0.192,0.20833333333333334,0.5444002337596768,0.8299156207145542,24,56,125,44
h20_d07,LogisticRegressionL2,15,3090,125,0.343944099378882,0.35960568274791155,0.31340247133652865,0.22862866638368162,0.6909680783520944,0.192,0.20833333333333334,0.5444002337596768,0.8299156207145542,24,56,125,45
h20_d07,LogisticRegressionL2,15,3090,125,0.343944099378882,0.35960568274791155,0.31340247133652865,0.22862866638368162,0.6909680783520944,0.192,0.20833333333333334,0.5444002337596768,0.8299156207145542,24,56,125,46
h20_d07,LightGbmTuned,15,3090,125,0.2264492753623188,0.3315576235223264,0.33173769098782474,0.38083920075788,0.6705061958768163,0.16,0.0,0.30372394237142153,,20,56,125,42
h20_d07,LightGbmTuned,15,3090,125,0.2264492753623188,0.3315576235223264,0.33173769098782474,0.38083920075788,0.6705061958768163,0.16,0.0,0.30372394237142153,,20,56,125,43
h20_d07,LightGbmTuned,15,3090,125,0.2264492753623188,0.3315576235223264,0.33173769098782474,0.38083920075788,0.6705061958768163,0.16,0.0,0.30372394237142153,,20,56,125,44
h20_d07,LightGbmTuned,15,3090,125,0.2264492753623188,0.3315576235223264,0.33173769098782474,0.38083920075788,0.6705061958768163,0.16,0.0,0.30372394237142153,,20,56,125,45
h20_d07,LightGbmTuned,15,3090,125,0.2264492753623188,0.3315576235223264,0.33173769098782474,0.38083920075788,0.6705061958768163,0.16,0.0,0.30372394237142153,,20,56,125,46
h20_d07,NaiveBaseRate,16,3215,127,0.5,0.25196850393700787,0.20088532984759302,0.11137752415473723,0.14059097978227061,0.0,,,,0,32,127,42
h20_d07,NaiveBaseRate,16,3215,127,0.5,0.25196850393700787,0.20088532984759302,0.11137752415473723,0.14059097978227061,0.0,,,,0,32,127,43
h20_d07,NaiveBaseRate,16,3215,127,0.5,0.25196850393700787,0.20088532984759302,0.11137752415473723,0.14059097978227061,0.0,,,,0,32,127,44
h20_d07,NaiveBaseRate,16,3215,127,0.5,0.25196850393700787,0.20088532984759302,0.11137752415473723,0.14059097978227061,0.0,,,,0,32,127,45
h20_d07,NaiveBaseRate,16,3215,127,0.5,0.25196850393700787,0.20088532984759302,0.11137752415473723,0.14059097978227061,0.0,,,,0,32,127,46
h20_d07,VIXPercentileRaw,16,3215,127,0.346875,0.19438302003181834,0.5013810160020689,0.5424229436328235,0.9500155520995334,0.0,,,,0,32,127,42
h20_d07,VIXPercentileRaw,16,3215,127,0.346875,0.19438302003181834,0.5013810160020689,0.5424229436328235,0.9500155520995334,0.0,,,,0,32,127,43
h20_d07,VIXPercentileRaw,16,3215,127,0.346875,0.19438302003181834,0.5013810160020689,0.5424229436328235,0.9500155520995334,0.0,,,,0,32,127,44
h20_d07,VIXPercentileRaw,16,3215,127,0.346875,0.19438302003181834,0.5013810160020689,0.5424229436328235,0.9500155520995334,0.0,,,,0,32,127,45
h20_d07,VIXPercentileRaw,16,3215,127,0.346875,0.19438302003181834,0.5013810160020689,0.5424229436328235,0.9500155520995334,0.0,,,,0,32,127,46
h20_d07,VIXPercentileCalibrated,16,3215,127,0.340625,0.2450136058360352,0.19712087834787959,0.09680860983187844,0.29878048780487804,0.0,,,,0,32,127,42
h20_d07,VIXPercentileCalibrated,16,3215,127,0.340625,0.2450136058360352,0.19712087834787959,0.09680860983187844,0.29878048780487804,0.0,,,,0,32,127,43
h20_d07,VIXPercentileCalibrated,16,3215,127,0.340625,0.2450136058360352,0.19712087834787959,0.09680860983187844,0.29878048780487804,0.0,,,,0,32,127,44
h20_d07,VIXPercentileCalibrated,16,3215,127,0.340625,0.2450136058360352,0.19712087834787959,0.09680860983187844,0.29878048780487804,0.0,,,,0,32,127,45
h20_d07,VIXPercentileCalibrated,16,3215,127,0.340625,0.2450136058360352,0.19712087834787959,0.09680860983187844,0.29878048780487804,0.0,,,,0,32,127,46
h20_d07,HarRvThreshold,16,3215,127,0.485445205479452,0.2847616142499206,0.2922239381602287,0.28004216796811415,0.0532586622477774,0.05714285714285714,0.0,0.8590402246378078,,6,32,105,42
h20_d07,HarRvThreshold,16,3215,127,0.485445205479452,0.2847616142499206,0.2922239381602287,0.28004216796811415,0.0532586622477774,0.05714285714285714,0.0,0.8590402246378078,,6,32,105,43
h20_d07,HarRvThreshold,16,3215,127,0.485445205479452,0.2847616142499206,0.2922239381602287,0.28004216796811415,0.0532586622477774,0.05714285714285714,0.0,0.8590402246378078,,6,32,105,44
h20_d07,HarRvThreshold,16,3215,127,0.485445205479452,0.2847616142499206,0.2922239381602287,0.28004216796811415,0.0532586622477774,0.05714285714285714,0.0,0.8590402246378078,,6,32,105,45
h20_d07,HarRvThreshold,16,3215,127,0.485445205479452,0.2847616142499206,0.2922239381602287,0.28004216796811415,0.0532586622477774,0.05714285714285714,0.0,0.8590402246378078,,6,32,105,46
h20_d07,LogisticRegressionL2,16,3215,127,0.5148026315789473,0.27095507715938527,0.27145477953540065,0.27100606541350836,0.704839100811355,0.05511811023622047,0.0,0.2915093698889139,,7,32,127,42
h20_d07,LogisticRegressionL2,16,3215,127,0.5148026315789473,0.27095507715938527,0.27145477953540065,0.27100606541350836,0.704839100811355,0.05511811023622047,0.0,0.2915093698889139,,7,32,127,43
h20_d07,LogisticRegressionL2,16,3215,127,0.5148026315789473,0.27095507715938527,0.27145477953540065,0.27100606541350836,0.704839100811355,0.05511811023622047,0.0,0.2915093698889139,,7,32,127,44
h20_d07,LogisticRegressionL2,16,3215,127,0.5148026315789473,0.27095507715938527,0.27145477953540065,0.27100606541350836,0.704839100811355,0.05511811023622047,0.0,0.2915093698889139,,7,32,127,45
h20_d07,LogisticRegressionL2,16,3215,127,0.5148026315789473,0.27095507715938527,0.27145477953540065,0.27100606541350836,0.704839100811355,0.05511811023622047,0.0,0.2915093698889139,,7,32,127,46
h20_d07,LightGbmTuned,16,3215,127,0.3347039473684211,0.1993655659612556,0.3046530912601446,0.30791089670877725,0.6521064836560805,0.09448818897637795,0.0,0.5113977022064272,,12,32,127,42
h20_d07,LightGbmTuned,16,3215,127,0.3347039473684211,0.1993655659612556,0.3046530912601446,0.30791089670877725,0.6521064836560805,0.09448818897637795,0.0,0.5113977022064272,,12,32,127,43
h20_d07,LightGbmTuned,16,3215,127,0.3347039473684211,0.1993655659612556,0.3046530912601446,0.30791089670877725,0.6521064836560805,0.09448818897637795,0.0,0.5113977022064272,,12,32,127,44
h20_d07,LightGbmTuned,16,3215,127,0.3347039473684211,0.1993655659612556,0.3046530912601446,0.30791089670877725,0.6521064836560805,0.09448818897637795,0.0,0.5113977022064272,,12,32,127,45
h20_d07,LightGbmTuned,16,3215,127,0.3347039473684211,0.1993655659612556,0.3046530912601446,0.30791089670877725,0.6521064836560805,0.09448818897637795,0.0,0.5113977022064272,,12,32,127,46
h20_d07,NaiveBaseRate,17,3342,124,0.5,0.1532258064516129,0.12981825813145276,0.008402347445029962,0.1448234590065829,0.0,,,,0,19,124,42
h20_d07,NaiveBaseRate,17,3342,124,0.5,0.1532258064516129,0.12981825813145276,0.008402347445029962,0.1448234590065829,0.0,,,,0,19,124,43
h20_d07,NaiveBaseRate,17,3342,124,0.5,0.1532258064516129,0.12981825813145276,0.008402347445029962,0.1448234590065829,0.0,,,,0,19,124,44
h20_d07,NaiveBaseRate,17,3342,124,0.5,0.1532258064516129,0.12981825813145276,0.008402347445029962,0.1448234590065829,0.0,,,,0,19,124,45
h20_d07,NaiveBaseRate,17,3342,124,0.5,0.1532258064516129,0.12981825813145276,0.008402347445029962,0.1448234590065829,0.0,,,,0,19,124,46
h20_d07,VIXPercentileRaw,17,3342,124,0.6147869674185464,0.1844072391661168,0.3200005750959361,0.43134302426594084,0.9502992220227408,0.0,,,,0,19,124,42
h20_d07,VIXPercentileRaw,17,3342,124,0.6147869674185464,0.1844072391661168,0.3200005750959361,0.43134302426594084,0.9502992220227408,0.0,,,,0,19,124,43
h20_d07,VIXPercentileRaw,17,3342,124,0.6147869674185464,0.1844072391661168,0.3200005750959361,0.43134302426594084,0.9502992220227408,0.0,,,,0,19,124,44
h20_d07,VIXPercentileRaw,17,3342,124,0.6147869674185464,0.1844072391661168,0.3200005750959361,0.43134302426594084,0.9502992220227408,0.0,,,,0,19,124,45
h20_d07,VIXPercentileRaw,17,3342,124,0.6147869674185464,0.1844072391661168,0.3200005750959361,0.43134302426594084,0.9502992220227408,0.0,,,,0,19,124,46
h20_d07,VIXPercentileCalibrated,17,3342,124,0.6395989974937344,0.20283743148746813,0.12571228346274527,0.018072786687596362,0.29878048780487804,0.0,,,,0,19,124,42
h20_d07,VIXPercentileCalibrated,17,3342,124,0.6395989974937344,0.20283743148746813,0.12571228346274527,0.018072786687596362,0.29878048780487804,0.0,,,,0,19,124,43
h20_d07,VIXPercentileCalibrated,17,3342,124,0.6395989974937344,0.20283743148746813,0.12571228346274527,0.018072786687596362,0.29878048780487804,0.0,,,,0,19,124,44
h20_d07,VIXPercentileCalibrated,17,3342,124,0.6395989974937344,0.20283743148746813,0.12571228346274527,0.018072786687596362,0.29878048780487804,0.0,,,,0,19,124,45
h20_d07,VIXPercentileCalibrated,17,3342,124,0.6395989974937344,0.20283743148746813,0.12571228346274527,0.018072786687596362,0.29878048780487804,0.0,,,,0,19,124,46
h20_d07,HarRvThreshold,17,3342,124,0.37285986049461,0.1495287863098776,0.18277341133187006,0.17183887069846673,0.05330683736009806,0.0,,,,0,19,102,42
h20_d07,HarRvThreshold,17,3342,124,0.37285986049461,0.1495287863098776,0.18277341133187006,0.17183887069846673,0.05330683736009806,0.0,,,,0,19,102,43
h20_d07,HarRvThreshold,17,3342,124,0.37285986049461,0.1495287863098776,0.18277341133187006,0.17183887069846673,0.05330683736009806,0.0,,,,0,19,102,44
h20_d07,HarRvThreshold,17,3342,124,0.37285986049461,0.1495287863098776,0.18277341133187006,0.17183887069846673,0.05330683736009806,0.0,,,,0,19,102,45
h20_d07,HarRvThreshold,17,3342,124,0.37285986049461,0.1495287863098776,0.18277341133187006,0.17183887069846673,0.05330683736009806,0.0,,,,0,19,102,46
h20_d07,LogisticRegressionL2,17,3342,124,0.6385964912280702,0.20935958401244786,0.2187723392418002,0.2974001139707485,0.7083402151544976,0.024193548387096774,0.0,0.3573300000524793,,3,19,124,42
h20_d07,LogisticRegressionL2,17,3342,124,0.6385964912280702,0.20935958401244786,0.2187723392418002,0.2974001139707485,0.7083402151544976,0.024193548387096774,0.0,0.3573300000524793,,3,19,124,43
h20_d07,LogisticRegressionL2,17,3342,124,0.6385964912280702,0.20935958401244786,0.2187723392418002,0.2974001139707485,0.7083402151544976,0.024193548387096774,0.0,0.3573300000524793,,3,19,124,44
h20_d07,LogisticRegressionL2,17,3342,124,0.6385964912280702,0.20935958401244786,0.2187723392418002,0.2974001139707485,0.7083402151544976,0.024193548387096774,0.0,0.3573300000524793,,3,19,124,45
h20_d07,LogisticRegressionL2,17,3342,124,0.6385964912280702,0.20935958401244786,0.2187723392418002,0.2974001139707485,0.7083402151544976,0.024193548387096774,0.0,0.3573300000524793,,3,19,124,46
h20_d07,LightGbmTuned,17,3342,124,0.6180451127819548,0.20325265577928323,0.2335404769190514,0.3245710593208071,0.6349721207842322,0.0,,,,0,19,124,42
h20_d07,LightGbmTuned,17,3342,124,0.6180451127819548,0.20325265577928323,0.2335404769190514,0.3245710593208071,0.6349721207842322,0.0,,,,0,19,124,43
h20_d07,LightGbmTuned,17,3342,124,0.6180451127819548,0.20325265577928323,0.2335404769190514,0.3245710593208071,0.6349721207842322,0.0,,,,0,19,124,44
h20_d07,LightGbmTuned,17,3342,124,0.6180451127819548,0.20325265577928323,0.2335404769190514,0.3245710593208071,0.6349721207842322,0.0,,,,0,19,124,45
h20_d07,LightGbmTuned,17,3342,124,0.6180451127819548,0.20325265577928323,0.2335404769190514,0.3245710593208071,0.6349721207842322,0.0,,,,0,19,124,46
h20_d07,NaiveBaseRate,18,3466,126,0.5,0.14285714285714285,0.12245411851568636,0.002266919462534045,0.14512406231967687,0.0,,,,0,18,126,42
h20_d07,NaiveBaseRate,18,3466,126,0.5,0.14285714285714285,0.12245411851568636,0.002266919462534045,0.14512406231967687,0.0,,,,0,18,126,43
h20_d07,NaiveBaseRate,18,3466,126,0.5,0.14285714285714285,0.12245411851568636,0.002266919462534045,0.14512406231967687,0.0,,,,0,18,126,44
h20_d07,NaiveBaseRate,18,3466,126,0.5,0.14285714285714285,0.12245411851568636,0.002266919462534045,0.14512406231967687,0.0,,,,0,18,126,45
h20_d07,NaiveBaseRate,18,3466,126,0.5,0.14285714285714285,0.12245411851568636,0.002266919462534045,0.14512406231967687,0.0,,,,0,18,126,46
h20_d07,VIXPercentileRaw,18,3466,126,0.3531378600823046,0.11480945177320453,0.2398927436204901,0.3263448098993396,0.9500144258511253,0.0,,,,0,18,126,42
h20_d07,VIXPercentileRaw,18,3466,126,0.3531378600823046,0.11480945177320453,0.2398927436204901,0.3263448098993396,0.9500144258511253,0.0,,,,0,18,126,43
h20_d07,VIXPercentileRaw,18,3466,126,0.3531378600823046,0.11480945177320453,0.2398927436204901,0.3263448098993396,0.9500144258511253,0.0,,,,0,18,126,44
h20_d07,VIXPercentileRaw,18,3466,126,0.3531378600823046,0.11480945177320453,0.2398927436204901,0.3263448098993396,0.9500144258511253,0.0,,,,0,18,126,45
h20_d07,VIXPercentileRaw,18,3466,126,0.3531378600823046,0.11480945177320453,0.2398927436204901,0.3263448098993396,0.9500144258511253,0.0,,,,0,18,126,46
h20_d07,VIXPercentileCalibrated,18,3466,126,0.3922325102880658,0.12223196248196248,0.12715627922869324,0.05520042763250349,0.29878048780487804,0.0,,,,0,18,126,42
h20_d07,VIXPercentileCalibrated,18,3466,126,0.3922325102880658,0.12223196248196248,0.12715627922869324,0.05520042763250349,0.29878048780487804,0.0,,,,0,18,126,43
h20_d07,VIXPercentileCalibrated,18,3466,126,0.3922325102880658,0.12223196248196248,0.12715627922869324,0.05520042763250349,0.29878048780487804,0.0,,,,0,18,126,44
h20_d07,VIXPercentileCalibrated,18,3466,126,0.3922325102880658,0.12223196248196248,0.12715627922869324,0.05520042763250349,0.29878048780487804,0.0,,,,0,18,126,45
h20_d07,VIXPercentileCalibrated,18,3466,126,0.3922325102880658,0.12223196248196248,0.12715627922869324,0.05520042763250349,0.29878048780487804,0.0,,,,0,18,126,46
h20_d07,HarRvThreshold,18,3466,126,0.39630681818181823,0.12661610708451454,0.15134816927312478,0.140171797037966,0.05218667918554208,0.038461538461538464,0.0,0.21330072195528438,,4,16,104,42
h20_d07,HarRvThreshold,18,3466,126,0.39630681818181823,0.12661610708451454,0.15134816927312478,0.140171797037966,0.05218667918554208,0.038461538461538464,0.0,0.21330072195528438,,4,16,104,43
h20_d07,HarRvThreshold,18,3466,126,0.39630681818181823,0.12661610708451454,0.15134816927312478,0.140171797037966,0.05218667918554208,0.038461538461538464,0.0,0.21330072195528438,,4,16,104,44
h20_d07,HarRvThreshold,18,3466,126,0.39630681818181823,0.12661610708451454,0.15134816927312478,0.140171797037966,0.05218667918554208,0.038461538461538464,0.0,0.21330072195528438,,4,16,104,45
h20_d07,HarRvThreshold,18,3466,126,0.39630681818181823,0.12661610708451454,0.15134816927312478,0.140171797037966,0.05218667918554208,0.038461538461538464,0.0,0.21330072195528438,,4,16,104,46
h20_d07,LogisticRegressionL2,18,3466,126,0.3765432098765432,0.12409887026628792,0.24542252177126106,0.3267176756272137,0.7119457356538941,0.0,,,,0,18,126,42
h20_d07,LogisticRegressionL2,18,3466,126,0.3765432098765432,0.12409887026628792,0.24542252177126106,0.3267176756272137,0.7119457356538941,0.0,,,,0,18,126,43
h20_d07,LogisticRegressionL2,18,3466,126,0.3765432098765432,0.12409887026628792,0.24542252177126106,0.3267176756272137,0.7119457356538941,0.0,,,,0,18,126,44
h20_d07,LogisticRegressionL2,18,3466,126,0.3765432098765432,0.12409887026628792,0.24542252177126106,0.3267176756272137,0.7119457356538941,0.0,,,,0,18,126,45
h20_d07,LogisticRegressionL2,18,3466,126,0.3765432098765432,0.12409887026628792,0.24542252177126106,0.3267176756272137,0.7119457356538941,0.0,,,,0,18,126,46
h20_d07,LightGbmTuned,18,3466,126,0.3886316872427984,0.11799149970984432,0.23962451878816424,0.32637486203616045,0.63069521120953,0.0,,,,0,18,126,42
h20_d07,LightGbmTuned,18,3466,126,0.3886316872427984,0.11799149970984432,0.23962451878816424,0.32637486203616045,0.63069521120953,0.0,,,,0,18,126,43
h20_d07,LightGbmTuned,18,3466,126,0.3886316872427984,0.11799149970984432,0.23962451878816424,0.32637486203616045,0.63069521120953,0.0,,,,0,18,126,44
h20_d07,LightGbmTuned,18,3466,126,0.3886316872427984,0.11799149970984432,0.23962451878816424,0.32637486203616045,0.63069521120953,0.0,,,,0,18,126,45
h20_d07,LightGbmTuned,18,3466,126,0.3886316872427984,0.11799149970984432,0.23962451878816424,0.32637486203616045,0.63069521120953,0.0,,,,0,18,126,46
h20_d07,NaiveBaseRate,19,3592,124,0.5,0.03225806451612903,0.043938271615556176,0.11278647891371507,0.1450445434298441,0.0,,,,0,4,124,42
h20_d07,NaiveBaseRate,19,3592,124,0.5,0.03225806451612903,0.043938271615556176,0.11278647891371507,0.1450445434298441,0.0,,,,0,4,124,43
h20_d07,NaiveBaseRate,19,3592,124,0.5,0.03225806451612903,0.043938271615556176,0.11278647891371507,0.1450445434298441,0.0,,,,0,4,124,44
h20_d07,NaiveBaseRate,19,3592,124,0.5,0.03225806451612903,0.043938271615556176,0.11278647891371507,0.1450445434298441,0.0,,,,0,4,124,45
h20_d07,NaiveBaseRate,19,3592,124,0.5,0.03225806451612903,0.043938271615556176,0.11278647891371507,0.1450445434298441,0.0,,,,0,4,124,46
h20_d07,VIXPercentileRaw,19,3592,124,0.24687499999999998,0.025900412796697626,0.25725887668907965,0.4548211976435088,0.9501391982182626,0.0,,,,0,4,124,42
h20_d07,VIXPercentileRaw,19,3592,124,0.24687499999999998,0.025900412796697626,0.25725887668907965,0.4548211976435088,0.9501391982182626,0.0,,,,0,4,124,43
h20_d07,VIXPercentileRaw,19,3592,124,0.24687499999999998,0.025900412796697626,0.25725887668907965,0.4548211976435088,0.9501391982182626,0.0,,,,0,4,124,44
h20_d07,VIXPercentileRaw,19,3592,124,0.24687499999999998,0.025900412796697626,0.25725887668907965,0.4548211976435088,0.9501391982182626,0.0,,,,0,4,124,45
h20_d07,VIXPercentileRaw,19,3592,124,0.24687499999999998,0.025900412796697626,0.25725887668907965,0.4548211976435088,0.9501391982182626,0.0,,,,0,4,124,46
h20_d07,VIXPercentileCalibrated,19,3592,124,0.20625,0.027034457478005865,0.04766766349786613,0.10813508443914166,0.23684210526315788,0.0,,,,0,4,124,42
h20_d07,VIXPercentileCalibrated,19,3592,124,0.20625,0.027034457478005865,0.04766766349786613,0.10813508443914166,0.23684210526315788,0.0,,,,0,4,124,43
h20_d07,VIXPercentileCalibrated,19,3592,124,0.20625,0.027034457478005865,0.04766766349786613,0.10813508443914166,0.23684210526315788,0.0,,,,0,4,124,44
h20_d07,VIXPercentileCalibrated,19,3592,124,0.20625,0.027034457478005865,0.04766766349786613,0.10813508443914166,0.23684210526315788,0.0,,,,0,4,124,45
h20_d07,VIXPercentileCalibrated,19,3592,124,0.20625,0.027034457478005865,0.04766766349786613,0.10813508443914166,0.23684210526315788,0.0,,,,0,4,124,46
h20_d07,HarRvThreshold,19,3592,124,0.6147959183673468,0.05958017676767677,0.038649453588346754,0.027808433079390977,0.0519302203999818,0.029411764705882353,0.0,0.9194404621164886,,3,4,102,42
h20_d07,HarRvThreshold,19,3592,124,0.6147959183673468,0.05958017676767677,0.038649453588346754,0.027808433079390977,0.0519302203999818,0.029411764705882353,0.0,0.9194404621164886,,3,4,102,43
h20_d07,HarRvThreshold,19,3592,124,0.6147959183673468,0.05958017676767677,0.038649453588346754,0.027808433079390977,0.0519302203999818,0.029411764705882353,0.0,0.9194404621164886,,3,4,102,44
h20_d07,HarRvThreshold,19,3592,124,0.6147959183673468,0.05958017676767677,0.038649453588346754,0.027808433079390977,0.0519302203999818,0.029411764705882353,0.0,0.9194404621164886,,3,4,102,45
h20_d07,HarRvThreshold,19,3592,124,0.6147959183673468,0.05958017676767677,0.038649453588346754,0.027808433079390977,0.0519302203999818,0.029411764705882353,0.0,0.9194404621164886,,3,4,102,46
h20_d07,LogisticRegressionL2,19,3592,124,0.05833333333333332,0.02103513072434781,0.23898775157890068,0.4406944121583906,0.7062851505857043,0.0,,,,0,4,124,42
h20_d07,LogisticRegressionL2,19,3592,124,0.05833333333333332,0.02103513072434781,0.23898775157890068,0.4406944121583906,0.7062851505857043,0.0,,,,0,4,124,43
h20_d07,LogisticRegressionL2,19,3592,124,0.05833333333333332,0.02103513072434781,0.23898775157890068,0.4406944121583906,0.7062851505857043,0.0,,,,0,4,124,44
h20_d07,LogisticRegressionL2,19,3592,124,0.05833333333333332,0.02103513072434781,0.23898775157890068,0.4406944121583906,0.7062851505857043,0.0,,,,0,4,124,45
h20_d07,LogisticRegressionL2,19,3592,124,0.05833333333333332,0.02103513072434781,0.23898775157890068,0.4406944121583906,0.7062851505857043,0.0,,,,0,4,124,46
h20_d07,LightGbmTuned,19,3592,124,0.16875,0.024957428693060876,0.24623107789407003,0.44855574623607153,0.6247792536170174,0.04838709677419355,0.0,1.0964584605359122,,6,4,124,42
h20_d07,LightGbmTuned,19,3592,124,0.16875,0.024957428693060876,0.24623107789407003,0.44855574623607153,0.6247792536170174,0.04838709677419355,0.0,1.0964584605359122,,6,4,124,43
h20_d07,LightGbmTuned,19,3592,124,0.16875,0.024957428693060876,0.24623107789407003,0.44855574623607153,0.6247792536170174,0.04838709677419355,0.0,1.0964584605359122,,6,4,124,44
h20_d07,LightGbmTuned,19,3592,124,0.16875,0.024957428693060876,0.24623107789407003,0.44855574623607153,0.6247792536170174,0.04838709677419355,0.0,1.0964584605359122,,6,4,124,45
h20_d07,LightGbmTuned,19,3592,124,0.16875,0.024957428693060876,0.24623107789407003,0.44855574623607153,0.6247792536170174,0.04838709677419355,0.0,1.0964584605359122,,6,4,124,46
h20_d07,NaiveBaseRate,20,3716,127,0.5,0.2047244094488189,0.1668373985197755,0.06344346219370592,0.14128094725511303,0.0,,,,0,26,127,42
h20_d07,NaiveBaseRate,20,3716,127,0.5,0.2047244094488189,0.1668373985197755,0.06344346219370592,0.14128094725511303,0.0,,,,0,26,127,43
h20_d07,NaiveBaseRate,20,3716,127,0.5,0.2047244094488189,0.1668373985197755,0.06344346219370592,0.14128094725511303,0.0,,,,0,26,127,44
h20_d07,NaiveBaseRate,20,3716,127,0.5,0.2047244094488189,0.1668373985197755,0.06344346219370592,0.14128094725511303,0.0,,,,0,26,127,45
h20_d07,NaiveBaseRate,20,3716,127,0.5,0.2047244094488189,0.1668373985197755,0.06344346219370592,0.14128094725511303,0.0,,,,0,26,127,46
h20_d07,VIXPercentileRaw,20,3716,127,0.35072353389185074,0.15418117686884014,0.37179140491103757,0.41810472695218803,0.95001345532831,0.007874015748031496,0.0,0.05973146379850132,,1,26,127,42
h20_d07,VIXPercentileRaw,20,3716,127,0.35072353389185074,0.15418117686884014,0.37179140491103757,0.41810472695218803,0.95001345532831,0.007874015748031496,0.0,0.05973146379850132,,1,26,127,43
h20_d07,VIXPercentileRaw,20,3716,127,0.35072353389185074,0.15418117686884014,0.37179140491103757,0.41810472695218803,0.95001345532831,0.007874015748031496,0.0,0.05973146379850132,,1,26,127,44
h20_d07,VIXPercentileRaw,20,3716,127,0.35072353389185074,0.15418117686884014,0.37179140491103757,0.41810472695218803,0.95001345532831,0.007874015748031496,0.0,0.05973146379850132,,1,26,127,45
h20_d07,VIXPercentileRaw,20,3716,127,0.35072353389185074,0.15418117686884014,0.37179140491103757,0.41810472695218803,0.95001345532831,0.007874015748031496,0.0,0.05973146379850132,,1,26,127,46
h20_d07,VIXPercentileCalibrated,20,3716,127,0.4025133282559025,0.17621806143021762,0.1684907822129282,0.04506366708658819,0.23684210526315788,0.007874015748031496,0.0,0.05973146379850132,,1,26,127,42
h20_d07,VIXPercentileCalibrated,20,3716,127,0.4025133282559025,0.17621806143021762,0.1684907822129282,0.04506366708658819,0.23684210526315788,0.007874015748031496,0.0,0.05973146379850132,,1,26,127,43
h20_d07,VIXPercentileCalibrated,20,3716,127,0.4025133282559025,0.17621806143021762,0.1684907822129282,0.04506366708658819,0.23684210526315788,0.007874015748031496,0.0,0.05973146379850132,,1,26,127,44
h20_d07,VIXPercentileCalibrated,20,3716,127,0.4025133282559025,0.17621806143021762,0.1684907822129282,0.04506366708658819,0.23684210526315788,0.007874015748031496,0.0,0.05973146379850132,,1,26,127,45
h20_d07,VIXPercentileCalibrated,20,3716,127,0.4025133282559025,0.17621806143021762,0.1684907822129282,0.04506366708658819,0.23684210526315788,0.007874015748031496,0.0,0.05973146379850132,,1,26,127,46
h20_d07,HarRvThreshold,20,3716,127,0.21037037037037037,0.09318669861636672,0.14125576666759085,0.1256189173035941,0.05153733086824143,0.0761904761904762,0.0,0.7770489441545844,,8,15,105,42
h20_d07,HarRvThreshold,20,3716,127,0.21037037037037037,0.09318669861636672,0.14125576666759085,0.1256189173035941,0.05153733086824143,0.0761904761904762,0.0,0.7770489441545844,,8,15,105,43
h20_d07,HarRvThreshold,20,3716,127,0.21037037037037037,0.09318669861636672,0.14125576666759085,0.1256189173035941,0.05153733086824143,0.0761904761904762,0.0,0.7770489441545844,,8,15,105,44
h20_d07,HarRvThreshold,20,3716,127,0.21037037037037037,0.09318669861636672,0.14125576666759085,0.1256189173035941,0.05153733086824143,0.0761904761904762,0.0,0.7770489441545844,,8,15,105,45
h20_d07,HarRvThreshold,20,3716,127,0.21037037037037037,0.09318669861636672,0.14125576666759085,0.1256189173035941,0.05153733086824143,0.0761904761904762,0.0,0.7770489441545844,,8,15,105,46
h20_d07,LogisticRegressionL2,20,3716,127,0.5041888804265042,0.2128788840476549,0.26767529782725746,0.3072128467000051,0.6916417771405912,0.05511811023622047,0.14285714285714285,0.543615990673977,1.1987320111679634,7,26,127,42
h20_d07,LogisticRegressionL2,20,3716,127,0.5041888804265042,0.2128788840476549,0.26767529782725746,0.3072128467000051,0.6916417771405912,0.05511811023622047,0.14285714285714285,0.543615990673977,1.1987320111679634,7,26,127,43
h20_d07,LogisticRegressionL2,20,3716,127,0.5041888804265042,0.2128788840476549,0.26767529782725746,0.3072128467000051,0.6916417771405912,0.05511811023622047,0.14285714285714285,0.543615990673977,1.1987320111679634,7,26,127,44
h20_d07,LogisticRegressionL2,20,3716,127,0.5041888804265042,0.2128788840476549,0.26767529782725746,0.3072128467000051,0.6916417771405912,0.05511811023622047,0.14285714285714285,0.543615990673977,1.1987320111679634,7,26,127,45
h20_d07,LogisticRegressionL2,20,3716,127,0.5041888804265042,0.2128788840476549,0.26767529782725746,0.3072128467000051,0.6916417771405912,0.05511811023622047,0.14285714285714285,0.543615990673977,1.1987320111679634,7,26,127,46
h20_d07,LightGbmTuned,20,3716,127,0.35872048743335877,0.15848114134477798,0.2645105795639534,0.2814505503774432,0.6222951874601773,0.0,,,,0,26,127,42
h20_d07,LightGbmTuned,20,3716,127,0.35872048743335877,0.15848114134477798,0.2645105795639534,0.2814505503774432,0.6222951874601773,0.0,,,,0,26,127,43
h20_d07,LightGbmTuned,20,3716,127,0.35872048743335877,0.15848114134477798,0.2645105795639534,0.2814505503774432,0.6222951874601773,0.0,,,,0,26,127,44
h20_d07,LightGbmTuned,20,3716,127,0.35872048743335877,0.15848114134477798,0.2645105795639534,0.2814505503774432,0.6222951874601773,0.0,,,,0,26,127,45
h20_d07,LightGbmTuned,20,3716,127,0.35872048743335877,0.15848114134477798,0.2645105795639534,0.2814505503774432,0.6222951874601773,0.0,,,,0,26,127,46
h20_d07,NaiveBaseRate,21,3843,123,0.5,0.3333333333333333,0.2583054143950472,0.1899557637262555,0.14337756960707781,0.0,,,,0,41,123,42
h20_d07,NaiveBaseRate,21,3843,123,0.5,0.3333333333333333,0.2583054143950472,0.1899557637262555,0.14337756960707781,0.0,,,,0,41,123,43
h20_d07,NaiveBaseRate,21,3843,123,0.5,0.3333333333333333,0.2583054143950472,0.1899557637262555,0.14337756960707781,0.0,,,,0,41,123,44
h20_d07,NaiveBaseRate,21,3843,123,0.5,0.3333333333333333,0.2583054143950472,0.1899557637262555,0.14337756960707781,0.0,,,,0,41,123,45
h20_d07,NaiveBaseRate,21,3843,123,0.5,0.3333333333333333,0.2583054143950472,0.1899557637262555,0.14337756960707781,0.0,,,,0,41,123,46
h20_d07,VIXPercentileRaw,21,3843,123,0.3753718024985128,0.2719708681317905,0.37007034127561406,0.36523380065963035,0.9500130106687482,0.04065040650406504,0.0,0.12310279663833114,,5,41,123,42
h20_d07,VIXPercentileRaw,21,3843,123,0.3753718024985128,0.2719708681317905,0.37007034127561406,0.36523380065963035,0.9500130106687482,0.04065040650406504,0.0,0.12310279663833114,,5,41,123,43
h20_d07,VIXPercentileRaw,21,3843,123,0.3753718024985128,0.2719708681317905,0.37007034127561406,0.36523380065963035,0.9500130106687482,0.04065040650406504,0.0,0.12310279663833114,,5,41,123,44
h20_d07,VIXPercentileRaw,21,3843,123,0.3753718024985128,0.2719708681317905,0.37007034127561406,0.36523380065963035,0.9500130106687482,0.04065040650406504,0.0,0.12310279663833114,,5,41,123,45
h20_d07,VIXPercentileRaw,21,3843,123,0.3753718024985128,0.2719708681317905,0.37007034127561406,0.36523380065963035,0.9500130106687482,0.04065040650406504,0.0,0.12310279663833114,,5,41,123,46
h20_d07,VIXPercentileCalibrated,21,3843,123,0.36600237953599046,0.2853043429055388,0.2616008943127018,0.18805703822807243,0.23684210526315788,0.04065040650406504,0.0,0.12310279663833114,,5,41,123,42
h20_d07,VIXPercentileCalibrated,21,3843,123,0.36600237953599046,0.2853043429055388,0.2616008943127018,0.18805703822807243,0.23684210526315788,0.04065040650406504,0.0,0.12310279663833114,,5,41,123,43
h20_d07,VIXPercentileCalibrated,21,3843,123,0.36600237953599046,0.2853043429055388,0.2616008943127018,0.18805703822807243,0.23684210526315788,0.04065040650406504,0.0,0.12310279663833114,,5,41,123,44
h20_d07,VIXPercentileCalibrated,21,3843,123,0.36600237953599046,0.2853043429055388,0.2616008943127018,0.18805703822807243,0.23684210526315788,0.04065040650406504,0.0,0.12310279663833114,,5,41,123,45
h20_d07,VIXPercentileCalibrated,21,3843,123,0.36600237953599046,0.2853043429055388,0.2616008943127018,0.18805703822807243,0.23684210526315788,0.04065040650406504,0.0,0.12310279663833114,,5,41,123,46
h20_d07,HarRvThreshold,21,3843,123,0.4243943191311612,0.3229888574535728,0.36715016923111526,0.37491433863909074,0.05174506034765558,0.0891089108910891,0.1111111111111111,0.42370303941540477,0.6501738859498345,9,38,101,42
h20_d07,HarRvThreshold,21,3843,123,0.4243943191311612,0.3229888574535728,0.36715016923111526,0.37491433863909074,0.05174506034765558,0.0891089108910891,0.1111111111111111,0.42370303941540477,0.6501738859498345,9,38,101,43
h20_d07,HarRvThreshold,21,3843,123,0.4243943191311612,0.3229888574535728,0.36715016923111526,0.37491433863909074,0.05174506034765558,0.0891089108910891,0.1111111111111111,0.42370303941540477,0.6501738859498345,9,38,101,44
h20_d07,HarRvThreshold,21,3843,123,0.4243943191311612,0.3229888574535728,0.36715016923111526,0.37491433863909074,0.05174506034765558,0.0891089108910891,0.1111111111111111,0.42370303941540477,0.6501738859498345,9,38,101,45
h20_d07,HarRvThreshold,21,3843,123,0.4243943191311612,0.3229888574535728,0.36715016923111526,0.37491433863909074,0.05174506034765558,0.0891089108910891,0.1111111111111111,0.42370303941540477,0.6501738859498345,9,38,101,46
h20_d07,LogisticRegressionL2,21,3843,123,0.39351576442593694,0.277658821473334,0.2947855127948356,0.2022573402475821,0.6928975586368539,0.13821138211382114,0.058823529411764705,0.35831825754937846,1.1057653274656845,17,41,123,42
h20_d07,LogisticRegressionL2,21,3843,123,0.39351576442593694,0.277658821473334,0.2947855127948356,0.2022573402475821,0.6928975586368539,0.13821138211382114,0.058823529411764705,0.35831825754937846,1.1057653274656845,17,41,123,43
h20_d07,LogisticRegressionL2,21,3843,123,0.39351576442593694,0.277658821473334,0.2947855127948356,0.2022573402475821,0.6928975586368539,0.13821138211382114,0.058823529411764705,0.35831825754937846,1.1057653274656845,17,41,123,44
h20_d07,LogisticRegressionL2,21,3843,123,0.39351576442593694,0.277658821473334,0.2947855127948356,0.2022573402475821,0.6928975586368539,0.13821138211382114,0.058823529411764705,0.35831825754937846,1.1057653274656845,17,41,123,45
h20_d07,LogisticRegressionL2,21,3843,123,0.39351576442593694,0.277658821473334,0.2947855127948356,0.2022573402475821,0.6928975586368539,0.13821138211382114,0.058823529411764705,0.35831825754937846,1.1057653274656845,17,41,123,46
h20_d07,LightGbmTuned,21,3843,123,0.4681737061273052,0.31363658494027397,0.2668715541305483,0.18420621839702309,0.6121693202535793,0.12195121951219512,0.0,0.08667580722526522,,15,41,123,42
h20_d07,LightGbmTuned,21,3843,123,0.4681737061273052,0.31363658494027397,0.2668715541305483,0.18420621839702309,0.6121693202535793,0.12195121951219512,0.0,0.08667580722526522,,15,41,123,43
h20_d07,LightGbmTuned,21,3843,123,0.4681737061273052,0.31363658494027397,0.2668715541305483,0.18420621839702309,0.6121693202535793,0.12195121951219512,0.0,0.08667580722526522,,15,41,123,44
h20_d07,LightGbmTuned,21,3843,123,0.4681737061273052,0.31363658494027397,0.2668715541305483,0.18420621839702309,0.6121693202535793,0.12195121951219512,0.0,0.08667580722526522,,15,41,123,45
h20_d07,LightGbmTuned,21,3843,123,0.4681737061273052,0.31363658494027397,0.2668715541305483,0.18420621839702309,0.6121693202535793,0.12195121951219512,0.0,0.08667580722526522,,15,41,123,46
h20_d07,NaiveBaseRate,22,3966,127,0.5,0.047244094488188976,0.055421127430811824,0.10202469018150348,0.14926878466969237,0.0,,,,0,6,127,42
h20_d07,NaiveBaseRate,22,3966,127,0.5,0.047244094488188976,0.055421127430811824,0.10202469018150348,0.14926878466969237,0.0,,,,0,6,127,43
h20_d07,NaiveBaseRate,22,3966,127,0.5,0.047244094488188976,0.055421127430811824,0.10202469018150348,0.14926878466969237,0.0,,,,0,6,127,44
h20_d07,NaiveBaseRate,22,3966,127,0.5,0.047244094488188976,0.055421127430811824,0.10202469018150348,0.14926878466969237,0.0,,,,0,6,127,45
h20_d07,NaiveBaseRate,22,3966,127,0.5,0.047244094488188976,0.055421127430811824,0.10202469018150348,0.14926878466969237,0.0,,,,0,6,127,46
h20_d07,VIXPercentileRaw,22,3966,127,0.5516528925619835,0.05698000347241727,0.31767201376967225,0.512442374355248,0.9500126071608673,0.0,,,,0,6,127,42
h20_d07,VIXPercentileRaw,22,3966,127,0.5516528925619835,0.05698000347241727,0.31767201376967225,0.512442374355248,0.9500126071608673,0.0,,,,0,6,127,43
h20_d07,VIXPercentileRaw,22,3966,127,0.5516528925619835,0.05698000347241727,0.31767201376967225,0.512442374355248,0.9500126071608673,0.0,,,,0,6,127,44
h20_d07,VIXPercentileRaw,22,3966,127,0.5516528925619835,0.05698000347241727,0.31767201376967225,0.512442374355248,0.9500126071608673,0.0,,,,0,6,127,45
h20_d07,VIXPercentileRaw,22,3966,127,0.5516528925619835,0.05698000347241727,0.31767201376967225,0.512442374355248,0.9500126071608673,0.0,,,,0,6,127,46
h20_d07,VIXPercentileCalibrated,22,3966,127,0.668732782369146,0.07038647342995169,0.06046993845451288,0.12673865046473068,0.23684210526315788,0.0,,,,0,6,127,42
h20_d07,VIXPercentileCalibrated,22,3966,127,0.668732782369146,0.07038647342995169,0.06046993845451288,0.12673865046473068,0.23684210526315788,0.0,,,,0,6,127,43
h20_d07,VIXPercentileCalibrated,22,3966,127,0.668732782369146,0.07038647342995169,0.06046993845451288,0.12673865046473068,0.23684210526315788,0.0,,,,0,6,127,44
h20_d07,VIXPercentileCalibrated,22,3966,127,0.668732782369146,0.07038647342995169,0.06046993845451288,0.12673865046473068,0.23684210526315788,0.0,,,,0,6,127,45
h20_d07,VIXPercentileCalibrated,22,3966,127,0.668732782369146,0.07038647342995169,0.06046993845451288,0.12673865046473068,0.23684210526315788,0.0,,,,0,6,127,46
h20_d07,HarRvThreshold,22,3966,127,0.4612794612794613,0.058406203628150126,0.056210234249025263,0.04432155792565314,0.05217043797245848,0.0,,,,0,6,105,42
h20_d07,HarRvThreshold,22,3966,127,0.4612794612794613,0.058406203628150126,0.056210234249025263,0.04432155792565314,0.05217043797245848,0.0,,,,0,6,105,43
h20_d07,HarRvThreshold,22,3966,127,0.4612794612794613,0.058406203628150126,0.056210234249025263,0.04432155792565314,0.05217043797245848,0.0,,,,0,6,105,44
h20_d07,HarRvThreshold,22,3966,127,0.4612794612794613,0.058406203628150126,0.056210234249025263,0.04432155792565314,0.05217043797245848,0.0,,,,0,6,105,45
h20_d07,HarRvThreshold,22,3966,127,0.4612794612794613,0.058406203628150126,0.056210234249025263,0.04432155792565314,0.05217043797245848,0.0,,,,0,6,105,46
h20_d07,LogisticRegressionL2,22,3966,127,0.25068870523415976,0.03480605235351458,0.21120012347289946,0.3998024011581203,0.6861741493528267,0.0,,,,0,6,127,42
h20_d07,LogisticRegressionL2,22,3966,127,0.25068870523415976,0.03480605235351458,0.21120012347289946,0.3998024011581203,0.6861741493528267,0.0,,,,0,6,127,43
h20_d07,LogisticRegressionL2,22,3966,127,0.25068870523415976,0.03480605235351458,0.21120012347289946,0.3998024011581203,0.6861741493528267,0.0,,,,0,6,127,44
h20_d07,LogisticRegressionL2,22,3966,127,0.25068870523415976,0.03480605235351458,0.21120012347289946,0.3998024011581203,0.6861741493528267,0.0,,,,0,6,127,45
h20_d07,LogisticRegressionL2,22,3966,127,0.25068870523415976,0.03480605235351458,0.21120012347289946,0.3998024011581203,0.6861741493528267,0.0,,,,0,6,127,46
h20_d07,LightGbmTuned,22,3966,127,0.5440771349862258,0.055295643813711284,0.2104958071726544,0.40332611932728074,0.6111162891897998,0.0,,,,0,6,127,42
h20_d07,LightGbmTuned,22,3966,127,0.5440771349862258,0.055295643813711284,0.2104958071726544,0.40332611932728074,0.6111162891897998,0.0,,,,0,6,127,43
h20_d07,LightGbmTuned,22,3966,127,0.5440771349862258,0.055295643813711284,0.2104958071726544,0.40332611932728074,0.6111162891897998,0.0,,,,0,6,127,44
h20_d07,LightGbmTuned,22,3966,127,0.5440771349862258,0.055295643813711284,0.2104958071726544,0.40332611932728074,0.6111162891897998,0.0,,,,0,6,127,45
h20_d07,LightGbmTuned,22,3966,127,0.5440771349862258,0.055295643813711284,0.2104958071726544,0.40332611932728074,0.6111162891897998,0.0,,,,0,6,127,46
