stress_def,model,fold_id,n_train,n_test,auc,pr_auc,brier,ece,threshold,alarm_rate,alarm_precision,drawdown_lift,severity_lift,n_alarms,n_events,n_test_eff,seed
h5_d03,NaiveBaseRate,1,2014,124,0.5,0.08064516129032258,0.0822702020602873,0.09015920812377871,0.1708043694141013,0.0,,,,0,10,124,42
h5_d03,NaiveBaseRate,1,2014,124,0.5,0.08064516129032258,0.0822702020602873,0.09015920812377871,0.1708043694141013,0.0,,,,0,10,124,43
h5_d03,NaiveBaseRate,1,2014,124,0.5,0.08064516129032258,0.0822702020602873,0.09015920812377871,0.1708043694141013,0.0,,,,0,10,124,44
h5_d03,NaiveBaseRate,1,2014,124,0.5,0.08064516129032258,0.0822702020602873,0.09015920812377871,0.1708043694141013,0.0,,,,0,10,124,45
h5_d03,NaiveBaseRate,1,2014,124,0.5,0.08064516129032258,0.0822702020602873,0.09015920812377871,0.1708043694141013,0.0,,,,0,10,124,46
h5_d03,VIXPercentileRaw,1,2014,124,0.38728070175438606,0.07210889215114888,0.12396064623587094,0.17890892782778617,0.9500248262164845,0.0,,,,0,10,124,42
h5_d03,VIXPercentileRaw,1,2014,124,0.38728070175438606,0.07210889215114888,0.12396064623587094,0.17890892782778617,0.9500248262164845,0.0,,,,0,10,124,43
h5_d03,VIXPercentileRaw,1,2014,124,0.38728070175438606,0.07210889215114888,0.12396064623587094,0.17890892782778617,0.9500248262164845,0.0,,,,0,10,124,44
h5_d03,VIXPercentileRaw,1,2014,124,0.38728070175438606,0.07210889215114888,0.12396064623587094,0.17890892782778617,0.9500248262164845,0.0,,,,0,10,124,45
h5_d03,VIXPercentileRaw,1,2014,124,0.38728070175438606,0.07210889215114888,0.12396064623587094,0.17890892782778617,0.9500248262164845,0.0,,,,0,10,124,46
h5_d03,VIXPercentileCalibrated,1,2014,124,0.42061403508771933,0.07510188885426078,0.07770220108137453,0.03849692780337941,0.4,0.0,,,,0,10,124,42
h5_d03,VIXPercentileCalibrated,1,2014,124,0.42061403508771933,0.07510188885426078,0.07770220108137453,0.03849692780337941,0.4,0.0,,,,0,10,124,43
h5_d03,VIXPercentileCalibrated,1,2014,124,0.42061403508771933,0.07510188885426078,0.07770220108137453,0.03849692780337941,0.4,0.0,,,,0,10,124,44
h5_d03,VIXPercentileCalibrated,1,2014,124,0.42061403508771933,0.07510188885426078,0.07770220108137453,0.03849692780337941,0.4,0.0,,,,0,10,124,45
h5_d03,VIXPercentileCalibrated,1,2014,124,0.42061403508771933,0.07510188885426078,0.07770220108137453,0.03849692780337941,0.4,0.0,,,,0,10,124,46
h5_d03,HarRvThreshold,1,2014,124,0.19791666666666666,0.041470576471474875,0.05783634401564577,0.0420657958772475,0.21568948793860138,0.0,,,,0,6,102,42
h5_d03,HarRvThreshold,1,2014,124,0.19791666666666666,0.041470576471474875,0.05783634401564577,0.0420657958772475,0.21568948793860138,0.0,,,,0,6,102,43
h5_d03,HarRvThreshold,1,2014,124,0.19791666666666666,0.041470576471474875,0.05783634401564577,0.0420657958772475,0.21568948793860138,0.0,,,,0,6,102,44
h5_d03,HarRvThreshold,1,2014,124,0.19791666666666666,0.041470576471474875,0.05783634401564577,0.0420657958772475,0.21568948793860138,0.0,,,,0,6,102,45
h5_d03,HarRvThreshold,1,2014,124,0.19791666666666666,0.041470576471474875,0.05783634401564577,0.0420657958772475,0.21568948793860138,0.0,,,,0,6,102,46
h5_d03,LogisticRegressionL2,1,2014,124,0.3868421052631579,0.07877401634881721,0.19578507953933824,0.3265191842780294,0.8070204180877473,0.0,,,,0,10,124,42
h5_d03,LogisticRegressionL2,1,2014,124,0.3868421052631579,0.07877401634881721,0.19578507953933824,0.3265191842780294,0.8070204180877473,0.0,,,,0,10,124,43
h5_d03,LogisticRegressionL2,1,2014,124,0.3868421052631579,0.07877401634881721,0.19578507953933824,0.3265191842780294,0.8070204180877473,0.0,,,,0,10,124,44
h5_d03,LogisticRegressionL2,1,2014,124,0.3868421052631579,0.07877401634881721,0.19578507953933824,0.3265191842780294,0.8070204180877473,0.0,,,,0,10,124,45
h5_d03,LogisticRegressionL2,1,2014,124,0.3868421052631579,0.07877401634881721,0.19578507953933824,0.3265191842780294,0.8070204180877473,0.0,,,,0,10,124,46
h5_d03,LightGbmTuned,1,2014,124,0.42017543859649126,0.08608020007977679,0.20543306854079044,0.3323216916149998,0.6927771335058339,0.0,,,,0,10,124,42
h5_d03,LightGbmTuned,1,2014,124,0.42017543859649126,0.08608020007977679,0.20543306854079044,0.3323216916149998,0.6927771335058339,0.0,,,,0,10,124,43
h5_d03,LightGbmTuned,1,2014,124,0.42017543859649126,0.08608020007977679,0.20543306854079044,0.3323216916149998,0.6927771335058339,0.0,,,,0,10,124,44
h5_d03,LightGbmTuned,1,2014,124,0.42017543859649126,0.08608020007977679,0.20543306854079044,0.3323216916149998,0.6927771335058339,0.0,,,,0,10,124,45
h5_d03,LightGbmTuned,1,2014,124,0.42017543859649126,0.08608020007977679,0.20543306854079044,0.3323216916149998,0.6927771335058339,0.0,,,,0,10,124,46
h5_d03,NaiveBaseRate,2,2138,127,0.5,0.1968503937007874,0.15907844743502042,0.03127508967833659,0.16557530402245088,0.0,,,,0,25,127,42
h5_d03,NaiveBaseRate,2,2138,127,0.5,0.1968503937007874,0.15907844743502042,0.03127508967833659,0.16557530402245088,0.0,,,,0,25,127,43
h5_d03,NaiveBaseRate,2,2138,127,0.5,0.1968503937007874,0.15907844743502042,0.03127508967833659,0.16557530402245088,0.0,,,,0,25,127,44
h5_d03,NaiveBaseRate,2,2138,127,0.5,0.1968503937007874,0.15907844743502042,0.03127508967833659,0.16557530402245088,0.0,,,,0,25,127,45
h5_d03,NaiveBaseRate,2,2138,127,0.5,0.1968503937007874,0.15907844743502042,0.03127508967833659,0.16557530402245088,0.0,,,,0,25,127,46
h5_d03,VIXPercentileRaw,2,2138,127,0.5335294117647059,0.23846415135419288,0.25798118298197903,0.2672156625884814,0.950023386342376,0.0,,,,0,25,127,42
h5_d03,VIXPercentileRaw,2,2138,127,0.5335294117647059,0.23846415135419288,0.25798118298197903,0.2672156625884814,0.950023386342376,0.0,,,,0,25,127,43
h5_d03,VIXPercentileRaw,2,2138,127,0.5335294117647059,0.23846415135419288,0.25798118298197903,0.2672156625884814,0.950023386342376,0.0,,,,0,25,127,44
h5_d03,VIXPercentileRaw,2,2138,127,0.5335294117647059,0.23846415135419288,0.25798118298197903,0.2672156625884814,0.950023386342376,0.0,,,,0,25,127,45
h5_d03,VIXPercentileRaw,2,2138,127,0.5335294117647059,0.23846415135419288,0.25798118298197903,0.2672156625884814,0.950023386342376,0.0,,,,0,25,127,46
h5_d03,VIXPercentileCalibrated,2,2138,127,0.5243137254901961,0.20906775627476243,0.16446972348739103,0.07699687490127474,0.4,0.0,,,,0,25,127,42
h5_d03,VIXPercentileCalibrated,2,2138,127,0.5243137254901961,0.20906775627476243,0.16446972348739103,0.07699687490127474,0.4,0.0,,,,0,25,127,43
h5_d03,VIXPercentileCalibrated,2,2138,127,0.5243137254901961,0.20906775627476243,0.16446972348739103,0.07699687490127474,0.4,0.0,,,,0,25,127,44
h5_d03,VIXPercentileCalibrated,2,2138,127,0.5243137254901961,0.20906775627476243,0.16446972348739103,0.07699687490127474,0.4,0.0,,,,0,25,127,45
h5_d03,VIXPercentileCalibrated,2,2138,127,0.5243137254901961,0.20906775627476243,0.16446972348739103,0.07699687490127474,0.4,0.0,,,,0,25,127,46
h5_d03,HarRvThreshold,2,2138,127,0.492576882290562,0.27856692857348697,0.19865115093958072,0.16699221528540498,0.2048654961872698,0.0,,,,0,23,105,42
h5_d03,HarRvThreshold,2,2138,127,0.492576882290562,0.27856692857348697,0.19865115093958072,0.16699221528540498,0.2048654961872698,0.0,,,,0,23,105,43
h5_d03,HarRvThreshold,2,2138,127,0.492576882290562,0.27856692857348697,0.19865115093958072,0.16699221528540498,0.2048654961872698,0.0,,,,0,23,105,44
h5_d03,HarRvThreshold,2,2138,127,0.492576882290562,0.27856692857348697,0.19865115093958072,0.16699221528540498,0.2048654961872698,0.0,,,,0,23,105,45
h5_d03,HarRvThreshold,2,2138,127,0.492576882290562,0.27856692857348697,0.19865115093958072,0.16699221528540498,0.2048654961872698,0.0,,,,0,23,105,46
h5_d03,LogisticRegressionL2,2,2138,127,0.5509803921568627,0.25574393183442373,0.26306691483001265,0.3060148447096089,0.8012006286838285,0.047244094488188976,0.5,1.6383323876572005,0.7362715833664861,6,25,127,42
h5_d03,LogisticRegressionL2,2,2138,127,0.5509803921568627,0.25574393183442373,0.26306691483001265,0.3060148447096089,0.8012006286838285,0.047244094488188976,0.5,1.6383323876572005,0.7362715833664861,6,25,127,43
h5_d03,LogisticRegressionL2,2,2138,127,0.5509803921568627,0.25574393183442373,0.26306691483001265,0.3060148447096089,0.8012006286838285,0.047244094488188976,0.5,1.6383323876572005,0.7362715833664861,6,25,127,44
h5_d03,LogisticRegressionL2,2,2138,127,0.5509803921568627,0.25574393183442373,0.26306691483001265,0.3060148447096089,0.8012006286838285,0.047244094488188976,0.5,1.6383323876572005,0.7362715833664861,6,25,127,45
h5_d03,LogisticRegressionL2,2,2138,127,0.5509803921568627,0.25574393183442373,0.26306691483001265,0.3060148447096089,0.8012006286838285,0.047244094488188976,0.5,1.6383323876572005,0.7362715833664861,6,25,127,46
h5_d03,LightGbmTuned,2,2138,127,0.5392156862745099,0.21397885698482683,0.2598425198842305,0.30480555197894904,0.6908935439489083,0.0,,,,0,25,127,42
h5_d03,LightGbmTuned,2,2138,127,0.5392156862745099,0.21397885698482683,0.2598425198842305,0.30480555197894904,0.6908935439489083,0.0,,,,0,25,127,43
h5_d03,LightGbmTuned,2,2138,127,0.5392156862745099,0.21397885698482683,0.2598425198842305,0.30480555197894904,0.6908935439489083,0.0,,,,0,25,127,44
h5_d03,LightGbmTuned,2,2138,127,0.5392156862745099,0.21397885698482683,0.2598425198842305,0.30480555197894904,0.6908935439489083,0.0,,,,0,25,127,45
h5_d03,LightGbmTuned,2,2138,127,0.5392156862745099,0.21397885698482683,0.2598425198842305,0.30480555197894904,0.6908935439489083,0.0,,,,0,25,127,46
h5_d03,NaiveBaseRate,3,2265,126,0.5,0.15079365079365079,0.12832834074621718,0.01653526752864498,0.1673289183222958,0.0,,,,0,19,126,42
h5_d03,NaiveBaseRate,3,2265,126,0.5,0.15079365079365079,0.12832834074621718,0.01653526752864498,0.1673289183222958,0.0,,,,0,19,126,43
h5_d03,NaiveBaseRate,3,2265,126,0.5,0.15079365079365079,0.12832834074621718,0.01653526752864498,0.1673289183222958,0.0,,,,0,19,126,44
h5_d03,NaiveBaseRate,3,2265,126,0.5,0.15079365079365079,0.12832834074621718,0.01653526752864498,0.1673289183222958,0.0,,,,0,19,126,45
h5_d03,NaiveBaseRate,3,2265,126,0.5,0.15079365079365079,0.12832834074621718,0.01653526752864498,0.1673289183222958,0.0,,,,0,19,126,46
h5_d03,VIXPercentileRaw,3,2265,126,0.7095425479586818,0.2317170490806975,0.24413568605665442,0.3269280633519044,0.9501103752759382,0.0,,,,0,19,126,42
h5_d03,VIXPercentileRaw,3,2265,126,0.7095425479586818,0.2317170490806975,0.24413568605665442,0.3269280633519044,0.9501103752759382,0.0,,,,0,19,126,43
h5_d03,VIXPercentileRaw,3,2265,126,0.7095425479586818,0.2317170490806975,0.24413568605665442,0.3269280633519044,0.9501103752759382,0.0,,,,0,19,126,44
h5_d03,VIXPercentileRaw,3,2265,126,0.7095425479586818,0.2317170490806975,0.24413568605665442,0.3269280633519044,0.9501103752759382,0.0,,,,0,19,126,45
h5_d03,VIXPercentileRaw,3,2265,126,0.7095425479586818,0.2317170490806975,0.24413568605665442,0.3269280633519044,0.9501103752759382,0.0,,,,0,19,126,46
h5_d03,VIXPercentileCalibrated,3,2265,126,0.6896212493851451,0.21719738242307893,0.1223969885465781,0.025623059402676687,0.3106796116504854,0.0,,,,0,19,126,42
h5_d03,VIXPercentileCalibrated,3,2265,126,0.6896212493851451,0.21719738242307893,0.1223969885465781,0.025623059402676687,0.3106796116504854,0.0,,,,0,19,126,43
h5_d03,VIXPercentileCalibrated,3,2265,126,0.6896212493851451,0.21719738242307893,0.1223969885465781,0.025623059402676687,0.3106796116504854,0.0,,,,0,19,126,44
h5_d03,VIXPercentileCalibrated,3,2265,126,0.6896212493851451,0.21719738242307893,0.1223969885465781,0.025623059402676687,0.3106796116504854,0.0,,,,0,19,126,45
h5_d03,VIXPercentileCalibrated,3,2265,126,0.6896212493851451,0.21719738242307893,0.1223969885465781,0.025623059402676687,0.3106796116504854,0.0,,,,0,19,126,46
h5_d03,HarRvThreshold,3,2265,126,0.3181148748159057,0.10140617834061548,0.06474580523920064,0.036903156389980575,0.18655010793046287,0.0,,,,0,7,104,42
h5_d03,HarRvThreshold,3,2265,126,0.3181148748159057,0.10140617834061548,0.06474580523920064,0.036903156389980575,0.18655010793046287,0.0,,,,0,7,104,43
h5_d03,HarRvThreshold,3,2265,126,0.3181148748159057,0.10140617834061548,0.06474580523920064,0.036903156389980575,0.18655010793046287,0.0,,,,0,7,104,44
h5_d03,HarRvThreshold,3,2265,126,0.3181148748159057,0.10140617834061548,0.06474580523920064,0.036903156389980575,0.18655010793046287,0.0,,,,0,7,104,45
h5_d03,HarRvThreshold,3,2265,126,0.3181148748159057,0.10140617834061548,0.06474580523920064,0.036903156389980575,0.18655010793046287,0.0,,,,0,7,104,46
h5_d03,LogisticRegressionL2,3,2265,126,0.720118052139695,0.2544942277074181,0.21233886301177066,0.297863874040522,0.7902552022818508,0.0,,,,0,19,126,42
h5_d03,LogisticRegressionL2,3,2265,126,0.720118052139695,0.2544942277074181,0.21233886301177066,0.297863874040522,0.7902552022818508,0.0,,,,0,19,126,43
h5_d03,LogisticRegressionL2,3,2265,126,0.720118052139695,0.2544942277074181,0.21233886301177066,0.297863874040522,0.7902552022818508,0.0,,,,0,19,126,44
h5_d03,LogisticRegressionL2,3,2265,126,0.720118052139695,0.2544942277074181,0.21233886301177066,0.297863874040522,0.7902552022818508,0.0,,,,0,19,126,45
h5_d03,LogisticRegressionL2,3,2265,126,0.720118052139695,0.2544942277074181,0.21233886301177066,0.297863874040522,0.7902552022818508,0.0,,,,0,19,126,46
h5_d03,LightGbmTuned,3,2265,126,0.6515002459419577,0.31623625163912794,0.23044368371226895,0.3180841720652094,0.672250205942339,0.0,,,,0,19,126,42
h5_d03,LightGbmTuned,3,2265,126,0.6515002459419577,0.31623625163912794,0.23044368371226895,0.3180841720652094,0.672250205942339,0.0,,,,0,19,126,43
h5_d03,LightGbmTuned,3,2265,126,0.6515002459419577,0.31623625163912794,0.23044368371226895,0.3180841720652094,0.672250205942339,0.0,,,,0,19,126,44
h5_d03,LightGbmTuned,3,2265,126,0.6515002459419577,0.31623625163912794,0.23044368371226895,0.3180841720652094,0.672250205942339,0.0,,,,0,19,126,45
h5_d03,LightGbmTuned,3,2265,126,0.6515002459419577,0.31623625163912794,0.23044368371226895,0.3180841720652094,0.672250205942339,0.0,,,,0,19,126,46
h5_d03,NaiveBaseRate,4,2391,127,0.5,0.031496062992125984,0.04871866375207152,0.1349614861504921,0.16645754914261815,0.0,,,,0,4,127,42
h5_d03,NaiveBaseRate,4,2391,127,0.5,0.031496062992125984,0.04871866375207152,0.1349614861504921,0.16645754914261815,0.0,,,,0,4,127,43
h5_d03,NaiveBaseRate,4,2391,127,0.5,0.031496062992125984,0.04871866375207152,0.1349614861504921,0.16645754914261815,0.0,,,,0,4,127,44
h5_d03,NaiveBaseRate,4,2391,127,0.5,0.031496062992125984,0.04871866375207152,0.1349614861504921,0.16645754914261815,0.0,,,,0,4,127,45
h5_d03,NaiveBaseRate,4,2391,127,0.5,0.031496062992125984,0.04871866375207152,0.1349614861504921,0.16645754914261815,0.0,,,,0,4,127,46
h5_d03,VIXPercentileRaw,4,2391,127,0.5152439024390244,0.06076562326562326,0.07135173634483062,0.15455596281330583,0.9500209117524049,0.0,,,,0,4,127,42
h5_d03,VIXPercentileRaw,4,2391,127,0.5152439024390244,0.06076562326562326,0.07135173634483062,0.15455596281330583,0.9500209117524049,0.0,,,,0,4,127,43
h5_d03,VIXPercentileRaw,4,2391,127,0.5152439024390244,0.06076562326562326,0.07135173634483062,0.15455596281330583,0.9500209117524049,0.0,,,,0,4,127,44
h5_d03,VIXPercentileRaw,4,2391,127,0.5152439024390244,0.06076562326562326,0.07135173634483062,0.15455596281330583,0.9500209117524049,0.0,,,,0,4,127,45
h5_d03,VIXPercentileRaw,4,2391,127,0.5152439024390244,0.06076562326562326,0.07135173634483062,0.15455596281330583,0.9500209117524049,0.0,,,,0,4,127,46
h5_d03,VIXPercentileCalibrated,4,2391,127,0.556910569105691,0.044726930320150654,0.032458654481756895,0.03634927011427014,0.3106796116504854,0.0,,,,0,4,127,42
h5_d03,VIXPercentileCalibrated,4,2391,127,0.556910569105691,0.044726930320150654,0.032458654481756895,0.03634927011427014,0.3106796116504854,0.0,,,,0,4,127,43
h5_d03,VIXPercentileCalibrated,4,2391,127,0.556910569105691,0.044726930320150654,0.032458654481756895,0.03634927011427014,0.3106796116504854,0.0,,,,0,4,127,44
h5_d03,VIXPercentileCalibrated,4,2391,127,0.556910569105691,0.044726930320150654,0.032458654481756895,0.03634927011427014,0.3106796116504854,0.0,,,,0,4,127,45
h5_d03,VIXPercentileCalibrated,4,2391,127,0.556910569105691,0.044726930320150654,0.032458654481756895,0.03634927011427014,0.3106796116504854,0.0,,,,0,4,127,46
h5_d03,HarRvThreshold,4,2391,127,0.16336633663366337,0.029337474120082817,0.03803962501978349,0.02635296490265005,0.17477417855802238,0.0,,,,0,4,105,42
h5_d03,HarRvThreshold,4,2391,127,0.16336633663366337,0.029337474120082817,0.03803962501978349,0.02635296490265005,0.17477417855802238,0.0,,,,0,4,105,43
h5_d03,HarRvThreshold,4,2391,127,0.16336633663366337,0.029337474120082817,0.03803962501978349,0.02635296490265005,0.17477417855802238,0.0,,,,0,4,105,44
h5_d03,HarRvThreshold,4,2391,127,0.16336633663366337,0.029337474120082817,0.03803962501978349,0.02635296490265005,0.17477417855802238,0.0,,,,0,4,105,45
h5_d03,HarRvThreshold,4,2391,127,0.16336633663366337,0.029337474120082817,0.03803962501978349,0.02635296490265005,0.17477417855802238,0.0,,,,0,4,105,46
h5_d03,LogisticRegressionL2,4,2391,127,0.35569105691056907,0.02903738418444301,0.1260487176086818,0.2936866823977586,0.7826495789211921,0.0,,,,0,4,127,42
h5_d03,LogisticRegressionL2,4,2391,127,0.35569105691056907,0.02903738418444301,0.1260487176086818,0.2936866823977586,0.7826495789211921,0.0,,,,0,4,127,43
h5_d03,LogisticRegressionL2,4,2391,127,0.35569105691056907,0.02903738418444301,0.1260487176086818,0.2936866823977586,0.7826495789211921,0.0,,,,0,4,127,44
h5_d03,LogisticRegressionL2,4,2391,127,0.35569105691056907,0.02903738418444301,0.1260487176086818,0.2936866823977586,0.7826495789211921,0.0,,,,0,4,127,45
h5_d03,LogisticRegressionL2,4,2391,127,0.35569105691056907,0.02903738418444301,0.1260487176086818,0.2936866823977586,0.7826495789211921,0.0,,,,0,4,127,46
h5_d03,LightGbmTuned,4,2391,127,0.3485772357723577,0.029068624088175437,0.1377221309379612,0.31194259889526693,0.6774534866154412,0.0,,,,0,4,127,42
h5_d03,LightGbmTuned,4,2391,127,0.3485772357723577,0.029068624088175437,0.1377221309379612,0.31194259889526693,0.6774534866154412,0.0,,,,0,4,127,43
h5_d03,LightGbmTuned,4,2391,127,0.3485772357723577,0.029068624088175437,0.1377221309379612,0.31194259889526693,0.6774534866154412,0.0,,,,0,4,127,44
h5_d03,LightGbmTuned,4,2391,127,0.3485772357723577,0.029068624088175437,0.1377221309379612,0.31194259889526693,0.6774534866154412,0.0,,,,0,4,127,45
h5_d03,LightGbmTuned,4,2391,127,0.3485772357723577,0.029068624088175437,0.1377221309379612,0.31194259889526693,0.6774534866154412,0.0,,,,0,4,127,46
h5_d03,NaiveBaseRate,5,2518,125,0.5,0.016,0.0363794708283047,0.1436505162827641,0.1596505162827641,0.0,,,,0,2,125,42
h5_d03,NaiveBaseRate,5,2518,125,0.5,0.016,0.0363794708283047,0.1436505162827641,0.1596505162827641,0.0,,,,0,2,125,43
h5_d03,NaiveBaseRate,5,2518,125,0.5,0.016,0.0363794708283047,0.1436505162827641,0.1596505162827641,0.0,,,,0,2,125,44
h5_d03,NaiveBaseRate,5,2518,125,0.5,0.016,0.0363794708283047,0.1436505162827641,0.1596505162827641,0.0,,,,0,2,125,45
h5_d03,NaiveBaseRate,5,2518,125,0.5,0.016,0.0363794708283047,0.1436505162827641,0.1596505162827641,0.0,,,,0,2,125,46
h5_d03,VIXPercentileRaw,5,2518,125,0.7642276422764227,0.05213903743315508,0.024823964201198548,0.04471803018268467,0.9500198570293884,0.0,,,,0,2,125,42
h5_d03,VIXPercentileRaw,5,2518,125,0.7642276422764227,0.05213903743315508,0.024823964201198548,0.04471803018268467,0.9500198570293884,0.0,,,,0,2,125,43
h5_d03,VIXPercentileRaw,5,2518,125,0.7642276422764227,0.05213903743315508,0.024823964201198548,0.04471803018268467,0.9500198570293884,0.0,,,,0,2,125,44
h5_d03,VIXPercentileRaw,5,2518,125,0.7642276422764227,0.05213903743315508,0.024823964201198548,0.04471803018268467,0.9500198570293884,0.0,,,,0,2,125,45
h5_d03,VIXPercentileRaw,5,2518,125,0.7642276422764227,0.05213903743315508,0.024823964201198548,0.04471803018268467,0.9500198570293884,0.0,,,,0,2,125,46
h5_d03,VIXPercentileCalibrated,5,2518,125,0.774390243902439,0.05115089514066496,0.015933424631524917,0.005948475455295207,0.3106796116504854,0.0,,,,0,2,125,42
h5_d03,VIXPercentileCalibrated,5,2518,125,0.774390243902439,0.05115089514066496,0.015933424631524917,0.005948475455295207,0.3106796116504854,0.0,,,,0,2,125,43
h5_d03,VIXPercentileCalibrated,5,2518,125,0.774390243902439,0.05115089514066496,0.015933424631524917,0.005948475455295207,0.3106796116504854,0.0,,,,0,2,125,44
h5_d03,VIXPercentileCalibrated,5,2518,125,0.774390243902439,0.05115089514066496,0.015933424631524917,0.005948475455295207,0.3106796116504854,0.0,,,,0,2,125,45
h5_d03,VIXPercentileCalibrated,5,2518,125,0.774390243902439,0.05115089514066496,0.015933424631524917,0.005948475455295207,0.3106796116504854,0.0,,,,0,2,125,46
h5_d03,HarRvThreshold,5,2518,125,0.7970297029702971,0.06666666666666667,0.019025624025963278,0.012144276474270096,0.17109697431737642,0.0,,,,0,2,103,42
h5_d03,HarRvThreshold,5,2518,125,0.7970297029702971,0.06666666666666667,0.019025624025963278,0.012144276474270096,0.17109697431737642,0.0,,,,0,2,103,43
h5_d03,HarRvThreshold,5,2518,125,0.7970297029702971,0.06666666666666667,0.019025624025963278,0.012144276474270096,0.17109697431737642,0.0,,,,0,2,103,44
h5_d03,HarRvThreshold,5,2518,125,0.7970297029702971,0.06666666666666667,0.019025624025963278,0.012144276474270096,0.17109697431737642,0.0,,,,0,2,103,45
h5_d03,HarRvThreshold,5,2518,125,0.7970297029702971,0.06666666666666667,0.019025624025963278,0.012144276474270096,0.17109697431737642,0.0,,,,0,2,103,46
h5_d03,LogisticRegressionL2,5,2518,125,0.8048780487804879,0.05982142857142857,0.08981365885907217,0.26033982773826864,0.7844923932173402,0.0,,,,0,2,125,42
h5_d03,LogisticRegressionL2,5,2518,125,0.8048780487804879,0.05982142857142857,0.08981365885907217,0.26033982773826864,0.7844923932173402,0.0,,,,0,2,125,43
h5_d03,LogisticRegressionL2,5,2518,125,0.8048780487804879,0.05982142857142857,0.08981365885907217,0.26033982773826864,0.7844923932173402,0.0,,,,0,2,125,44
h5_d03,LogisticRegressionL2,5,2518,125,0.8048780487804879,0.05982142857142857,0.08981365885907217,0.26033982773826864,0.7844923932173402,0.0,,,,0,2,125,45
h5_d03,LogisticRegressionL2,5,2518,125,0.8048780487804879,0.05982142857142857,0.08981365885907217,0.26033982773826864,0.7844923932173402,0.0,,,,0,2,125,46
h5_d03,LightGbmTuned,5,2518,125,0.8170731707317073,0.06003584229390681,0.11154669962223686,0.30870027005629097,0.6789709496383096,0.0,,,,0,2,125,42
h5_d03,LightGbmTuned,5,2518,125,0.8170731707317073,0.06003584229390681,0.11154669962223686,0.30870027005629097,0.6789709496383096,0.0,,,,0,2,125,43
h5_d03,LightGbmTuned,5,2518,125,0.8170731707317073,0.06003584229390681,0.11154669962223686,0.30870027005629097,0.6789709496383096,0.0,,,,0,2,125,44
h5_d03,LightGbmTuned,5,2518,125,0.8170731707317073,0.06003584229390681,0.11154669962223686,0.30870027005629097,0.6789709496383096,0.0,,,,0,2,125,45
h5_d03,LightGbmTuned,5,2518,125,0.8170731707317073,0.06003584229390681,0.11154669962223686,0.30870027005629097,0.6789709496383096,0.0,,,,0,2,125,46
h5_d03,NaiveBaseRate,6,2643,126,,,0.023365140880707878,0.15285660234581908,0.15285660234581913,0.0,,,,0,0,126,42
h5_d03,NaiveBaseRate,6,2643,126,,,0.023365140880707878,0.15285660234581908,0.15285660234581913,0.0,,,,0,0,126,43
h5_d03,NaiveBaseRate,6,2643,126,,,0.023365140880707878,0.15285660234581908,0.15285660234581913,0.0,,,,0,0,126,44
h5_d03,NaiveBaseRate,6,2643,126,,,0.023365140880707878,0.15285660234581908,0.15285660234581913,0.0,,,,0,0,126,45
h5_d03,NaiveBaseRate,6,2643,126,,,0.023365140880707878,0.15285660234581908,0.15285660234581913,0.0,,,,0,0,126,46
h5_d03,VIXPercentileRaw,6,2643,126,,,0.03788240997209239,0.15974211604177554,0.95001891789633,0.0,,,,0,0,126,42
h5_d03,VIXPercentileRaw,6,2643,126,,,0.03788240997209239,0.15974211604177554,0.95001891789633,0.0,,,,0,0,126,43
h5_d03,VIXPercentileRaw,6,2643,126,,,0.03788240997209239,0.15974211604177554,0.95001891789633,0.0,,,,0,0,126,44
h5_d03,VIXPercentileRaw,6,2643,126,,,0.03788240997209239,0.15974211604177554,0.95001891789633,0.0,,,,0,0,126,45
h5_d03,VIXPercentileRaw,6,2643,126,,,0.03788240997209239,0.15974211604177554,0.95001891789633,0.0,,,,0,0,126,46
h5_d03,VIXPercentileCalibrated,6,2643,126,,,0.003154327674393469,0.046206118172256436,0.3106796116504854,0.0,,,,0,0,126,42
h5_d03,VIXPercentileCalibrated,6,2643,126,,,0.003154327674393469,0.046206118172256436,0.3106796116504854,0.0,,,,0,0,126,43
h5_d03,VIXPercentileCalibrated,6,2643,126,,,0.003154327674393469,0.046206118172256436,0.3106796116504854,0.0,,,,0,0,126,44
h5_d03,VIXPercentileCalibrated,6,2643,126,,,0.003154327674393469,0.046206118172256436,0.3106796116504854,0.0,,,,0,0,126,45
h5_d03,VIXPercentileCalibrated,6,2643,126,,,0.003154327674393469,0.046206118172256436,0.3106796116504854,0.0,,,,0,0,126,46
h5_d03,HarRvThreshold,6,2643,126,,,0.0001480464282525636,0.010906555118825413,0.16802425312142988,0.0,,,,0,0,104,42
h5_d03,HarRvThreshold,6,2643,126,,,0.0001480464282525636,0.010906555118825413,0.16802425312142988,0.0,,,,0,0,104,43
h5_d03,HarRvThreshold,6,2643,126,,,0.0001480464282525636,0.010906555118825413,0.16802425312142988,0.0,,,,0,0,104,44
h5_d03,HarRvThreshold,6,2643,126,,,0.0001480464282525636,0.010906555118825413,0.16802425312142988,0.0,,,,0,0,104,45
h5_d03,HarRvThreshold,6,2643,126,,,0.0001480464282525636,0.010906555118825413,0.16802425312142988,0.0,,,,0,0,104,46
h5_d03,LogisticRegressionL2,6,2643,126,,,0.1594242068039342,0.39050744546131894,0.7968909364928173,0.0,,,,0,0,126,42
h5_d03,LogisticRegressionL2,6,2643,126,,,0.1594242068039342,0.39050744546131894,0.7968909364928173,0.0,,,,0,0,126,43
h5_d03,LogisticRegressionL2,6,2643,126,,,0.1594242068039342,0.39050744546131894,0.7968909364928173,0.0,,,,0,0,126,44
h5_d03,LogisticRegressionL2,6,2643,126,,,0.1594242068039342,0.39050744546131894,0.7968909364928173,0.0,,,,0,0,126,45
h5_d03,LogisticRegressionL2,6,2643,126,,,0.1594242068039342,0.39050744546131894,0.7968909364928173,0.0,,,,0,0,126,46
h5_d03,LightGbmTuned,6,2643,126,,,0.1430663644055471,0.36755775645410765,0.6969982121839204,0.0,,,,0,0,126,42
h5_d03,LightGbmTuned,6,2643,126,,,0.1430663644055471,0.36755775645410765,0.6969982121839204,0.0,,,,0,0,126,43
h5_d03,LightGbmTuned,6,2643,126,,,0.1430663644055471,0.36755775645410765,0.6969982121839204,0.0,,,,0,0,126,44
h5_d03,LightGbmTuned,6,2643,126,,,0.1430663644055471,0.36755775645410765,0.6969982121839204,0.0,,,,0,0,126,45
h5_d03,LightGbmTuned,6,2643,126,,,0.1430663644055471,0.36755775645410765,0.6969982121839204,0.0,,,,0,0,126,46
h5_d03,NaiveBaseRate,7,2769,125,0.5,0.184,0.15159553019611302,0.038098952690502036,0.14590104730949802,0.0,,,,0,23,125,42
h5_d03,NaiveBaseRate,7,2769,125,0.5,0.184,0.15159553019611302,0.038098952690502036,0.14590104730949802,0.0,,,,0,23,125,43
h5_d03,NaiveBaseRate,7,2769,125,0.5,0.184,0.15159553019611302,0.038098952690502036,0.14590104730949802,0.0,,,,0,23,125,44
h5_d03,NaiveBaseRate,7,2769,125,0.5,0.184,0.15159553019611302,0.038098952690502036,0.14590104730949802,0.0,,,,0,23,125,45
h5_d03,NaiveBaseRate,7,2769,125,0.5,0.184,0.15159553019611302,0.038098952690502036,0.14590104730949802,0.0,,,,0,23,125,46
h5_d03,VIXPercentileRaw,7,2769,125,0.5933503836317136,0.21009904457934708,0.278150252740154,0.3279855543517516,0.9500180570603105,0.0,,,,0,23,125,42
h5_d03,VIXPercentileRaw,7,2769,125,0.5933503836317136,0.21009904457934708,0.278150252740154,0.3279855543517516,0.9500180570603105,0.0,,,,0,23,125,43
h5_d03,VIXPercentileRaw,7,2769,125,0.5933503836317136,0.21009904457934708,0.278150252740154,0.3279855543517516,0.9500180570603105,0.0,,,,0,23,125,44
h5_d03,VIXPercentileRaw,7,2769,125,0.5933503836317136,0.21009904457934708,0.278150252740154,0.3279855543517516,0.9500180570603105,0.0,,,,0,23,125,45
h5_d03,VIXPercentileRaw,7,2769,125,0.5933503836317136,0.21009904457934708,0.278150252740154,0.3279855543517516,0.9500180570603105,0.0,,,,0,23,125,46
h5_d03,VIXPercentileCalibrated,7,2769,125,0.5835464620630861,0.22465728715728714,0.1552006169964984,0.10396051740366369,0.3106796116504854,0.0,,,,0,23,125,42
h5_d03,VIXPercentileCalibrated,7,2769,125,0.5835464620630861,0.22465728715728714,0.1552006169964984,0.10396051740366369,0.3106796116504854,0.0,,,,0,23,125,43
h5_d03,VIXPercentileCalibrated,7,2769,125,0.5835464620630861,0.22465728715728714,0.1552006169964984,0.10396051740366369,0.3106796116504854,0.0,,,,0,23,125,44
h5_d03,VIXPercentileCalibrated,7,2769,125,0.5835464620630861,0.22465728715728714,0.1552006169964984,0.10396051740366369,0.3106796116504854,0.0,,,,0,23,125,45
h5_d03,VIXPercentileCalibrated,7,2769,125,0.5835464620630861,0.22465728715728714,0.1552006169964984,0.10396051740366369,0.3106796116504854,0.0,,,,0,23,125,46
h5_d03,HarRvThreshold,7,2769,125,0.43529411764705883,0.15275600683742735,0.16225973066904278,0.13632892239636246,0.16403050832676086,0.0,,,,0,18,103,42
h5_d03,HarRvThreshold,7,2769,125,0.43529411764705883,0.15275600683742735,0.16225973066904278,0.13632892239636246,0.16403050832676086,0.0,,,,0,18,103,43
h5_d03,HarRvThreshold,7,2769,125,0.43529411764705883,0.15275600683742735,0.16225973066904278,0.13632892239636246,0.16403050832676086,0.0,,,,0,18,103,44
h5_d03,HarRvThreshold,7,2769,125,0.43529411764705883,0.15275600683742735,0.16225973066904278,0.13632892239636246,0.16403050832676086,0.0,,,,0,18,103,45
h5_d03,HarRvThreshold,7,2769,125,0.43529411764705883,0.15275600683742735,0.16225973066904278,0.13632892239636246,0.16403050832676086,0.0,,,,0,18,103,46
h5_d03,LogisticRegressionL2,7,2769,125,0.5063938618925832,0.18250783166224538,0.2889061774704694,0.3336364755101433,0.8021584379121744,0.016,0.0,1.3278108233159425,,2,23,125,42
h5_d03,LogisticRegressionL2,7,2769,125,0.5063938618925832,0.18250783166224538,0.2889061774704694,0.3336364755101433,0.8021584379121744,0.016,0.0,1.3278108233159425,,2,23,125,43
h5_d03,LogisticRegressionL2,7,2769,125,0.5063938618925832,0.18250783166224538,0.2889061774704694,0.3336364755101433,0.8021584379121744,0.016,0.0,1.3278108233159425,,2,23,125,44
h5_d03,LogisticRegressionL2,7,2769,125,0.5063938618925832,0.18250783166224538,0.2889061774704694,0.3336364755101433,0.8021584379121744,0.016,0.0,1.3278108233159425,,2,23,125,45
h5_d03,LogisticRegressionL2,7,2769,125,0.5063938618925832,0.18250783166224538,0.2889061774704694,0.3336364755101433,0.8021584379121744,0.016,0.0,1.3278108233159425,,2,23,125,46
h5_d03,LightGbmTuned,7,2769,125,0.49786871270247224,0.18267650582763179,0.2735374153555902,0.31602077674986234,0.7037791363301483,0.008,0.0,0.5392413687501288,,1,23,125,42
h5_d03,LightGbmTuned,7,2769,125,0.49786871270247224,0.18267650582763179,0.2735374153555902,0.31602077674986234,0.7037791363301483,0.008,0.0,0.5392413687501288,,1,23,125,43
h5_d03,LightGbmTuned,7,2769,125,0.49786871270247224,0.18267650582763179,0.2735374153555902,0.31602077674986234,0.7037791363301483,0.008,0.0,0.5392413687501288,,1,23,125,44
h5_d03,LightGbmTuned,7,2769,125,0.49786871270247224,0.18267650582763179,0.2735374153555902,0.31602077674986234,0.7037791363301483,0.008,0.0,0.5392413687501288,,1,23,125,45
h5_d03,LightGbmTuned,7,2769,125,0.49786871270247224,0.18267650582763179,0.2735374153555902,0.31602077674986234,0.7037791363301483,0.008,0.0,0.5392413687501288,,1,23,125,46
h5_d03,NaiveBaseRate,8,2894,125,0.5,0.272,0.21350463676486253,0.1244533517622668,0.14754664823773325,0.0,,,,0,34,125,42
h5_d03,NaiveBaseRate,8,2894,125,0.5,0.272,0.21350463676486253,0.1244533517622668,0.14754664823773325,0.0,,,,0,34,125,43
h5_d03,NaiveBaseRate,8,2894,125,0.5,0.272,0.21350463676486253,0.1244533517622668,0.14754664823773325,0.0,,,,0,34,125,44
h5_d03,NaiveBaseRate,8,2894,125,0.5,0.272,0.21350463676486253,0.1244533517622668,0.14754664823773325,0.0,,,,0,34,125,45
h5_d03,NaiveBaseRate,8,2894,125,0.5,0.272,0.21350463676486253,0.1244533517622668,0.14754664823773325,0.0,,,,0,34,125,46
h5_d03,VIXPercentileRaw,8,2894,125,0.7188106011635423,0.3815287396333862,0.2644814335978114,0.3078120248790601,0.9500172771250863,0.0,,,,0,34,125,42
h5_d03,VIXPercentileRaw,8,2894,125,0.7188106011635423,0.3815287396333862,0.2644814335978114,0.3078120248790601,0.9500172771250863,0.0,,,,0,34,125,43
h5_d03,VIXPercentileRaw,8,2894,125,0.7188106011635423,0.3815287396333862,0.2644814335978114,0.3078120248790601,0.9500172771250863,0.0,,,,0,34,125,44
h5_d03,VIXPercentileRaw,8,2894,125,0.7188106011635423,0.3815287396333862,0.2644814335978114,0.3078120248790601,0.9500172771250863,0.0,,,,0,34,125,45
h5_d03,VIXPercentileRaw,8,2894,125,0.7188106011635423,0.3815287396333862,0.2644814335978114,0.3078120248790601,0.9500172771250863,0.0,,,,0,34,125,46
h5_d03,VIXPercentileCalibrated,8,2894,125,0.7278603749191984,0.4186242877419998,0.1906823632490177,0.13525126499525691,0.3106796116504854,0.0,,,,0,34,125,42
h5_d03,VIXPercentileCalibrated,8,2894,125,0.7278603749191984,0.4186242877419998,0.1906823632490177,0.13525126499525691,0.3106796116504854,0.0,,,,0,34,125,43
h5_d03,VIXPercentileCalibrated,8,2894,125,0.7278603749191984,0.4186242877419998,0.1906823632490177,0.13525126499525691,0.3106796116504854,0.0,,,,0,34,125,44
h5_d03,VIXPercentileCalibrated,8,2894,125,0.7278603749191984,0.4186242877419998,0.1906823632490177,0.13525126499525691,0.3106796116504854,0.0,,,,0,34,125,45
h5_d03,VIXPercentileCalibrated,8,2894,125,0.7278603749191984,0.4186242877419998,0.1906823632490177,0.13525126499525691,0.3106796116504854,0.0,,,,0,34,125,46
h5_d03,HarRvThreshold,8,2894,125,0.6255411255411255,0.37271771257390135,0.2756143098543593,0.2558235922316734,0.15871153875316327,0.02912621359223301,0.0,0.962034054915392,,3,33,103,42
h5_d03,HarRvThreshold,8,2894,125,0.6255411255411255,0.37271771257390135,0.2756143098543593,0.2558235922316734,0.15871153875316327,0.02912621359223301,0.0,0.962034054915392,,3,33,103,43
h5_d03,HarRvThreshold,8,2894,125,0.6255411255411255,0.37271771257390135,0.2756143098543593,0.2558235922316734,0.15871153875316327,0.02912621359223301,0.0,0.962034054915392,,3,33,103,44
h5_d03,HarRvThreshold,8,2894,125,0.6255411255411255,0.37271771257390135,0.2756143098543593,0.2558235922316734,0.15871153875316327,0.02912621359223301,0.0,0.962034054915392,,3,33,103,45
h5_d03,HarRvThreshold,8,2894,125,0.6255411255411255,0.37271771257390135,0.2756143098543593,0.2558235922316734,0.15871153875316327,0.02912621359223301,0.0,0.962034054915392,,3,33,103,46
h5_d03,LogisticRegressionL2,8,2894,125,0.7032967032967032,0.38074510161796815,0.24674006315536431,0.2710090012129365,0.7845150762365232,0.088,0.09090909090909091,1.004152364348073,1.6610494525712867,11,34,125,42
h5_d03,LogisticRegressionL2,8,2894,125,0.7032967032967032,0.38074510161796815,0.24674006315536431,0.2710090012129365,0.7845150762365232,0.088,0.09090909090909091,1.004152364348073,1.6610494525712867,11,34,125,43
h5_d03,LogisticRegressionL2,8,2894,125,0.7032967032967032,0.38074510161796815,0.24674006315536431,0.2710090012129365,0.7845150762365232,0.088,0.09090909090909091,1.004152364348073,1.6610494525712867,11,34,125,44
h5_d03,LogisticRegressionL2,8,2894,125,0.7032967032967032,0.38074510161796815,0.24674006315536431,0.2710090012129365,0.7845150762365232,0.088,0.09090909090909091,1.004152364348073,1.6610494525712867,11,34,125,45
h5_d03,LogisticRegressionL2,8,2894,125,0.7032967032967032,0.38074510161796815,0.24674006315536431,0.2710090012129365,0.7845150762365232,0.088,0.09090909090909091,1.004152364348073,1.6610494525712867,11,34,125,46
h5_d03,LightGbmTuned,8,2894,125,0.7104072398190044,0.4207446626970124,0.23056532723159123,0.23721361843745353,0.7062408405456236,0.0,,,,0,34,125,42
h5_d03,LightGbmTuned,8,2894,125,0.7104072398190044,0.4207446626970124,0.23056532723159123,0.23721361843745353,0.7062408405456236,0.0,,,,0,34,125,43
h5_d03,LightGbmTuned,8,2894,125,0.7104072398190044,0.4207446626970124,0.23056532723159123,0.23721361843745353,0.7062408405456236,0.0,,,,0,34,125,44
h5_d03,LightGbmTuned,8,2894,125,0.7104072398190044,0.4207446626970124,0.23056532723159123,0.23721361843745353,0.7062408405456236,0.0,,,,0,34,125,45
h5_d03,LightGbmTuned,8,2894,125,0.7104072398190044,0.4207446626970124,0.23056532723159123,0.23721361843745353,0.7062408405456236,0.0,,,,0,34,125,46
h5_d03,NaiveBaseRate,9,3019,125,0.5,0.104,0.09555564805914538,0.04869956939383903,0.15269956939383902,0.0,,,,0,13,125,42
h5_d03,NaiveBaseRate,9,3019,125,0.5,0.104,0.09555564805914538,0.04869956939383903,0.15269956939383902,0.0,,,,0,13,125,43
h5_d03,NaiveBaseRate,9,3019,125,0.5,0.104,0.09555564805914538,0.04869956939383903,0.15269956939383902,0.0,,,,0,13,125,44
h5_d03,NaiveBaseRate,9,3019,125,0.5,0.104,0.09555564805914538,0.04869956939383903,0.15269956939383902,0.0,,,,0,13,125,45
h5_d03,NaiveBaseRate,9,3019,125,0.5,0.104,0.09555564805914538,0.04869956939383903,0.15269956939383902,0.0,,,,0,13,125,46
h5_d03,VIXPercentileRaw,9,3019,125,0.6589972527472528,0.17543976756221907,0.27615557382464884,0.4119854256376284,0.9500165617754223,0.0,,,,0,13,125,42
h5_d03,VIXPercentileRaw,9,3019,125,0.6589972527472528,0.17543976756221907,0.27615557382464884,0.4119854256376284,0.9500165617754223,0.0,,,,0,13,125,43
h5_d03,VIXPercentileRaw,9,3019,125,0.6589972527472528,0.17543976756221907,0.27615557382464884,0.4119854256376284,0.9500165617754223,0.0,,,,0,13,125,44
h5_d03,VIXPercentileRaw,9,3019,125,0.6589972527472528,0.17543976756221907,0.27615557382464884,0.4119854256376284,0.9500165617754223,0.0,,,,0,13,125,45
h5_d03,VIXPercentileRaw,9,3019,125,0.6589972527472528,0.17543976756221907,0.27615557382464884,0.4119854256376284,0.9500165617754223,0.0,,,,0,13,125,46
h5_d03,VIXPercentileCalibrated,9,3019,125,0.6668956043956044,0.15139821584839663,0.0948736523562903,0.031023336358919292,0.3047619047619048,0.0,,,,0,13,125,42
h5_d03,VIXPercentileCalibrated,9,3019,125,0.6668956043956044,0.15139821584839663,0.0948736523562903,0.031023336358919292,0.3047619047619048,0.0,,,,0,13,125,43
h5_d03,VIXPercentileCalibrated,9,3019,125,0.6668956043956044,0.15139821584839663,0.0948736523562903,0.031023336358919292,0.3047619047619048,0.0,,,,0,13,125,44
h5_d03,VIXPercentileCalibrated,9,3019,125,0.6668956043956044,0.15139821584839663,0.0948736523562903,0.031023336358919292,0.3047619047619048,0.0,,,,0,13,125,45
h5_d03,VIXPercentileCalibrated,9,3019,125,0.6668956043956044,0.15139821584839663,0.0948736523562903,0.031023336358919292,0.3047619047619048,0.0,,,,0,13,125,46
h5_d03,HarRvThreshold,9,3019,125,0.5375457875457875,0.1420918988285607,0.11138446830224934,0.08985354576213557,0.15716187769255976,0.0,,,,0,12,103,42
h5_d03,HarRvThreshold,9,3019,125,0.5375457875457875,0.1420918988285607,0.11138446830224934,0.08985354576213557,0.15716187769255976,0.0,,,,0,12,103,43
h5_d03,HarRvThreshold,9,3019,125,0.5375457875457875,0.1420918988285607,0.11138446830224934,0.08985354576213557,0.15716187769255976,0.0,,,,0,12,103,44
h5_d03,HarRvThreshold,9,3019,125,0.5375457875457875,0.1420918988285607,0.11138446830224934,0.08985354576213557,0.15716187769255976,0.0,,,,0,12,103,45
h5_d03,HarRvThreshold,9,3019,125,0.5375457875457875,0.1420918988285607,0.11138446830224934,0.08985354576213557,0.15716187769255976,0.0,,,,0,12,103,46
h5_d03,LogisticRegressionL2,9,3019,125,0.5954670329670331,0.13865696517035603,0.21783281375393637,0.32624537730645115,0.7863349439491242,0.016,0.0,1.4692366826273655,,2,13,125,42
h5_d03,LogisticRegressionL2,9,3019,125,0.5954670329670331,0.13865696517035603,0.21783281375393637,0.32624537730645115,0.7863349439491242,0.016,0.0,1.4692366826273655,,2,13,125,43
h5_d03,LogisticRegressionL2,9,3019,125,0.5954670329670331,0.13865696517035603,0.21783281375393637,0.32624537730645115,0.7863349439491242,0.016,0.0,1.4692366826273655,,2,13,125,44
h5_d03,LogisticRegressionL2,9,3019,125,0.5954670329670331,0.13865696517035603,0.21783281375393637,0.32624537730645115,0.7863349439491242,0.016,0.0,1.4692366826273655,,2,13,125,45
h5_d03,LogisticRegressionL2,9,3019,125,0.5954670329670331,0.13865696517035603,0.21783281375393637,0.32624537730645115,0.7863349439491242,0.016,0.0,1.4692366826273655,,2,13,125,46
h5_d03,LightGbmTuned,9,3019,125,0.6188186813186813,0.14270898109694097,0.22425436760752537,0.34545434456881485,0.7095783213794884,0.0,,,,0,13,125,42
h5_d03,LightGbmTuned,9,3019,125,0.6188186813186813,0.14270898109694097,0.22425436760752537,0.34545434456881485,0.7095783213794884,0.0,,,,0,13,125,43
h5_d03,LightGbmTuned,9,3019,125,0.6188186813186813,0.14270898109694097,0.22425436760752537,0.34545434456881485,0.7095783213794884,0.0,,,,0,13,125,44
h5_d03,LightGbmTuned,9,3019,125,0.6188186813186813,0.14270898109694097,0.22425436760752537,0.34545434456881485,0.7095783213794884,0.0,,,,0,13,125,45
h5_d03,LightGbmTuned,9,3019,125,0.6188186813186813,0.14270898109694097,0.22425436760752537,0.34545434456881485,0.7095783213794884,0.0,,,,0,13,125,46
h5_d03,NaiveBaseRate,10,3144,127,0.5,0.09448818897637795,0.08872706585661415,0.056275169802247976,0.15076335877862596,0.0,,,,0,12,127,42
h5_d03,NaiveBaseRate,10,3144,127,0.5,0.09448818897637795,0.08872706585661415,0.056275169802247976,0.15076335877862596,0.0,,,,0,12,127,43
h5_d03,NaiveBaseRate,10,3144,127,0.5,0.09448818897637795,0.08872706585661415,0.056275169802247976,0.15076335877862596,0.0,,,,0,12,127,44
h5_d03,NaiveBaseRate,10,3144,127,0.5,0.09448818897637795,0.08872706585661415,0.056275169802247976,0.15076335877862596,0.0,,,,0,12,127,45
h5_d03,NaiveBaseRate,10,3144,127,0.5,0.09448818897637795,0.08872706585661415,0.056275169802247976,0.15076335877862596,0.0,,,,0,12,127,46
h5_d03,VIXPercentileRaw,10,3144,127,0.6557971014492754,0.14267496088002168,0.21734049840267844,0.33960950491875536,0.950015903307888,0.0,,,,0,12,127,42
h5_d03,VIXPercentileRaw,10,3144,127,0.6557971014492754,0.14267496088002168,0.21734049840267844,0.33960950491875536,0.950015903307888,0.0,,,,0,12,127,43
h5_d03,VIXPercentileRaw,10,3144,127,0.6557971014492754,0.14267496088002168,0.21734049840267844,0.33960950491875536,0.950015903307888,0.0,,,,0,12,127,44
h5_d03,VIXPercentileRaw,10,3144,127,0.6557971014492754,0.14267496088002168,0.21734049840267844,0.33960950491875536,0.950015903307888,0.0,,,,0,12,127,45
h5_d03,VIXPercentileRaw,10,3144,127,0.6557971014492754,0.14267496088002168,0.21734049840267844,0.33960950491875536,0.950015903307888,0.0,,,,0,12,127,46
h5_d03,VIXPercentileCalibrated,10,3144,127,0.5992753623188406,0.13052104899930989,0.08776117218330717,0.015640629244846705,0.3047619047619048,0.0,,,,0,12,127,42
h5_d03,VIXPercentileCalibrated,10,3144,127,0.5992753623188406,0.13052104899930989,0.08776117218330717,0.015640629244846705,0.3047619047619048,0.0,,,,0,12,127,43
h5_d03,VIXPercentileCalibrated,10,3144,127,0.5992753623188406,0.13052104899930989,0.08776117218330717,0.015640629244846705,0.3047619047619048,0.0,,,,0,12,127,44
h5_d03,VIXPercentileCalibrated,10,3144,127,0.5992753623188406,0.13052104899930989,0.08776117218330717,0.015640629244846705,0.3047619047619048,0.0,,,,0,12,127,45
h5_d03,VIXPercentileCalibrated,10,3144,127,0.5992753623188406,0.13052104899930989,0.08776117218330717,0.015640629244846705,0.3047619047619048,0.0,,,,0,12,127,46
h5_d03,HarRvThreshold,10,3144,127,0.6920103092783505,0.15439200225706817,0.07083404398726942,0.04788261991263572,0.1572020595799785,0.0,,,,0,8,105,42
h5_d03,HarRvThreshold,10,3144,127,0.6920103092783505,0.15439200225706817,0.07083404398726942,0.04788261991263572,0.1572020595799785,0.0,,,,0,8,105,43
h5_d03,HarRvThreshold,10,3144,127,0.6920103092783505,0.15439200225706817,0.07083404398726942,0.04788261991263572,0.1572020595799785,0.0,,,,0,8,105,44
h5_d03,HarRvThreshold,10,3144,127,0.6920103092783505,0.15439200225706817,0.07083404398726942,0.04788261991263572,0.1572020595799785,0.0,,,,0,8,105,45
h5_d03,HarRvThreshold,10,3144,127,0.6920103092783505,0.15439200225706817,0.07083404398726942,0.04788261991263572,0.1572020595799785,0.0,,,,0,8,105,46
h5_d03,LogisticRegressionL2,10,3144,127,0.7021739130434782,0.1756980009075555,0.16400610294544118,0.2701225018284808,0.7800478181302807,0.0,,,,0,12,127,42
h5_d03,LogisticRegressionL2,10,3144,127,0.7021739130434782,0.1756980009075555,0.16400610294544118,0.2701225018284808,0.7800478181302807,0.0,,,,0,12,127,43
h5_d03,LogisticRegressionL2,10,3144,127,0.7021739130434782,0.1756980009075555,0.16400610294544118,0.2701225018284808,0.7800478181302807,0.0,,,,0,12,127,44
h5_d03,LogisticRegressionL2,10,3144,127,0.7021739130434782,0.1756980009075555,0.16400610294544118,0.2701225018284808,0.7800478181302807,0.0,,,,0,12,127,45
h5_d03,LogisticRegressionL2,10,3144,127,0.7021739130434782,0.1756980009075555,0.16400610294544118,0.2701225018284808,0.7800478181302807,0.0,,,,0,12,127,46
h5_d03,LightGbmTuned,10,3144,127,0.6554347826086957,0.15885850260850262,0.17005728700737147,0.280512667997013,0.7007992605071085,0.0,,,,0,12,127,42
h5_d03,LightGbmTuned,10,3144,127,0.6554347826086957,0.15885850260850262,0.17005728700737147,0.280512667997013,0.7007992605071085,0.0,,,,0,12,127,43
h5_d03,LightGbmTuned,10,3144,127,0.6554347826086957,0.15885850260850262,0.17005728700737147,0.280512667997013,0.7007992605071085,0.0,,,,0,12,127,44
h5_d03,LightGbmTuned,10,3144,127,0.6554347826086957,0.15885850260850262,0.17005728700737147,0.280512667997013,0.7007992605071085,0.0,,,,0,12,127,45
h5_d03,LightGbmTuned,10,3144,127,0.6554347826086957,0.15885850260850262,0.17005728700737147,0.280512667997013,0.7007992605071085,0.0,,,,0,12,127,46
h5_d03,NaiveBaseRate,11,3271,126,0.5,0.2619047619047619,0.20615351818491315,0.11332634551833584,0.14857841638642616,0.0,,,,0,33,126,42
h5_d03,NaiveBaseRate,11,3271,126,0.5,0.2619047619047619,0.20615351818491315,0.11332634551833584,0.14857841638642616,0.0,,,,0,33,126,43
h5_d03,NaiveBaseRate,11,3271,126,0.5,0.2619047619047619,0.20615351818491315,0.11332634551833584,0.14857841638642616,0.0,,,,0,33,126,44
h5_d03,NaiveBaseRate,11,3271,126,0.5,0.2619047619047619,0.20615351818491315,0.11332634551833584,0.14857841638642616,0.0,,,,0,33,126,45
h5_d03,NaiveBaseRate,11,3271,126,0.5,0.2619047619047619,0.20615351818491315,0.11332634551833584,0.14857841638642616,0.0,,,,0,33,126,46
h5_d03,VIXPercentileRaw,11,3271,126,0.6570544151189313,0.39445570105773325,0.4823386300541976,0.527123883284079,0.9500152858453073,0.30158730158730157,0.4473684210526316,1.6518221208969475,1.088736683989905,38,33,126,42
h5_d03,VIXPercentileRaw,11,3271,126,0.6570544151189313,0.39445570105773325,0.4823386300541976,0.527123883284079,0.9500152858453073,0.30158730158730157,0.4473684210526316,1.6518221208969475,1.088736683989905,38,33,126,43
h5_d03,VIXPercentileRaw,11,3271,126,0.6570544151189313,0.39445570105773325,0.4823386300541976,0.527123883284079,0.9500152858453073,0.30158730158730157,0.4473684210526316,1.6518221208969475,1.088736683989905,38,33,126,44
h5_d03,VIXPercentileRaw,11,3271,126,0.6570544151189313,0.39445570105773325,0.4823386300541976,0.527123883284079,0.9500152858453073,0.30158730158730157,0.4473684210526316,1.6518221208969475,1.088736683989905,38,33,126,45
h5_d03,VIXPercentileRaw,11,3271,126,0.6570544151189313,0.39445570105773325,0.4823386300541976,0.527123883284079,0.9500152858453073,0.30158730158730157,0.4473684210526316,1.6518221208969475,1.088736683989905,38,33,126,46
h5_d03,VIXPercentileCalibrated,11,3271,126,0.6792114695340502,0.40253225383777447,0.18041669473674815,0.07586577501945643,0.3047619047619048,0.20634920634920634,0.46153846153846156,1.7407260435777057,1.132622199956638,26,33,126,42
h5_d03,VIXPercentileCalibrated,11,3271,126,0.6792114695340502,0.40253225383777447,0.18041669473674815,0.07586577501945643,0.3047619047619048,0.20634920634920634,0.46153846153846156,1.7407260435777057,1.132622199956638,26,33,126,43
h5_d03,VIXPercentileCalibrated,11,3271,126,0.6792114695340502,0.40253225383777447,0.18041669473674815,0.07586577501945643,0.3047619047619048,0.20634920634920634,0.46153846153846156,1.7407260435777057,1.132622199956638,26,33,126,44
h5_d03,VIXPercentileCalibrated,11,3271,126,0.6792114695340502,0.40253225383777447,0.18041669473674815,0.07586577501945643,0.3047619047619048,0.20634920634920634,0.46153846153846156,1.7407260435777057,1.132622199956638,26,33,126,45
h5_d03,VIXPercentileCalibrated,11,3271,126,0.6792114695340502,0.40253225383777447,0.18041669473674815,0.07586577501945643,0.3047619047619048,0.20634920634920634,0.46153846153846156,1.7407260435777057,1.132622199956638,26,33,126,46
h5_d03,HarRvThreshold,11,3271,126,0.5514297908664105,0.3799924803036602,0.29976347230374756,0.27562521227384795,0.15312883399446436,0.4519230769230769,0.425531914893617,1.4290803088251554,1.0947952875681564,47,33,104,42
h5_d03,HarRvThreshold,11,3271,126,0.5514297908664105,0.3799924803036602,0.29976347230374756,0.27562521227384795,0.15312883399446436,0.4519230769230769,0.425531914893617,1.4290803088251554,1.0947952875681564,47,33,104,43
h5_d03,HarRvThreshold,11,3271,126,0.5514297908664105,0.3799924803036602,0.29976347230374756,0.27562521227384795,0.15312883399446436,0.4519230769230769,0.425531914893617,1.4290803088251554,1.0947952875681564,47,33,104,44
h5_d03,HarRvThreshold,11,3271,126,0.5514297908664105,0.3799924803036602,0.29976347230374756,0.27562521227384795,0.15312883399446436,0.4519230769230769,0.425531914893617,1.4290803088251554,1.0947952875681564,47,33,104,45
h5_d03,HarRvThreshold,11,3271,126,0.5514297908664105,0.3799924803036602,0.29976347230374756,0.27562521227384795,0.15312883399446436,0.4519230769230769,0.425531914893617,1.4290803088251554,1.0947952875681564,47,33,104,46
h5_d03,LogisticRegressionL2,11,3271,126,0.664059954382535,0.38632209501905,0.3488986992827086,0.390833918994582,0.7853111009051472,0.36507936507936506,0.41304347826086957,1.6404727710773799,1.1257652249093826,46,33,126,42
h5_d03,LogisticRegressionL2,11,3271,126,0.664059954382535,0.38632209501905,0.3488986992827086,0.390833918994582,0.7853111009051472,0.36507936507936506,0.41304347826086957,1.6404727710773799,1.1257652249093826,46,33,126,43
h5_d03,LogisticRegressionL2,11,3271,126,0.664059954382535,0.38632209501905,0.3488986992827086,0.390833918994582,0.7853111009051472,0.36507936507936506,0.41304347826086957,1.6404727710773799,1.1257652249093826,46,33,126,44
h5_d03,LogisticRegressionL2,11,3271,126,0.664059954382535,0.38632209501905,0.3488986992827086,0.390833918994582,0.7853111009051472,0.36507936507936506,0.41304347826086957,1.6404727710773799,1.1257652249093826,46,33,126,45
h5_d03,LogisticRegressionL2,11,3271,126,0.664059954382535,0.38632209501905,0.3488986992827086,0.390833918994582,0.7853111009051472,0.36507936507936506,0.41304347826086957,1.6404727710773799,1.1257652249093826,46,33,126,46
h5_d03,LightGbmTuned,11,3271,126,0.6924079504724666,0.4343622262266421,0.287828042673074,0.327422699266539,0.7039192232488675,0.23809523809523808,0.4666666666666667,2.007384818394764,1.2346757427057904,30,33,126,42
h5_d03,LightGbmTuned,11,3271,126,0.6924079504724666,0.4343622262266421,0.287828042673074,0.327422699266539,0.7039192232488675,0.23809523809523808,0.4666666666666667,2.007384818394764,1.2346757427057904,30,33,126,43
h5_d03,LightGbmTuned,11,3271,126,0.6924079504724666,0.4343622262266421,0.287828042673074,0.327422699266539,0.7039192232488675,0.23809523809523808,0.4666666666666667,2.007384818394764,1.2346757427057904,30,33,126,44
h5_d03,LightGbmTuned,11,3271,126,0.6924079504724666,0.4343622262266421,0.287828042673074,0.327422699266539,0.7039192232488675,0.23809523809523808,0.4666666666666667,2.007384818394764,1.2346757427057904,30,33,126,45
h5_d03,LightGbmTuned,11,3271,126,0.6924079504724666,0.4343622262266421,0.287828042673074,0.327422699266539,0.7039192232488675,0.23809523809523808,0.4666666666666667,2.007384818394764,1.2346757427057904,30,33,126,46
h5_d03,NaiveBaseRate,12,3397,127,0.5,0.18110236220472442,0.1491063470938997,0.028320495852060257,0.1527818663526641,0.0,,,,0,23,127,42
h5_d03,NaiveBaseRate,12,3397,127,0.5,0.18110236220472442,0.1491063470938997,0.028320495852060257,0.1527818663526641,0.0,,,,0,23,127,43
h5_d03,NaiveBaseRate,12,3397,127,0.5,0.18110236220472442,0.1491063470938997,0.028320495852060257,0.1527818663526641,0.0,,,,0,23,127,44
h5_d03,NaiveBaseRate,12,3397,127,0.5,0.18110236220472442,0.1491063470938997,0.028320495852060257,0.1527818663526641,0.0,,,,0,23,127,45
h5_d03,NaiveBaseRate,12,3397,127,0.5,0.18110236220472442,0.1491063470938997,0.028320495852060257,0.1527818663526641,0.0,,,,0,23,127,46
h5_d03,VIXPercentileRaw,12,3397,127,0.7063127090301003,0.30145979188210226,0.6338103093099862,0.7032142766081234,0.9500147188695908,0.047244094488188976,0.3333333333333333,1.4136819658990427,1.1202558261364866,6,23,127,42
h5_d03,VIXPercentileRaw,12,3397,127,0.7063127090301003,0.30145979188210226,0.6338103093099862,0.7032142766081234,0.9500147188695908,0.047244094488188976,0.3333333333333333,1.4136819658990427,1.1202558261364866,6,23,127,43
h5_d03,VIXPercentileRaw,12,3397,127,0.7063127090301003,0.30145979188210226,0.6338103093099862,0.7032142766081234,0.9500147188695908,0.047244094488188976,0.3333333333333333,1.4136819658990427,1.1202558261364866,6,23,127,44
h5_d03,VIXPercentileRaw,12,3397,127,0.7063127090301003,0.30145979188210226,0.6338103093099862,0.7032142766081234,0.9500147188695908,0.047244094488188976,0.3333333333333333,1.4136819658990427,1.1202558261364866,6,23,127,45
h5_d03,VIXPercentileRaw,12,3397,127,0.7063127090301003,0.30145979188210226,0.6338103093099862,0.7032142766081234,0.9500147188695908,0.047244094488188976,0.3333333333333333,1.4136819658990427,1.1202558261364866,6,23,127,46
h5_d03,VIXPercentileCalibrated,12,3397,127,0.6045150501672241,0.22890666334692353,0.15661077694840098,0.09970464218288498,0.3007518796992481,0.007874015748031496,0.0,0.7332575837872232,,1,23,127,42
h5_d03,VIXPercentileCalibrated,12,3397,127,0.6045150501672241,0.22890666334692353,0.15661077694840098,0.09970464218288498,0.3007518796992481,0.007874015748031496,0.0,0.7332575837872232,,1,23,127,43
h5_d03,VIXPercentileCalibrated,12,3397,127,0.6045150501672241,0.22890666334692353,0.15661077694840098,0.09970464218288498,0.3007518796992481,0.007874015748031496,0.0,0.7332575837872232,,1,23,127,44
h5_d03,VIXPercentileCalibrated,12,3397,127,0.6045150501672241,0.22890666334692353,0.15661077694840098,0.09970464218288498,0.3007518796992481,0.007874015748031496,0.0,0.7332575837872232,,1,23,127,45
h5_d03,VIXPercentileCalibrated,12,3397,127,0.6045150501672241,0.22890666334692353,0.15661077694840098,0.09970464218288498,0.3007518796992481,0.007874015748031496,0.0,0.7332575837872232,,1,23,127,46
h5_d03,HarRvThreshold,12,3397,127,0.5694117647058824,0.2535103719503229,0.17732394167962853,0.15557119397359004,0.08589658547726711,0.047619047619047616,0.2,1.7326237830715894,1.2047250486270764,5,20,105,42
h5_d03,HarRvThreshold,12,3397,127,0.5694117647058824,0.2535103719503229,0.17732394167962853,0.15557119397359004,0.08589658547726711,0.047619047619047616,0.2,1.7326237830715894,1.2047250486270764,5,20,105,43
h5_d03,HarRvThreshold,12,3397,127,0.5694117647058824,0.2535103719503229,0.17732394167962853,0.15557119397359004,0.08589658547726711,0.047619047619047616,0.2,1.7326237830715894,1.2047250486270764,5,20,105,44
h5_d03,HarRvThreshold,12,3397,127,0.5694117647058824,0.2535103719503229,0.17732394167962853,0.15557119397359004,0.08589658547726711,0.047619047619047616,0.2,1.7326237830715894,1.2047250486270764,5,20,105,45
h5_d03,HarRvThreshold,12,3397,127,0.5694117647058824,0.2535103719503229,0.17732394167962853,0.15557119397359004,0.08589658547726711,0.047619047619047616,0.2,1.7326237830715894,1.2047250486270764,5,20,105,46
h5_d03,LogisticRegressionL2,12,3397,127,0.6546822742474916,0.281916568826231,0.2694828472262752,0.3546100260508106,0.7815070473554544,0.007874015748031496,0.0,2.0329918337264554,,1,23,127,42
h5_d03,LogisticRegressionL2,12,3397,127,0.6546822742474916,0.281916568826231,0.2694828472262752,0.3546100260508106,0.7815070473554544,0.007874015748031496,0.0,2.0329918337264554,,1,23,127,43
h5_d03,LogisticRegressionL2,12,3397,127,0.6546822742474916,0.281916568826231,0.2694828472262752,0.3546100260508106,0.7815070473554544,0.007874015748031496,0.0,2.0329918337264554,,1,23,127,44
h5_d03,LogisticRegressionL2,12,3397,127,0.6546822742474916,0.281916568826231,0.2694828472262752,0.3546100260508106,0.7815070473554544,0.007874015748031496,0.0,2.0329918337264554,,1,23,127,45
h5_d03,LogisticRegressionL2,12,3397,127,0.6546822742474916,0.281916568826231,0.2694828472262752,0.3546100260508106,0.7815070473554544,0.007874015748031496,0.0,2.0329918337264554,,1,23,127,46
h5_d03,LightGbmTuned,12,3397,127,0.6350334448160535,0.2684395299026567,0.275403347895145,0.3622911566093908,0.6929118273672344,0.023622047244094488,0.6666666666666666,3.0676959163678554,0.7729313697641628,3,23,127,42
h5_d03,LightGbmTuned,12,3397,127,0.6350334448160535,0.2684395299026567,0.275403347895145,0.3622911566093908,0.6929118273672344,0.023622047244094488,0.6666666666666666,3.0676959163678554,0.7729313697641628,3,23,127,43
h5_d03,LightGbmTuned,12,3397,127,0.6350334448160535,0.2684395299026567,0.275403347895145,0.3622911566093908,0.6929118273672344,0.023622047244094488,0.6666666666666666,3.0676959163678554,0.7729313697641628,3,23,127,44
h5_d03,LightGbmTuned,12,3397,127,0.6350334448160535,0.2684395299026567,0.275403347895145,0.3622911566093908,0.6929118273672344,0.023622047244094488,0.6666666666666666,3.0676959163678554,0.7729313697641628,3,23,127,45
h5_d03,LightGbmTuned,12,3397,127,0.6350334448160535,0.2684395299026567,0.275403347895145,0.3622911566093908,0.6929118273672344,0.023622047244094488,0.6666666666666666,3.0676959163678554,0.7729313697641628,3,23,127,46
h5_d03,NaiveBaseRate,13,3524,125,0.5,0.152,0.1288992489960201,0.0018024971623156472,0.15380249716231556,0.0,,,,0,19,125,42
h5_d03,NaiveBaseRate,13,3524,125,0.5,0.152,0.1288992489960201,0.0018024971623156472,0.15380249716231556,0.0,,,,0,19,125,43
h5_d03,NaiveBaseRate,13,3524,125,0.5,0.152,0.1288992489960201,0.0018024971623156472,0.15380249716231556,0.0,,,,0,19,125,44
h5_d03,NaiveBaseRate,13,3524,125,0.5,0.152,0.1288992489960201,0.0018024971623156472,0.15380249716231556,0.0,,,,0,19,125,45
h5_d03,NaiveBaseRate,13,3524,125,0.5,0.152,0.1288992489960201,0.0018024971623156472,0.15380249716231556,0.0,,,,0,19,125,46
h5_d03,VIXPercentileRaw,13,3524,125,0.6573982125124131,0.21352573974269537,0.4722393955635493,0.5889103291713961,0.9500141884222474,0.0,,,,0,19,125,42
h5_d03,VIXPercentileRaw,13,3524,125,0.6573982125124131,0.21352573974269537,0.4722393955635493,0.5889103291713961,0.9500141884222474,0.0,,,,0,19,125,43
h5_d03,VIXPercentileRaw,13,3524,125,0.6573982125124131,0.21352573974269537,0.4722393955635493,0.5889103291713961,0.9500141884222474,0.0,,,,0,19,125,44
h5_d03,VIXPercentileRaw,13,3524,125,0.6573982125124131,0.21352573974269537,0.4722393955635493,0.5889103291713961,0.9500141884222474,0.0,,,,0,19,125,45
h5_d03,VIXPercentileRaw,13,3524,125,0.6573982125124131,0.21352573974269537,0.4722393955635493,0.5889103291713961,0.9500141884222474,0.0,,,,0,19,125,46
h5_d03,VIXPercentileCalibrated,13,3524,125,0.6606256206554121,0.21021490022108583,0.12826551139029896,0.06793563228765609,0.2955665024630542,0.0,,,,0,19,125,42
h5_d03,VIXPercentileCalibrated,13,3524,125,0.6606256206554121,0.21021490022108583,0.12826551139029896,0.06793563228765609,0.2955665024630542,0.0,,,,0,19,125,43
h5_d03,VIXPercentileCalibrated,13,3524,125,0.6606256206554121,0.21021490022108583,0.12826551139029896,0.06793563228765609,0.2955665024630542,0.0,,,,0,19,125,44
h5_d03,VIXPercentileCalibrated,13,3524,125,0.6606256206554121,0.21021490022108583,0.12826551139029896,0.06793563228765609,0.2955665024630542,0.0,,,,0,19,125,45
h5_d03,VIXPercentileCalibrated,13,3524,125,0.6606256206554121,0.21021490022108583,0.12826551139029896,0.06793563228765609,0.2955665024630542,0.0,,,,0,19,125,46
h5_d03,HarRvThreshold,13,3524,125,0.41810344827586204,0.17864369449932552,0.1493214894242001,0.13168516598850438,0.08562580221737462,0.009708737864077669,0.0,0.3147392163217478,,1,16,103,42
h5_d03,HarRvThreshold,13,3524,125,0.41810344827586204,0.17864369449932552,0.1493214894242001,0.13168516598850438,0.08562580221737462,0.009708737864077669,0.0,0.3147392163217478,,1,16,103,43
h5_d03,HarRvThreshold,13,3524,125,0.41810344827586204,0.17864369449932552,0.1493214894242001,0.13168516598850438,0.08562580221737462,0.009708737864077669,0.0,0.3147392163217478,,1,16,103,44
h5_d03,HarRvThreshold,13,3524,125,0.41810344827586204,0.17864369449932552,0.1493214894242001,0.13168516598850438,0.08562580221737462,0.009708737864077669,0.0,0.3147392163217478,,1,16,103,45
h5_d03,HarRvThreshold,13,3524,125,0.41810344827586204,0.17864369449932552,0.1493214894242001,0.13168516598850438,0.08562580221737462,0.009708737864077669,0.0,0.3147392163217478,,1,16,103,46
h5_d03,LogisticRegressionL2,13,3524,125,0.5873882820258193,0.19831900863567986,0.173980014550548,0.19906276928249986,0.7772517979168251,0.0,,,,0,19,125,42
h5_d03,LogisticRegressionL2,13,3524,125,0.5873882820258193,0.19831900863567986,0.173980014550548,0.19906276928249986,0.7772517979168251,0.0,,,,0,19,125,43
h5_d03,LogisticRegressionL2,13,3524,125,0.5873882820258193,0.19831900863567986,0.173980014550548,0.19906276928249986,0.7772517979168251,0.0,,,,0,19,125,44
h5_d03,LogisticRegressionL2,13,3524,125,0.5873882820258193,0.19831900863567986,0.173980014550548,0.19906276928249986,0.7772517979168251,0.0,,,,0,19,125,45
h5_d03,LogisticRegressionL2,13,3524,125,0.5873882820258193,0.19831900863567986,0.173980014550548,0.19906276928249986,0.7772517979168251,0.0,,,,0,19,125,46
h5_d03,LightGbmTuned,13,3524,125,0.516137040714995,0.17047374634957352,0.2181295720329263,0.28706739232314166,0.6788618675715127,0.0,,,,0,19,125,42
h5_d03,LightGbmTuned,13,3524,125,0.516137040714995,0.17047374634957352,0.2181295720329263,0.28706739232314166,0.6788618675715127,0.0,,,,0,19,125,43
h5_d03,LightGbmTuned,13,3524,125,0.516137040714995,0.17047374634957352,0.2181295720329263,0.28706739232314166,0.6788618675715127,0.0,,,,0,19,125,44
h5_d03,LightGbmTuned,13,3524,125,0.516137040714995,0.17047374634957352,0.2181295720329263,0.28706739232314166,0.6788618675715127,0.0,,,,0,19,125,45
h5_d03,LightGbmTuned,13,3524,125,0.516137040714995,0.17047374634957352,0.2181295720329263,0.28706739232314166,0.6788618675715127,0.0,,,,0,19,125,46
h5_d03,NaiveBaseRate,14,3649,127,0.5,0.08661417322834646,0.08361813565297042,0.06712657766230855,0.15374075089065498,0.0,,,,0,11,127,42
h5_d03,NaiveBaseRate,14,3649,127,0.5,0.08661417322834646,0.08361813565297042,0.06712657766230855,0.15374075089065498,0.0,,,,0,11,127,43
h5_d03,NaiveBaseRate,14,3649,127,0.5,0.08661417322834646,0.08361813565297042,0.06712657766230855,0.15374075089065498,0.0,,,,0,11,127,44
h5_d03,NaiveBaseRate,14,3649,127,0.5,0.08661417322834646,0.08361813565297042,0.06712657766230855,0.15374075089065498,0.0,,,,0,11,127,45
h5_d03,NaiveBaseRate,14,3649,127,0.5,0.08661417322834646,0.08361813565297042,0.06712657766230855,0.15374075089065498,0.0,,,,0,11,127,46
h5_d03,VIXPercentileRaw,14,3649,127,0.5513322884012539,0.0950350758071726,0.35903589160930627,0.5188370020478053,0.950178130994793,0.0,,,,0,11,127,42
h5_d03,VIXPercentileRaw,14,3649,127,0.5513322884012539,0.0950350758071726,0.35903589160930627,0.5188370020478053,0.950178130994793,0.0,,,,0,11,127,43
h5_d03,VIXPercentileRaw,14,3649,127,0.5513322884012539,0.0950350758071726,0.35903589160930627,0.5188370020478053,0.950178130994793,0.0,,,,0,11,127,44
h5_d03,VIXPercentileRaw,14,3649,127,0.5513322884012539,0.0950350758071726,0.35903589160930627,0.5188370020478053,0.950178130994793,0.0,,,,0,11,127,45
h5_d03,VIXPercentileRaw,14,3649,127,0.5513322884012539,0.0950350758071726,0.35903589160930627,0.5188370020478053,0.950178130994793,0.0,,,,0,11,127,46
h5_d03,VIXPercentileCalibrated,14,3649,127,0.4772727272727273,0.08159558702829768,0.08841994672136913,0.07457938401411396,0.29245283018867924,0.0,,,,0,11,127,42
h5_d03,VIXPercentileCalibrated,14,3649,127,0.4772727272727273,0.08159558702829768,0.08841994672136913,0.07457938401411396,0.29245283018867924,0.0,,,,0,11,127,43
h5_d03,VIXPercentileCalibrated,14,3649,127,0.4772727272727273,0.08159558702829768,0.08841994672136913,0.07457938401411396,0.29245283018867924,0.0,,,,0,11,127,44
h5_d03,VIXPercentileCalibrated,14,3649,127,0.4772727272727273,0.08159558702829768,0.08841994672136913,0.07457938401411396,0.29245283018867924,0.0,,,,0,11,127,45
h5_d03,VIXPercentileCalibrated,14,3649,127,0.4772727272727273,0.08159558702829768,0.08841994672136913,0.07457938401411396,0.29245283018867924,0.0,,,,0,11,127,46
h5_d03,HarRvThreshold,14,3649,127,0.5754352030947776,0.15147365809248403,0.10177532080413411,0.09114616541569591,0.08458368906091396,0.0,,,,0,11,105,42
h5_d03,HarRvThreshold,14,3649,127,0.5754352030947776,0.15147365809248403,0.10177532080413411,0.09114616541569591,0.08458368906091396,0.0,,,,0,11,105,43
h5_d03,HarRvThreshold,14,3649,127,0.5754352030947776,0.15147365809248403,0.10177532080413411,0.09114616541569591,0.08458368906091396,0.0,,,,0,11,105,44
h5_d03,HarRvThreshold,14,3649,127,0.5754352030947776,0.15147365809248403,0.10177532080413411,0.09114616541569591,0.08458368906091396,0.0,,,,0,11,105,45
h5_d03,HarRvThreshold,14,3649,127,0.5754352030947776,0.15147365809248403,0.10177532080413411,0.09114616541569591,0.08458368906091396,0.0,,,,0,11,105,46
h5_d03,LogisticRegressionL2,14,3649,127,0.64576802507837,0.12347046545037937,0.1532803573153757,0.2579664333442356,0.7746248775498071,0.0,,,,0,11,127,42
h5_d03,LogisticRegressionL2,14,3649,127,0.64576802507837,0.12347046545037937,0.1532803573153757,0.2579664333442356,0.7746248775498071,0.0,,,,0,11,127,43
h5_d03,LogisticRegressionL2,14,3649,127,0.64576802507837,0.12347046545037937,0.1532803573153757,0.2579664333442356,0.7746248775498071,0.0,,,,0,11,127,44
h5_d03,LogisticRegressionL2,14,3649,127,0.64576802507837,0.12347046545037937,0.1532803573153757,0.2579664333442356,0.7746248775498071,0.0,,,,0,11,127,45
h5_d03,LogisticRegressionL2,14,3649,127,0.64576802507837,0.12347046545037937,0.1532803573153757,0.2579664333442356,0.7746248775498071,0.0,,,,0,11,127,46
h5_d03,LightGbmTuned,14,3649,127,0.6093260188087775,0.11680014308056905,0.16493926452427107,0.27803012562084706,0.6710954097004758,0.0,,,,0,11,127,42
h5_d03,LightGbmTuned,14,3649,127,0.6093260188087775,0.11680014308056905,0.16493926452427107,0.27803012562084706,0.6710954097004758,0.0,,,,0,11,127,43
h5_d03,LightGbmTuned,14,3649,127,0.6093260188087775,0.11680014308056905,0.16493926452427107,0.27803012562084706,0.6710954097004758,0.0,,,,0,11,127,44
h5_d03,LightGbmTuned,14,3649,127,0.6093260188087775,0.11680014308056905,0.16493926452427107,0.27803012562084706,0.6710954097004758,0.0,,,,0,11,127,45
h5_d03,LightGbmTuned,14,3649,127,0.6093260188087775,0.11680014308056905,0.16493926452427107,0.27803012562084706,0.6710954097004758,0.0,,,,0,11,127,46
h5_d03,NaiveBaseRate,15,3776,125,0.5,0.504,0.37425219943981625,0.3525169491525424,0.15148305084745764,0.0,,,,0,63,125,42
h5_d03,NaiveBaseRate,15,3776,125,0.5,0.504,0.37425219943981625,0.3525169491525424,0.15148305084745764,0.0,,,,0,63,125,43
h5_d03,NaiveBaseRate,15,3776,125,0.5,0.504,0.37425219943981625,0.3525169491525424,0.15148305084745764,0.0,,,,0,63,125,44
h5_d03,NaiveBaseRate,15,3776,125,0.5,0.504,0.37425219943981625,0.3525169491525424,0.15148305084745764,0.0,,,,0,63,125,45
h5_d03,NaiveBaseRate,15,3776,125,0.5,0.504,0.37425219943981625,0.3525169491525424,0.15148305084745764,0.0,,,,0,63,125,46
h5_d03,VIXPercentileRaw,15,3776,125,0.34523809523809523,0.40312507218891547,0.41041992075283684,0.3984004237288136,0.9502118644067796,0.04,0.2,0.4993313777522658,0.5832253998476323,5,63,125,42
h5_d03,VIXPercentileRaw,15,3776,125,0.34523809523809523,0.40312507218891547,0.41041992075283684,0.3984004237288136,0.9502118644067796,0.04,0.2,0.4993313777522658,0.5832253998476323,5,63,125,43
h5_d03,VIXPercentileRaw,15,3776,125,0.34523809523809523,0.40312507218891547,0.41041992075283684,0.3984004237288136,0.9502118644067796,0.04,0.2,0.4993313777522658,0.5832253998476323,5,63,125,44
h5_d03,VIXPercentileRaw,15,3776,125,0.34523809523809523,0.40312507218891547,0.41041992075283684,0.3984004237288136,0.9502118644067796,0.04,0.2,0.4993313777522658,0.5832253998476323,5,63,125,45
h5_d03,VIXPercentileRaw,15,3776,125,0.34523809523809523,0.40312507218891547,0.41041992075283684,0.3984004237288136,0.9502118644067796,0.04,0.2,0.4993313777522658,0.5832253998476323,5,63,125,46
h5_d03,VIXPercentileCalibrated,15,3776,125,0.36367127496159757,0.44586733854920574,0.31949644796811755,0.24344289526498558,0.29245283018867924,0.0,,,,0,63,125,42
h5_d03,VIXPercentileCalibrated,15,3776,125,0.36367127496159757,0.44586733854920574,0.31949644796811755,0.24344289526498558,0.29245283018867924,0.0,,,,0,63,125,43
h5_d03,VIXPercentileCalibrated,15,3776,125,0.36367127496159757,0.44586733854920574,0.31949644796811755,0.24344289526498558,0.29245283018867924,0.0,,,,0,63,125,44
h5_d03,VIXPercentileCalibrated,15,3776,125,0.36367127496159757,0.44586733854920574,0.31949644796811755,0.24344289526498558,0.29245283018867924,0.0,,,,0,63,125,45
h5_d03,VIXPercentileCalibrated,15,3776,125,0.36367127496159757,0.44586733854920574,0.31949644796811755,0.24344289526498558,0.29245283018867924,0.0,,,,0,63,125,46
h5_d03,HarRvThreshold,15,3776,125,0.35660377358490564,0.4213325230124281,0.4283890584526257,0.41395990402985716,0.08265727571968226,0.3300970873786408,0.4117647058823529,0.8694312783276209,1.0198473644816646,34,50,103,42
h5_d03,HarRvThreshold,15,3776,125,0.35660377358490564,0.4213325230124281,0.4283890584526257,0.41395990402985716,0.08265727571968226,0.3300970873786408,0.4117647058823529,0.8694312783276209,1.0198473644816646,34,50,103,43
h5_d03,HarRvThreshold,15,3776,125,0.35660377358490564,0.4213325230124281,0.4283890584526257,0.41395990402985716,0.08265727571968226,0.3300970873786408,0.4117647058823529,0.8694312783276209,1.0198473644816646,34,50,103,44
h5_d03,HarRvThreshold,15,3776,125,0.35660377358490564,0.4213325230124281,0.4283890584526257,0.41395990402985716,0.08265727571968226,0.3300970873786408,0.4117647058823529,0.8694312783276209,1.0198473644816646,34,50,103,45
h5_d03,HarRvThreshold,15,3776,125,0.35660377358490564,0.4213325230124281,0.4283890584526257,0.41395990402985716,0.08265727571968226,0.3300970873786408,0.4117647058823529,0.8694312783276209,1.0198473644816646,34,50,103,46
h5_d03,LogisticRegressionL2,15,3776,125,0.38274449564772145,0.4302324554196939,0.3220362852614845,0.23599048258713698,0.7748466048074585,0.248,0.41935483870967744,0.8488297576332716,1.0931750599128165,31,63,125,42
h5_d03,LogisticRegressionL2,15,3776,125,0.38274449564772145,0.4302324554196939,0.3220362852614845,0.23599048258713698,0.7748466048074585,0.248,0.41935483870967744,0.8488297576332716,1.0931750599128165,31,63,125,43
h5_d03,LogisticRegressionL2,15,3776,125,0.38274449564772145,0.4302324554196939,0.3220362852614845,0.23599048258713698,0.7748466048074585,0.248,0.41935483870967744,0.8488297576332716,1.0931750599128165,31,63,125,44
h5_d03,LogisticRegressionL2,15,3776,125,0.38274449564772145,0.4302324554196939,0.3220362852614845,0.23599048258713698,0.7748466048074585,0.248,0.41935483870967744,0.8488297576332716,1.0931750599128165,31,63,125,45
h5_d03,LogisticRegressionL2,15,3776,125,0.38274449564772145,0.4302324554196939,0.3220362852614845,0.23599048258713698,0.7748466048074585,0.248,0.41935483870967744,0.8488297576332716,1.0931750599128165,31,63,125,46
h5_d03,LightGbmTuned,15,3776,125,0.39759344598054275,0.46199703565015354,0.2827953648313385,0.19902723697614572,0.6705391768733224,0.24,0.4,0.7762929139627106,1.03042498752553,30,63,125,42
h5_d03,LightGbmTuned,15,3776,125,0.39759344598054275,0.46199703565015354,0.2827953648313385,0.19902723697614572,0.6705391768733224,0.24,0.4,0.7762929139627106,1.03042498752553,30,63,125,43
h5_d03,LightGbmTuned,15,3776,125,0.39759344598054275,0.46199703565015354,0.2827953648313385,0.19902723697614572,0.6705391768733224,0.24,0.4,0.7762929139627106,1.03042498752553,30,63,125,44
h5_d03,LightGbmTuned,15,3776,125,0.39759344598054275,0.46199703565015354,0.2827953648313385,0.19902723697614572,0.6705391768733224,0.24,0.4,0.7762929139627106,1.03042498752553,30,63,125,45
h5_d03,LightGbmTuned,15,3776,125,0.39759344598054275,0.46199703565015354,0.2827953648313385,0.19902723697614572,0.6705391768733224,0.24,0.4,0.7762929139627106,1.03042498752553,30,63,125,46
h5_d03,NaiveBaseRate,16,3901,127,0.5,0.3543307086614173,0.26547260097555664,0.19155193398825657,0.16277877467316074,0.0,,,,0,45,127,42
h5_d03,NaiveBaseRate,16,3901,127,0.5,0.3543307086614173,0.26547260097555664,0.19155193398825657,0.16277877467316074,0.0,,,,0,45,127,43
h5_d03,NaiveBaseRate,16,3901,127,0.5,0.3543307086614173,0.26547260097555664,0.19155193398825657,0.16277877467316074,0.0,,,,0,45,127,44
h5_d03,NaiveBaseRate,16,3901,127,0.5,0.3543307086614173,0.26547260097555664,0.19155193398825657,0.16277877467316074,0.0,,,,0,45,127,45
h5_d03,NaiveBaseRate,16,3901,127,0.5,0.3543307086614173,0.26547260097555664,0.19155193398825657,0.16277877467316074,0.0,,,,0,45,127,46
h5_d03,VIXPercentileRaw,16,3901,127,0.4714092140921409,0.33882933038791885,0.4774138337421702,0.4940324205180582,0.9500128172263522,0.0,,,,0,45,127,42
h5_d03,VIXPercentileRaw,16,3901,127,0.4714092140921409,0.33882933038791885,0.4774138337421702,0.4940324205180582,0.9500128172263522,0.0,,,,0,45,127,43
h5_d03,VIXPercentileRaw,16,3901,127,0.4714092140921409,0.33882933038791885,0.4774138337421702,0.4940324205180582,0.9500128172263522,0.0,,,,0,45,127,44
h5_d03,VIXPercentileRaw,16,3901,127,0.4714092140921409,0.33882933038791885,0.4774138337421702,0.4940324205180582,0.9500128172263522,0.0,,,,0,45,127,45
h5_d03,VIXPercentileRaw,16,3901,127,0.4714092140921409,0.33882933038791885,0.4774138337421702,0.4940324205180582,0.9500128172263522,0.0,,,,0,45,127,46
h5_d03,VIXPercentileCalibrated,16,3901,127,0.48888888888888893,0.35089252650847774,0.23506476287799608,0.07538418803945102,0.3101045296167247,0.0,,,,0,45,127,42
h5_d03,VIXPercentileCalibrated,16,3901,127,0.48888888888888893,0.35089252650847774,0.23506476287799608,0.07538418803945102,0.3101045296167247,0.0,,,,0,45,127,43
h5_d03,VIXPercentileCalibrated,16,3901,127,0.48888888888888893,0.35089252650847774,0.23506476287799608,0.07538418803945102,0.3101045296167247,0.0,,,,0,45,127,44
h5_d03,VIXPercentileCalibrated,16,3901,127,0.48888888888888893,0.35089252650847774,0.23506476287799608,0.07538418803945102,0.3101045296167247,0.0,,,,0,45,127,45
h5_d03,VIXPercentileCalibrated,16,3901,127,0.48888888888888893,0.35089252650847774,0.23506476287799608,0.07538418803945102,0.3101045296167247,0.0,,,,0,45,127,46
h5_d03,HarRvThreshold,16,3901,127,0.49773242630385495,0.4077053252483116,0.3640936142129228,0.35257258126822943,0.08989771946837687,0.0761904761904762,0.25,0.7190023232036805,0.7871935020210215,8,42,105,42
h5_d03,HarRvThreshold,16,3901,127,0.49773242630385495,0.4077053252483116,0.3640936142129228,0.35257258126822943,0.08989771946837687,0.0761904761904762,0.25,0.7190023232036805,0.7871935020210215,8,42,105,43
h5_d03,HarRvThreshold,16,3901,127,0.49773242630385495,0.4077053252483116,0.3640936142129228,0.35257258126822943,0.08989771946837687,0.0761904761904762,0.25,0.7190023232036805,0.7871935020210215,8,42,105,44
h5_d03,HarRvThreshold,16,3901,127,0.49773242630385495,0.4077053252483116,0.3640936142129228,0.35257258126822943,0.08989771946837687,0.0761904761904762,0.25,0.7190023232036805,0.7871935020210215,8,42,105,45
h5_d03,HarRvThreshold,16,3901,127,0.49773242630385495,0.4077053252483116,0.3640936142129228,0.35257258126822943,0.08989771946837687,0.0761904761904762,0.25,0.7190023232036805,0.7871935020210215,8,42,105,46
h5_d03,LogisticRegressionL2,16,3901,127,0.46016260162601624,0.3234508438785325,0.2950595332328171,0.2348882762779921,0.784802608105731,0.0,,,,0,45,127,42
h5_d03,LogisticRegressionL2,16,3901,127,0.46016260162601624,0.3234508438785325,0.2950595332328171,0.2348882762779921,0.784802608105731,0.0,,,,0,45,127,43
h5_d03,LogisticRegressionL2,16,3901,127,0.46016260162601624,0.3234508438785325,0.2950595332328171,0.2348882762779921,0.784802608105731,0.0,,,,0,45,127,44
h5_d03,LogisticRegressionL2,16,3901,127,0.46016260162601624,0.3234508438785325,0.2950595332328171,0.2348882762779921,0.784802608105731,0.0,,,,0,45,127,45
h5_d03,LogisticRegressionL2,16,3901,127,0.46016260162601624,0.3234508438785325,0.2950595332328171,0.2348882762779921,0.784802608105731,0.0,,,,0,45,127,46
h5_d03,LightGbmTuned,16,3901,127,0.5257452574525745,0.3872064893755893,0.276119853830536,0.212216009477314,0.6810892132550668,0.0,,,,0,45,127,42
h5_d03,LightGbmTuned,16,3901,127,0.5257452574525745,0.3872064893755893,0.276119853830536,0.212216009477314,0.6810892132550668,0.0,,,,0,45,127,43
h5_d03,LightGbmTuned,16,3901,127,0.5257452574525745,0.3872064893755893,0.276119853830536,0.212216009477314,0.6810892132550668,0.0,,,,0,45,127,44
h5_d03,LightGbmTuned,16,3901,127,0.5257452574525745,0.3872064893755893,0.276119853830536,0.212216009477314,0.6810892132550668,0.0,,,,0,45,127,45
h5_d03,LightGbmTuned,16,3901,127,0.5257452574525745,0.3872064893755893,0.276119853830536,0.212216009477314,0.6810892132550668,0.0,,,,0,45,127,46
h5_d03,NaiveBaseRate,17,4028,124,0.5,0.08064516129032258,0.08191601671981308,0.08817311080501013,0.16881827209533268,0.0,,,,0,10,124,42
h5_d03,NaiveBaseRate,17,4028,124,0.5,0.08064516129032258,0.08191601671981308,0.08817311080501013,0.16881827209533268,0.0,,,,0,10,124,43
h5_d03,NaiveBaseRate,17,4028,124,0.5,0.08064516129032258,0.08191601671981308,0.08817311080501013,0.16881827209533268,0.0,,,,0,10,124,44
h5_d03,NaiveBaseRate,17,4028,124,0.5,0.08064516129032258,0.08191601671981308,0.08817311080501013,0.16881827209533268,0.0,,,,0,10,124,45
h5_d03,NaiveBaseRate,17,4028,124,0.5,0.08064516129032258,0.08191601671981308,0.08817311080501013,0.16881827209533268,0.0,,,,0,10,124,46
h5_d03,VIXPercentileRaw,17,4028,124,0.6631578947368422,0.11790324581247852,0.3654953056445482,0.537771887112791,0.9500124131082421,0.0,,,,0,10,124,42
h5_d03,VIXPercentileRaw,17,4028,124,0.6631578947368422,0.11790324581247852,0.3654953056445482,0.537771887112791,0.9500124131082421,0.0,,,,0,10,124,43
h5_d03,VIXPercentileRaw,17,4028,124,0.6631578947368422,0.11790324581247852,0.3654953056445482,0.537771887112791,0.9500124131082421,0.0,,,,0,10,124,44
h5_d03,VIXPercentileRaw,17,4028,124,0.6631578947368422,0.11790324581247852,0.3654953056445482,0.537771887112791,0.9500124131082421,0.0,,,,0,10,124,45
h5_d03,VIXPercentileRaw,17,4028,124,0.6631578947368422,0.11790324581247852,0.3654953056445482,0.537771887112791,0.9500124131082421,0.0,,,,0,10,124,46
h5_d03,VIXPercentileCalibrated,17,4028,124,0.7008771929824562,0.13705426356589148,0.08554285284344158,0.12090015798471651,0.31562499999999993,0.0,,,,0,10,124,42
h5_d03,VIXPercentileCalibrated,17,4028,124,0.7008771929824562,0.13705426356589148,0.08554285284344158,0.12090015798471651,0.31562499999999993,0.0,,,,0,10,124,43
h5_d03,VIXPercentileCalibrated,17,4028,124,0.7008771929824562,0.13705426356589148,0.08554285284344158,0.12090015798471651,0.31562499999999993,0.0,,,,0,10,124,44
h5_d03,VIXPercentileCalibrated,17,4028,124,0.7008771929824562,0.13705426356589148,0.08554285284344158,0.12090015798471651,0.31562499999999993,0.0,,,,0,10,124,45
h5_d03,VIXPercentileCalibrated,17,4028,124,0.7008771929824562,0.13705426356589148,0.08554285284344158,0.12090015798471651,0.31562499999999993,0.0,,,,0,10,124,46
h5_d03,HarRvThreshold,17,4028,124,0.7933094384707288,0.313072288665509,0.08340768375849031,0.06686382896043028,0.09155695578560945,0.0,,,,0,9,102,42
h5_d03,HarRvThreshold,17,4028,124,0.7933094384707288,0.313072288665509,0.08340768375849031,0.06686382896043028,0.09155695578560945,0.0,,,,0,9,102,43
h5_d03,HarRvThreshold,17,4028,124,0.7933094384707288,0.313072288665509,0.08340768375849031,0.06686382896043028,0.09155695578560945,0.0,,,,0,9,102,44
h5_d03,HarRvThreshold,17,4028,124,0.7933094384707288,0.313072288665509,0.08340768375849031,0.06686382896043028,0.09155695578560945,0.0,,,,0,9,102,45
h5_d03,HarRvThreshold,17,4028,124,0.7933094384707288,0.313072288665509,0.08340768375849031,0.06686382896043028,0.09155695578560945,0.0,,,,0,9,102,46
h5_d03,LogisticRegressionL2,17,4028,124,0.7614035087719299,0.2000664657746346,0.13402421484965615,0.2531452598063393,0.785138878766734,0.0,,,,0,10,124,42
h5_d03,LogisticRegressionL2,17,4028,124,0.7614035087719299,0.2000664657746346,0.13402421484965615,0.2531452598063393,0.785138878766734,0.0,,,,0,10,124,43
h5_d03,LogisticRegressionL2,17,4028,124,0.7614035087719299,0.2000664657746346,0.13402421484965615,0.2531452598063393,0.785138878766734,0.0,,,,0,10,124,44
h5_d03,LogisticRegressionL2,17,4028,124,0.7614035087719299,0.2000664657746346,0.13402421484965615,0.2531452598063393,0.785138878766734,0.0,,,,0,10,124,45
h5_d03,LogisticRegressionL2,17,4028,124,0.7614035087719299,0.2000664657746346,0.13402421484965615,0.2531452598063393,0.785138878766734,0.0,,,,0,10,124,46
h5_d03,LightGbmTuned,17,4028,124,0.7776315789473683,0.17792890542251155,0.212994557688603,0.37832741216916094,0.6799736740198105,0.0,,,,0,10,124,42
h5_d03,LightGbmTuned,17,4028,124,0.7776315789473683,0.17792890542251155,0.212994557688603,0.37832741216916094,0.6799736740198105,0.0,,,,0,10,124,43
h5_d03,LightGbmTuned,17,4028,124,0.7776315789473683,0.17792890542251155,0.212994557688603,0.37832741216916094,0.6799736740198105,0.0,,,,0,10,124,44
h5_d03,LightGbmTuned,17,4028,124,0.7776315789473683,0.17792890542251155,0.212994557688603,0.37832741216916094,0.6799736740198105,0.0,,,,0,10,124,45
h5_d03,LightGbmTuned,17,4028,124,0.7776315789473683,0.17792890542251155,0.212994557688603,0.37832741216916094,0.6799736740198105,0.0,,,,0,10,124,46
h5_d03,NaiveBaseRate,18,4152,126,0.5,0.14285714285714285,0.12299316716228405,0.02332782824112295,0.16618497109826588,0.0,,,,0,18,126,42
h5_d03,NaiveBaseRate,18,4152,126,0.5,0.14285714285714285,0.12299316716228405,0.02332782824112295,0.16618497109826588,0.0,,,,0,18,126,43
h5_d03,NaiveBaseRate,18,4152,126,0.5,0.14285714285714285,0.12299316716228405,0.02332782824112295,0.16618497109826588,0.0,,,,0,18,126,44
h5_d03,NaiveBaseRate,18,4152,126,0.5,0.14285714285714285,0.12299316716228405,0.02332782824112295,0.16618497109826588,0.0,,,,0,18,126,45
h5_d03,NaiveBaseRate,18,4152,126,0.5,0.14285714285714285,0.12299316716228405,0.02332782824112295,0.16618497109826588,0.0,,,,0,18,126,46
h5_d03,VIXPercentileRaw,18,4152,126,0.5231481481481481,0.2704942317801491,0.22817904904703032,0.3008055020338258,0.95001204238921,0.0,,,,0,18,126,42
h5_d03,VIXPercentileRaw,18,4152,126,0.5231481481481481,0.2704942317801491,0.22817904904703032,0.3008055020338258,0.95001204238921,0.0,,,,0,18,126,43
h5_d03,VIXPercentileRaw,18,4152,126,0.5231481481481481,0.2704942317801491,0.22817904904703032,0.3008055020338258,0.95001204238921,0.0,,,,0,18,126,44
h5_d03,VIXPercentileRaw,18,4152,126,0.5231481481481481,0.2704942317801491,0.22817904904703032,0.3008055020338258,0.95001204238921,0.0,,,,0,18,126,45
h5_d03,VIXPercentileRaw,18,4152,126,0.5231481481481481,0.2704942317801491,0.22817904904703032,0.3008055020338258,0.95001204238921,0.0,,,,0,18,126,46
h5_d03,VIXPercentileCalibrated,18,4152,126,0.5288065843621399,0.22106357707499721,0.12185747140966703,0.03815615023939109,0.31562499999999993,0.0,,,,0,18,126,42
h5_d03,VIXPercentileCalibrated,18,4152,126,0.5288065843621399,0.22106357707499721,0.12185747140966703,0.03815615023939109,0.31562499999999993,0.0,,,,0,18,126,43
h5_d03,VIXPercentileCalibrated,18,4152,126,0.5288065843621399,0.22106357707499721,0.12185747140966703,0.03815615023939109,0.31562499999999993,0.0,,,,0,18,126,44
h5_d03,VIXPercentileCalibrated,18,4152,126,0.5288065843621399,0.22106357707499721,0.12185747140966703,0.03815615023939109,0.31562499999999993,0.0,,,,0,18,126,45
h5_d03,VIXPercentileCalibrated,18,4152,126,0.5288065843621399,0.22106357707499721,0.12185747140966703,0.03815615023939109,0.31562499999999993,0.0,,,,0,18,126,46
h5_d03,HarRvThreshold,18,4152,126,0.40980113636363635,0.13041762428435397,0.15038497765184544,0.1395558557171726,0.09029935036799447,0.0,,,,0,16,104,42
h5_d03,HarRvThreshold,18,4152,126,0.40980113636363635,0.13041762428435397,0.15038497765184544,0.1395558557171726,0.09029935036799447,0.0,,,,0,16,104,43
h5_d03,HarRvThreshold,18,4152,126,0.40980113636363635,0.13041762428435397,0.15038497765184544,0.1395558557171726,0.09029935036799447,0.0,,,,0,16,104,44
h5_d03,HarRvThreshold,18,4152,126,0.40980113636363635,0.13041762428435397,0.15038497765184544,0.1395558557171726,0.09029935036799447,0.0,,,,0,16,104,45
h5_d03,HarRvThreshold,18,4152,126,0.40980113636363635,0.13041762428435397,0.15038497765184544,0.1395558557171726,0.09029935036799447,0.0,,,,0,16,104,46
h5_d03,LogisticRegressionL2,18,4152,126,0.5751028806584362,0.1970934403135473,0.1548768623721373,0.1767145016872386,0.7876684703625983,0.0,,,,0,18,126,42
h5_d03,LogisticRegressionL2,18,4152,126,0.5751028806584362,0.1970934403135473,0.1548768623721373,0.1767145016872386,0.7876684703625983,0.0,,,,0,18,126,43
h5_d03,LogisticRegressionL2,18,4152,126,0.5751028806584362,0.1970934403135473,0.1548768623721373,0.1767145016872386,0.7876684703625983,0.0,,,,0,18,126,44
h5_d03,LogisticRegressionL2,18,4152,126,0.5751028806584362,0.1970934403135473,0.1548768623721373,0.1767145016872386,0.7876684703625983,0.0,,,,0,18,126,45
h5_d03,LogisticRegressionL2,18,4152,126,0.5751028806584362,0.1970934403135473,0.1548768623721373,0.1767145016872386,0.7876684703625983,0.0,,,,0,18,126,46
h5_d03,LightGbmTuned,18,4152,126,0.5347222222222222,0.1779749587952602,0.19452448725396426,0.2619675805380472,0.6788229265679342,0.0,,,,0,18,126,42
h5_d03,LightGbmTuned,18,4152,126,0.5347222222222222,0.1779749587952602,0.19452448725396426,0.2619675805380472,0.6788229265679342,0.0,,,,0,18,126,43
h5_d03,LightGbmTuned,18,4152,126,0.5347222222222222,0.1779749587952602,0.19452448725396426,0.2619675805380472,0.6788229265679342,0.0,,,,0,18,126,44
h5_d03,LightGbmTuned,18,4152,126,0.5347222222222222,0.1779749587952602,0.19452448725396426,0.2619675805380472,0.6788229265679342,0.0,,,,0,18,126,45
h5_d03,LightGbmTuned,18,4152,126,0.5347222222222222,0.1779749587952602,0.19452448725396426,0.2619675805380472,0.6788229265679342,0.0,,,,0,18,126,46
h5_d03,NaiveBaseRate,19,4278,124,0.5,0.03225806451612903,0.048970334540461735,0.13323983169705464,0.16549789621318373,0.0,,,,0,4,124,42
h5_d03,NaiveBaseRate,19,4278,124,0.5,0.03225806451612903,0.048970334540461735,0.13323983169705464,0.16549789621318373,0.0,,,,0,4,124,43
h5_d03,NaiveBaseRate,19,4278,124,0.5,0.03225806451612903,0.048970334540461735,0.13323983169705464,0.16549789621318373,0.0,,,,0,4,124,44
h5_d03,NaiveBaseRate,19,4278,124,0.5,0.03225806451612903,0.048970334540461735,0.13323983169705464,0.16549789621318373,0.0,,,,0,4,124,45
h5_d03,NaiveBaseRate,19,4278,124,0.5,0.03225806451612903,0.048970334540461735,0.13323983169705464,0.16549789621318373,0.0,,,,0,4,124,46
h5_d03,VIXPercentileRaw,19,4278,124,0.91875,0.3723214285714286,0.11834191965138408,0.2987792004102008,0.9500116877045347,0.0,,,,0,4,124,42
h5_d03,VIXPercentileRaw,19,4278,124,0.91875,0.3723214285714286,0.11834191965138408,0.2987792004102008,0.9500116877045347,0.0,,,,0,4,124,43
h5_d03,VIXPercentileRaw,19,4278,124,0.91875,0.3723214285714286,0.11834191965138408,0.2987792004102008,0.9500116877045347,0.0,,,,0,4,124,44
h5_d03,VIXPercentileRaw,19,4278,124,0.91875,0.3723214285714286,0.11834191965138408,0.2987792004102008,0.9500116877045347,0.0,,,,0,4,124,45
h5_d03,VIXPercentileRaw,19,4278,124,0.91875,0.3723214285714286,0.11834191965138408,0.2987792004102008,0.9500116877045347,0.0,,,,0,4,124,46
h5_d03,VIXPercentileCalibrated,19,4278,124,0.8677083333333333,0.21666666666666667,0.034605494699418975,0.07150264502818555,0.31562499999999993,0.0,,,,0,4,124,42
h5_d03,VIXPercentileCalibrated,19,4278,124,0.8677083333333333,0.21666666666666667,0.034605494699418975,0.07150264502818555,0.31562499999999993,0.0,,,,0,4,124,43
h5_d03,VIXPercentileCalibrated,19,4278,124,0.8677083333333333,0.21666666666666667,0.034605494699418975,0.07150264502818555,0.31562499999999993,0.0,,,,0,4,124,44
h5_d03,VIXPercentileCalibrated,19,4278,124,0.8677083333333333,0.21666666666666667,0.034605494699418975,0.07150264502818555,0.31562499999999993,0.0,,,,0,4,124,45
h5_d03,VIXPercentileCalibrated,19,4278,124,0.8677083333333333,0.21666666666666667,0.034605494699418975,0.07150264502818555,0.31562499999999993,0.0,,,,0,4,124,46
h5_d03,HarRvThreshold,19,4278,124,0.7423469387755103,0.08697513013302487,0.03808272113019171,0.026266653553416258,0.08857489439338373,0.0,,,,0,4,102,42
h5_d03,HarRvThreshold,19,4278,124,0.7423469387755103,0.08697513013302487,0.03808272113019171,0.026266653553416258,0.08857489439338373,0.0,,,,0,4,102,43
h5_d03,HarRvThreshold,19,4278,124,0.7423469387755103,0.08697513013302487,0.03808272113019171,0.026266653553416258,0.08857489439338373,0.0,,,,0,4,102,44
h5_d03,HarRvThreshold,19,4278,124,0.7423469387755103,0.08697513013302487,0.03808272113019171,0.026266653553416258,0.08857489439338373,0.0,,,,0,4,102,45
h5_d03,HarRvThreshold,19,4278,124,0.7423469387755103,0.08697513013302487,0.03808272113019171,0.026266653553416258,0.08857489439338373,0.0,,,,0,4,102,46
h5_d03,LogisticRegressionL2,19,4278,124,0.9208333333333333,0.5104166666666666,0.12300480578440186,0.30850628269104285,0.7850903644424032,0.0,,,,0,4,124,42
h5_d03,LogisticRegressionL2,19,4278,124,0.9208333333333333,0.5104166666666666,0.12300480578440186,0.30850628269104285,0.7850903644424032,0.0,,,,0,4,124,43
h5_d03,LogisticRegressionL2,19,4278,124,0.9208333333333333,0.5104166666666666,0.12300480578440186,0.30850628269104285,0.7850903644424032,0.0,,,,0,4,124,44
h5_d03,LogisticRegressionL2,19,4278,124,0.9208333333333333,0.5104166666666666,0.12300480578440186,0.30850628269104285,0.7850903644424032,0.0,,,,0,4,124,45
h5_d03,LogisticRegressionL2,19,4278,124,0.9208333333333333,0.5104166666666666,0.12300480578440186,0.30850628269104285,0.7850903644424032,0.0,,,,0,4,124,46
h5_d03,LightGbmTuned,19,4278,124,0.8375,0.18894993894993894,0.16188348475729486,0.36118955882871856,0.6801869526509929,0.0,,,,0,4,124,42
h5_d03,LightGbmTuned,19,4278,124,0.8375,0.18894993894993894,0.16188348475729486,0.36118955882871856,0.6801869526509929,0.0,,,,0,4,124,43
h5_d03,LightGbmTuned,19,4278,124,0.8375,0.18894993894993894,0.16188348475729486,0.36118955882871856,0.6801869526509929,0.0,,,,0,4,124,44
h5_d03,LightGbmTuned,19,4278,124,0.8375,0.18894993894993894,0.16188348475729486,0.36118955882871856,0.6801869526509929,0.0,,,,0,4,124,45
h5_d03,LightGbmTuned,19,4278,124,0.8375,0.18894993894993894,0.16188348475729486,0.36118955882871856,0.6801869526509929,0.0,,,,0,4,124,46
h5_d03,NaiveBaseRate,20,4402,127,0.5,0.2204724409448819,0.17531329580515964,0.05872777942738985,0.16174466151749206,0.0,,,,0,28,127,42
h5_d03,NaiveBaseRate,20,4402,127,0.5,0.2204724409448819,0.17531329580515964,0.05872777942738985,0.16174466151749206,0.0,,,,0,28,127,43
h5_d03,NaiveBaseRate,20,4402,127,0.5,0.2204724409448819,0.17531329580515964,0.05872777942738985,0.16174466151749206,0.0,,,,0,28,127,44
h5_d03,NaiveBaseRate,20,4402,127,0.5,0.2204724409448819,0.17531329580515964,0.05872777942738985,0.16174466151749206,0.0,,,,0,28,127,45
h5_d03,NaiveBaseRate,20,4402,127,0.5,0.2204724409448819,0.17531329580515964,0.05872777942738985,0.16174466151749206,0.0,,,,0,28,127,46
h5_d03,VIXPercentileRaw,20,4402,127,0.393037518037518,0.1853506543486971,0.2973575715406578,0.3536670876158653,0.9500113584734211,0.0,,,,0,28,127,42
h5_d03,VIXPercentileRaw,20,4402,127,0.393037518037518,0.1853506543486971,0.2973575715406578,0.3536670876158653,0.9500113584734211,0.0,,,,0,28,127,43
h5_d03,VIXPercentileRaw,20,4402,127,0.393037518037518,0.1853506543486971,0.2973575715406578,0.3536670876158653,0.9500113584734211,0.0,,,,0,28,127,44
h5_d03,VIXPercentileRaw,20,4402,127,0.393037518037518,0.1853506543486971,0.2973575715406578,0.3536670876158653,0.9500113584734211,0.0,,,,0,28,127,45
h5_d03,VIXPercentileRaw,20,4402,127,0.393037518037518,0.1853506543486971,0.2973575715406578,0.3536670876158653,0.9500113584734211,0.0,,,,0,28,127,46
h5_d03,VIXPercentileCalibrated,20,4402,127,0.3912337662337662,0.18685126508074837,0.18621100141320968,0.10065060968545997,0.31562499999999993,0.0,,,,0,28,127,42
h5_d03,VIXPercentileCalibrated,20,4402,127,0.3912337662337662,0.18685126508074837,0.18621100141320968,0.10065060968545997,0.31562499999999993,0.0,,,,0,28,127,43
h5_d03,VIXPercentileCalibrated,20,4402,127,0.3912337662337662,0.18685126508074837,0.18621100141320968,0.10065060968545997,0.31562499999999993,0.0,,,,0,28,127,44
h5_d03,VIXPercentileCalibrated,20,4402,127,0.3912337662337662,0.18685126508074837,0.18621100141320968,0.10065060968545997,0.31562499999999993,0.0,,,,0,28,127,45
h5_d03,VIXPercentileCalibrated,20,4402,127,0.3912337662337662,0.18685126508074837,0.18621100141320968,0.10065060968545997,0.31562499999999993,0.0,,,,0,28,127,46
h5_d03,HarRvThreshold,20,4402,127,0.5407407407407407,0.16521810279072877,0.13711945095785294,0.12004679258708477,0.08762404350870334,0.0,,,,0,15,105,42
h5_d03,HarRvThreshold,20,4402,127,0.5407407407407407,0.16521810279072877,0.13711945095785294,0.12004679258708477,0.08762404350870334,0.0,,,,0,15,105,43
h5_d03,HarRvThreshold,20,4402,127,0.5407407407407407,0.16521810279072877,0.13711945095785294,0.12004679258708477,0.08762404350870334,0.0,,,,0,15,105,44
h5_d03,HarRvThreshold,20,4402,127,0.5407407407407407,0.16521810279072877,0.13711945095785294,0.12004679258708477,0.08762404350870334,0.0,,,,0,15,105,45
h5_d03,HarRvThreshold,20,4402,127,0.5407407407407407,0.16521810279072877,0.13711945095785294,0.12004679258708477,0.08762404350870334,0.0,,,,0,15,105,46
h5_d03,LogisticRegressionL2,20,4402,127,0.4906204906204906,0.23423054270047772,0.2830140176833097,0.31269522531669036,0.7887896964140828,0.007874015748031496,0.0,0.9299924318413036,,1,28,127,42
h5_d03,LogisticRegressionL2,20,4402,127,0.4906204906204906,0.23423054270047772,0.2830140176833097,0.31269522531669036,0.7887896964140828,0.007874015748031496,0.0,0.9299924318413036,,1,28,127,43
h5_d03,LogisticRegressionL2,20,4402,127,0.4906204906204906,0.23423054270047772,0.2830140176833097,0.31269522531669036,0.7887896964140828,0.007874015748031496,0.0,0.9299924318413036,,1,28,127,44
h5_d03,LogisticRegressionL2,20,4402,127,0.4906204906204906,0.23423054270047772,0.2830140176833097,0.31269522531669036,0.7887896964140828,0.007874015748031496,0.0,0.9299924318413036,,1,28,127,45
h5_d03,LogisticRegressionL2,20,4402,127,0.4906204906204906,0.23423054270047772,0.2830140176833097,0.31269522531669036,0.7887896964140828,0.007874015748031496,0.0,0.9299924318413036,,1,28,127,46
h5_d03,LightGbmTuned,20,4402,127,0.466991341991342,0.22749078194758188,0.2671536822836568,0.2815660159147251,0.6833392197944274,0.0,,,,0,28,127,42
h5_d03,LightGbmTuned,20,4402,127,0.466991341991342,0.22749078194758188,0.2671536822836568,0.2815660159147251,0.6833392197944274,0.0,,,,0,28,127,43
h5_d03,LightGbmTuned,20,4402,127,0.466991341991342,0.22749078194758188,0.2671536822836568,0.2815660159147251,0.6833392197944274,0.0,,,,0,28,127,44
h5_d03,LightGbmTuned,20,4402,127,0.466991341991342,0.22749078194758188,0.2671536822836568,0.2815660159147251,0.6833392197944274,0.0,,,,0,28,127,45
h5_d03,LightGbmTuned,20,4402,127,0.466991341991342,0.22749078194758188,0.2671536822836568,0.2815660159147251,0.6833392197944274,0.0,,,,0,28,127,46
h5_d03,NaiveBaseRate,21,4529,123,0.5,0.24390243902439024,0.1908960542447225,0.08051096187711715,0.16339147714727312,0.0,,,,0,30,123,42
h5_d03,NaiveBaseRate,21,4529,123,0.5,0.24390243902439024,0.1908960542447225,0.08051096187711715,0.16339147714727312,0.0,,,,0,30,123,43
h5_d03,NaiveBaseRate,21,4529,123,0.5,0.24390243902439024,0.1908960542447225,0.08051096187711715,0.16339147714727312,0.0,,,,0,30,123,44
h5_d03,NaiveBaseRate,21,4529,123,0.5,0.24390243902439024,0.1908960542447225,0.08051096187711715,0.16339147714727312,0.0,,,,0,30,123,45
h5_d03,NaiveBaseRate,21,4529,123,0.5,0.24390243902439024,0.1908960542447225,0.08051096187711715,0.16339147714727312,0.0,,,,0,30,123,46
h5_d03,VIXPercentileRaw,21,4529,123,0.5290322580645161,0.2780577987378055,0.34419592078546246,0.3749028393353044,0.9500110399646721,0.032520325203252036,0.25,0.031306390343658785,0.8477531186194779,4,30,123,42
h5_d03,VIXPercentileRaw,21,4529,123,0.5290322580645161,0.2780577987378055,0.34419592078546246,0.3749028393353044,0.9500110399646721,0.032520325203252036,0.25,0.031306390343658785,0.8477531186194779,4,30,123,43
h5_d03,VIXPercentileRaw,21,4529,123,0.5290322580645161,0.2780577987378055,0.34419592078546246,0.3749028393353044,0.9500110399646721,0.032520325203252036,0.25,0.031306390343658785,0.8477531186194779,4,30,123,44
h5_d03,VIXPercentileRaw,21,4529,123,0.5290322580645161,0.2780577987378055,0.34419592078546246,0.3749028393353044,0.9500110399646721,0.032520325203252036,0.25,0.031306390343658785,0.8477531186194779,4,30,123,45
h5_d03,VIXPercentileRaw,21,4529,123,0.5290322580645161,0.2780577987378055,0.34419592078546246,0.3749028393353044,0.9500110399646721,0.032520325203252036,0.25,0.031306390343658785,0.8477531186194779,4,30,123,46
h5_d03,VIXPercentileCalibrated,21,4529,123,0.5537634408602151,0.26831097809907484,0.18816180791469375,0.06133681301181395,0.3146417445482866,0.0,,,,0,30,123,42
h5_d03,VIXPercentileCalibrated,21,4529,123,0.5537634408602151,0.26831097809907484,0.18816180791469375,0.06133681301181395,0.3146417445482866,0.0,,,,0,30,123,43
h5_d03,VIXPercentileCalibrated,21,4529,123,0.5537634408602151,0.26831097809907484,0.18816180791469375,0.06133681301181395,0.3146417445482866,0.0,,,,0,30,123,44
h5_d03,VIXPercentileCalibrated,21,4529,123,0.5537634408602151,0.26831097809907484,0.18816180791469375,0.06133681301181395,0.3146417445482866,0.0,,,,0,30,123,45
h5_d03,VIXPercentileCalibrated,21,4529,123,0.5537634408602151,0.26831097809907484,0.18816180791469375,0.06133681301181395,0.3146417445482866,0.0,,,,0,30,123,46
h5_d03,HarRvThreshold,21,4529,123,0.546046046046046,0.3742725873766455,0.2355063203668835,0.22142987737592074,0.08697676566734178,0.19801980198019803,0.25,0.6188523957388196,0.9586635882045595,20,27,101,42
h5_d03,HarRvThreshold,21,4529,123,0.546046046046046,0.3742725873766455,0.2355063203668835,0.22142987737592074,0.08697676566734178,0.19801980198019803,0.25,0.6188523957388196,0.9586635882045595,20,27,101,43
h5_d03,HarRvThreshold,21,4529,123,0.546046046046046,0.3742725873766455,0.2355063203668835,0.22142987737592074,0.08697676566734178,0.19801980198019803,0.25,0.6188523957388196,0.9586635882045595,20,27,101,44
h5_d03,HarRvThreshold,21,4529,123,0.546046046046046,0.3742725873766455,0.2355063203668835,0.22142987737592074,0.08697676566734178,0.19801980198019803,0.25,0.6188523957388196,0.9586635882045595,20,27,101,45
h5_d03,HarRvThreshold,21,4529,123,0.546046046046046,0.3742725873766455,0.2355063203668835,0.22142987737592074,0.08697676566734178,0.19801980198019803,0.25,0.6188523957388196,0.9586635882045595,20,27,101,46
h5_d03,LogisticRegressionL2,21,4529,123,0.5444444444444445,0.3631777087867111,0.3172559607790813,0.3391341224072498,0.7822009068595981,0.17073170731707318,0.19047619047619047,0.29452447802051146,0.9000439625788369,21,30,123,42
h5_d03,LogisticRegressionL2,21,4529,123,0.5444444444444445,0.3631777087867111,0.3172559607790813,0.3391341224072498,0.7822009068595981,0.17073170731707318,0.19047619047619047,0.29452447802051146,0.9000439625788369,21,30,123,43
h5_d03,LogisticRegressionL2,21,4529,123,0.5444444444444445,0.3631777087867111,0.3172559607790813,0.3391341224072498,0.7822009068595981,0.17073170731707318,0.19047619047619047,0.29452447802051146,0.9000439625788369,21,30,123,44
h5_d03,LogisticRegressionL2,21,4529,123,0.5444444444444445,0.3631777087867111,0.3172559607790813,0.3391341224072498,0.7822009068595981,0.17073170731707318,0.19047619047619047,0.29452447802051146,0.9000439625788369,21,30,123,45
h5_d03,LogisticRegressionL2,21,4529,123,0.5444444444444445,0.3631777087867111,0.3172559607790813,0.3391341224072498,0.7822009068595981,0.17073170731707318,0.19047619047619047,0.29452447802051146,0.9000439625788369,21,30,123,46
h5_d03,LightGbmTuned,21,4529,123,0.5779569892473119,0.3075210186631762,0.2794190458692053,0.30802998228091416,0.6788632010964475,0.08130081300813008,0.4,1.1432549278474595,0.9000439625788369,10,30,123,42
h5_d03,LightGbmTuned,21,4529,123,0.5779569892473119,0.3075210186631762,0.2794190458692053,0.30802998228091416,0.6788632010964475,0.08130081300813008,0.4,1.1432549278474595,0.9000439625788369,10,30,123,43
h5_d03,LightGbmTuned,21,4529,123,0.5779569892473119,0.3075210186631762,0.2794190458692053,0.30802998228091416,0.6788632010964475,0.08130081300813008,0.4,1.1432549278474595,0.9000439625788369,10,30,123,44
h5_d03,LightGbmTuned,21,4529,123,0.5779569892473119,0.3075210186631762,0.2794190458692053,0.30802998228091416,0.6788632010964475,0.08130081300813008,0.4,1.1432549278474595,0.9000439625788369,10,30,123,45
h5_d03,LightGbmTuned,21,4529,123,0.5779569892473119,0.3075210186631762,0.2794190458692053,0.30802998228091416,0.6788632010964475,0.08130081300813008,0.4,1.1432549278474595,0.9000439625788369,10,30,123,46
h5_d03,NaiveBaseRate,22,4652,127,0.5,0.10236220472440945,0.09587311693932936,0.06315800163844536,0.1655202063628547,0.0,,,,0,13,127,42
h5_d03,NaiveBaseRate,22,4652,127,0.5,0.10236220472440945,0.09587311693932936,0.06315800163844536,0.1655202063628547,0.0,,,,0,13,127,43
h5_d03,NaiveBaseRate,22,4652,127,0.5,0.10236220472440945,0.09587311693932936,0.06315800163844536,0.1655202063628547,0.0,,,,0,13,127,44
h5_d03,NaiveBaseRate,22,4652,127,0.5,0.10236220472440945,0.09587311693932936,0.06315800163844536,0.1655202063628547,0.0,,,,0,13,127,45
h5_d03,NaiveBaseRate,22,4652,127,0.5,0.10236220472440945,0.09587311693932936,0.06315800163844536,0.1655202063628547,0.0,,,,0,13,127,46
h5_d03,VIXPercentileRaw,22,4652,127,0.7388663967611336,0.2227207710880458,0.24162235711519703,0.3883809182063763,0.9500107480653482,0.0,,,,0,13,127,42
h5_d03,VIXPercentileRaw,22,4652,127,0.7388663967611336,0.2227207710880458,0.24162235711519703,0.3883809182063763,0.9500107480653482,0.0,,,,0,13,127,43
h5_d03,VIXPercentileRaw,22,4652,127,0.7388663967611336,0.2227207710880458,0.24162235711519703,0.3883809182063763,0.9500107480653482,0.0,,,,0,13,127,44
h5_d03,VIXPercentileRaw,22,4652,127,0.7388663967611336,0.2227207710880458,0.24162235711519703,0.3883809182063763,0.9500107480653482,0.0,,,,0,13,127,45
h5_d03,VIXPercentileRaw,22,4652,127,0.7388663967611336,0.2227207710880458,0.24162235711519703,0.3883809182063763,0.9500107480653482,0.0,,,,0,13,127,46
h5_d03,VIXPercentileCalibrated,22,4652,127,0.7017543859649122,0.19087024087024088,0.08999052831093904,0.042110565970665044,0.3141993957703927,0.0,,,,0,13,127,42
h5_d03,VIXPercentileCalibrated,22,4652,127,0.7017543859649122,0.19087024087024088,0.08999052831093904,0.042110565970665044,0.3141993957703927,0.0,,,,0,13,127,43
h5_d03,VIXPercentileCalibrated,22,4652,127,0.7017543859649122,0.19087024087024088,0.08999052831093904,0.042110565970665044,0.3141993957703927,0.0,,,,0,13,127,44
h5_d03,VIXPercentileCalibrated,22,4652,127,0.7017543859649122,0.19087024087024088,0.08999052831093904,0.042110565970665044,0.3141993957703927,0.0,,,,0,13,127,45
h5_d03,VIXPercentileCalibrated,22,4652,127,0.7017543859649122,0.19087024087024088,0.08999052831093904,0.042110565970665044,0.3141993957703927,0.0,,,,0,13,127,46
h5_d03,HarRvThreshold,22,4652,127,0.5610367892976589,0.16069359300586594,0.12038297139954186,0.11028686139043808,0.08842024131470644,0.0,,,,0,13,105,42
h5_d03,HarRvThreshold,22,4652,127,0.5610367892976589,0.16069359300586594,0.12038297139954186,0.11028686139043808,0.08842024131470644,0.0,,,,0,13,105,43
h5_d03,HarRvThreshold,22,4652,127,0.5610367892976589,0.16069359300586594,0.12038297139954186,0.11028686139043808,0.08842024131470644,0.0,,,,0,13,105,44
h5_d03,HarRvThreshold,22,4652,127,0.5610367892976589,0.16069359300586594,0.12038297139954186,0.11028686139043808,0.08842024131470644,0.0,,,,0,13,105,45
h5_d03,HarRvThreshold,22,4652,127,0.5610367892976589,0.16069359300586594,0.12038297139954186,0.11028686139043808,0.08842024131470644,0.0,,,,0,13,105,46
h5_d03,LogisticRegressionL2,22,4652,127,0.7483130904183537,0.27006705853051194,0.16605778674452082,0.2833954675457956,0.7795227211701984,0.0,,,,0,13,127,42
h5_d03,LogisticRegressionL2,22,4652,127,0.7483130904183537,0.27006705853051194,0.16605778674452082,0.2833954675457956,0.7795227211701984,0.0,,,,0,13,127,43
h5_d03,LogisticRegressionL2,22,4652,127,0.7483130904183537,0.27006705853051194,0.16605778674452082,0.2833954675457956,0.7795227211701984,0.0,,,,0,13,127,44
h5_d03,LogisticRegressionL2,22,4652,127,0.7483130904183537,0.27006705853051194,0.16605778674452082,0.2833954675457956,0.7795227211701984,0.0,,,,0,13,127,45
h5_d03,LogisticRegressionL2,22,4652,127,0.7483130904183537,0.27006705853051194,0.16605778674452082,0.2833954675457956,0.7795227211701984,0.0,,,,0,13,127,46
h5_d03,LightGbmTuned,22,4652,127,0.6497975708502025,0.17817501983052703,0.1772670800685949,0.2913536946561479,0.6703631675520711,0.0,,,,0,13,127,42
h5_d03,LightGbmTuned,22,4652,127,0.6497975708502025,0.17817501983052703,0.1772670800685949,0.2913536946561479,0.6703631675520711,0.0,,,,0,13,127,43
h5_d03,LightGbmTuned,22,4652,127,0.6497975708502025,0.17817501983052703,0.1772670800685949,0.2913536946561479,0.6703631675520711,0.0,,,,0,13,127,44
h5_d03,LightGbmTuned,22,4652,127,0.6497975708502025,0.17817501983052703,0.1772670800685949,0.2913536946561479,0.6703631675520711,0.0,,,,0,13,127,45
h5_d03,LightGbmTuned,22,4652,127,0.6497975708502025,0.17817501983052703,0.1772670800685949,0.2913536946561479,0.6703631675520711,0.0,,,,0,13,127,46
h10_d05,NaiveBaseRate,1,2014,124,,,0.018105880485065312,0.13455809334657395,0.13455809334657398,0.0,,,,0,0,124,42
h10_d05,NaiveBaseRate,1,2014,124,,,0.018105880485065312,0.13455809334657395,0.13455809334657398,0.0,,,,0,0,124,43
h10_d05,NaiveBaseRate,1,2014,124,,,0.018105880485065312,0.13455809334657395,0.13455809334657398,0.0,,,,0,0,124,44
h10_d05,NaiveBaseRate,1,2014,124,,,0.018105880485065312,0.13455809334657395,0.13455809334657398,0.0,,,,0,0,124,45
h10_d05,NaiveBaseRate,1,2014,124,,,0.018105880485065312,0.13455809334657395,0.13455809334657398,0.0,,,,0,0,124,46
h10_d05,VIXPercentileRaw,1,2014,124,,,0.07020788331822993,0.2208412083159817,0.9500248262164845,0.0,,,,0,0,124,42
h10_d05,VIXPercentileRaw,1,2014,124,,,0.07020788331822993,0.2208412083159817,0.9500248262164845,0.0,,,,0,0,124,43
h10_d05,VIXPercentileRaw,1,2014,124,,,0.07020788331822993,0.2208412083159817,0.9500248262164845,0.0,,,,0,0,124,44
h10_d05,VIXPercentileRaw,1,2014,124,,,0.07020788331822993,0.2208412083159817,0.9500248262164845,0.0,,,,0,0,124,45
h10_d05,VIXPercentileRaw,1,2014,124,,,0.07020788331822993,0.2208412083159817,0.9500248262164845,0.0,,,,0,0,124,46
h10_d05,VIXPercentileCalibrated,1,2014,124,,,0.0032646165650113933,0.048323859987904616,0.4117647058823529,0.0,,,,0,0,124,42
h10_d05,VIXPercentileCalibrated,1,2014,124,,,0.0032646165650113933,0.048323859987904616,0.4117647058823529,0.0,,,,0,0,124,43
h10_d05,VIXPercentileCalibrated,1,2014,124,,,0.0032646165650113933,0.048323859987904616,0.4117647058823529,0.0,,,,0,0,124,44
h10_d05,VIXPercentileCalibrated,1,2014,124,,,0.0032646165650113933,0.048323859987904616,0.4117647058823529,0.0,,,,0,0,124,45
h10_d05,VIXPercentileCalibrated,1,2014,124,,,0.0032646165650113933,0.048323859987904616,0.4117647058823529,0.0,,,,0,0,124,46
h10_d05,HarRvThreshold,1,2014,124,,,0.00031453238014445803,0.01675773353451721,0.21568948793860138,0.0,,,,0,0,102,42
h10_d05,HarRvThreshold,1,2014,124,,,0.00031453238014445803,0.01675773353451721,0.21568948793860138,0.0,,,,0,0,102,43
h10_d05,HarRvThreshold,1,2014,124,,,0.00031453238014445803,0.01675773353451721,0.21568948793860138,0.0,,,,0,0,102,44
h10_d05,HarRvThreshold,1,2014,124,,,0.00031453238014445803,0.01675773353451721,0.21568948793860138,0.0,,,,0,0,102,45
h10_d05,HarRvThreshold,1,2014,124,,,0.00031453238014445803,0.01675773353451721,0.21568948793860138,0.0,,,,0,0,102,46
h10_d05,LogisticRegressionL2,1,2014,124,,,0.15830286694961687,0.37640928803419405,0.8337776553334312,0.0,,,,0,0,124,42
h10_d05,LogisticRegressionL2,1,2014,124,,,0.15830286694961687,0.37640928803419405,0.8337776553334312,0.0,,,,0,0,124,43
h10_d05,LogisticRegressionL2,1,2014,124,,,0.15830286694961687,0.37640928803419405,0.8337776553334312,0.0,,,,0,0,124,44
h10_d05,LogisticRegressionL2,1,2014,124,,,0.15830286694961687,0.37640928803419405,0.8337776553334312,0.0,,,,0,0,124,45
h10_d05,LogisticRegressionL2,1,2014,124,,,0.15830286694961687,0.37640928803419405,0.8337776553334312,0.0,,,,0,0,124,46
h10_d05,LightGbmTuned,1,2014,124,,,0.13584950109987937,0.350860052156766,0.7364006358475216,0.0,,,,0,0,124,42
h10_d05,LightGbmTuned,1,2014,124,,,0.13584950109987937,0.350860052156766,0.7364006358475216,0.0,,,,0,0,124,43
h10_d05,LightGbmTuned,1,2014,124,,,0.13584950109987937,0.350860052156766,0.7364006358475216,0.0,,,,0,0,124,44
h10_d05,LightGbmTuned,1,2014,124,,,0.13584950109987937,0.350860052156766,0.7364006358475216,0.0,,,,0,0,124,45
h10_d05,LightGbmTuned,1,2014,124,,,0.13584950109987937,0.350860052156766,0.7364006358475216,0.0,,,,0,0,124,46
h10_d05,NaiveBaseRate,2,2138,127,0.5,0.16535433070866143,0.13950226343302943,0.0386003550304575,0.12675397567820393,0.0,,,,0,21,127,42
h10_d05,NaiveBaseRate,2,2138,127,0.5,0.16535433070866143,0.13950226343302943,0.0386003550304575,0.12675397567820393,0.0,,,,0,21,127,43
h10_d05,NaiveBaseRate,2,2138,127,0.5,0.16535433070866143,0.13950226343302943,0.0386003550304575,0.12675397567820393,0.0,,,,0,21,127,44
h10_d05,NaiveBaseRate,2,2138,127,0.5,0.16535433070866143,0.13950226343302943,0.0386003550304575,0.12675397567820393,0.0,,,,0,21,127,45
h10_d05,NaiveBaseRate,2,2138,127,0.5,0.16535433070866143,0.13950226343302943,0.0386003550304575,0.12675397567820393,0.0,,,,0,21,127,46
h10_d05,VIXPercentileRaw,2,2138,127,0.4521563342318059,0.14684810393808895,0.2760273369414525,0.2799731885712602,0.950023386342376,0.0,,,,0,21,127,42
h10_d05,VIXPercentileRaw,2,2138,127,0.4521563342318059,0.14684810393808895,0.2760273369414525,0.2799731885712602,0.950023386342376,0.0,,,,0,21,127,43
h10_d05,VIXPercentileRaw,2,2138,127,0.4521563342318059,0.14684810393808895,0.2760273369414525,0.2799731885712602,0.950023386342376,0.0,,,,0,21,127,44
h10_d05,VIXPercentileRaw,2,2138,127,0.4521563342318059,0.14684810393808895,0.2760273369414525,0.2799731885712602,0.950023386342376,0.0,,,,0,21,127,45
h10_d05,VIXPercentileRaw,2,2138,127,0.4521563342318059,0.14684810393808895,0.2760273369414525,0.2799731885712602,0.950023386342376,0.0,,,,0,21,127,46
h10_d05,VIXPercentileCalibrated,2,2138,127,0.46293800539083557,0.16456461744422596,0.15272974846594717,0.1358552582281345,0.4117647058823529,0.0,,,,0,21,127,42
h10_d05,VIXPercentileCalibrated,2,2138,127,0.46293800539083557,0.16456461744422596,0.15272974846594717,0.1358552582281345,0.4117647058823529,0.0,,,,0,21,127,43
h10_d05,VIXPercentileCalibrated,2,2138,127,0.46293800539083557,0.16456461744422596,0.15272974846594717,0.1358552582281345,0.4117647058823529,0.0,,,,0,21,127,44
h10_d05,VIXPercentileCalibrated,2,2138,127,0.46293800539083557,0.16456461744422596,0.15272974846594717,0.1358552582281345,0.4117647058823529,0.0,,,,0,21,127,45
h10_d05,VIXPercentileCalibrated,2,2138,127,0.46293800539083557,0.16456461744422596,0.15272974846594717,0.1358552582281345,0.4117647058823529,0.0,,,,0,21,127,46
h10_d05,HarRvThreshold,2,2138,127,0.4007936507936508,0.17697126472236657,0.18539866046116382,0.1479445962377859,0.2048654961872698,0.0,,,,0,21,105,42
h10_d05,HarRvThreshold,2,2138,127,0.4007936507936508,0.17697126472236657,0.18539866046116382,0.1479445962377859,0.2048654961872698,0.0,,,,0,21,105,43
h10_d05,HarRvThreshold,2,2138,127,0.4007936507936508,0.17697126472236657,0.18539866046116382,0.1479445962377859,0.2048654961872698,0.0,,,,0,21,105,44
h10_d05,HarRvThreshold,2,2138,127,0.4007936507936508,0.17697126472236657,0.18539866046116382,0.1479445962377859,0.2048654961872698,0.0,,,,0,21,105,45
h10_d05,HarRvThreshold,2,2138,127,0.4007936507936508,0.17697126472236657,0.18539866046116382,0.1479445962377859,0.2048654961872698,0.0,,,,0,21,105,46
h10_d05,LogisticRegressionL2,2,2138,127,0.4950584007187781,0.15555638086382045,0.2721305202807564,0.30389167106547493,0.8278981378668153,0.07874015748031496,0.0,0.6332584542958174,,10,21,127,42
h10_d05,LogisticRegressionL2,2,2138,127,0.4950584007187781,0.15555638086382045,0.2721305202807564,0.30389167106547493,0.8278981378668153,0.07874015748031496,0.0,0.6332584542958174,,10,21,127,43
h10_d05,LogisticRegressionL2,2,2138,127,0.4950584007187781,0.15555638086382045,0.2721305202807564,0.30389167106547493,0.8278981378668153,0.07874015748031496,0.0,0.6332584542958174,,10,21,127,44
h10_d05,LogisticRegressionL2,2,2138,127,0.4950584007187781,0.15555638086382045,0.2721305202807564,0.30389167106547493,0.8278981378668153,0.07874015748031496,0.0,0.6332584542958174,,10,21,127,45
h10_d05,LogisticRegressionL2,2,2138,127,0.4950584007187781,0.15555638086382045,0.2721305202807564,0.30389167106547493,0.8278981378668153,0.07874015748031496,0.0,0.6332584542958174,,10,21,127,46
h10_d05,LightGbmTuned,2,2138,127,0.472596585804133,0.1647595384419042,0.24923772029181862,0.2841383099415719,0.7468752286842232,0.0,,,,0,21,127,42
h10_d05,LightGbmTuned,2,2138,127,0.472596585804133,0.1647595384419042,0.24923772029181862,0.2841383099415719,0.7468752286842232,0.0,,,,0,21,127,43
h10_d05,LightGbmTuned,2,2138,127,0.472596585804133,0.1647595384419042,0.24923772029181862,0.2841383099415719,0.7468752286842232,0.0,,,,0,21,127,44
h10_d05,LightGbmTuned,2,2138,127,0.472596585804133,0.1647595384419042,0.24923772029181862,0.2841383099415719,0.7468752286842232,0.0,,,,0,21,127,45
h10_d05,LightGbmTuned,2,2138,127,0.472596585804133,0.1647595384419042,0.24923772029181862,0.2841383099415719,0.7468752286842232,0.0,,,,0,21,127,46
h10_d05,NaiveBaseRate,3,2265,126,0.5,0.15079365079365079,0.128533455670862,0.021875328497845042,0.12891832229580574,0.0,,,,0,19,126,42
h10_d05,NaiveBaseRate,3,2265,126,0.5,0.15079365079365079,0.128533455670862,0.021875328497845042,0.12891832229580574,0.0,,,,0,19,126,43
h10_d05,NaiveBaseRate,3,2265,126,0.5,0.15079365079365079,0.128533455670862,0.021875328497845042,0.12891832229580574,0.0,,,,0,19,126,44
h10_d05,NaiveBaseRate,3,2265,126,0.5,0.15079365079365079,0.128533455670862,0.021875328497845042,0.12891832229580574,0.0,,,,0,19,126,45
h10_d05,NaiveBaseRate,3,2265,126,0.5,0.15079365079365079,0.128533455670862,0.021875328497845042,0.12891832229580574,0.0,,,,0,19,126,46
h10_d05,VIXPercentileRaw,3,2265,126,0.6741269060501722,0.21625091264045926,0.2511015923603091,0.3269280633519044,0.9501103752759382,0.0,,,,0,19,126,42
h10_d05,VIXPercentileRaw,3,2265,126,0.6741269060501722,0.21625091264045926,0.2511015923603091,0.3269280633519044,0.9501103752759382,0.0,,,,0,19,126,43
h10_d05,VIXPercentileRaw,3,2265,126,0.6741269060501722,0.21625091264045926,0.2511015923603091,0.3269280633519044,0.9501103752759382,0.0,,,,0,19,126,44
h10_d05,VIXPercentileRaw,3,2265,126,0.6741269060501722,0.21625091264045926,0.2511015923603091,0.3269280633519044,0.9501103752759382,0.0,,,,0,19,126,45
h10_d05,VIXPercentileRaw,3,2265,126,0.6741269060501722,0.21625091264045926,0.2511015923603091,0.3269280633519044,0.9501103752759382,0.0,,,,0,19,126,46
h10_d05,VIXPercentileCalibrated,3,2265,126,0.6763403836694539,0.21428553579514698,0.12499895890746758,0.055646544110350304,0.24271844660194175,0.0,,,,0,19,126,42
h10_d05,VIXPercentileCalibrated,3,2265,126,0.6763403836694539,0.21428553579514698,0.12499895890746758,0.055646544110350304,0.24271844660194175,0.0,,,,0,19,126,43
h10_d05,VIXPercentileCalibrated,3,2265,126,0.6763403836694539,0.21428553579514698,0.12499895890746758,0.055646544110350304,0.24271844660194175,0.0,,,,0,19,126,44
h10_d05,VIXPercentileCalibrated,3,2265,126,0.6763403836694539,0.21428553579514698,0.12499895890746758,0.055646544110350304,0.24271844660194175,0.0,,,,0,19,126,45
h10_d05,VIXPercentileCalibrated,3,2265,126,0.6763403836694539,0.21428553579514698,0.12499895890746758,0.055646544110350304,0.24271844660194175,0.0,,,,0,19,126,46
h10_d05,HarRvThreshold,3,2265,126,0.3489583333333333,0.1032943055915709,0.07399475082260078,0.046518541005365184,0.18655010793046287,0.0,,,,0,8,104,42
h10_d05,HarRvThreshold,3,2265,126,0.3489583333333333,0.1032943055915709,0.07399475082260078,0.046518541005365184,0.18655010793046287,0.0,,,,0,8,104,43
h10_d05,HarRvThreshold,3,2265,126,0.3489583333333333,0.1032943055915709,0.07399475082260078,0.046518541005365184,0.18655010793046287,0.0,,,,0,8,104,44
h10_d05,HarRvThreshold,3,2265,126,0.3489583333333333,0.1032943055915709,0.07399475082260078,0.046518541005365184,0.18655010793046287,0.0,,,,0,8,104,45
h10_d05,HarRvThreshold,3,2265,126,0.3489583333333333,0.1032943055915709,0.07399475082260078,0.046518541005365184,0.18655010793046287,0.0,,,,0,8,104,46
h10_d05,LogisticRegressionL2,3,2265,126,0.6856861780619774,0.22091009138109177,0.21618477589010182,0.3183816484511562,0.8155258309034845,0.0,,,,0,19,126,42
h10_d05,LogisticRegressionL2,3,2265,126,0.6856861780619774,0.22091009138109177,0.21618477589010182,0.3183816484511562,0.8155258309034845,0.0,,,,0,19,126,43
h10_d05,LogisticRegressionL2,3,2265,126,0.6856861780619774,0.22091009138109177,0.21618477589010182,0.3183816484511562,0.8155258309034845,0.0,,,,0,19,126,44
h10_d05,LogisticRegressionL2,3,2265,126,0.6856861780619774,0.22091009138109177,0.21618477589010182,0.3183816484511562,0.8155258309034845,0.0,,,,0,19,126,45
h10_d05,LogisticRegressionL2,3,2265,126,0.6856861780619774,0.22091009138109177,0.21618477589010182,0.3183816484511562,0.8155258309034845,0.0,,,,0,19,126,46
h10_d05,LightGbmTuned,3,2265,126,0.6438760452533202,0.26743173902935097,0.22459360404442943,0.29859253625617127,0.7174628932389936,0.0,,,,0,19,126,42
h10_d05,LightGbmTuned,3,2265,126,0.6438760452533202,0.26743173902935097,0.22459360404442943,0.29859253625617127,0.7174628932389936,0.0,,,,0,19,126,43
h10_d05,LightGbmTuned,3,2265,126,0.6438760452533202,0.26743173902935097,0.22459360404442943,0.29859253625617127,0.7174628932389936,0.0,,,,0,19,126,44
h10_d05,LightGbmTuned,3,2265,126,0.6438760452533202,0.26743173902935097,0.22459360404442943,0.29859253625617127,0.7174628932389936,0.0,,,,0,19,126,45
h10_d05,LightGbmTuned,3,2265,126,0.6438760452533202,0.26743173902935097,0.22459360404442943,0.29859253625617127,0.7174628932389936,0.0,,,,0,19,126,46
h10_d05,NaiveBaseRate,4,2391,127,0.5,0.007874015748031496,0.022744143013492518,0.12219708421014495,0.1300710999581765,0.0,,,,0,1,127,42
h10_d05,NaiveBaseRate,4,2391,127,0.5,0.007874015748031496,0.022744143013492518,0.12219708421014495,0.1300710999581765,0.0,,,,0,1,127,43
h10_d05,NaiveBaseRate,4,2391,127,0.5,0.007874015748031496,0.022744143013492518,0.12219708421014495,0.1300710999581765,0.0,,,,0,1,127,44
h10_d05,NaiveBaseRate,4,2391,127,0.5,0.007874015748031496,0.022744143013492518,0.12219708421014495,0.1300710999581765,0.0,,,,0,1,127,45
h10_d05,NaiveBaseRate,4,2391,127,0.5,0.007874015748031496,0.022744143013492518,0.12219708421014495,0.1300710999581765,0.0,,,,0,1,127,46
h10_d05,VIXPercentileRaw,4,2391,127,0.3650793650793651,0.012345679012345678,0.059084605997102774,0.17817801005740033,0.9500209117524049,0.0,,,,0,1,127,42
h10_d05,VIXPercentileRaw,4,2391,127,0.3650793650793651,0.012345679012345678,0.059084605997102774,0.17817801005740033,0.9500209117524049,0.0,,,,0,1,127,43
h10_d05,VIXPercentileRaw,4,2391,127,0.3650793650793651,0.012345679012345678,0.059084605997102774,0.17817801005740033,0.9500209117524049,0.0,,,,0,1,127,44
h10_d05,VIXPercentileRaw,4,2391,127,0.3650793650793651,0.012345679012345678,0.059084605997102774,0.17817801005740033,0.9500209117524049,0.0,,,,0,1,127,45
h10_d05,VIXPercentileRaw,4,2391,127,0.3650793650793651,0.012345679012345678,0.059084605997102774,0.17817801005740033,0.9500209117524049,0.0,,,,0,1,127,46
h10_d05,VIXPercentileCalibrated,4,2391,127,0.3611111111111111,0.012048192771084338,0.010113597315202021,0.03442156172972281,0.24271844660194175,0.0,,,,0,1,127,42
h10_d05,VIXPercentileCalibrated,4,2391,127,0.3611111111111111,0.012048192771084338,0.010113597315202021,0.03442156172972281,0.24271844660194175,0.0,,,,0,1,127,43
h10_d05,VIXPercentileCalibrated,4,2391,127,0.3611111111111111,0.012048192771084338,0.010113597315202021,0.03442156172972281,0.24271844660194175,0.0,,,,0,1,127,44
h10_d05,VIXPercentileCalibrated,4,2391,127,0.3611111111111111,0.012048192771084338,0.010113597315202021,0.03442156172972281,0.24271844660194175,0.0,,,,0,1,127,45
h10_d05,VIXPercentileCalibrated,4,2391,127,0.3611111111111111,0.012048192771084338,0.010113597315202021,0.03442156172972281,0.24271844660194175,0.0,,,,0,1,127,46
h10_d05,HarRvThreshold,4,2391,127,0.375,0.015151515151515152,0.009581184706774307,0.002218463668778521,0.17477417855802238,0.0,,,,0,1,105,42
h10_d05,HarRvThreshold,4,2391,127,0.375,0.015151515151515152,0.009581184706774307,0.002218463668778521,0.17477417855802238,0.0,,,,0,1,105,43
h10_d05,HarRvThreshold,4,2391,127,0.375,0.015151515151515152,0.009581184706774307,0.002218463668778521,0.17477417855802238,0.0,,,,0,1,105,44
h10_d05,HarRvThreshold,4,2391,127,0.375,0.015151515151515152,0.009581184706774307,0.002218463668778521,0.17477417855802238,0.0,,,,0,1,105,45
h10_d05,HarRvThreshold,4,2391,127,0.375,0.015151515151515152,0.009581184706774307,0.002218463668778521,0.17477417855802238,0.0,,,,0,1,105,46
h10_d05,LogisticRegressionL2,4,2391,127,0.40476190476190477,0.013157894736842105,0.09191025797280979,0.27264468148965626,0.8051244915451035,0.0,,,,0,1,127,42
h10_d05,LogisticRegressionL2,4,2391,127,0.40476190476190477,0.013157894736842105,0.09191025797280979,0.27264468148965626,0.8051244915451035,0.0,,,,0,1,127,43
h10_d05,LogisticRegressionL2,4,2391,127,0.40476190476190477,0.013157894736842105,0.09191025797280979,0.27264468148965626,0.8051244915451035,0.0,,,,0,1,127,44
h10_d05,LogisticRegressionL2,4,2391,127,0.40476190476190477,0.013157894736842105,0.09191025797280979,0.27264468148965626,0.8051244915451035,0.0,,,,0,1,127,45
h10_d05,LogisticRegressionL2,4,2391,127,0.40476190476190477,0.013157894736842105,0.09191025797280979,0.27264468148965626,0.8051244915451035,0.0,,,,0,1,127,46
h10_d05,LightGbmTuned,4,2391,127,0.20238095238095238,0.009523809523809525,0.12185134800175096,0.3268912166861457,0.7126818921149529,0.0,,,,0,1,127,42
h10_d05,LightGbmTuned,4,2391,127,0.20238095238095238,0.009523809523809525,0.12185134800175096,0.3268912166861457,0.7126818921149529,0.0,,,,0,1,127,43
h10_d05,LightGbmTuned,4,2391,127,0.20238095238095238,0.009523809523809525,0.12185134800175096,0.3268912166861457,0.7126818921149529,0.0,,,,0,1,127,44
h10_d05,LightGbmTuned,4,2391,127,0.20238095238095238,0.009523809523809525,0.12185134800175096,0.3268912166861457,0.7126818921149529,0.0,,,,0,1,127,45
h10_d05,LightGbmTuned,4,2391,127,0.20238095238095238,0.009523809523809525,0.12185134800175096,0.3268912166861457,0.7126818921149529,0.0,,,,0,1,127,46
h10_d05,NaiveBaseRate,5,2518,125,,,0.015353158608298247,0.12390786338363784,0.12390786338363781,0.0,,,,0,0,125,42
h10_d05,NaiveBaseRate,5,2518,125,,,0.015353158608298247,0.12390786338363784,0.12390786338363781,0.0,,,,0,0,125,43
h10_d05,NaiveBaseRate,5,2518,125,,,0.015353158608298247,0.12390786338363784,0.12390786338363781,0.0,,,,0,0,125,44
h10_d05,NaiveBaseRate,5,2518,125,,,0.015353158608298247,0.12390786338363784,0.12390786338363781,0.0,,,,0,0,125,45
h10_d05,NaiveBaseRate,5,2518,125,,,0.015353158608298247,0.12390786338363784,0.12390786338363781,0.0,,,,0,0,125,46
h10_d05,VIXPercentileRaw,5,2518,125,,,0.012395052366409037,0.06071803018268467,0.9500198570293884,0.0,,,,0,0,125,42
h10_d05,VIXPercentileRaw,5,2518,125,,,0.012395052366409037,0.06071803018268467,0.9500198570293884,0.0,,,,0,0,125,43
h10_d05,VIXPercentileRaw,5,2518,125,,,0.012395052366409037,0.06071803018268467,0.9500198570293884,0.0,,,,0,0,125,44
h10_d05,VIXPercentileRaw,5,2518,125,,,0.012395052366409037,0.06071803018268467,0.9500198570293884,0.0,,,,0,0,125,45
h10_d05,VIXPercentileRaw,5,2518,125,,,0.012395052366409037,0.06071803018268467,0.9500198570293884,0.0,,,,0,0,125,46
h10_d05,VIXPercentileCalibrated,5,2518,125,,,0.0005550669983824828,0.01076674388394524,0.24271844660194175,0.0,,,,0,0,125,42
h10_d05,VIXPercentileCalibrated,5,2518,125,,,0.0005550669983824828,0.01076674388394524,0.24271844660194175,0.0,,,,0,0,125,43
h10_d05,VIXPercentileCalibrated,5,2518,125,,,0.0005550669983824828,0.01076674388394524,0.24271844660194175,0.0,,,,0,0,125,44
h10_d05,VIXPercentileCalibrated,5,2518,125,,,0.0005550669983824828,0.01076674388394524,0.24271844660194175,0.0,,,,0,0,125,45
h10_d05,VIXPercentileCalibrated,5,2518,125,,,0.0005550669983824828,0.01076674388394524,0.24271844660194175,0.0,,,,0,0,125,46
h10_d05,HarRvThreshold,5,2518,125,,,0.00011133738130733844,0.007273199253885242,0.17109697431737642,0.0,,,,0,0,103,42
h10_d05,HarRvThreshold,5,2518,125,,,0.00011133738130733844,0.007273199253885242,0.17109697431737642,0.0,,,,0,0,103,43
h10_d05,HarRvThreshold,5,2518,125,,,0.00011133738130733844,0.007273199253885242,0.17109697431737642,0.0,,,,0,0,103,44
h10_d05,HarRvThreshold,5,2518,125,,,0.00011133738130733844,0.007273199253885242,0.17109697431737642,0.0,,,,0,0,103,45
h10_d05,HarRvThreshold,5,2518,125,,,0.00011133738130733844,0.007273199253885242,0.17109697431737642,0.0,,,,0,0,103,46
h10_d05,LogisticRegressionL2,5,2518,125,,,0.06786530089463147,0.23314716084999104,0.8084672447517411,0.0,,,,0,0,125,42
h10_d05,LogisticRegressionL2,5,2518,125,,,0.06786530089463147,0.23314716084999104,0.8084672447517411,0.0,,,,0,0,125,43
h10_d05,LogisticRegressionL2,5,2518,125,,,0.06786530089463147,0.23314716084999104,0.8084672447517411,0.0,,,,0,0,125,44
h10_d05,LogisticRegressionL2,5,2518,125,,,0.06786530089463147,0.23314716084999104,0.8084672447517411,0.0,,,,0,0,125,45
h10_d05,LogisticRegressionL2,5,2518,125,,,0.06786530089463147,0.23314716084999104,0.8084672447517411,0.0,,,,0,0,125,46
h10_d05,LightGbmTuned,5,2518,125,,,0.096652662217704,0.3037996589016881,0.7232160684817687,0.0,,,,0,0,125,42
h10_d05,LightGbmTuned,5,2518,125,,,0.096652662217704,0.3037996589016881,0.7232160684817687,0.0,,,,0,0,125,43
h10_d05,LightGbmTuned,5,2518,125,,,0.096652662217704,0.3037996589016881,0.7232160684817687,0.0,,,,0,0,125,44
h10_d05,LightGbmTuned,5,2518,125,,,0.096652662217704,0.3037996589016881,0.7232160684817687,0.0,,,,0,0,125,45
h10_d05,LightGbmTuned,5,2518,125,,,0.096652662217704,0.3037996589016881,0.7232160684817687,0.0,,,,0,0,125,46
h10_d05,NaiveBaseRate,6,2643,126,,,0.013935253124029686,0.11804767309875139,0.11804767309875142,0.0,,,,0,0,126,42
h10_d05,NaiveBaseRate,6,2643,126,,,0.013935253124029686,0.11804767309875139,0.11804767309875142,0.0,,,,0,0,126,43
h10_d05,NaiveBaseRate,6,2643,126,,,0.013935253124029686,0.11804767309875139,0.11804767309875142,0.0,,,,0,0,126,44
h10_d05,NaiveBaseRate,6,2643,126,,,0.013935253124029686,0.11804767309875139,0.11804767309875142,0.0,,,,0,0,126,45
h10_d05,NaiveBaseRate,6,2643,126,,,0.013935253124029686,0.11804767309875139,0.11804767309875142,0.0,,,,0,0,126,46
h10_d05,VIXPercentileRaw,6,2643,126,,,0.03788240997209239,0.15974211604177554,0.95001891789633,0.0,,,,0,0,126,42
h10_d05,VIXPercentileRaw,6,2643,126,,,0.03788240997209239,0.15974211604177554,0.95001891789633,0.0,,,,0,0,126,43
h10_d05,VIXPercentileRaw,6,2643,126,,,0.03788240997209239,0.15974211604177554,0.95001891789633,0.0,,,,0,0,126,44
h10_d05,VIXPercentileRaw,6,2643,126,,,0.03788240997209239,0.15974211604177554,0.95001891789633,0.0,,,,0,0,126,45
h10_d05,VIXPercentileRaw,6,2643,126,,,0.03788240997209239,0.15974211604177554,0.95001891789633,0.0,,,,0,0,126,46
h10_d05,VIXPercentileCalibrated,6,2643,126,,,0.0011991730164274557,0.023541361597364086,0.24271844660194175,0.0,,,,0,0,126,42
h10_d05,VIXPercentileCalibrated,6,2643,126,,,0.0011991730164274557,0.023541361597364086,0.24271844660194175,0.0,,,,0,0,126,43
h10_d05,VIXPercentileCalibrated,6,2643,126,,,0.0011991730164274557,0.023541361597364086,0.24271844660194175,0.0,,,,0,0,126,44
h10_d05,VIXPercentileCalibrated,6,2643,126,,,0.0011991730164274557,0.023541361597364086,0.24271844660194175,0.0,,,,0,0,126,45
h10_d05,VIXPercentileCalibrated,6,2643,126,,,0.0011991730164274557,0.023541361597364086,0.24271844660194175,0.0,,,,0,0,126,46
h10_d05,HarRvThreshold,6,2643,126,,,0.0001480464282525636,0.010906555118825413,0.16802425312142988,0.0,,,,0,0,104,42
h10_d05,HarRvThreshold,6,2643,126,,,0.0001480464282525636,0.010906555118825413,0.16802425312142988,0.0,,,,0,0,104,43
h10_d05,HarRvThreshold,6,2643,126,,,0.0001480464282525636,0.010906555118825413,0.16802425312142988,0.0,,,,0,0,104,44
h10_d05,HarRvThreshold,6,2643,126,,,0.0001480464282525636,0.010906555118825413,0.16802425312142988,0.0,,,,0,0,104,45
h10_d05,HarRvThreshold,6,2643,126,,,0.0001480464282525636,0.010906555118825413,0.16802425312142988,0.0,,,,0,0,104,46
h10_d05,LogisticRegressionL2,6,2643,126,,,0.13310123723736894,0.34974538289980783,0.8163663437150344,0.0,,,,0,0,126,42
h10_d05,LogisticRegressionL2,6,2643,126,,,0.13310123723736894,0.34974538289980783,0.8163663437150344,0.0,,,,0,0,126,43
h10_d05,LogisticRegressionL2,6,2643,126,,,0.13310123723736894,0.34974538289980783,0.8163663437150344,0.0,,,,0,0,126,44
h10_d05,LogisticRegressionL2,6,2643,126,,,0.13310123723736894,0.34974538289980783,0.8163663437150344,0.0,,,,0,0,126,45
h10_d05,LogisticRegressionL2,6,2643,126,,,0.13310123723736894,0.34974538289980783,0.8163663437150344,0.0,,,,0,0,126,46
h10_d05,LightGbmTuned,6,2643,126,,,0.10022614517955106,0.3044012641422019,0.7221452709284356,0.0,,,,0,0,126,42
h10_d05,LightGbmTuned,6,2643,126,,,0.10022614517955106,0.3044012641422019,0.7221452709284356,0.0,,,,0,0,126,43
h10_d05,LightGbmTuned,6,2643,126,,,0.10022614517955106,0.3044012641422019,0.7221452709284356,0.0,,,,0,0,126,44
h10_d05,LightGbmTuned,6,2643,126,,,0.10022614517955106,0.3044012641422019,0.7221452709284356,0.0,,,,0,0,126,45
h10_d05,LightGbmTuned,6,2643,126,,,0.10022614517955106,0.3044012641422019,0.7221452709284356,0.0,,,,0,0,126,46
h10_d05,NaiveBaseRate,7,2769,125,0.5,0.168,0.142836738742313,0.055323943661971825,0.11267605633802817,0.0,,,,0,21,125,42
h10_d05,NaiveBaseRate,7,2769,125,0.5,0.168,0.142836738742313,0.055323943661971825,0.11267605633802817,0.0,,,,0,21,125,43
h10_d05,NaiveBaseRate,7,2769,125,0.5,0.168,0.142836738742313,0.055323943661971825,0.11267605633802817,0.0,,,,0,21,125,44
h10_d05,NaiveBaseRate,7,2769,125,0.5,0.168,0.142836738742313,0.055323943661971825,0.11267605633802817,0.0,,,,0,21,125,45
h10_d05,NaiveBaseRate,7,2769,125,0.5,0.168,0.142836738742313,0.055323943661971825,0.11267605633802817,0.0,,,,0,21,125,46
h10_d05,VIXPercentileRaw,7,2769,125,0.5254120879120878,0.16894599401190688,0.2939422354053761,0.3472964969302998,0.9500180570603105,0.0,,,,0,21,125,42
h10_d05,VIXPercentileRaw,7,2769,125,0.5254120879120878,0.16894599401190688,0.2939422354053761,0.3472964969302998,0.9500180570603105,0.0,,,,0,21,125,43
h10_d05,VIXPercentileRaw,7,2769,125,0.5254120879120878,0.16894599401190688,0.2939422354053761,0.3472964969302998,0.9500180570603105,0.0,,,,0,21,125,44
h10_d05,VIXPercentileRaw,7,2769,125,0.5254120879120878,0.16894599401190688,0.2939422354053761,0.3472964969302998,0.9500180570603105,0.0,,,,0,21,125,45
h10_d05,VIXPercentileRaw,7,2769,125,0.5254120879120878,0.16894599401190688,0.2939422354053761,0.3472964969302998,0.9500180570603105,0.0,,,,0,21,125,46
h10_d05,VIXPercentileCalibrated,7,2769,125,0.513507326007326,0.17330720102106936,0.1502830595425557,0.11072806343335578,0.24271844660194175,0.0,,,,0,21,125,42
h10_d05,VIXPercentileCalibrated,7,2769,125,0.513507326007326,0.17330720102106936,0.1502830595425557,0.11072806343335578,0.24271844660194175,0.0,,,,0,21,125,43
h10_d05,VIXPercentileCalibrated,7,2769,125,0.513507326007326,0.17330720102106936,0.1502830595425557,0.11072806343335578,0.24271844660194175,0.0,,,,0,21,125,44
h10_d05,VIXPercentileCalibrated,7,2769,125,0.513507326007326,0.17330720102106936,0.1502830595425557,0.11072806343335578,0.24271844660194175,0.0,,,,0,21,125,45
h10_d05,VIXPercentileCalibrated,7,2769,125,0.513507326007326,0.17330720102106936,0.1502830595425557,0.11072806343335578,0.24271844660194175,0.0,,,,0,21,125,46
h10_d05,HarRvThreshold,7,2769,125,0.4157509157509157,0.10103717361840797,0.11093607881490582,0.07807649521189644,0.16403050832676086,0.0,,,,0,12,103,42
h10_d05,HarRvThreshold,7,2769,125,0.4157509157509157,0.10103717361840797,0.11093607881490582,0.07807649521189644,0.16403050832676086,0.0,,,,0,12,103,43
h10_d05,HarRvThreshold,7,2769,125,0.4157509157509157,0.10103717361840797,0.11093607881490582,0.07807649521189644,0.16403050832676086,0.0,,,,0,12,103,44
h10_d05,HarRvThreshold,7,2769,125,0.4157509157509157,0.10103717361840797,0.11093607881490582,0.07807649521189644,0.16403050832676086,0.0,,,,0,12,103,45
h10_d05,HarRvThreshold,7,2769,125,0.4157509157509157,0.10103717361840797,0.11093607881490582,0.07807649521189644,0.16403050832676086,0.0,,,,0,12,103,46
h10_d05,LogisticRegressionL2,7,2769,125,0.43772893772893773,0.1468320011267423,0.30232589364110213,0.32899003410664795,0.828731384902321,0.032,0.0,0.37019846410893426,,4,21,125,42
h10_d05,LogisticRegressionL2,7,2769,125,0.43772893772893773,0.1468320011267423,0.30232589364110213,0.32899003410664795,0.828731384902321,0.032,0.0,0.37019846410893426,,4,21,125,43
h10_d05,LogisticRegressionL2,7,2769,125,0.43772893772893773,0.1468320011267423,0.30232589364110213,0.32899003410664795,0.828731384902321,0.032,0.0,0.37019846410893426,,4,21,125,44
h10_d05,LogisticRegressionL2,7,2769,125,0.43772893772893773,0.1468320011267423,0.30232589364110213,0.32899003410664795,0.828731384902321,0.032,0.0,0.37019846410893426,,4,21,125,45
h10_d05,LogisticRegressionL2,7,2769,125,0.43772893772893773,0.1468320011267423,0.30232589364110213,0.32899003410664795,0.828731384902321,0.032,0.0,0.37019846410893426,,4,21,125,46
h10_d05,LightGbmTuned,7,2769,125,0.3841575091575092,0.13827170153541585,0.29019620079473835,0.3210648464947138,0.7409964004713097,0.048,0.0,0.262781878953225,,6,21,125,42
h10_d05,LightGbmTuned,7,2769,125,0.3841575091575092,0.13827170153541585,0.29019620079473835,0.3210648464947138,0.7409964004713097,0.048,0.0,0.262781878953225,,6,21,125,43
h10_d05,LightGbmTuned,7,2769,125,0.3841575091575092,0.13827170153541585,0.29019620079473835,0.3210648464947138,0.7409964004713097,0.048,0.0,0.262781878953225,,6,21,125,44
h10_d05,LightGbmTuned,7,2769,125,0.3841575091575092,0.13827170153541585,0.29019620079473835,0.3210648464947138,0.7409964004713097,0.048,0.0,0.262781878953225,,6,21,125,45
h10_d05,LightGbmTuned,7,2769,125,0.3841575091575092,0.13827170153541585,0.29019620079473835,0.3210648464947138,0.7409964004713097,0.048,0.0,0.262781878953225,,6,21,125,46
h10_d05,NaiveBaseRate,8,2894,125,0.5,0.296,0.2411212378970575,0.18093434692467172,0.11506565307532826,0.0,,,,0,37,125,42
h10_d05,NaiveBaseRate,8,2894,125,0.5,0.296,0.2411212378970575,0.18093434692467172,0.11506565307532826,0.0,,,,0,37,125,43
h10_d05,NaiveBaseRate,8,2894,125,0.5,0.296,0.2411212378970575,0.18093434692467172,0.11506565307532826,0.0,,,,0,37,125,44
h10_d05,NaiveBaseRate,8,2894,125,0.5,0.296,0.2411212378970575,0.18093434692467172,0.11506565307532826,0.0,,,,0,37,125,45
h10_d05,NaiveBaseRate,8,2894,125,0.5,0.296,0.2411212378970575,0.18093434692467172,0.11506565307532826,0.0,,,,0,37,125,46
h10_d05,VIXPercentileRaw,8,2894,125,0.687960687960688,0.3800559165577071,0.26669290560886877,0.2998120248790601,0.9500172771250863,0.0,,,,0,37,125,42
h10_d05,VIXPercentileRaw,8,2894,125,0.687960687960688,0.3800559165577071,0.26669290560886877,0.2998120248790601,0.9500172771250863,0.0,,,,0,37,125,43
h10_d05,VIXPercentileRaw,8,2894,125,0.687960687960688,0.3800559165577071,0.26669290560886877,0.2998120248790601,0.9500172771250863,0.0,,,,0,37,125,44
h10_d05,VIXPercentileRaw,8,2894,125,0.687960687960688,0.3800559165577071,0.26669290560886877,0.2998120248790601,0.9500172771250863,0.0,,,,0,37,125,45
h10_d05,VIXPercentileRaw,8,2894,125,0.687960687960688,0.3800559165577071,0.26669290560886877,0.2998120248790601,0.9500172771250863,0.0,,,,0,37,125,46
h10_d05,VIXPercentileCalibrated,8,2894,125,0.7057739557739557,0.4282005538497373,0.22049268338142877,0.19174085335185254,0.24271844660194175,0.0,,,,0,37,125,42
h10_d05,VIXPercentileCalibrated,8,2894,125,0.7057739557739557,0.4282005538497373,0.22049268338142877,0.19174085335185254,0.24271844660194175,0.0,,,,0,37,125,43
h10_d05,VIXPercentileCalibrated,8,2894,125,0.7057739557739557,0.4282005538497373,0.22049268338142877,0.19174085335185254,0.24271844660194175,0.0,,,,0,37,125,44
h10_d05,VIXPercentileCalibrated,8,2894,125,0.7057739557739557,0.4282005538497373,0.22049268338142877,0.19174085335185254,0.24271844660194175,0.0,,,,0,37,125,45
h10_d05,VIXPercentileCalibrated,8,2894,125,0.7057739557739557,0.4282005538497373,0.22049268338142877,0.19174085335185254,0.24271844660194175,0.0,,,,0,37,125,46
h10_d05,HarRvThreshold,8,2894,125,0.5626535626535627,0.3737667216257486,0.31293196471412166,0.29465854368798405,0.15871153875316327,0.02912621359223301,0.0,0.5574101099947391,,3,37,103,42
h10_d05,HarRvThreshold,8,2894,125,0.5626535626535627,0.3737667216257486,0.31293196471412166,0.29465854368798405,0.15871153875316327,0.02912621359223301,0.0,0.5574101099947391,,3,37,103,43
h10_d05,HarRvThreshold,8,2894,125,0.5626535626535627,0.3737667216257486,0.31293196471412166,0.29465854368798405,0.15871153875316327,0.02912621359223301,0.0,0.5574101099947391,,3,37,103,44
h10_d05,HarRvThreshold,8,2894,125,0.5626535626535627,0.3737667216257486,0.31293196471412166,0.29465854368798405,0.15871153875316327,0.02912621359223301,0.0,0.5574101099947391,,3,37,103,45
h10_d05,HarRvThreshold,8,2894,125,0.5626535626535627,0.3737667216257486,0.31293196471412166,0.29465854368798405,0.15871153875316327,0.02912621359223301,0.0,0.5574101099947391,,3,37,103,46
h10_d05,LogisticRegressionL2,8,2894,125,0.668918918918919,0.38676929960860246,0.2526799060464708,0.2573391126987775,0.8178294596589162,0.088,0.2727272727272727,0.8586400300066835,0.9836963975136315,11,37,125,42
h10_d05,LogisticRegressionL2,8,2894,125,0.668918918918919,0.38676929960860246,0.2526799060464708,0.2573391126987775,0.8178294596589162,0.088,0.2727272727272727,0.8586400300066835,0.9836963975136315,11,37,125,43
h10_d05,LogisticRegressionL2,8,2894,125,0.668918918918919,0.38676929960860246,0.2526799060464708,0.2573391126987775,0.8178294596589162,0.088,0.2727272727272727,0.8586400300066835,0.9836963975136315,11,37,125,44
h10_d05,LogisticRegressionL2,8,2894,125,0.668918918918919,0.38676929960860246,0.2526799060464708,0.2573391126987775,0.8178294596589162,0.088,0.2727272727272727,0.8586400300066835,0.9836963975136315,11,37,125,45
h10_d05,LogisticRegressionL2,8,2894,125,0.668918918918919,0.38676929960860246,0.2526799060464708,0.2573391126987775,0.8178294596589162,0.088,0.2727272727272727,0.8586400300066835,0.9836963975136315,11,37,125,46
h10_d05,LightGbmTuned,8,2894,125,0.6383599508599509,0.3866999477709195,0.22524822878172085,0.1888857547530658,0.701113891771527,0.072,0.0,0.1636528478948784,,9,37,125,42
h10_d05,LightGbmTuned,8,2894,125,0.6383599508599509,0.3866999477709195,0.22524822878172085,0.1888857547530658,0.701113891771527,0.072,0.0,0.1636528478948784,,9,37,125,43
h10_d05,LightGbmTuned,8,2894,125,0.6383599508599509,0.3866999477709195,0.22524822878172085,0.1888857547530658,0.701113891771527,0.072,0.0,0.1636528478948784,,9,37,125,44
h10_d05,LightGbmTuned,8,2894,125,0.6383599508599509,0.3866999477709195,0.22524822878172085,0.1888857547530658,0.701113891771527,0.072,0.0,0.1636528478948784,,9,37,125,45
h10_d05,LightGbmTuned,8,2894,125,0.6383599508599509,0.3866999477709195,0.22524822878172085,0.1888857547530658,0.701113891771527,0.072,0.0,0.1636528478948784,,9,37,125,46
h10_d05,NaiveBaseRate,9,3019,125,0.5,0.088,0.0814501957954046,0.034557138125207096,0.12255713812520702,0.0,,,,0,11,125,42
h10_d05,NaiveBaseRate,9,3019,125,0.5,0.088,0.0814501957954046,0.034557138125207096,0.12255713812520702,0.0,,,,0,11,125,43
h10_d05,NaiveBaseRate,9,3019,125,0.5,0.088,0.0814501957954046,0.034557138125207096,0.12255713812520702,0.0,,,,0,11,125,44
h10_d05,NaiveBaseRate,9,3019,125,0.5,0.088,0.0814501957954046,0.034557138125207096,0.12255713812520702,0.0,,,,0,11,125,45
h10_d05,NaiveBaseRate,9,3019,125,0.5,0.088,0.0814501957954046,0.034557138125207096,0.12255713812520702,0.0,,,,0,11,125,46
h10_d05,VIXPercentileRaw,9,3019,125,0.3708133971291866,0.07086126693924073,0.30385216209891186,0.4279854256376284,0.9500165617754223,0.0,,,,0,11,125,42
h10_d05,VIXPercentileRaw,9,3019,125,0.3708133971291866,0.07086126693924073,0.30385216209891186,0.4279854256376284,0.9500165617754223,0.0,,,,0,11,125,43
h10_d05,VIXPercentileRaw,9,3019,125,0.3708133971291866,0.07086126693924073,0.30385216209891186,0.4279854256376284,0.9500165617754223,0.0,,,,0,11,125,44
h10_d05,VIXPercentileRaw,9,3019,125,0.3708133971291866,0.07086126693924073,0.30385216209891186,0.4279854256376284,0.9500165617754223,0.0,,,,0,11,125,45
h10_d05,VIXPercentileRaw,9,3019,125,0.3708133971291866,0.07086126693924073,0.30385216209891186,0.4279854256376284,0.9500165617754223,0.0,,,,0,11,125,46
h10_d05,VIXPercentileCalibrated,9,3019,125,0.4206539074960127,0.08413612607554141,0.08700273851808994,0.07127816755240353,0.23809523809523808,0.0,,,,0,11,125,42
h10_d05,VIXPercentileCalibrated,9,3019,125,0.4206539074960127,0.08413612607554141,0.08700273851808994,0.07127816755240353,0.23809523809523808,0.0,,,,0,11,125,43
h10_d05,VIXPercentileCalibrated,9,3019,125,0.4206539074960127,0.08413612607554141,0.08700273851808994,0.07127816755240353,0.23809523809523808,0.0,,,,0,11,125,44
h10_d05,VIXPercentileCalibrated,9,3019,125,0.4206539074960127,0.08413612607554141,0.08700273851808994,0.07127816755240353,0.23809523809523808,0.0,,,,0,11,125,45
h10_d05,VIXPercentileCalibrated,9,3019,125,0.4206539074960127,0.08413612607554141,0.08700273851808994,0.07127816755240353,0.23809523809523808,0.0,,,,0,11,125,46
h10_d05,HarRvThreshold,9,3019,125,0.40217391304347827,0.12701323664778938,0.10303283249281547,0.08014480789805789,0.15716187769255976,0.0,,,,0,11,103,42
h10_d05,HarRvThreshold,9,3019,125,0.40217391304347827,0.12701323664778938,0.10303283249281547,0.08014480789805789,0.15716187769255976,0.0,,,,0,11,103,43
h10_d05,HarRvThreshold,9,3019,125,0.40217391304347827,0.12701323664778938,0.10303283249281547,0.08014480789805789,0.15716187769255976,0.0,,,,0,11,103,44
h10_d05,HarRvThreshold,9,3019,125,0.40217391304347827,0.12701323664778938,0.10303283249281547,0.08014480789805789,0.15716187769255976,0.0,,,,0,11,103,45
h10_d05,HarRvThreshold,9,3019,125,0.40217391304347827,0.12701323664778938,0.10303283249281547,0.08014480789805789,0.15716187769255976,0.0,,,,0,11,103,46
h10_d05,LogisticRegressionL2,9,3019,125,0.4681020733652313,0.08862891004916218,0.2061971408294945,0.30438414389495916,0.8056734850920132,0.024,0.0,0.7776023116410307,,3,11,125,42
h10_d05,LogisticRegressionL2,9,3019,125,0.4681020733652313,0.08862891004916218,0.2061971408294945,0.30438414389495916,0.8056734850920132,0.024,0.0,0.7776023116410307,,3,11,125,43
h10_d05,LogisticRegressionL2,9,3019,125,0.4681020733652313,0.08862891004916218,0.2061971408294945,0.30438414389495916,0.8056734850920132,0.024,0.0,0.7776023116410307,,3,11,125,44
h10_d05,LogisticRegressionL2,9,3019,125,0.4681020733652313,0.08862891004916218,0.2061971408294945,0.30438414389495916,0.8056734850920132,0.024,0.0,0.7776023116410307,,3,11,125,45
h10_d05,LogisticRegressionL2,9,3019,125,0.4681020733652313,0.08862891004916218,0.2061971408294945,0.30438414389495916,0.8056734850920132,0.024,0.0,0.7776023116410307,,3,11,125,46
h10_d05,LightGbmTuned,9,3019,125,0.47169059011164277,0.09418683674409614,0.20964375351932696,0.3233115347187694,0.7096202816682688,0.04,0.0,0.012202414116517013,,5,11,125,42
h10_d05,LightGbmTuned,9,3019,125,0.47169059011164277,0.09418683674409614,0.20964375351932696,0.3233115347187694,0.7096202816682688,0.04,0.0,0.012202414116517013,,5,11,125,43
h10_d05,LightGbmTuned,9,3019,125,0.47169059011164277,0.09418683674409614,0.20964375351932696,0.3233115347187694,0.7096202816682688,0.04,0.0,0.012202414116517013,,5,11,125,44
h10_d05,LightGbmTuned,9,3019,125,0.47169059011164277,0.09418683674409614,0.20964375351932696,0.3233115347187694,0.7096202816682688,0.04,0.0,0.012202414116517013,,5,11,125,45
h10_d05,LightGbmTuned,9,3019,125,0.47169059011164277,0.09418683674409614,0.20964375351932696,0.3233115347187694,0.7096202816682688,0.04,0.0,0.012202414116517013,,5,11,125,46
h10_d05,NaiveBaseRate,10,3144,127,0.5,0.06299212598425197,0.062410319854073075,0.05819108012261831,0.12118320610687022,0.0,,,,0,8,127,42
h10_d05,NaiveBaseRate,10,3144,127,0.5,0.06299212598425197,0.062410319854073075,0.05819108012261831,0.12118320610687022,0.0,,,,0,8,127,43
h10_d05,NaiveBaseRate,10,3144,127,0.5,0.06299212598425197,0.062410319854073075,0.05819108012261831,0.12118320610687022,0.0,,,,0,8,127,44
h10_d05,NaiveBaseRate,10,3144,127,0.5,0.06299212598425197,0.062410319854073075,0.05819108012261831,0.12118320610687022,0.0,,,,0,8,127,45
h10_d05,NaiveBaseRate,10,3144,127,0.5,0.06299212598425197,0.062410319854073075,0.05819108012261831,0.12118320610687022,0.0,,,,0,8,127,46
h10_d05,VIXPercentileRaw,10,3144,127,0.28413865546218486,0.04648603185856441,0.24437862627028276,0.37110556791088134,0.950015903307888,0.0,,,,0,8,127,42
h10_d05,VIXPercentileRaw,10,3144,127,0.28413865546218486,0.04648603185856441,0.24437862627028276,0.37110556791088134,0.950015903307888,0.0,,,,0,8,127,43
h10_d05,VIXPercentileRaw,10,3144,127,0.28413865546218486,0.04648603185856441,0.24437862627028276,0.37110556791088134,0.950015903307888,0.0,,,,0,8,127,44
h10_d05,VIXPercentileRaw,10,3144,127,0.28413865546218486,0.04648603185856441,0.24437862627028276,0.37110556791088134,0.950015903307888,0.0,,,,0,8,127,45
h10_d05,VIXPercentileRaw,10,3144,127,0.28413865546218486,0.04648603185856441,0.24437862627028276,0.37110556791088134,0.950015903307888,0.0,,,,0,8,127,46
h10_d05,VIXPercentileCalibrated,10,3144,127,0.31932773109243695,0.05359896039822034,0.06612305730642937,0.04944241264328688,0.23809523809523808,0.0,,,,0,8,127,42
h10_d05,VIXPercentileCalibrated,10,3144,127,0.31932773109243695,0.05359896039822034,0.06612305730642937,0.04944241264328688,0.23809523809523808,0.0,,,,0,8,127,43
h10_d05,VIXPercentileCalibrated,10,3144,127,0.31932773109243695,0.05359896039822034,0.06612305730642937,0.04944241264328688,0.23809523809523808,0.0,,,,0,8,127,44
h10_d05,VIXPercentileCalibrated,10,3144,127,0.31932773109243695,0.05359896039822034,0.06612305730642937,0.04944241264328688,0.23809523809523808,0.0,,,,0,8,127,45
h10_d05,VIXPercentileCalibrated,10,3144,127,0.31932773109243695,0.05359896039822034,0.06612305730642937,0.04944241264328688,0.23809523809523808,0.0,,,,0,8,127,46
h10_d05,HarRvThreshold,10,3144,127,,,0.0013267464863088638,0.02830785627784048,0.1572020595799785,0.0,,,,0,0,105,42
h10_d05,HarRvThreshold,10,3144,127,,,0.0013267464863088638,0.02830785627784048,0.1572020595799785,0.0,,,,0,0,105,43
h10_d05,HarRvThreshold,10,3144,127,,,0.0013267464863088638,0.02830785627784048,0.1572020595799785,0.0,,,,0,0,105,44
h10_d05,HarRvThreshold,10,3144,127,,,0.0013267464863088638,0.02830785627784048,0.1572020595799785,0.0,,,,0,0,105,45
h10_d05,HarRvThreshold,10,3144,127,,,0.0013267464863088638,0.02830785627784048,0.1572020595799785,0.0,,,,0,0,105,46
h10_d05,LogisticRegressionL2,10,3144,127,0.375,0.05283322914436402,0.16354534036914076,0.2630967363941488,0.8023326444479755,0.0,,,,0,8,127,42
h10_d05,LogisticRegressionL2,10,3144,127,0.375,0.05283322914436402,0.16354534036914076,0.2630967363941488,0.8023326444479755,0.0,,,,0,8,127,43
h10_d05,LogisticRegressionL2,10,3144,127,0.375,0.05283322914436402,0.16354534036914076,0.2630967363941488,0.8023326444479755,0.0,,,,0,8,127,44
h10_d05,LogisticRegressionL2,10,3144,127,0.375,0.05283322914436402,0.16354534036914076,0.2630967363941488,0.8023326444479755,0.0,,,,0,8,127,45
h10_d05,LogisticRegressionL2,10,3144,127,0.375,0.05283322914436402,0.16354534036914076,0.2630967363941488,0.8023326444479755,0.0,,,,0,8,127,46
h10_d05,LightGbmTuned,10,3144,127,0.34086134453781514,0.054742523738586735,0.17276014155863978,0.29344540379824313,0.7157928840107367,0.0,,,,0,8,127,42
h10_d05,LightGbmTuned,10,3144,127,0.34086134453781514,0.054742523738586735,0.17276014155863978,0.29344540379824313,0.7157928840107367,0.0,,,,0,8,127,43
h10_d05,LightGbmTuned,10,3144,127,0.34086134453781514,0.054742523738586735,0.17276014155863978,0.29344540379824313,0.7157928840107367,0.0,,,,0,8,127,44
h10_d05,LightGbmTuned,10,3144,127,0.34086134453781514,0.054742523738586735,0.17276014155863978,0.29344540379824313,0.7157928840107367,0.0,,,,0,8,127,45
h10_d05,LightGbmTuned,10,3144,127,0.34086134453781514,0.054742523738586735,0.17276014155863978,0.29344540379824313,0.7157928840107367,0.0,,,,0,8,127,46
h10_d05,NaiveBaseRate,11,3271,126,0.5,0.21428571428571427,0.17746122704648107,0.09536183779534431,0.11892387649036992,0.0,,,,0,27,126,42
h10_d05,NaiveBaseRate,11,3271,126,0.5,0.21428571428571427,0.17746122704648107,0.09536183779534431,0.11892387649036992,0.0,,,,0,27,126,43
h10_d05,NaiveBaseRate,11,3271,126,0.5,0.21428571428571427,0.17746122704648107,0.09536183779534431,0.11892387649036992,0.0,,,,0,27,126,44
h10_d05,NaiveBaseRate,11,3271,126,0.5,0.21428571428571427,0.17746122704648107,0.09536183779534431,0.11892387649036992,0.0,,,,0,27,126,45
h10_d05,NaiveBaseRate,11,3271,126,0.5,0.21428571428571427,0.17746122704648107,0.09536183779534431,0.11892387649036992,0.0,,,,0,27,126,46
h10_d05,VIXPercentileRaw,11,3271,126,0.5613542835765057,0.26753245802652864,0.54993603485735,0.5747429309031266,0.9500152858453073,0.30158730158730157,0.3157894736842105,1.410190943296306,1.0364038503392472,38,27,126,42
h10_d05,VIXPercentileRaw,11,3271,126,0.5613542835765057,0.26753245802652864,0.54993603485735,0.5747429309031266,0.9500152858453073,0.30158730158730157,0.3157894736842105,1.410190943296306,1.0364038503392472,38,27,126,43
h10_d05,VIXPercentileRaw,11,3271,126,0.5613542835765057,0.26753245802652864,0.54993603485735,0.5747429309031266,0.9500152858453073,0.30158730158730157,0.3157894736842105,1.410190943296306,1.0364038503392472,38,27,126,44
h10_d05,VIXPercentileRaw,11,3271,126,0.5613542835765057,0.26753245802652864,0.54993603485735,0.5747429309031266,0.9500152858453073,0.30158730158730157,0.3157894736842105,1.410190943296306,1.0364038503392472,38,27,126,45
h10_d05,VIXPercentileRaw,11,3271,126,0.5613542835765057,0.26753245802652864,0.54993603485735,0.5747429309031266,0.9500152858453073,0.30158730158730157,0.3157894736842105,1.410190943296306,1.0364038503392472,38,27,126,46
h10_d05,VIXPercentileCalibrated,11,3271,126,0.5621025065469509,0.26121026395536195,0.18706015539716778,0.1457527413396262,0.23809523809523808,0.20634920634920634,0.34615384615384615,1.2880928115363697,0.9212033303846068,26,27,126,42
h10_d05,VIXPercentileCalibrated,11,3271,126,0.5621025065469509,0.26121026395536195,0.18706015539716778,0.1457527413396262,0.23809523809523808,0.20634920634920634,0.34615384615384615,1.2880928115363697,0.9212033303846068,26,27,126,43
h10_d05,VIXPercentileCalibrated,11,3271,126,0.5621025065469509,0.26121026395536195,0.18706015539716778,0.1457527413396262,0.23809523809523808,0.20634920634920634,0.34615384615384615,1.2880928115363697,0.9212033303846068,26,27,126,44
h10_d05,VIXPercentileCalibrated,11,3271,126,0.5621025065469509,0.26121026395536195,0.18706015539716778,0.1457527413396262,0.23809523809523808,0.20634920634920634,0.34615384615384615,1.2880928115363697,0.9212033303846068,26,27,126,45
h10_d05,VIXPercentileCalibrated,11,3271,126,0.5621025065469509,0.26121026395536195,0.18706015539716778,0.1457527413396262,0.23809523809523808,0.20634920634920634,0.34615384615384615,1.2880928115363697,0.9212033303846068,26,27,126,46
h10_d05,HarRvThreshold,11,3271,126,0.4124579124579124,0.2442085606297149,0.3185086648703865,0.28751130683139003,0.15312883399446436,0.4519230769230769,0.2553191489361702,1.101256148017444,1.1335521695058184,47,27,104,42
h10_d05,HarRvThreshold,11,3271,126,0.4124579124579124,0.2442085606297149,0.3185086648703865,0.28751130683139003,0.15312883399446436,0.4519230769230769,0.2553191489361702,1.101256148017444,1.1335521695058184,47,27,104,43
h10_d05,HarRvThreshold,11,3271,126,0.4124579124579124,0.2442085606297149,0.3185086648703865,0.28751130683139003,0.15312883399446436,0.4519230769230769,0.2553191489361702,1.101256148017444,1.1335521695058184,47,27,104,44
h10_d05,HarRvThreshold,11,3271,126,0.4124579124579124,0.2442085606297149,0.3185086648703865,0.28751130683139003,0.15312883399446436,0.4519230769230769,0.2553191489361702,1.101256148017444,1.1335521695058184,47,27,104,45
h10_d05,HarRvThreshold,11,3271,126,0.4124579124579124,0.2442085606297149,0.3185086648703865,0.28751130683139003,0.15312883399446436,0.4519230769230769,0.2553191489361702,1.101256148017444,1.1335521695058184,47,27,104,46
h10_d05,LogisticRegressionL2,11,3271,126,0.6068088290310513,0.311964334874832,0.3874531389999971,0.4678304835609324,0.7966112596264561,0.36507936507936506,0.34782608695652173,1.5544378335501134,1.0955021097476079,46,27,126,42
h10_d05,LogisticRegressionL2,11,3271,126,0.6068088290310513,0.311964334874832,0.3874531389999971,0.4678304835609324,0.7966112596264561,0.36507936507936506,0.34782608695652173,1.5544378335501134,1.0955021097476079,46,27,126,43
h10_d05,LogisticRegressionL2,11,3271,126,0.6068088290310513,0.311964334874832,0.3874531389999971,0.4678304835609324,0.7966112596264561,0.36507936507936506,0.34782608695652173,1.5544378335501134,1.0955021097476079,46,27,126,44
h10_d05,LogisticRegressionL2,11,3271,126,0.6068088290310513,0.311964334874832,0.3874531389999971,0.4678304835609324,0.7966112596264561,0.36507936507936506,0.34782608695652173,1.5544378335501134,1.0955021097476079,46,27,126,45
h10_d05,LogisticRegressionL2,11,3271,126,0.6068088290310513,0.311964334874832,0.3874531389999971,0.4678304835609324,0.7966112596264561,0.36507936507936506,0.34782608695652173,1.5544378335501134,1.0955021097476079,46,27,126,46
h10_d05,LightGbmTuned,11,3271,126,0.6127946127946128,0.3472091981697629,0.31494483254453987,0.36571092455169685,0.7185347468293133,0.24603174603174602,0.3225806451612903,1.3624437649957108,1.0428979989278466,31,27,126,42
h10_d05,LightGbmTuned,11,3271,126,0.6127946127946128,0.3472091981697629,0.31494483254453987,0.36571092455169685,0.7185347468293133,0.24603174603174602,0.3225806451612903,1.3624437649957108,1.0428979989278466,31,27,126,43
h10_d05,LightGbmTuned,11,3271,126,0.6127946127946128,0.3472091981697629,0.31494483254453987,0.36571092455169685,0.7185347468293133,0.24603174603174602,0.3225806451612903,1.3624437649957108,1.0428979989278466,31,27,126,44
h10_d05,LightGbmTuned,11,3271,126,0.6127946127946128,0.3472091981697629,0.31494483254453987,0.36571092455169685,0.7185347468293133,0.24603174603174602,0.3225806451612903,1.3624437649957108,1.0428979989278466,31,27,126,45
h10_d05,LightGbmTuned,11,3271,126,0.6127946127946128,0.3472091981697629,0.31494483254453987,0.36571092455169685,0.7185347468293133,0.24603174603174602,0.3225806451612903,1.3624437649957108,1.0428979989278466,31,27,126,46
h10_d05,NaiveBaseRate,12,3397,127,0.5,0.13385826771653545,0.1160701297059395,0.011397272720951049,0.12246099499558434,0.0,,,,0,17,127,42
h10_d05,NaiveBaseRate,12,3397,127,0.5,0.13385826771653545,0.1160701297059395,0.011397272720951049,0.12246099499558434,0.0,,,,0,17,127,43
h10_d05,NaiveBaseRate,12,3397,127,0.5,0.13385826771653545,0.1160701297059395,0.011397272720951049,0.12246099499558434,0.0,,,,0,17,127,44
h10_d05,NaiveBaseRate,12,3397,127,0.5,0.13385826771653545,0.1160701297059395,0.011397272720951049,0.12246099499558434,0.0,,,,0,17,127,45
h10_d05,NaiveBaseRate,12,3397,127,0.5,0.13385826771653545,0.1160701297059395,0.011397272720951049,0.12246099499558434,0.0,,,,0,17,127,46
h10_d05,VIXPercentileRaw,12,3397,127,0.7227272727272727,0.2619847676734596,0.6715555175646063,0.7504583710963124,0.9500147188695908,0.047244094488188976,0.3333333333333333,1.2313191495575841,0.9415501935819909,6,17,127,42
h10_d05,VIXPercentileRaw,12,3397,127,0.7227272727272727,0.2619847676734596,0.6715555175646063,0.7504583710963124,0.9500147188695908,0.047244094488188976,0.3333333333333333,1.2313191495575841,0.9415501935819909,6,17,127,43
h10_d05,VIXPercentileRaw,12,3397,127,0.7227272727272727,0.2619847676734596,0.6715555175646063,0.7504583710963124,0.9500147188695908,0.047244094488188976,0.3333333333333333,1.2313191495575841,0.9415501935819909,6,17,127,44
h10_d05,VIXPercentileRaw,12,3397,127,0.7227272727272727,0.2619847676734596,0.6715555175646063,0.7504583710963124,0.9500147188695908,0.047244094488188976,0.3333333333333333,1.2313191495575841,0.9415501935819909,6,17,127,45
h10_d05,VIXPercentileRaw,12,3397,127,0.7227272727272727,0.2619847676734596,0.6715555175646063,0.7504583710963124,0.9500147188695908,0.047244094488188976,0.3333333333333333,1.2313191495575841,0.9415501935819909,6,17,127,46
h10_d05,VIXPercentileCalibrated,12,3397,127,0.6368983957219252,0.18880794980841298,0.12175004081358272,0.07955290485714459,0.2248062015503876,0.007874015748031496,0.0,0.46062233948270925,,1,17,127,42
h10_d05,VIXPercentileCalibrated,12,3397,127,0.6368983957219252,0.18880794980841298,0.12175004081358272,0.07955290485714459,0.2248062015503876,0.007874015748031496,0.0,0.46062233948270925,,1,17,127,43
h10_d05,VIXPercentileCalibrated,12,3397,127,0.6368983957219252,0.18880794980841298,0.12175004081358272,0.07955290485714459,0.2248062015503876,0.007874015748031496,0.0,0.46062233948270925,,1,17,127,44
h10_d05,VIXPercentileCalibrated,12,3397,127,0.6368983957219252,0.18880794980841298,0.12175004081358272,0.07955290485714459,0.2248062015503876,0.007874015748031496,0.0,0.46062233948270925,,1,17,127,45
h10_d05,VIXPercentileCalibrated,12,3397,127,0.6368983957219252,0.18880794980841298,0.12175004081358272,0.07955290485714459,0.2248062015503876,0.007874015748031496,0.0,0.46062233948270925,,1,17,127,46
h10_d05,HarRvThreshold,12,3397,127,0.4364973262032085,0.1648171358461667,0.15396642752507278,0.12699976540216143,0.08589658547726711,0.047619047619047616,0.2,1.8140866377430862,1.028071278704296,5,17,105,42
h10_d05,HarRvThreshold,12,3397,127,0.4364973262032085,0.1648171358461667,0.15396642752507278,0.12699976540216143,0.08589658547726711,0.047619047619047616,0.2,1.8140866377430862,1.028071278704296,5,17,105,43
h10_d05,HarRvThreshold,12,3397,127,0.4364973262032085,0.1648171358461667,0.15396642752507278,0.12699976540216143,0.08589658547726711,0.047619047619047616,0.2,1.8140866377430862,1.028071278704296,5,17,105,44
h10_d05,HarRvThreshold,12,3397,127,0.4364973262032085,0.1648171358461667,0.15396642752507278,0.12699976540216143,0.08589658547726711,0.047619047619047616,0.2,1.8140866377430862,1.028071278704296,5,17,105,45
h10_d05,HarRvThreshold,12,3397,127,0.4364973262032085,0.1648171358461667,0.15396642752507278,0.12699976540216143,0.08589658547726711,0.047619047619047616,0.2,1.8140866377430862,1.028071278704296,5,17,105,46
h10_d05,LogisticRegressionL2,12,3397,127,0.574331550802139,0.15839854903551306,0.26603566150717356,0.37132195253538186,0.7879466821483561,0.03937007874015748,0.0,1.704902935137263,,5,17,127,42
h10_d05,LogisticRegressionL2,12,3397,127,0.574331550802139,0.15839854903551306,0.26603566150717356,0.37132195253538186,0.7879466821483561,0.03937007874015748,0.0,1.704902935137263,,5,17,127,43
h10_d05,LogisticRegressionL2,12,3397,127,0.574331550802139,0.15839854903551306,0.26603566150717356,0.37132195253538186,0.7879466821483561,0.03937007874015748,0.0,1.704902935137263,,5,17,127,44
h10_d05,LogisticRegressionL2,12,3397,127,0.574331550802139,0.15839854903551306,0.26603566150717356,0.37132195253538186,0.7879466821483561,0.03937007874015748,0.0,1.704902935137263,,5,17,127,45
h10_d05,LogisticRegressionL2,12,3397,127,0.574331550802139,0.15839854903551306,0.26603566150717356,0.37132195253538186,0.7879466821483561,0.03937007874015748,0.0,1.704902935137263,,5,17,127,46
h10_d05,LightGbmTuned,12,3397,127,0.6406417112299465,0.19338925775082932,0.25166533871567526,0.36511731336887276,0.7105170581495946,0.023622047244094488,0.0,1.714161357236769,,3,17,127,42
h10_d05,LightGbmTuned,12,3397,127,0.6406417112299465,0.19338925775082932,0.25166533871567526,0.36511731336887276,0.7105170581495946,0.023622047244094488,0.0,1.714161357236769,,3,17,127,43
h10_d05,LightGbmTuned,12,3397,127,0.6406417112299465,0.19338925775082932,0.25166533871567526,0.36511731336887276,0.7105170581495946,0.023622047244094488,0.0,1.714161357236769,,3,17,127,44
h10_d05,LightGbmTuned,12,3397,127,0.6406417112299465,0.19338925775082932,0.25166533871567526,0.36511731336887276,0.7105170581495946,0.023622047244094488,0.0,1.714161357236769,,3,17,127,45
h10_d05,LightGbmTuned,12,3397,127,0.6406417112299465,0.19338925775082932,0.25166533871567526,0.36511731336887276,0.7105170581495946,0.023622047244094488,0.0,1.714161357236769,,3,17,127,46
h10_d05,NaiveBaseRate,13,3524,125,0.5,0.136,0.11767635129824873,0.013128263337116905,0.12287173666288309,0.0,,,,0,17,125,42
h10_d05,NaiveBaseRate,13,3524,125,0.5,0.136,0.11767635129824873,0.013128263337116905,0.12287173666288309,0.0,,,,0,17,125,43
h10_d05,NaiveBaseRate,13,3524,125,0.5,0.136,0.11767635129824873,0.013128263337116905,0.12287173666288309,0.0,,,,0,17,125,44
h10_d05,NaiveBaseRate,13,3524,125,0.5,0.136,0.11767635129824873,0.013128263337116905,0.12287173666288309,0.0,,,,0,17,125,45
h10_d05,NaiveBaseRate,13,3524,125,0.5,0.136,0.11767635129824873,0.013128263337116905,0.12287173666288309,0.0,,,,0,17,125,46
h10_d05,VIXPercentileRaw,13,3524,125,0.590958605664488,0.16424144015777445,0.48746754539328835,0.6049103291713962,0.9500141884222474,0.0,,,,0,17,125,42
h10_d05,VIXPercentileRaw,13,3524,125,0.590958605664488,0.16424144015777445,0.48746754539328835,0.6049103291713962,0.9500141884222474,0.0,,,,0,17,125,43
h10_d05,VIXPercentileRaw,13,3524,125,0.590958605664488,0.16424144015777445,0.48746754539328835,0.6049103291713962,0.9500141884222474,0.0,,,,0,17,125,44
h10_d05,VIXPercentileRaw,13,3524,125,0.590958605664488,0.16424144015777445,0.48746754539328835,0.6049103291713962,0.9500141884222474,0.0,,,,0,17,125,45
h10_d05,VIXPercentileRaw,13,3524,125,0.590958605664488,0.16424144015777445,0.48746754539328835,0.6049103291713962,0.9500141884222474,0.0,,,,0,17,125,46
h10_d05,VIXPercentileCalibrated,13,3524,125,0.5808823529411765,0.16955209268173288,0.11774280065890771,0.037532332865328186,0.23255813953488372,0.0,,,,0,17,125,42
h10_d05,VIXPercentileCalibrated,13,3524,125,0.5808823529411765,0.16955209268173288,0.11774280065890771,0.037532332865328186,0.23255813953488372,0.0,,,,0,17,125,43
h10_d05,VIXPercentileCalibrated,13,3524,125,0.5808823529411765,0.16955209268173288,0.11774280065890771,0.037532332865328186,0.23255813953488372,0.0,,,,0,17,125,44
h10_d05,VIXPercentileCalibrated,13,3524,125,0.5808823529411765,0.16955209268173288,0.11774280065890771,0.037532332865328186,0.23255813953488372,0.0,,,,0,17,125,45
h10_d05,VIXPercentileCalibrated,13,3524,125,0.5808823529411765,0.16955209268173288,0.11774280065890771,0.037532332865328186,0.23255813953488372,0.0,,,,0,17,125,46
h10_d05,HarRvThreshold,13,3524,125,0.32694938440492477,0.13144883918311817,0.16034801428243384,0.14139390385258208,0.08562580221737462,0.009708737864077669,0.0,0.1767932781870842,,1,17,103,42
h10_d05,HarRvThreshold,13,3524,125,0.32694938440492477,0.13144883918311817,0.16034801428243384,0.14139390385258208,0.08562580221737462,0.009708737864077669,0.0,0.1767932781870842,,1,17,103,43
h10_d05,HarRvThreshold,13,3524,125,0.32694938440492477,0.13144883918311817,0.16034801428243384,0.14139390385258208,0.08562580221737462,0.009708737864077669,0.0,0.1767932781870842,,1,17,103,44
h10_d05,HarRvThreshold,13,3524,125,0.32694938440492477,0.13144883918311817,0.16034801428243384,0.14139390385258208,0.08562580221737462,0.009708737864077669,0.0,0.1767932781870842,,1,17,103,45
h10_d05,HarRvThreshold,13,3524,125,0.32694938440492477,0.13144883918311817,0.16034801428243384,0.14139390385258208,0.08562580221737462,0.009708737864077669,0.0,0.1767932781870842,,1,17,103,46
h10_d05,LogisticRegressionL2,13,3524,125,0.5119825708061002,0.13690710627300212,0.16774347272524845,0.16756195345994246,0.7796128063065246,0.0,,,,0,17,125,42
h10_d05,LogisticRegressionL2,13,3524,125,0.5119825708061002,0.13690710627300212,0.16774347272524845,0.16756195345994246,0.7796128063065246,0.0,,,,0,17,125,43
h10_d05,LogisticRegressionL2,13,3524,125,0.5119825708061002,0.13690710627300212,0.16774347272524845,0.16756195345994246,0.7796128063065246,0.0,,,,0,17,125,44
h10_d05,LogisticRegressionL2,13,3524,125,0.5119825708061002,0.13690710627300212,0.16774347272524845,0.16756195345994246,0.7796128063065246,0.0,,,,0,17,125,45
h10_d05,LogisticRegressionL2,13,3524,125,0.5119825708061002,0.13690710627300212,0.16774347272524845,0.16756195345994246,0.7796128063065246,0.0,,,,0,17,125,46
h10_d05,LightGbmTuned,13,3524,125,0.454520697167756,0.12785656884548924,0.19756148396726525,0.26414587097157133,0.6962087268370751,0.0,,,,0,17,125,42
h10_d05,LightGbmTuned,13,3524,125,0.454520697167756,0.12785656884548924,0.19756148396726525,0.26414587097157133,0.6962087268370751,0.0,,,,0,17,125,43
h10_d05,LightGbmTuned,13,3524,125,0.454520697167756,0.12785656884548924,0.19756148396726525,0.26414587097157133,0.6962087268370751,0.0,,,,0,17,125,44
h10_d05,LightGbmTuned,13,3524,125,0.454520697167756,0.12785656884548924,0.19756148396726525,0.26414587097157133,0.6962087268370751,0.0,,,,0,17,125,45
h10_d05,LightGbmTuned,13,3524,125,0.454520697167756,0.12785656884548924,0.19756148396726525,0.26414587097157133,0.6962087268370751,0.0,,,,0,17,125,46
h10_d05,NaiveBaseRate,14,3649,127,0.5,0.06299212598425197,0.06266374634170044,0.06032933194942855,0.12332145793368046,0.0,,,,0,8,127,42
h10_d05,NaiveBaseRate,14,3649,127,0.5,0.06299212598425197,0.06266374634170044,0.06032933194942855,0.12332145793368046,0.0,,,,0,8,127,43
h10_d05,NaiveBaseRate,14,3649,127,0.5,0.06299212598425197,0.06266374634170044,0.06032933194942855,0.12332145793368046,0.0,,,,0,8,127,44
h10_d05,NaiveBaseRate,14,3649,127,0.5,0.06299212598425197,0.06266374634170044,0.06032933194942855,0.12332145793368046,0.0,,,,0,8,127,45
h10_d05,NaiveBaseRate,14,3649,127,0.5,0.06299212598425197,0.06266374634170044,0.06032933194942855,0.12332145793368046,0.0,,,,0,8,127,46
h10_d05,VIXPercentileRaw,14,3649,127,0.49317226890756305,0.06738623867298518,0.36678475172198943,0.5424590492918997,0.950178130994793,0.0,,,,0,8,127,42
h10_d05,VIXPercentileRaw,14,3649,127,0.49317226890756305,0.06738623867298518,0.36678475172198943,0.5424590492918997,0.950178130994793,0.0,,,,0,8,127,43
h10_d05,VIXPercentileRaw,14,3649,127,0.49317226890756305,0.06738623867298518,0.36678475172198943,0.5424590492918997,0.950178130994793,0.0,,,,0,8,127,44
h10_d05,VIXPercentileRaw,14,3649,127,0.49317226890756305,0.06738623867298518,0.36678475172198943,0.5424590492918997,0.950178130994793,0.0,,,,0,8,127,45
h10_d05,VIXPercentileRaw,14,3649,127,0.49317226890756305,0.06738623867298518,0.36678475172198943,0.5424590492918997,0.950178130994793,0.0,,,,0,8,127,46
h10_d05,VIXPercentileCalibrated,14,3649,127,0.4742647058823529,0.08741947029348604,0.06592607990059206,0.07489000443164175,0.22727272727272727,0.0,,,,0,8,127,42
h10_d05,VIXPercentileCalibrated,14,3649,127,0.4742647058823529,0.08741947029348604,0.06592607990059206,0.07489000443164175,0.22727272727272727,0.0,,,,0,8,127,43
h10_d05,VIXPercentileCalibrated,14,3649,127,0.4742647058823529,0.08741947029348604,0.06592607990059206,0.07489000443164175,0.22727272727272727,0.0,,,,0,8,127,44
h10_d05,VIXPercentileCalibrated,14,3649,127,0.4742647058823529,0.08741947029348604,0.06592607990059206,0.07489000443164175,0.22727272727272727,0.0,,,,0,8,127,45
h10_d05,VIXPercentileCalibrated,14,3649,127,0.4742647058823529,0.08741947029348604,0.06592607990059206,0.07489000443164175,0.22727272727272727,0.0,,,,0,8,127,46
h10_d05,HarRvThreshold,14,3649,127,0.5992268041237113,0.11514309658669797,0.07408622268137417,0.06257473684426734,0.08458368906091396,0.0,,,,0,8,105,42
h10_d05,HarRvThreshold,14,3649,127,0.5992268041237113,0.11514309658669797,0.07408622268137417,0.06257473684426734,0.08458368906091396,0.0,,,,0,8,105,43
h10_d05,HarRvThreshold,14,3649,127,0.5992268041237113,0.11514309658669797,0.07408622268137417,0.06257473684426734,0.08458368906091396,0.0,,,,0,8,105,44
h10_d05,HarRvThreshold,14,3649,127,0.5992268041237113,0.11514309658669797,0.07408622268137417,0.06257473684426734,0.08458368906091396,0.0,,,,0,8,105,45
h10_d05,HarRvThreshold,14,3649,127,0.5992268041237113,0.11514309658669797,0.07408622268137417,0.06257473684426734,0.08458368906091396,0.0,,,,0,8,105,46
h10_d05,LogisticRegressionL2,14,3649,127,0.6144957983193278,0.08372494048209671,0.14524612397830577,0.26580970858150116,0.7800173033258587,0.0,,,,0,8,127,42
h10_d05,LogisticRegressionL2,14,3649,127,0.6144957983193278,0.08372494048209671,0.14524612397830577,0.26580970858150116,0.7800173033258587,0.0,,,,0,8,127,43
h10_d05,LogisticRegressionL2,14,3649,127,0.6144957983193278,0.08372494048209671,0.14524612397830577,0.26580970858150116,0.7800173033258587,0.0,,,,0,8,127,44
h10_d05,LogisticRegressionL2,14,3649,127,0.6144957983193278,0.08372494048209671,0.14524612397830577,0.26580970858150116,0.7800173033258587,0.0,,,,0,8,127,45
h10_d05,LogisticRegressionL2,14,3649,127,0.6144957983193278,0.08372494048209671,0.14524612397830577,0.26580970858150116,0.7800173033258587,0.0,,,,0,8,127,46
h10_d05,LightGbmTuned,14,3649,127,0.6092436974789917,0.08218834267217809,0.16398230322215238,0.3063915657967618,0.6992976237433632,0.0,,,,0,8,127,42
h10_d05,LightGbmTuned,14,3649,127,0.6092436974789917,0.08218834267217809,0.16398230322215238,0.3063915657967618,0.6992976237433632,0.0,,,,0,8,127,43
h10_d05,LightGbmTuned,14,3649,127,0.6092436974789917,0.08218834267217809,0.16398230322215238,0.3063915657967618,0.6992976237433632,0.0,,,,0,8,127,44
h10_d05,LightGbmTuned,14,3649,127,0.6092436974789917,0.08218834267217809,0.16398230322215238,0.3063915657967618,0.6992976237433632,0.0,,,,0,8,127,45
h10_d05,LightGbmTuned,14,3649,127,0.6092436974789917,0.08218834267217809,0.16398230322215238,0.3063915657967618,0.6992976237433632,0.0,,,,0,8,127,46
h10_d05,NaiveBaseRate,15,3776,125,0.5,0.56,0.43886438209207124,0.4387076271186441,0.12129237288135593,0.0,,,,0,70,125,42
h10_d05,NaiveBaseRate,15,3776,125,0.5,0.56,0.43886438209207124,0.4387076271186441,0.12129237288135593,0.0,,,,0,70,125,43
h10_d05,NaiveBaseRate,15,3776,125,0.5,0.56,0.43886438209207124,0.4387076271186441,0.12129237288135593,0.0,,,,0,70,125,44
h10_d05,NaiveBaseRate,15,3776,125,0.5,0.56,0.43886438209207124,0.4387076271186441,0.12129237288135593,0.0,,,,0,70,125,45
h10_d05,NaiveBaseRate,15,3776,125,0.5,0.56,0.43886438209207124,0.4387076271186441,0.12129237288135593,0.0,,,,0,70,125,46
h10_d05,VIXPercentileRaw,15,3776,125,0.21181818181818182,0.40703557454035116,0.3849877173630063,0.387375,0.9502118644067796,0.04,0.0,0.4630900051488535,,5,70,125,42
h10_d05,VIXPercentileRaw,15,3776,125,0.21181818181818182,0.40703557454035116,0.3849877173630063,0.387375,0.9502118644067796,0.04,0.0,0.4630900051488535,,5,70,125,43
h10_d05,VIXPercentileRaw,15,3776,125,0.21181818181818182,0.40703557454035116,0.3849877173630063,0.387375,0.9502118644067796,0.04,0.0,0.4630900051488535,,5,70,125,44
h10_d05,VIXPercentileRaw,15,3776,125,0.21181818181818182,0.40703557454035116,0.3849877173630063,0.387375,0.9502118644067796,0.04,0.0,0.4630900051488535,,5,70,125,45
h10_d05,VIXPercentileRaw,15,3776,125,0.21181818181818182,0.40703557454035116,0.3849877173630063,0.387375,0.9502118644067796,0.04,0.0,0.4630900051488535,,5,70,125,46
h10_d05,VIXPercentileCalibrated,15,3776,125,0.24155844155844153,0.4808154972670313,0.3876862434743631,0.3631009779390019,0.22727272727272727,0.0,,,,0,70,125,42
h10_d05,VIXPercentileCalibrated,15,3776,125,0.24155844155844153,0.4808154972670313,0.3876862434743631,0.3631009779390019,0.22727272727272727,0.0,,,,0,70,125,43
h10_d05,VIXPercentileCalibrated,15,3776,125,0.24155844155844153,0.4808154972670313,0.3876862434743631,0.3631009779390019,0.22727272727272727,0.0,,,,0,70,125,44
h10_d05,VIXPercentileCalibrated,15,3776,125,0.24155844155844153,0.4808154972670313,0.3876862434743631,0.3631009779390019,0.22727272727272727,0.0,,,,0,70,125,45
h10_d05,VIXPercentileCalibrated,15,3776,125,0.24155844155844153,0.4808154972670313,0.3876862434743631,0.3631009779390019,0.22727272727272727,0.0,,,,0,70,125,46
h10_d05,HarRvThreshold,15,3776,125,0.28560606060606064,0.43441401896635495,0.4728744434586684,0.4625035933502455,0.08265727571968226,0.3300970873786408,0.4117647058823529,0.8405910889118773,1.0442532136912357,34,55,103,42
h10_d05,HarRvThreshold,15,3776,125,0.28560606060606064,0.43441401896635495,0.4728744434586684,0.4625035933502455,0.08265727571968226,0.3300970873786408,0.4117647058823529,0.8405910889118773,1.0442532136912357,34,55,103,43
h10_d05,HarRvThreshold,15,3776,125,0.28560606060606064,0.43441401896635495,0.4728744434586684,0.4625035933502455,0.08265727571968226,0.3300970873786408,0.4117647058823529,0.8405910889118773,1.0442532136912357,34,55,103,44
h10_d05,HarRvThreshold,15,3776,125,0.28560606060606064,0.43441401896635495,0.4728744434586684,0.4625035933502455,0.08265727571968226,0.3300970873786408,0.4117647058823529,0.8405910889118773,1.0442532136912357,34,55,103,45
h10_d05,HarRvThreshold,15,3776,125,0.28560606060606064,0.43441401896635495,0.4728744434586684,0.4625035933502455,0.08265727571968226,0.3300970873786408,0.4117647058823529,0.8405910889118773,1.0442532136912357,34,55,103,46
h10_d05,LogisticRegressionL2,15,3776,125,0.28909090909090907,0.43297396282291195,0.32093913388121975,0.2749076285934962,0.7805683130449492,0.264,0.3333333333333333,0.6656443814755144,0.9409134408004347,33,70,125,42
h10_d05,LogisticRegressionL2,15,3776,125,0.28909090909090907,0.43297396282291195,0.32093913388121975,0.2749076285934962,0.7805683130449492,0.264,0.3333333333333333,0.6656443814755144,0.9409134408004347,33,70,125,43
h10_d05,LogisticRegressionL2,15,3776,125,0.28909090909090907,0.43297396282291195,0.32093913388121975,0.2749076285934962,0.7805683130449492,0.264,0.3333333333333333,0.6656443814755144,0.9409134408004347,33,70,125,44
h10_d05,LogisticRegressionL2,15,3776,125,0.28909090909090907,0.43297396282291195,0.32093913388121975,0.2749076285934962,0.7805683130449492,0.264,0.3333333333333333,0.6656443814755144,0.9409134408004347,33,70,125,45
h10_d05,LogisticRegressionL2,15,3776,125,0.28909090909090907,0.43297396282291195,0.32093913388121975,0.2749076285934962,0.7805683130449492,0.264,0.3333333333333333,0.6656443814755144,0.9409134408004347,33,70,125,46
h10_d05,LightGbmTuned,15,3776,125,0.29454545454545455,0.4534867075532227,0.28232513366433587,0.1975375439219155,0.6985724864495877,0.328,0.4634146341463415,0.8374263407172967,0.879688457821639,41,70,125,42
h10_d05,LightGbmTuned,15,3776,125,0.29454545454545455,0.4534867075532227,0.28232513366433587,0.1975375439219155,0.6985724864495877,0.328,0.4634146341463415,0.8374263407172967,0.879688457821639,41,70,125,43
h10_d05,LightGbmTuned,15,3776,125,0.29454545454545455,0.4534867075532227,0.28232513366433587,0.1975375439219155,0.6985724864495877,0.328,0.4634146341463415,0.8374263407172967,0.879688457821639,41,70,125,44
h10_d05,LightGbmTuned,15,3776,125,0.29454545454545455,0.4534867075532227,0.28232513366433587,0.1975375439219155,0.6985724864495877,0.328,0.4634146341463415,0.8374263407172967,0.879688457821639,41,70,125,45
h10_d05,LightGbmTuned,15,3776,125,0.29454545454545455,0.4534867075532227,0.28232513366433587,0.1975375439219155,0.6985724864495877,0.328,0.4634146341463415,0.8374263407172967,0.879688457821639,41,70,125,46
h10_d05,NaiveBaseRate,16,3901,127,0.5,0.33070866141732286,0.2595054843270483,0.1953587511379073,0.13534991027941554,0.0,,,,0,42,127,42
h10_d05,NaiveBaseRate,16,3901,127,0.5,0.33070866141732286,0.2595054843270483,0.1953587511379073,0.13534991027941554,0.0,,,,0,42,127,43
h10_d05,NaiveBaseRate,16,3901,127,0.5,0.33070866141732286,0.2595054843270483,0.1953587511379073,0.13534991027941554,0.0,,,,0,42,127,44
h10_d05,NaiveBaseRate,16,3901,127,0.5,0.33070866141732286,0.2595054843270483,0.1953587511379073,0.13534991027941554,0.0,,,,0,42,127,45
h10_d05,NaiveBaseRate,16,3901,127,0.5,0.33070866141732286,0.2595054843270483,0.1953587511379073,0.13534991027941554,0.0,,,,0,42,127,46
h10_d05,VIXPercentileRaw,16,3901,127,0.42212885154061625,0.29213666718529674,0.4985047310893072,0.5176544677621526,0.9500128172263522,0.0,,,,0,42,127,42
h10_d05,VIXPercentileRaw,16,3901,127,0.42212885154061625,0.29213666718529674,0.4985047310893072,0.5176544677621526,0.9500128172263522,0.0,,,,0,42,127,43
h10_d05,VIXPercentileRaw,16,3901,127,0.42212885154061625,0.29213666718529674,0.4985047310893072,0.5176544677621526,0.9500128172263522,0.0,,,,0,42,127,44
h10_d05,VIXPercentileRaw,16,3901,127,0.42212885154061625,0.29213666718529674,0.4985047310893072,0.5176544677621526,0.9500128172263522,0.0,,,,0,42,127,45
h10_d05,VIXPercentileRaw,16,3901,127,0.42212885154061625,0.29213666718529674,0.4985047310893072,0.5176544677621526,0.9500128172263522,0.0,,,,0,42,127,46
h10_d05,VIXPercentileCalibrated,16,3901,127,0.44831932773109245,0.3091545053402094,0.23295361579283513,0.09750618980609745,0.24379232505643342,0.0,,,,0,42,127,42
h10_d05,VIXPercentileCalibrated,16,3901,127,0.44831932773109245,0.3091545053402094,0.23295361579283513,0.09750618980609745,0.24379232505643342,0.0,,,,0,42,127,43
h10_d05,VIXPercentileCalibrated,16,3901,127,0.44831932773109245,0.3091545053402094,0.23295361579283513,0.09750618980609745,0.24379232505643342,0.0,,,,0,42,127,44
h10_d05,VIXPercentileCalibrated,16,3901,127,0.44831932773109245,0.3091545053402094,0.23295361579283513,0.09750618980609745,0.24379232505643342,0.0,,,,0,42,127,45
h10_d05,VIXPercentileCalibrated,16,3901,127,0.44831932773109245,0.3091545053402094,0.23295361579283513,0.09750618980609745,0.24379232505643342,0.0,,,,0,42,127,46
h10_d05,HarRvThreshold,16,3901,127,0.4557823129251701,0.3815904928110957,0.36529038999924346,0.35257258126822943,0.08989771946837687,0.0761904761904762,0.125,0.698061099003476,0.8951134798276105,8,42,105,42
h10_d05,HarRvThreshold,16,3901,127,0.4557823129251701,0.3815904928110957,0.36529038999924346,0.35257258126822943,0.08989771946837687,0.0761904761904762,0.125,0.698061099003476,0.8951134798276105,8,42,105,43
h10_d05,HarRvThreshold,16,3901,127,0.4557823129251701,0.3815904928110957,0.36529038999924346,0.35257258126822943,0.08989771946837687,0.0761904761904762,0.125,0.698061099003476,0.8951134798276105,8,42,105,44
h10_d05,HarRvThreshold,16,3901,127,0.4557823129251701,0.3815904928110957,0.36529038999924346,0.35257258126822943,0.08989771946837687,0.0761904761904762,0.125,0.698061099003476,0.8951134798276105,8,42,105,45
h10_d05,HarRvThreshold,16,3901,127,0.4557823129251701,0.3815904928110957,0.36529038999924346,0.35257258126822943,0.08989771946837687,0.0761904761904762,0.125,0.698061099003476,0.8951134798276105,8,42,105,46
h10_d05,LogisticRegressionL2,16,3901,127,0.4084033613445378,0.27676684150374853,0.30046508114216425,0.23682465718722312,0.7919248943796304,0.0,,,,0,42,127,42
h10_d05,LogisticRegressionL2,16,3901,127,0.4084033613445378,0.27676684150374853,0.30046508114216425,0.23682465718722312,0.7919248943796304,0.0,,,,0,42,127,43
h10_d05,LogisticRegressionL2,16,3901,127,0.4084033613445378,0.27676684150374853,0.30046508114216425,0.23682465718722312,0.7919248943796304,0.0,,,,0,42,127,44
h10_d05,LogisticRegressionL2,16,3901,127,0.4084033613445378,0.27676684150374853,0.30046508114216425,0.23682465718722312,0.7919248943796304,0.0,,,,0,42,127,45
h10_d05,LogisticRegressionL2,16,3901,127,0.4084033613445378,0.27676684150374853,0.30046508114216425,0.23682465718722312,0.7919248943796304,0.0,,,,0,42,127,46
h10_d05,LightGbmTuned,16,3901,127,0.4735294117647059,0.30747390250120304,0.28748025888568474,0.22434192406935033,0.7092190749006968,0.0,,,,0,42,127,42
h10_d05,LightGbmTuned,16,3901,127,0.4735294117647059,0.30747390250120304,0.28748025888568474,0.22434192406935033,0.7092190749006968,0.0,,,,0,42,127,43
h10_d05,LightGbmTuned,16,3901,127,0.4735294117647059,0.30747390250120304,0.28748025888568474,0.22434192406935033,0.7092190749006968,0.0,,,,0,42,127,44
h10_d05,LightGbmTuned,16,3901,127,0.4735294117647059,0.30747390250120304,0.28748025888568474,0.22434192406935033,0.7092190749006968,0.0,,,,0,42,127,45
h10_d05,LightGbmTuned,16,3901,127,0.4735294117647059,0.30747390250120304,0.28748025888568474,0.22434192406935033,0.7092190749006968,0.0,,,,0,42,127,46
h10_d05,NaiveBaseRate,17,4028,124,0.5,0.024193548387096774,0.03737123761182375,0.11731588557516737,0.14150943396226415,0.0,,,,0,3,124,42
h10_d05,NaiveBaseRate,17,4028,124,0.5,0.024193548387096774,0.03737123761182375,0.11731588557516737,0.14150943396226415,0.0,,,,0,3,124,43
h10_d05,NaiveBaseRate,17,4028,124,0.5,0.024193548387096774,0.03737123761182375,0.11731588557516737,0.14150943396226415,0.0,,,,0,3,124,44
h10_d05,NaiveBaseRate,17,4028,124,0.5,0.024193548387096774,0.03737123761182375,0.11731588557516737,0.14150943396226415,0.0,,,,0,3,124,45
h10_d05,NaiveBaseRate,17,4028,124,0.5,0.024193548387096774,0.03737123761182375,0.11731588557516737,0.14150943396226415,0.0,,,,0,3,124,46
h10_d05,VIXPercentileRaw,17,4028,124,0.628099173553719,0.040669248416504475,0.38655754737181214,0.5942235000160169,0.9500124131082421,0.0,,,,0,3,124,42
h10_d05,VIXPercentileRaw,17,4028,124,0.628099173553719,0.040669248416504475,0.38655754737181214,0.5942235000160169,0.9500124131082421,0.0,,,,0,3,124,43
h10_d05,VIXPercentileRaw,17,4028,124,0.628099173553719,0.040669248416504475,0.38655754737181214,0.5942235000160169,0.9500124131082421,0.0,,,,0,3,124,44
h10_d05,VIXPercentileRaw,17,4028,124,0.628099173553719,0.040669248416504475,0.38655754737181214,0.5942235000160169,0.9500124131082421,0.0,,,,0,3,124,45
h10_d05,VIXPercentileRaw,17,4028,124,0.628099173553719,0.040669248416504475,0.38655754737181214,0.5942235000160169,0.9500124131082421,0.0,,,,0,3,124,46
h10_d05,VIXPercentileCalibrated,17,4028,124,0.7038567493112947,0.04153898535921008,0.04576190202027948,0.1451929317644703,0.25376344086021513,0.0,,,,0,3,124,42
h10_d05,VIXPercentileCalibrated,17,4028,124,0.7038567493112947,0.04153898535921008,0.04576190202027948,0.1451929317644703,0.25376344086021513,0.0,,,,0,3,124,43
h10_d05,VIXPercentileCalibrated,17,4028,124,0.7038567493112947,0.04153898535921008,0.04576190202027948,0.1451929317644703,0.25376344086021513,0.0,,,,0,3,124,44
h10_d05,VIXPercentileCalibrated,17,4028,124,0.7038567493112947,0.04153898535921008,0.04576190202027948,0.1451929317644703,0.25376344086021513,0.0,,,,0,3,124,45
h10_d05,VIXPercentileCalibrated,17,4028,124,0.7038567493112947,0.04153898535921008,0.04576190202027948,0.1451929317644703,0.25376344086021513,0.0,,,,0,3,124,46
h10_d05,HarRvThreshold,17,4028,124,0.8215488215488216,0.39030303030303026,0.027864517803181024,0.008040299548665562,0.09155695578560945,0.0,,,,0,3,102,42
h10_d05,HarRvThreshold,17,4028,124,0.8215488215488216,0.39030303030303026,0.027864517803181024,0.008040299548665562,0.09155695578560945,0.0,,,,0,3,102,43
h10_d05,HarRvThreshold,17,4028,124,0.8215488215488216,0.39030303030303026,0.027864517803181024,0.008040299548665562,0.09155695578560945,0.0,,,,0,3,102,44
h10_d05,HarRvThreshold,17,4028,124,0.8215488215488216,0.39030303030303026,0.027864517803181024,0.008040299548665562,0.09155695578560945,0.0,,,,0,3,102,45
h10_d05,HarRvThreshold,17,4028,124,0.8215488215488216,0.39030303030303026,0.027864517803181024,0.008040299548665562,0.09155695578560945,0.0,,,,0,3,102,46
h10_d05,LogisticRegressionL2,17,4028,124,0.8292011019283747,0.08475783475783477,0.10904555651971425,0.2883275980862267,0.7939167492618017,0.0,,,,0,3,124,42
h10_d05,LogisticRegressionL2,17,4028,124,0.8292011019283747,0.08475783475783477,0.10904555651971425,0.2883275980862267,0.7939167492618017,0.0,,,,0,3,124,43
h10_d05,LogisticRegressionL2,17,4028,124,0.8292011019283747,0.08475783475783477,0.10904555651971425,0.2883275980862267,0.7939167492618017,0.0,,,,0,3,124,44
h10_d05,LogisticRegressionL2,17,4028,124,0.8292011019283747,0.08475783475783477,0.10904555651971425,0.2883275980862267,0.7939167492618017,0.0,,,,0,3,124,45
h10_d05,LogisticRegressionL2,17,4028,124,0.8292011019283747,0.08475783475783477,0.10904555651971425,0.2883275980862267,0.7939167492618017,0.0,,,,0,3,124,46
h10_d05,LightGbmTuned,17,4028,124,0.7630853994490359,0.07399425287356322,0.20264968948624787,0.41586350243435444,0.7002798746721631,0.0,,,,0,3,124,42
h10_d05,LightGbmTuned,17,4028,124,0.7630853994490359,0.07399425287356322,0.20264968948624787,0.41586350243435444,0.7002798746721631,0.0,,,,0,3,124,43
h10_d05,LightGbmTuned,17,4028,124,0.7630853994490359,0.07399425287356322,0.20264968948624787,0.41586350243435444,0.7002798746721631,0.0,,,,0,3,124,44
h10_d05,LightGbmTuned,17,4028,124,0.7630853994490359,0.07399425287356322,0.20264968948624787,0.41586350243435444,0.7002798746721631,0.0,,,,0,3,124,45
h10_d05,LightGbmTuned,17,4028,124,0.7630853994490359,0.07399425287356322,0.20264968948624787,0.41586350243435444,0.7002798746721631,0.0,,,,0,3,124,46
h10_d05,NaiveBaseRate,18,4152,126,0.5,0.06349206349206349,0.06501311536509424,0.07451371685475733,0.13800578034682082,0.0,,,,0,8,126,42
h10_d05,NaiveBaseRate,18,4152,126,0.5,0.06349206349206349,0.06501311536509424,0.07451371685475733,0.13800578034682082,0.0,,,,0,8,126,43
h10_d05,NaiveBaseRate,18,4152,126,0.5,0.06349206349206349,0.06501311536509424,0.07451371685475733,0.13800578034682082,0.0,,,,0,8,126,44
h10_d05,NaiveBaseRate,18,4152,126,0.5,0.06349206349206349,0.06501311536509424,0.07451371685475733,0.13800578034682082,0.0,,,,0,8,126,45
h10_d05,NaiveBaseRate,18,4152,126,0.5,0.06349206349206349,0.06501311536509424,0.07451371685475733,0.13800578034682082,0.0,,,,0,8,126,46
h10_d05,VIXPercentileRaw,18,4152,126,0.638771186440678,0.10959782265225815,0.21487889918618686,0.3801705813989051,0.95001204238921,0.0,,,,0,8,126,42
h10_d05,VIXPercentileRaw,18,4152,126,0.638771186440678,0.10959782265225815,0.21487889918618686,0.3801705813989051,0.95001204238921,0.0,,,,0,8,126,43
h10_d05,VIXPercentileRaw,18,4152,126,0.638771186440678,0.10959782265225815,0.21487889918618686,0.3801705813989051,0.95001204238921,0.0,,,,0,8,126,44
h10_d05,VIXPercentileRaw,18,4152,126,0.638771186440678,0.10959782265225815,0.21487889918618686,0.3801705813989051,0.95001204238921,0.0,,,,0,8,126,45
h10_d05,VIXPercentileRaw,18,4152,126,0.638771186440678,0.10959782265225815,0.21487889918618686,0.3801705813989051,0.95001204238921,0.0,,,,0,8,126,46
h10_d05,VIXPercentileCalibrated,18,4152,126,0.6064618644067797,0.08261741122565865,0.0612163468163272,0.04332191566125241,0.25376344086021513,0.0,,,,0,8,126,42
h10_d05,VIXPercentileCalibrated,18,4152,126,0.6064618644067797,0.08261741122565865,0.0612163468163272,0.04332191566125241,0.25376344086021513,0.0,,,,0,8,126,43
h10_d05,VIXPercentileCalibrated,18,4152,126,0.6064618644067797,0.08261741122565865,0.0612163468163272,0.04332191566125241,0.25376344086021513,0.0,,,,0,8,126,44
h10_d05,VIXPercentileCalibrated,18,4152,126,0.6064618644067797,0.08261741122565865,0.0612163468163272,0.04332191566125241,0.25376344086021513,0.0,,,,0,8,126,45
h10_d05,VIXPercentileCalibrated,18,4152,126,0.6064618644067797,0.08261741122565865,0.0612163468163272,0.04332191566125241,0.25376344086021513,0.0,,,,0,8,126,46
h10_d05,HarRvThreshold,18,4152,126,0.41796875,0.06897290660767127,0.07528439790035502,0.06263277879409568,0.09029935036799447,0.0,,,,0,8,104,42
h10_d05,HarRvThreshold,18,4152,126,0.41796875,0.06897290660767127,0.07528439790035502,0.06263277879409568,0.09029935036799447,0.0,,,,0,8,104,43
h10_d05,HarRvThreshold,18,4152,126,0.41796875,0.06897290660767127,0.07528439790035502,0.06263277879409568,0.09029935036799447,0.0,,,,0,8,104,44
h10_d05,HarRvThreshold,18,4152,126,0.41796875,0.06897290660767127,0.07528439790035502,0.06263277879409568,0.09029935036799447,0.0,,,,0,8,104,45
h10_d05,HarRvThreshold,18,4152,126,0.41796875,0.06897290660767127,0.07528439790035502,0.06263277879409568,0.09029935036799447,0.0,,,,0,8,104,46
h10_d05,LogisticRegressionL2,18,4152,126,0.5455508474576272,0.07479926574254385,0.11725938976401054,0.22508301467083863,0.7970609974891131,0.0,,,,0,8,126,42
h10_d05,LogisticRegressionL2,18,4152,126,0.5455508474576272,0.07479926574254385,0.11725938976401054,0.22508301467083863,0.7970609974891131,0.0,,,,0,8,126,43
h10_d05,LogisticRegressionL2,18,4152,126,0.5455508474576272,0.07479926574254385,0.11725938976401054,0.22508301467083863,0.7970609974891131,0.0,,,,0,8,126,44
h10_d05,LogisticRegressionL2,18,4152,126,0.5455508474576272,0.07479926574254385,0.11725938976401054,0.22508301467083863,0.7970609974891131,0.0,,,,0,8,126,45
h10_d05,LogisticRegressionL2,18,4152,126,0.5455508474576272,0.07479926574254385,0.11725938976401054,0.22508301467083863,0.7970609974891131,0.0,,,,0,8,126,46
h10_d05,LightGbmTuned,18,4152,126,0.583156779661017,0.09377443940696953,0.14355363739247012,0.28549570685898573,0.693428076982034,0.0,,,,0,8,126,42
h10_d05,LightGbmTuned,18,4152,126,0.583156779661017,0.09377443940696953,0.14355363739247012,0.28549570685898573,0.693428076982034,0.0,,,,0,8,126,43
h10_d05,LightGbmTuned,18,4152,126,0.583156779661017,0.09377443940696953,0.14355363739247012,0.28549570685898573,0.693428076982034,0.0,,,,0,8,126,44
h10_d05,LightGbmTuned,18,4152,126,0.583156779661017,0.09377443940696953,0.14355363739247012,0.28549570685898573,0.693428076982034,0.0,,,,0,8,126,45
h10_d05,LightGbmTuned,18,4152,126,0.583156779661017,0.09377443940696953,0.14355363739247012,0.28549570685898573,0.693428076982034,0.0,,,,0,8,126,46
h10_d05,NaiveBaseRate,19,4278,124,0.5,0.04838709677419355,0.053688746647503,0.08742402992052352,0.13581112669471715,0.0,,,,0,6,124,42
h10_d05,NaiveBaseRate,19,4278,124,0.5,0.04838709677419355,0.053688746647503,0.08742402992052352,0.13581112669471715,0.0,,,,0,6,124,43
h10_d05,NaiveBaseRate,19,4278,124,0.5,0.04838709677419355,0.053688746647503,0.08742402992052352,0.13581112669471715,0.0,,,,0,6,124,44
h10_d05,NaiveBaseRate,19,4278,124,0.5,0.04838709677419355,0.053688746647503,0.08742402992052352,0.13581112669471715,0.0,,,,0,6,124,45
h10_d05,NaiveBaseRate,19,4278,124,0.5,0.04838709677419355,0.053688746647503,0.08742402992052352,0.13581112669471715,0.0,,,,0,6,124,46
h10_d05,VIXPercentileRaw,19,4278,124,0.82909604519774,0.14135894610298538,0.1271906430524307,0.28265016815213617,0.9500116877045347,0.0,,,,0,6,124,42
h10_d05,VIXPercentileRaw,19,4278,124,0.82909604519774,0.14135894610298538,0.1271906430524307,0.28265016815213617,0.9500116877045347,0.0,,,,0,6,124,43
h10_d05,VIXPercentileRaw,19,4278,124,0.82909604519774,0.14135894610298538,0.1271906430524307,0.28265016815213617,0.9500116877045347,0.0,,,,0,6,124,44
h10_d05,VIXPercentileRaw,19,4278,124,0.82909604519774,0.14135894610298538,0.1271906430524307,0.28265016815213617,0.9500116877045347,0.0,,,,0,6,124,45
h10_d05,VIXPercentileRaw,19,4278,124,0.82909604519774,0.14135894610298538,0.1271906430524307,0.28265016815213617,0.9500116877045347,0.0,,,,0,6,124,46
h10_d05,VIXPercentileCalibrated,19,4278,124,0.7457627118644068,0.1,0.046502287748610746,0.030485738515501133,0.25376344086021513,0.0,,,,0,6,124,42
h10_d05,VIXPercentileCalibrated,19,4278,124,0.7457627118644068,0.1,0.046502287748610746,0.030485738515501133,0.25376344086021513,0.0,,,,0,6,124,43
h10_d05,VIXPercentileCalibrated,19,4278,124,0.7457627118644068,0.1,0.046502287748610746,0.030485738515501133,0.25376344086021513,0.0,,,,0,6,124,44
h10_d05,VIXPercentileCalibrated,19,4278,124,0.7457627118644068,0.1,0.046502287748610746,0.030485738515501133,0.25376344086021513,0.0,,,,0,6,124,45
h10_d05,VIXPercentileCalibrated,19,4278,124,0.7457627118644068,0.1,0.046502287748610746,0.030485738515501133,0.25376344086021513,0.0,,,,0,6,124,46
h10_d05,HarRvThreshold,19,4278,124,0.5173611111111112,0.06561506955965814,0.05756876810596616,0.04587449669067116,0.08857489439338373,0.0,,,,0,6,102,42
h10_d05,HarRvThreshold,19,4278,124,0.5173611111111112,0.06561506955965814,0.05756876810596616,0.04587449669067116,0.08857489439338373,0.0,,,,0,6,102,43
h10_d05,HarRvThreshold,19,4278,124,0.5173611111111112,0.06561506955965814,0.05756876810596616,0.04587449669067116,0.08857489439338373,0.0,,,,0,6,102,44
h10_d05,HarRvThreshold,19,4278,124,0.5173611111111112,0.06561506955965814,0.05756876810596616,0.04587449669067116,0.08857489439338373,0.0,,,,0,6,102,45
h10_d05,HarRvThreshold,19,4278,124,0.5173611111111112,0.06561506955965814,0.05756876810596616,0.04587449669067116,0.08857489439338373,0.0,,,,0,6,102,46
h10_d05,LogisticRegressionL2,19,4278,124,0.7768361581920904,0.11364897984463203,0.11789104732808331,0.2619519480224159,0.7930292564011128,0.0,,,,0,6,124,42
h10_d05,LogisticRegressionL2,19,4278,124,0.7768361581920904,0.11364897984463203,0.11789104732808331,0.2619519480224159,0.7930292564011128,0.0,,,,0,6,124,43
h10_d05,LogisticRegressionL2,19,4278,124,0.7768361581920904,0.11364897984463203,0.11789104732808331,0.2619519480224159,0.7930292564011128,0.0,,,,0,6,124,44
h10_d05,LogisticRegressionL2,19,4278,124,0.7768361581920904,0.11364897984463203,0.11789104732808331,0.2619519480224159,0.7930292564011128,0.0,,,,0,6,124,45
h10_d05,LogisticRegressionL2,19,4278,124,0.7768361581920904,0.11364897984463203,0.11789104732808331,0.2619519480224159,0.7930292564011128,0.0,,,,0,6,124,46
h10_d05,LightGbmTuned,19,4278,124,0.6673728813559322,0.08099360368195985,0.1385234085195518,0.2965752724778675,0.6943236660465514,0.0,,,,0,6,124,42
h10_d05,LightGbmTuned,19,4278,124,0.6673728813559322,0.08099360368195985,0.1385234085195518,0.2965752724778675,0.6943236660465514,0.0,,,,0,6,124,43
h10_d05,LightGbmTuned,19,4278,124,0.6673728813559322,0.08099360368195985,0.1385234085195518,0.2965752724778675,0.6943236660465514,0.0,,,,0,6,124,44
h10_d05,LightGbmTuned,19,4278,124,0.6673728813559322,0.08099360368195985,0.1385234085195518,0.2965752724778675,0.6943236660465514,0.0,,,,0,6,124,45
h10_d05,LightGbmTuned,19,4278,124,0.6673728813559322,0.08099360368195985,0.1385234085195518,0.2965752724778675,0.6943236660465514,0.0,,,,0,6,124,46
h10_d05,NaiveBaseRate,20,4402,127,0.5,0.15748031496062992,0.13326261091733554,0.024131836996068468,0.13334847796456156,0.0,,,,0,20,127,42
h10_d05,NaiveBaseRate,20,4402,127,0.5,0.15748031496062992,0.13326261091733554,0.024131836996068468,0.13334847796456156,0.0,,,,0,20,127,43
h10_d05,NaiveBaseRate,20,4402,127,0.5,0.15748031496062992,0.13326261091733554,0.024131836996068468,0.13334847796456156,0.0,,,,0,20,127,44
h10_d05,NaiveBaseRate,20,4402,127,0.5,0.15748031496062992,0.13326261091733554,0.024131836996068468,0.13334847796456156,0.0,,,,0,20,127,45
h10_d05,NaiveBaseRate,20,4402,127,0.5,0.15748031496062992,0.13326261091733554,0.024131836996068468,0.13334847796456156,0.0,,,,0,20,127,46
h10_d05,VIXPercentileRaw,20,4402,127,0.49392523364485985,0.15210762433906921,0.2800891144685323,0.3504223205629509,0.9500113584734211,0.0,,,,0,20,127,42
h10_d05,VIXPercentileRaw,20,4402,127,0.49392523364485985,0.15210762433906921,0.2800891144685323,0.3504223205629509,0.9500113584734211,0.0,,,,0,20,127,43
h10_d05,VIXPercentileRaw,20,4402,127,0.49392523364485985,0.15210762433906921,0.2800891144685323,0.3504223205629509,0.9500113584734211,0.0,,,,0,20,127,44
h10_d05,VIXPercentileRaw,20,4402,127,0.49392523364485985,0.15210762433906921,0.2800891144685323,0.3504223205629509,0.9500113584734211,0.0,,,,0,20,127,45
h10_d05,VIXPercentileRaw,20,4402,127,0.49392523364485985,0.15210762433906921,0.2800891144685323,0.3504223205629509,0.9500113584734211,0.0,,,,0,20,127,46
h10_d05,VIXPercentileCalibrated,20,4402,127,0.5144859813084113,0.15855121920437867,0.1359368923090183,0.06569476364123238,0.25376344086021513,0.0,,,,0,20,127,42
h10_d05,VIXPercentileCalibrated,20,4402,127,0.5144859813084113,0.15855121920437867,0.1359368923090183,0.06569476364123238,0.25376344086021513,0.0,,,,0,20,127,43
h10_d05,VIXPercentileCalibrated,20,4402,127,0.5144859813084113,0.15855121920437867,0.1359368923090183,0.06569476364123238,0.25376344086021513,0.0,,,,0,20,127,44
h10_d05,VIXPercentileCalibrated,20,4402,127,0.5144859813084113,0.15855121920437867,0.1359368923090183,0.06569476364123238,0.25376344086021513,0.0,,,,0,20,127,45
h10_d05,VIXPercentileCalibrated,20,4402,127,0.5144859813084113,0.15855121920437867,0.1359368923090183,0.06569476364123238,0.25376344086021513,0.0,,,,0,20,127,46
h10_d05,HarRvThreshold,20,4402,127,0.7491582491582492,0.11685401801500873,0.05434497743073328,0.034332506872799054,0.08762404350870334,0.0,,,,0,6,105,42
h10_d05,HarRvThreshold,20,4402,127,0.7491582491582492,0.11685401801500873,0.05434497743073328,0.034332506872799054,0.08762404350870334,0.0,,,,0,6,105,43
h10_d05,HarRvThreshold,20,4402,127,0.7491582491582492,0.11685401801500873,0.05434497743073328,0.034332506872799054,0.08762404350870334,0.0,,,,0,6,105,44
h10_d05,HarRvThreshold,20,4402,127,0.7491582491582492,0.11685401801500873,0.05434497743073328,0.034332506872799054,0.08762404350870334,0.0,,,,0,6,105,45
h10_d05,HarRvThreshold,20,4402,127,0.7491582491582492,0.11685401801500873,0.05434497743073328,0.034332506872799054,0.08762404350870334,0.0,,,,0,6,105,46
h10_d05,LogisticRegressionL2,20,4402,127,0.6406542056074767,0.22682389305507672,0.2734364480779594,0.36666816263157265,0.7925580338280072,0.007874015748031496,0.0,0.5349431097215223,,1,20,127,42
h10_d05,LogisticRegressionL2,20,4402,127,0.6406542056074767,0.22682389305507672,0.2734364480779594,0.36666816263157265,0.7925580338280072,0.007874015748031496,0.0,0.5349431097215223,,1,20,127,43
h10_d05,LogisticRegressionL2,20,4402,127,0.6406542056074767,0.22682389305507672,0.2734364480779594,0.36666816263157265,0.7925580338280072,0.007874015748031496,0.0,0.5349431097215223,,1,20,127,44
h10_d05,LogisticRegressionL2,20,4402,127,0.6406542056074767,0.22682389305507672,0.2734364480779594,0.36666816263157265,0.7925580338280072,0.007874015748031496,0.0,0.5349431097215223,,1,20,127,45
h10_d05,LogisticRegressionL2,20,4402,127,0.6406542056074767,0.22682389305507672,0.2734364480779594,0.36666816263157265,0.7925580338280072,0.007874015748031496,0.0,0.5349431097215223,,1,20,127,46
h10_d05,LightGbmTuned,20,4402,127,0.6126168224299066,0.2256151829955559,0.2620203813739347,0.3526997259064692,0.7017698119267812,0.0,,,,0,20,127,42
h10_d05,LightGbmTuned,20,4402,127,0.6126168224299066,0.2256151829955559,0.2620203813739347,0.3526997259064692,0.7017698119267812,0.0,,,,0,20,127,43
h10_d05,LightGbmTuned,20,4402,127,0.6126168224299066,0.2256151829955559,0.2620203813739347,0.3526997259064692,0.7017698119267812,0.0,,,,0,20,127,44
h10_d05,LightGbmTuned,20,4402,127,0.6126168224299066,0.2256151829955559,0.2620203813739347,0.3526997259064692,0.7017698119267812,0.0,,,,0,20,127,45
h10_d05,LightGbmTuned,20,4402,127,0.6126168224299066,0.2256151829955559,0.2620203813739347,0.3526997259064692,0.7017698119267812,0.0,,,,0,20,127,46
h10_d05,NaiveBaseRate,21,4529,123,0.5,0.23577235772357724,0.1905362430388973,0.10174718660412477,0.13402517111945242,0.0,,,,0,29,123,42
h10_d05,NaiveBaseRate,21,4529,123,0.5,0.23577235772357724,0.1905362430388973,0.10174718660412477,0.13402517111945242,0.0,,,,0,29,123,43
h10_d05,NaiveBaseRate,21,4529,123,0.5,0.23577235772357724,0.1905362430388973,0.10174718660412477,0.13402517111945242,0.0,,,,0,29,123,44
h10_d05,NaiveBaseRate,21,4529,123,0.5,0.23577235772357724,0.1905362430388973,0.10174718660412477,0.13402517111945242,0.0,,,,0,29,123,45
h10_d05,NaiveBaseRate,21,4529,123,0.5,0.23577235772357724,0.1905362430388973,0.10174718660412477,0.13402517111945242,0.0,,,,0,29,123,46
h10_d05,VIXPercentileRaw,21,4529,123,0.5179750550256786,0.24260234735517683,0.35066013424632086,0.3830329206361174,0.9500110399646721,0.032520325203252036,0.0,0.5029125453161578,,4,29,123,42
h10_d05,VIXPercentileRaw,21,4529,123,0.5179750550256786,0.24260234735517683,0.35066013424632086,0.3830329206361174,0.9500110399646721,0.032520325203252036,0.0,0.5029125453161578,,4,29,123,43
h10_d05,VIXPercentileRaw,21,4529,123,0.5179750550256786,0.24260234735517683,0.35066013424632086,0.3830329206361174,0.9500110399646721,0.032520325203252036,0.0,0.5029125453161578,,4,29,123,44
h10_d05,VIXPercentileRaw,21,4529,123,0.5179750550256786,0.24260234735517683,0.35066013424632086,0.3830329206361174,0.9500110399646721,0.032520325203252036,0.0,0.5029125453161578,,4,29,123,45
h10_d05,VIXPercentileRaw,21,4529,123,0.5179750550256786,0.24260234735517683,0.35066013424632086,0.3830329206361174,0.9500110399646721,0.032520325203252036,0.0,0.5029125453161578,,4,29,123,46
h10_d05,VIXPercentileCalibrated,21,4529,123,0.5376008804108583,0.2491781922534283,0.18905700806200607,0.11325738600807449,0.25321888412017163,0.008130081300813009,0.0,1.0895963904323258,,1,29,123,42
h10_d05,VIXPercentileCalibrated,21,4529,123,0.5376008804108583,0.2491781922534283,0.18905700806200607,0.11325738600807449,0.25321888412017163,0.008130081300813009,0.0,1.0895963904323258,,1,29,123,43
h10_d05,VIXPercentileCalibrated,21,4529,123,0.5376008804108583,0.2491781922534283,0.18905700806200607,0.11325738600807449,0.25321888412017163,0.008130081300813009,0.0,1.0895963904323258,,1,29,123,44
h10_d05,VIXPercentileCalibrated,21,4529,123,0.5376008804108583,0.2491781922534283,0.18905700806200607,0.11325738600807449,0.25321888412017163,0.008130081300813009,0.0,1.0895963904323258,,1,29,123,45
h10_d05,VIXPercentileCalibrated,21,4529,123,0.5376008804108583,0.2491781922534283,0.18905700806200607,0.11325738600807449,0.25321888412017163,0.008130081300813009,0.0,1.0895963904323258,,1,29,123,46
h10_d05,HarRvThreshold,21,4529,123,0.4966475095785441,0.331905382006667,0.2596430946668019,0.24123185757394053,0.08697676566734178,0.19801980198019803,0.2,0.4739370284676181,0.7117561342361469,20,29,101,42
h10_d05,HarRvThreshold,21,4529,123,0.4966475095785441,0.331905382006667,0.2596430946668019,0.24123185757394053,0.08697676566734178,0.19801980198019803,0.2,0.4739370284676181,0.7117561342361469,20,29,101,43
h10_d05,HarRvThreshold,21,4529,123,0.4966475095785441,0.331905382006667,0.2596430946668019,0.24123185757394053,0.08697676566734178,0.19801980198019803,0.2,0.4739370284676181,0.7117561342361469,20,29,101,44
h10_d05,HarRvThreshold,21,4529,123,0.4966475095785441,0.331905382006667,0.2596430946668019,0.24123185757394053,0.08697676566734178,0.19801980198019803,0.2,0.4739370284676181,0.7117561342361469,20,29,101,45
h10_d05,HarRvThreshold,21,4529,123,0.4966475095785441,0.331905382006667,0.2596430946668019,0.24123185757394053,0.08697676566734178,0.19801980198019803,0.2,0.4739370284676181,0.7117561342361469,20,29,101,46
h10_d05,LogisticRegressionL2,21,4529,123,0.5337490829053559,0.26690012701578214,0.3246015102122388,0.3457763941907367,0.7903083708212825,0.17886178861788618,0.13636363636363635,0.3427678670745797,0.6602204849107922,22,29,123,42
h10_d05,LogisticRegressionL2,21,4529,123,0.5337490829053559,0.26690012701578214,0.3246015102122388,0.3457763941907367,0.7903083708212825,0.17886178861788618,0.13636363636363635,0.3427678670745797,0.6602204849107922,22,29,123,43
h10_d05,LogisticRegressionL2,21,4529,123,0.5337490829053559,0.26690012701578214,0.3246015102122388,0.3457763941907367,0.7903083708212825,0.17886178861788618,0.13636363636363635,0.3427678670745797,0.6602204849107922,22,29,123,44
h10_d05,LogisticRegressionL2,21,4529,123,0.5337490829053559,0.26690012701578214,0.3246015102122388,0.3457763941907367,0.7903083708212825,0.17886178861788618,0.13636363636363635,0.3427678670745797,0.6602204849107922,22,29,123,45
h10_d05,LogisticRegressionL2,21,4529,123,0.5337490829053559,0.26690012701578214,0.3246015102122388,0.3457763941907367,0.7903083708212825,0.17886178861788618,0.13636363636363635,0.3427678670745797,0.6602204849107922,22,29,123,46
h10_d05,LightGbmTuned,21,4529,123,0.6113352898019075,0.3067520536152405,0.2727586878539414,0.3097232450023102,0.6996834095585547,0.08130081300813008,0.3,0.8411782290962767,0.6602204849107922,10,29,123,42
h10_d05,LightGbmTuned,21,4529,123,0.6113352898019075,0.3067520536152405,0.2727586878539414,0.3097232450023102,0.6996834095585547,0.08130081300813008,0.3,0.8411782290962767,0.6602204849107922,10,29,123,43
h10_d05,LightGbmTuned,21,4529,123,0.6113352898019075,0.3067520536152405,0.2727586878539414,0.3097232450023102,0.6996834095585547,0.08130081300813008,0.3,0.8411782290962767,0.6602204849107922,10,29,123,44
h10_d05,LightGbmTuned,21,4529,123,0.6113352898019075,0.3067520536152405,0.2727586878539414,0.3097232450023102,0.6996834095585547,0.08130081300813008,0.3,0.8411782290962767,0.6602204849107922,10,29,123,45
h10_d05,LightGbmTuned,21,4529,123,0.6113352898019075,0.3067520536152405,0.2727586878539414,0.3097232450023102,0.6996834095585547,0.08130081300813008,0.3,0.8411782290962767,0.6602204849107922,10,29,123,46
h10_d05,NaiveBaseRate,22,4652,127,0.5,0.023622047244094488,0.03585415058191129,0.11309334398548422,0.13671539122957868,0.0,,,,0,3,127,42
h10_d05,NaiveBaseRate,22,4652,127,0.5,0.023622047244094488,0.03585415058191129,0.11309334398548422,0.13671539122957868,0.0,,,,0,3,127,43
h10_d05,NaiveBaseRate,22,4652,127,0.5,0.023622047244094488,0.03585415058191129,0.11309334398548422,0.13671539122957868,0.0,,,,0,3,127,44
h10_d05,NaiveBaseRate,22,4652,127,0.5,0.023622047244094488,0.03585415058191129,0.11309334398548422,0.13671539122957868,0.0,,,,0,3,127,45
h10_d05,NaiveBaseRate,22,4652,127,0.5,0.023622047244094488,0.03585415058191129,0.11309334398548422,0.13671539122957868,0.0,,,,0,3,127,46
h10_d05,VIXPercentileRaw,22,4652,127,0.8467741935483871,0.09276815226471977,0.25342661030237923,0.46712107568669137,0.9500107480653482,0.0,,,,0,3,127,42
h10_d05,VIXPercentileRaw,22,4652,127,0.8467741935483871,0.09276815226471977,0.25342661030237923,0.46712107568669137,0.9500107480653482,0.0,,,,0,3,127,43
h10_d05,VIXPercentileRaw,22,4652,127,0.8467741935483871,0.09276815226471977,0.25342661030237923,0.46712107568669137,0.9500107480653482,0.0,,,,0,3,127,44
h10_d05,VIXPercentileRaw,22,4652,127,0.8467741935483871,0.09276815226471977,0.25342661030237923,0.46712107568669137,0.9500107480653482,0.0,,,,0,3,127,45
h10_d05,VIXPercentileRaw,22,4652,127,0.8467741935483871,0.09276815226471977,0.25342661030237923,0.46712107568669137,0.9500107480653482,0.0,,,,0,3,127,46
h10_d05,VIXPercentileCalibrated,22,4652,127,0.8185483870967742,0.08108108108108109,0.031888597474471744,0.09505047579385759,0.2531380753138075,0.0,,,,0,3,127,42
h10_d05,VIXPercentileCalibrated,22,4652,127,0.8185483870967742,0.08108108108108109,0.031888597474471744,0.09505047579385759,0.2531380753138075,0.0,,,,0,3,127,43
h10_d05,VIXPercentileCalibrated,22,4652,127,0.8185483870967742,0.08108108108108109,0.031888597474471744,0.09505047579385759,0.2531380753138075,0.0,,,,0,3,127,44
h10_d05,VIXPercentileCalibrated,22,4652,127,0.8185483870967742,0.08108108108108109,0.031888597474471744,0.09505047579385759,0.2531380753138075,0.0,,,,0,3,127,45
h10_d05,VIXPercentileCalibrated,22,4652,127,0.8185483870967742,0.08108108108108109,0.031888597474471744,0.09505047579385759,0.2531380753138075,0.0,,,,0,3,127,46
h10_d05,HarRvThreshold,22,4652,127,0.826797385620915,0.14336917562724014,0.02742951845170597,0.015048766152342843,0.08842024131470644,0.0,,,,0,3,105,42
h10_d05,HarRvThreshold,22,4652,127,0.826797385620915,0.14336917562724014,0.02742951845170597,0.015048766152342843,0.08842024131470644,0.0,,,,0,3,105,43
h10_d05,HarRvThreshold,22,4652,127,0.826797385620915,0.14336917562724014,0.02742951845170597,0.015048766152342843,0.08842024131470644,0.0,,,,0,3,105,44
h10_d05,HarRvThreshold,22,4652,127,0.826797385620915,0.14336917562724014,0.02742951845170597,0.015048766152342843,0.08842024131470644,0.0,,,,0,3,105,45
h10_d05,HarRvThreshold,22,4652,127,0.826797385620915,0.14336917562724014,0.02742951845170597,0.015048766152342843,0.08842024131470644,0.0,,,,0,3,105,46
h10_d05,LogisticRegressionL2,22,4652,127,0.8870967741935484,0.1227124183006536,0.15281827952846452,0.34548104965607696,0.7900612947554136,0.0,,,,0,3,127,42
h10_d05,LogisticRegressionL2,22,4652,127,0.8870967741935484,0.1227124183006536,0.15281827952846452,0.34548104965607696,0.7900612947554136,0.0,,,,0,3,127,43
h10_d05,LogisticRegressionL2,22,4652,127,0.8870967741935484,0.1227124183006536,0.15281827952846452,0.34548104965607696,0.7900612947554136,0.0,,,,0,3,127,44
h10_d05,LogisticRegressionL2,22,4652,127,0.8870967741935484,0.1227124183006536,0.15281827952846452,0.34548104965607696,0.7900612947554136,0.0,,,,0,3,127,45
h10_d05,LogisticRegressionL2,22,4652,127,0.8870967741935484,0.1227124183006536,0.15281827952846452,0.34548104965607696,0.7900612947554136,0.0,,,,0,3,127,46
h10_d05,LightGbmTuned,22,4652,127,0.8629032258064516,0.11017543859649123,0.1612148793608857,0.36346550787255066,0.7020911752037506,0.0,,,,0,3,127,42
h10_d05,LightGbmTuned,22,4652,127,0.8629032258064516,0.11017543859649123,0.1612148793608857,0.36346550787255066,0.7020911752037506,0.0,,,,0,3,127,43
h10_d05,LightGbmTuned,22,4652,127,0.8629032258064516,0.11017543859649123,0.1612148793608857,0.36346550787255066,0.7020911752037506,0.0,,,,0,3,127,44
h10_d05,LightGbmTuned,22,4652,127,0.8629032258064516,0.11017543859649123,0.1612148793608857,0.36346550787255066,0.7020911752037506,0.0,,,,0,3,127,45
h10_d05,LightGbmTuned,22,4652,127,0.8629032258064516,0.11017543859649123,0.1612148793608857,0.36346550787255066,0.7020911752037506,0.0,,,,0,3,127,46
h20_d07,NaiveBaseRate,1,2014,124,,,0.021454831078182614,0.14647467725918567,0.1464746772591857,0.0,,,,0,0,124,42
h20_d07,NaiveBaseRate,1,2014,124,,,0.021454831078182614,0.14647467725918567,0.1464746772591857,0.0,,,,0,0,124,43
h20_d07,NaiveBaseRate,1,2014,124,,,0.021454831078182614,0.14647467725918567,0.1464746772591857,0.0,,,,0,0,124,44
h20_d07,NaiveBaseRate,1,2014,124,,,0.021454831078182614,0.14647467725918567,0.1464746772591857,0.0,,,,0,0,124,45
h20_d07,NaiveBaseRate,1,2014,124,,,0.021454831078182614,0.14647467725918567,0.1464746772591857,0.0,,,,0,0,124,46
h20_d07,VIXPercentileRaw,1,2014,124,,,0.07020788331822993,0.2208412083159817,0.9500248262164845,0.0,,,,0,0,124,42
h20_d07,VIXPercentileRaw,1,2014,124,,,0.07020788331822993,0.2208412083159817,0.9500248262164845,0.0,,,,0,0,124,43
h20_d07,VIXPercentileRaw,1,2014,124,,,0.07020788331822993,0.2208412083159817,0.9500248262164845,0.0,,,,0,0,124,44
h20_d07,VIXPercentileRaw,1,2014,124,,,0.07020788331822993,0.2208412083159817,0.9500248262164845,0.0,,,,0,0,124,45
h20_d07,VIXPercentileRaw,1,2014,124,,,0.07020788331822993,0.2208412083159817,0.9500248262164845,0.0,,,,0,0,124,46
h20_d07,VIXPercentileCalibrated,1,2014,124,,,0.004661236580879718,0.05453430790858685,0.38596491228070173,0.0,,,,0,0,124,42
h20_d07,VIXPercentileCalibrated,1,2014,124,,,0.004661236580879718,0.05453430790858685,0.38596491228070173,0.0,,,,0,0,124,43
h20_d07,VIXPercentileCalibrated,1,2014,124,,,0.004661236580879718,0.05453430790858685,0.38596491228070173,0.0,,,,0,0,124,44
h20_d07,VIXPercentileCalibrated,1,2014,124,,,0.004661236580879718,0.05453430790858685,0.38596491228070173,0.0,,,,0,0,124,45
h20_d07,VIXPercentileCalibrated,1,2014,124,,,0.004661236580879718,0.05453430790858685,0.38596491228070173,0.0,,,,0,0,124,46
h20_d07,HarRvThreshold,1,2014,124,,,0.00031453238014445803,0.01675773353451721,0.21568948793860138,0.0,,,,0,0,102,42
h20_d07,HarRvThreshold,1,2014,124,,,0.00031453238014445803,0.01675773353451721,0.21568948793860138,0.0,,,,0,0,102,43
h20_d07,HarRvThreshold,1,2014,124,,,0.00031453238014445803,0.01675773353451721,0.21568948793860138,0.0,,,,0,0,102,44
h20_d07,HarRvThreshold,1,2014,124,,,0.00031453238014445803,0.01675773353451721,0.21568948793860138,0.0,,,,0,0,102,45
h20_d07,HarRvThreshold,1,2014,124,,,0.00031453238014445803,0.01675773353451721,0.21568948793860138,0.0,,,,0,0,102,46
h20_d07,LogisticRegressionL2,1,2014,124,,,0.12254375592676094,0.3440871421559828,0.8132777913039501,0.0,,,,0,0,124,42
h20_d07,LogisticRegressionL2,1,2014,124,,,0.12254375592676094,0.3440871421559828,0.8132777913039501,0.0,,,,0,0,124,43
h20_d07,LogisticRegressionL2,1,2014,124,,,0.12254375592676094,0.3440871421559828,0.8132777913039501,0.0,,,,0,0,124,44
h20_d07,LogisticRegressionL2,1,2014,124,,,0.12254375592676094,0.3440871421559828,0.8132777913039501,0.0,,,,0,0,124,45
h20_d07,LogisticRegressionL2,1,2014,124,,,0.12254375592676094,0.3440871421559828,0.8132777913039501,0.0,,,,0,0,124,46
h20_d07,LightGbmTuned,1,2014,124,,,0.12215073738972866,0.3386156944085896,0.7063646335641166,0.0,,,,0,0,124,42
h20_d07,LightGbmTuned,1,2014,124,,,0.12215073738972866,0.3386156944085896,0.7063646335641166,0.0,,,,0,0,124,43
h20_d07,LightGbmTuned,1,2014,124,,,0.12215073738972866,0.3386156944085896,0.7063646335641166,0.0,,,,0,0,124,44
h20_d07,LightGbmTuned,1,2014,124,,,0.12215073738972866,0.3386156944085896,0.7063646335641166,0.0,,,,0,0,124,45
h20_d07,LightGbmTuned,1,2014,124,,,0.12215073738972866,0.3386156944085896,0.7063646335641166,0.0,,,,0,0,124,46
h20_d07,NaiveBaseRate,2,2138,127,0.5,0.2755905511811024,0.21857722270059185,0.13761113116239332,0.13797942001870908,0.0,,,,0,35,127,42
h20_d07,NaiveBaseRate,2,2138,127,0.5,0.2755905511811024,0.21857722270059185,0.13761113116239332,0.13797942001870908,0.0,,,,0,35,127,43
h20_d07,NaiveBaseRate,2,2138,127,0.5,0.2755905511811024,0.21857722270059185,0.13761113116239332,0.13797942001870908,0.0,,,,0,35,127,44
h20_d07,NaiveBaseRate,2,2138,127,0.5,0.2755905511811024,0.21857722270059185,0.13761113116239332,0.13797942001870908,0.0,,,,0,35,127,45
h20_d07,NaiveBaseRate,2,2138,127,0.5,0.2755905511811024,0.21857722270059185,0.13761113116239332,0.13797942001870908,0.0,,,,0,35,127,46
h20_d07,VIXPercentileRaw,2,2138,127,0.3281055900621118,0.20433288985300396,0.3343274628962414,0.30226939593261787,0.950023386342376,0.0,,,,0,35,127,42
h20_d07,VIXPercentileRaw,2,2138,127,0.3281055900621118,0.20433288985300396,0.3343274628962414,0.30226939593261787,0.950023386342376,0.0,,,,0,35,127,43
h20_d07,VIXPercentileRaw,2,2138,127,0.3281055900621118,0.20433288985300396,0.3343274628962414,0.30226939593261787,0.950023386342376,0.0,,,,0,35,127,44
h20_d07,VIXPercentileRaw,2,2138,127,0.3281055900621118,0.20433288985300396,0.3343274628962414,0.30226939593261787,0.950023386342376,0.0,,,,0,35,127,45
h20_d07,VIXPercentileRaw,2,2138,127,0.3281055900621118,0.20433288985300396,0.3343274628962414,0.30226939593261787,0.950023386342376,0.0,,,,0,35,127,46
h20_d07,VIXPercentileCalibrated,2,2138,127,0.3296583850931677,0.21512386455720323,0.2499856265217024,0.2525949422536331,0.38596491228070173,0.0,,,,0,35,127,42
h20_d07,VIXPercentileCalibrated,2,2138,127,0.3296583850931677,0.21512386455720323,0.2499856265217024,0.2525949422536331,0.38596491228070173,0.0,,,,0,35,127,43
h20_d07,VIXPercentileCalibrated,2,2138,127,0.3296583850931677,0.21512386455720323,0.2499856265217024,0.2525949422536331,0.38596491228070173,0.0,,,,0,35,127,44
h20_d07,VIXPercentileCalibrated,2,2138,127,0.3296583850931677,0.21512386455720323,0.2499856265217024,0.2525949422536331,0.38596491228070173,0.0,,,,0,35,127,45
h20_d07,VIXPercentileCalibrated,2,2138,127,0.3296583850931677,0.21512386455720323,0.2499856265217024,0.2525949422536331,0.38596491228070173,0.0,,,,0,35,127,46
h20_d07,HarRvThreshold,2,2138,127,0.2921960072595281,0.1991008518688535,0.2657631125626414,0.2739188556217896,0.2048654961872698,0.0,,,,0,29,105,42
h20_d07,HarRvThreshold,2,2138,127,0.2921960072595281,0.1991008518688535,0.2657631125626414,0.2739188556217896,0.2048654961872698,0.0,,,,0,29,105,43
h20_d07,HarRvThreshold,2,2138,127,0.2921960072595281,0.1991008518688535,0.2657631125626414,0.2739188556217896,0.2048654961872698,0.0,,,,0,29,105,44
h20_d07,HarRvThreshold,2,2138,127,0.2921960072595281,0.1991008518688535,0.2657631125626414,0.2739188556217896,0.2048654961872698,0.0,,,,0,29,105,45
h20_d07,HarRvThreshold,2,2138,127,0.2921960072595281,0.1991008518688535,0.2657631125626414,0.2739188556217896,0.2048654961872698,0.0,,,,0,29,105,46
h20_d07,LogisticRegressionL2,2,2138,127,0.4375776397515528,0.23419817231745016,0.26201395714753767,0.1504048285368304,0.8202435363390962,0.03937007874015748,0.0,0.3193201247951724,,5,35,127,42
h20_d07,LogisticRegressionL2,2,2138,127,0.4375776397515528,0.23419817231745016,0.26201395714753767,0.1504048285368304,0.8202435363390962,0.03937007874015748,0.0,0.3193201247951724,,5,35,127,43
h20_d07,LogisticRegressionL2,2,2138,127,0.4375776397515528,0.23419817231745016,0.26201395714753767,0.1504048285368304,0.8202435363390962,0.03937007874015748,0.0,0.3193201247951724,,5,35,127,44
h20_d07,LogisticRegressionL2,2,2138,127,0.4375776397515528,0.23419817231745016,0.26201395714753767,0.1504048285368304,0.8202435363390962,0.03937007874015748,0.0,0.3193201247951724,,5,35,127,45
h20_d07,LogisticRegressionL2,2,2138,127,0.4375776397515528,0.23419817231745016,0.26201395714753767,0.1504048285368304,0.8202435363390962,0.03937007874015748,0.0,0.3193201247951724,,5,35,127,46
h20_d07,LightGbmTuned,2,2138,127,0.33618012422360244,0.23447360465300665,0.2734570730939312,0.2583826444030524,0.7100515909748614,0.007874015748031496,0.0,0.5152414153867242,,1,35,127,42
h20_d07,LightGbmTuned,2,2138,127,0.33618012422360244,0.23447360465300665,0.2734570730939312,0.2583826444030524,0.7100515909748614,0.007874015748031496,0.0,0.5152414153867242,,1,35,127,43
h20_d07,LightGbmTuned,2,2138,127,0.33618012422360244,0.23447360465300665,0.2734570730939312,0.2583826444030524,0.7100515909748614,0.007874015748031496,0.0,0.5152414153867242,,1,35,127,44
h20_d07,LightGbmTuned,2,2138,127,0.33618012422360244,0.23447360465300665,0.2734570730939312,0.2583826444030524,0.7100515909748614,0.007874015748031496,0.0,0.5152414153867242,,1,35,127,45
h20_d07,LightGbmTuned,2,2138,127,0.33618012422360244,0.23447360465300665,0.2734570730939312,0.2583826444030524,0.7100515909748614,0.007874015748031496,0.0,0.5152414153867242,,1,35,127,46
h20_d07,NaiveBaseRate,3,2265,126,0.5,0.12698412698412698,0.11120926887779226,0.018711237254283586,0.1456953642384106,0.0,,,,0,16,126,42
h20_d07,NaiveBaseRate,3,2265,126,0.5,0.12698412698412698,0.11120926887779226,0.018711237254283586,0.1456953642384106,0.0,,,,0,16,126,43
h20_d07,NaiveBaseRate,3,2265,126,0.5,0.12698412698412698,0.11120926887779226,0.018711237254283586,0.1456953642384106,0.0,,,,0,16,126,44
h20_d07,NaiveBaseRate,3,2265,126,0.5,0.12698412698412698,0.11120926887779226,0.018711237254283586,0.1456953642384106,0.0,,,,0,16,126,45
h20_d07,NaiveBaseRate,3,2265,126,0.5,0.12698412698412698,0.11120926887779226,0.018711237254283586,0.1456953642384106,0.0,,,,0,16,126,46
h20_d07,VIXPercentileRaw,3,2265,126,0.5326704545454546,0.15326404082391895,0.27694342283790113,0.3994708994708994,0.9501103752759382,0.0,,,,0,16,126,42
h20_d07,VIXPercentileRaw,3,2265,126,0.5326704545454546,0.15326404082391895,0.27694342283790113,0.3994708994708994,0.9501103752759382,0.0,,,,0,16,126,43
h20_d07,VIXPercentileRaw,3,2265,126,0.5326704545454546,0.15326404082391895,0.27694342283790113,0.3994708994708994,0.9501103752759382,0.0,,,,0,16,126,44
h20_d07,VIXPercentileRaw,3,2265,126,0.5326704545454546,0.15326404082391895,0.27694342283790113,0.3994708994708994,0.9501103752759382,0.0,,,,0,16,126,45
h20_d07,VIXPercentileRaw,3,2265,126,0.5326704545454546,0.15326404082391895,0.27694342283790113,0.3994708994708994,0.9501103752759382,0.0,,,,0,16,126,46
h20_d07,VIXPercentileCalibrated,3,2265,126,0.5411931818181819,0.1624057735807669,0.11117344098127438,0.031085237280006804,0.3793103448275862,0.0,,,,0,16,126,42
h20_d07,VIXPercentileCalibrated,3,2265,126,0.5411931818181819,0.1624057735807669,0.11117344098127438,0.031085237280006804,0.3793103448275862,0.0,,,,0,16,126,43
h20_d07,VIXPercentileCalibrated,3,2265,126,0.5411931818181819,0.1624057735807669,0.11117344098127438,0.031085237280006804,0.3793103448275862,0.0,,,,0,16,126,44
h20_d07,VIXPercentileCalibrated,3,2265,126,0.5411931818181819,0.1624057735807669,0.11117344098127438,0.031085237280006804,0.3793103448275862,0.0,,,,0,16,126,45
h20_d07,VIXPercentileCalibrated,3,2265,126,0.5411931818181819,0.1624057735807669,0.11117344098127438,0.031085237280006804,0.3793103448275862,0.0,,,,0,16,126,46
h20_d07,HarRvThreshold,3,2265,126,0.23232323232323232,0.03583258233957006,0.04856699665016184,0.017672387159211347,0.18655010793046287,0.0,,,,0,5,104,42
h20_d07,HarRvThreshold,3,2265,126,0.23232323232323232,0.03583258233957006,0.04856699665016184,0.017672387159211347,0.18655010793046287,0.0,,,,0,5,104,43
h20_d07,HarRvThreshold,3,2265,126,0.23232323232323232,0.03583258233957006,0.04856699665016184,0.017672387159211347,0.18655010793046287,0.0,,,,0,5,104,44
h20_d07,HarRvThreshold,3,2265,126,0.23232323232323232,0.03583258233957006,0.04856699665016184,0.017672387159211347,0.18655010793046287,0.0,,,,0,5,104,45
h20_d07,HarRvThreshold,3,2265,126,0.23232323232323232,0.03583258233957006,0.04856699665016184,0.017672387159211347,0.18655010793046287,0.0,,,,0,5,104,46
h20_d07,LogisticRegressionL2,3,2265,126,0.5034090909090909,0.14081389086877907,0.2079675246068681,0.2941788661865382,0.7952428448264761,0.0,,,,0,16,126,42
h20_d07,LogisticRegressionL2,3,2265,126,0.5034090909090909,0.14081389086877907,0.2079675246068681,0.2941788661865382,0.7952428448264761,0.0,,,,0,16,126,43
h20_d07,LogisticRegressionL2,3,2265,126,0.5034090909090909,0.14081389086877907,0.2079675246068681,0.2941788661865382,0.7952428448264761,0.0,,,,0,16,126,44
h20_d07,LogisticRegressionL2,3,2265,126,0.5034090909090909,0.14081389086877907,0.2079675246068681,0.2941788661865382,0.7952428448264761,0.0,,,,0,16,126,45
h20_d07,LogisticRegressionL2,3,2265,126,0.5034090909090909,0.14081389086877907,0.2079675246068681,0.2941788661865382,0.7952428448264761,0.0,,,,0,16,126,46
h20_d07,LightGbmTuned,3,2265,126,0.6230113636363636,0.18911067959880293,0.22835398054884556,0.33999010388166295,0.6731910841689185,0.0,,,,0,16,126,42
h20_d07,LightGbmTuned,3,2265,126,0.6230113636363636,0.18911067959880293,0.22835398054884556,0.33999010388166295,0.6731910841689185,0.0,,,,0,16,126,43
h20_d07,LightGbmTuned,3,2265,126,0.6230113636363636,0.18911067959880293,0.22835398054884556,0.33999010388166295,0.6731910841689185,0.0,,,,0,16,126,44
h20_d07,LightGbmTuned,3,2265,126,0.6230113636363636,0.18911067959880293,0.22835398054884556,0.33999010388166295,0.6731910841689185,0.0,,,,0,16,126,45
h20_d07,LightGbmTuned,3,2265,126,0.6230113636363636,0.18911067959880293,0.22835398054884556,0.33999010388166295,0.6731910841689185,0.0,,,,0,16,126,46
h20_d07,NaiveBaseRate,4,2391,127,,,0.020940789217057342,0.14470932664157252,0.14470932664157257,0.0,,,,0,0,127,42
h20_d07,NaiveBaseRate,4,2391,127,,,0.020940789217057342,0.14470932664157252,0.14470932664157257,0.0,,,,0,0,127,43
h20_d07,NaiveBaseRate,4,2391,127,,,0.020940789217057342,0.14470932664157252,0.14470932664157257,0.0,,,,0,0,127,44
h20_d07,NaiveBaseRate,4,2391,127,,,0.020940789217057342,0.14470932664157252,0.14470932664157257,0.0,,,,0,0,127,45
h20_d07,NaiveBaseRate,4,2391,127,,,0.020940789217057342,0.14470932664157252,0.14470932664157257,0.0,,,,0,0,127,46
h20_d07,VIXPercentileRaw,4,2391,127,,,0.053166744725997535,0.18605202580543181,0.9500209117524049,0.0,,,,0,0,127,42
h20_d07,VIXPercentileRaw,4,2391,127,,,0.053166744725997535,0.18605202580543181,0.9500209117524049,0.0,,,,0,0,127,43
h20_d07,VIXPercentileRaw,4,2391,127,,,0.053166744725997535,0.18605202580543181,0.9500209117524049,0.0,,,,0,0,127,44
h20_d07,VIXPercentileRaw,4,2391,127,,,0.053166744725997535,0.18605202580543181,0.9500209117524049,0.0,,,,0,0,127,45
h20_d07,VIXPercentileRaw,4,2391,127,,,0.053166744725997535,0.18605202580543181,0.9500209117524049,0.0,,,,0,0,127,46
h20_d07,VIXPercentileCalibrated,4,2391,127,,,0.0054906272246553495,0.06252156377192436,0.2222222222222222,0.0,,,,0,0,127,42
h20_d07,VIXPercentileCalibrated,4,2391,127,,,0.0054906272246553495,0.06252156377192436,0.2222222222222222,0.0,,,,0,0,127,43
h20_d07,VIXPercentileCalibrated,4,2391,127,,,0.0054906272246553495,0.06252156377192436,0.2222222222222222,0.0,,,,0,0,127,44
h20_d07,VIXPercentileCalibrated,4,2391,127,,,0.0054906272246553495,0.06252156377192436,0.2222222222222222,0.0,,,,0,0,127,45
h20_d07,VIXPercentileCalibrated,4,2391,127,,,0.0054906272246553495,0.06252156377192436,0.2222222222222222,0.0,,,,0,0,127,46
h20_d07,HarRvThreshold,4,2391,127,,,0.0001984605748107302,0.011742273192588045,0.17477417855802238,0.0,,,,0,0,105,42
h20_d07,HarRvThreshold,4,2391,127,,,0.0001984605748107302,0.011742273192588045,0.17477417855802238,0.0,,,,0,0,105,43
h20_d07,HarRvThreshold,4,2391,127,,,0.0001984605748107302,0.011742273192588045,0.17477417855802238,0.0,,,,0,0,105,44
h20_d07,HarRvThreshold,4,2391,127,,,0.0001984605748107302,0.011742273192588045,0.17477417855802238,0.0,,,,0,0,105,45
h20_d07,HarRvThreshold,4,2391,127,,,0.0001984605748107302,0.011742273192588045,0.17477417855802238,0.0,,,,0,0,105,46
h20_d07,LogisticRegressionL2,4,2391,127,,,0.12316798315091095,0.34461139214971775,0.7823433187855762,0.0,,,,0,0,127,42
h20_d07,LogisticRegressionL2,4,2391,127,,,0.12316798315091095,0.34461139214971775,0.7823433187855762,0.0,,,,0,0,127,43
h20_d07,LogisticRegressionL2,4,2391,127,,,0.12316798315091095,0.34461139214971775,0.7823433187855762,0.0,,,,0,0,127,44
h20_d07,LogisticRegressionL2,4,2391,127,,,0.12316798315091095,0.34461139214971775,0.7823433187855762,0.0,,,,0,0,127,45
h20_d07,LogisticRegressionL2,4,2391,127,,,0.12316798315091095,0.34461139214971775,0.7823433187855762,0.0,,,,0,0,127,46
h20_d07,LightGbmTuned,4,2391,127,,,0.13122204997237252,0.3562987930290322,0.6665594214695122,0.0,,,,0,0,127,42
h20_d07,LightGbmTuned,4,2391,127,,,0.13122204997237252,0.3562987930290322,0.6665594214695122,0.0,,,,0,0,127,43
h20_d07,LightGbmTuned,4,2391,127,,,0.13122204997237252,0.3562987930290322,0.6665594214695122,0.0,,,,0,0,127,44
h20_d07,LightGbmTuned,4,2391,127,,,0.13122204997237252,0.3562987930290322,0.6665594214695122,0.0,,,,0,0,127,45
h20_d07,LightGbmTuned,4,2391,127,,,0.13122204997237252,0.3562987930290322,0.6665594214695122,0.0,,,,0,0,127,46
h20_d07,NaiveBaseRate,5,2518,125,,,0.018881684910739584,0.13741064336775216,0.1374106433677522,0.0,,,,0,0,125,42
h20_d07,NaiveBaseRate,5,2518,125,,,0.018881684910739584,0.13741064336775216,0.1374106433677522,0.0,,,,0,0,125,43
h20_d07,NaiveBaseRate,5,2518,125,,,0.018881684910739584,0.13741064336775216,0.1374106433677522,0.0,,,,0,0,125,44
h20_d07,NaiveBaseRate,5,2518,125,,,0.018881684910739584,0.13741064336775216,0.1374106433677522,0.0,,,,0,0,125,45
h20_d07,NaiveBaseRate,5,2518,125,,,0.018881684910739584,0.13741064336775216,0.1374106433677522,0.0,,,,0,0,125,46
h20_d07,VIXPercentileRaw,5,2518,125,,,0.012395052366409037,0.06071803018268467,0.9500198570293884,0.0,,,,0,0,125,42
h20_d07,VIXPercentileRaw,5,2518,125,,,0.012395052366409037,0.06071803018268467,0.9500198570293884,0.0,,,,0,0,125,43
h20_d07,VIXPercentileRaw,5,2518,125,,,0.012395052366409037,0.06071803018268467,0.9500198570293884,0.0,,,,0,0,125,44
h20_d07,VIXPercentileRaw,5,2518,125,,,0.012395052366409037,0.06071803018268467,0.9500198570293884,0.0,,,,0,0,125,45
h20_d07,VIXPercentileRaw,5,2518,125,,,0.012395052366409037,0.06071803018268467,0.9500198570293884,0.0,,,,0,0,125,46
h20_d07,VIXPercentileCalibrated,5,2518,125,,,0.0012198679932402454,0.0177396357518713,0.19938650306748465,0.0,,,,0,0,125,42
h20_d07,VIXPercentileCalibrated,5,2518,125,,,0.0012198679932402454,0.0177396357518713,0.19938650306748465,0.0,,,,0,0,125,43
h20_d07,VIXPercentileCalibrated,5,2518,125,,,0.0012198679932402454,0.0177396357518713,0.19938650306748465,0.0,,,,0,0,125,44
h20_d07,VIXPercentileCalibrated,5,2518,125,,,0.0012198679932402454,0.0177396357518713,0.19938650306748465,0.0,,,,0,0,125,45
h20_d07,VIXPercentileCalibrated,5,2518,125,,,0.0012198679932402454,0.0177396357518713,0.19938650306748465,0.0,,,,0,0,125,46
h20_d07,HarRvThreshold,5,2518,125,,,0.00011133738130733844,0.007273199253885242,0.17109697431737642,0.0,,,,0,0,103,42
h20_d07,HarRvThreshold,5,2518,125,,,0.00011133738130733844,0.007273199253885242,0.17109697431737642,0.0,,,,0,0,103,43
h20_d07,HarRvThreshold,5,2518,125,,,0.00011133738130733844,0.007273199253885242,0.17109697431737642,0.0,,,,0,0,103,44
h20_d07,HarRvThreshold,5,2518,125,,,0.00011133738130733844,0.007273199253885242,0.17109697431737642,0.0,,,,0,0,103,45
h20_d07,HarRvThreshold,5,2518,125,,,0.00011133738130733844,0.007273199253885242,0.17109697431737642,0.0,,,,0,0,103,46
h20_d07,LogisticRegressionL2,5,2518,125,,,0.09932608760064696,0.30607336708860344,0.7819026966363921,0.0,,,,0,0,125,42
h20_d07,LogisticRegressionL2,5,2518,125,,,0.09932608760064696,0.30607336708860344,0.7819026966363921,0.0,,,,0,0,125,43
h20_d07,LogisticRegressionL2,5,2518,125,,,0.09932608760064696,0.30607336708860344,0.7819026966363921,0.0,,,,0,0,125,44
h20_d07,LogisticRegressionL2,5,2518,125,,,0.09932608760064696,0.30607336708860344,0.7819026966363921,0.0,,,,0,0,125,45
h20_d07,LogisticRegressionL2,5,2518,125,,,0.09932608760064696,0.30607336708860344,0.7819026966363921,0.0,,,,0,0,125,46
h20_d07,LightGbmTuned,5,2518,125,,,0.10891270387552308,0.3257807394505167,0.6800524136824322,0.0,,,,0,0,125,42
h20_d07,LightGbmTuned,5,2518,125,,,0.10891270387552308,0.3257807394505167,0.6800524136824322,0.0,,,,0,0,125,43
h20_d07,LightGbmTuned,5,2518,125,,,0.10891270387552308,0.3257807394505167,0.6800524136824322,0.0,,,,0,0,125,44
h20_d07,LightGbmTuned,5,2518,125,,,0.10891270387552308,0.3257807394505167,0.6800524136824322,0.0,,,,0,0,125,45
h20_d07,LightGbmTuned,5,2518,125,,,0.10891270387552308,0.3257807394505167,0.6800524136824322,0.0,,,,0,0,125,46
h20_d07,NaiveBaseRate,6,2643,126,,,0.017137910533739482,0.13091184260310257,0.13091184260310254,0.0,,,,0,0,126,42
h20_d07,NaiveBaseRate,6,2643,126,,,0.017137910533739482,0.13091184260310257,0.13091184260310254,0.0,,,,0,0,126,43
h20_d07,NaiveBaseRate,6,2643,126,,,0.017137910533739482,0.13091184260310257,0.13091184260310254,0.0,,,,0,0,126,44
h20_d07,NaiveBaseRate,6,2643,126,,,0.017137910533739482,0.13091184260310257,0.13091184260310254,0.0,,,,0,0,126,45
h20_d07,NaiveBaseRate,6,2643,126,,,0.017137910533739482,0.13091184260310257,0.13091184260310254,0.0,,,,0,0,126,46
h20_d07,VIXPercentileRaw,6,2643,126,,,0.03788240997209239,0.15974211604177554,0.95001891789633,0.0,,,,0,0,126,42
h20_d07,VIXPercentileRaw,6,2643,126,,,0.03788240997209239,0.15974211604177554,0.95001891789633,0.0,,,,0,0,126,43
h20_d07,VIXPercentileRaw,6,2643,126,,,0.03788240997209239,0.15974211604177554,0.95001891789633,0.0,,,,0,0,126,44
h20_d07,VIXPercentileRaw,6,2643,126,,,0.03788240997209239,0.15974211604177554,0.95001891789633,0.0,,,,0,0,126,45
h20_d07,VIXPercentileRaw,6,2643,126,,,0.03788240997209239,0.15974211604177554,0.95001891789633,0.0,,,,0,0,126,46
h20_d07,VIXPercentileCalibrated,6,2643,126,,,0.0023544502159363874,0.03561609176500587,0.19938650306748465,0.0,,,,0,0,126,42
h20_d07,VIXPercentileCalibrated,6,2643,126,,,0.0023544502159363874,0.03561609176500587,0.19938650306748465,0.0,,,,0,0,126,43
h20_d07,VIXPercentileCalibrated,6,2643,126,,,0.0023544502159363874,0.03561609176500587,0.19938650306748465,0.0,,,,0,0,126,44
h20_d07,VIXPercentileCalibrated,6,2643,126,,,0.0023544502159363874,0.03561609176500587,0.19938650306748465,0.0,,,,0,0,126,45
h20_d07,VIXPercentileCalibrated,6,2643,126,,,0.0023544502159363874,0.03561609176500587,0.19938650306748465,0.0,,,,0,0,126,46
h20_d07,HarRvThreshold,6,2643,126,,,0.0001480464282525636,0.010906555118825413,0.16802425312142988,0.0,,,,0,0,104,42
h20_d07,HarRvThreshold,6,2643,126,,,0.0001480464282525636,0.010906555118825413,0.16802425312142988,0.0,,,,0,0,104,43
h20_d07,HarRvThreshold,6,2643,126,,,0.0001480464282525636,0.010906555118825413,0.16802425312142988,0.0,,,,0,0,104,44
h20_d07,HarRvThreshold,6,2643,126,,,0.0001480464282525636,0.010906555118825413,0.16802425312142988,0.0,,,,0,0,104,45
h20_d07,HarRvThreshold,6,2643,126,,,0.0001480464282525636,0.010906555118825413,0.16802425312142988,0.0,,,,0,0,104,46
h20_d07,LogisticRegressionL2,6,2643,126,,,0.11574490032857573,0.33434890275073353,0.7905638539241762,0.0,,,,0,0,126,42
h20_d07,LogisticRegressionL2,6,2643,126,,,0.11574490032857573,0.33434890275073353,0.7905638539241762,0.0,,,,0,0,126,43
h20_d07,LogisticRegressionL2,6,2643,126,,,0.11574490032857573,0.33434890275073353,0.7905638539241762,0.0,,,,0,0,126,44
h20_d07,LogisticRegressionL2,6,2643,126,,,0.11574490032857573,0.33434890275073353,0.7905638539241762,0.0,,,,0,0,126,45
h20_d07,LogisticRegressionL2,6,2643,126,,,0.11574490032857573,0.33434890275073353,0.7905638539241762,0.0,,,,0,0,126,46
h20_d07,LightGbmTuned,6,2643,126,,,0.10576333933866754,0.3148642395879076,0.6889986171897571,0.0,,,,0,0,126,42
h20_d07,LightGbmTuned,6,2643,126,,,0.10576333933866754,0.3148642395879076,0.6889986171897571,0.0,,,,0,0,126,43
h20_d07,LightGbmTuned,6,2643,126,,,0.10576333933866754,0.3148642395879076,0.6889986171897571,0.0,,,,0,0,126,44
h20_d07,LightGbmTuned,6,2643,126,,,0.10576333933866754,0.3148642395879076,0.6889986171897571,0.0,,,,0,0,126,45
h20_d07,LightGbmTuned,6,2643,126,,,0.10576333933866754,0.3148642395879076,0.6889986171897571,0.0,,,,0,0,126,46
h20_d07,NaiveBaseRate,7,2769,125,0.5,0.184,0.15363032887065048,0.05904514265077644,0.12495485734922354,0.0,,,,0,23,125,42
h20_d07,NaiveBaseRate,7,2769,125,0.5,0.184,0.15363032887065048,0.05904514265077644,0.12495485734922354,0.0,,,,0,23,125,43
h20_d07,NaiveBaseRate,7,2769,125,0.5,0.184,0.15363032887065048,0.05904514265077644,0.12495485734922354,0.0,,,,0,23,125,44
h20_d07,NaiveBaseRate,7,2769,125,0.5,0.184,0.15363032887065048,0.05904514265077644,0.12495485734922354,0.0,,,,0,23,125,45
h20_d07,NaiveBaseRate,7,2769,125,0.5,0.184,0.15363032887065048,0.05904514265077644,0.12495485734922354,0.0,,,,0,23,125,46
h20_d07,VIXPercentileRaw,7,2769,125,0.4194373401534527,0.15454128622095833,0.31336296491061266,0.3312964969302998,0.9500180570603105,0.0,,,,0,23,125,42
h20_d07,VIXPercentileRaw,7,2769,125,0.4194373401534527,0.15454128622095833,0.31336296491061266,0.3312964969302998,0.9500180570603105,0.0,,,,0,23,125,43
h20_d07,VIXPercentileRaw,7,2769,125,0.4194373401534527,0.15454128622095833,0.31336296491061266,0.3312964969302998,0.9500180570603105,0.0,,,,0,23,125,44
h20_d07,VIXPercentileRaw,7,2769,125,0.4194373401534527,0.15454128622095833,0.31336296491061266,0.3312964969302998,0.9500180570603105,0.0,,,,0,23,125,45
h20_d07,VIXPercentileRaw,7,2769,125,0.4194373401534527,0.15454128622095833,0.31336296491061266,0.3312964969302998,0.9500180570603105,0.0,,,,0,23,125,46
h20_d07,VIXPercentileCalibrated,7,2769,125,0.4106990622335891,0.176710966437062,0.16373538515093766,0.0679626789536163,0.19938650306748465,0.0,,,,0,23,125,42
h20_d07,VIXPercentileCalibrated,7,2769,125,0.4106990622335891,0.176710966437062,0.16373538515093766,0.0679626789536163,0.19938650306748465,0.0,,,,0,23,125,43
h20_d07,VIXPercentileCalibrated,7,2769,125,0.4106990622335891,0.176710966437062,0.16373538515093766,0.0679626789536163,0.19938650306748465,0.0,,,,0,23,125,44
h20_d07,VIXPercentileCalibrated,7,2769,125,0.4106990622335891,0.176710966437062,0.16373538515093766,0.0679626789536163,0.19938650306748465,0.0,,,,0,23,125,45
h20_d07,VIXPercentileCalibrated,7,2769,125,0.4106990622335891,0.176710966437062,0.16373538515093766,0.0679626789536163,0.19938650306748465,0.0,,,,0,23,125,46
h20_d07,HarRvThreshold,7,2769,125,0.5019762845849802,0.10640390922731052,0.09979190459873764,0.06836775734781876,0.16403050832676086,0.0,,,,0,11,103,42
h20_d07,HarRvThreshold,7,2769,125,0.5019762845849802,0.10640390922731052,0.09979190459873764,0.06836775734781876,0.16403050832676086,0.0,,,,0,11,103,43
h20_d07,HarRvThreshold,7,2769,125,0.5019762845849802,0.10640390922731052,0.09979190459873764,0.06836775734781876,0.16403050832676086,0.0,,,,0,11,103,44
h20_d07,HarRvThreshold,7,2769,125,0.5019762845849802,0.10640390922731052,0.09979190459873764,0.06836775734781876,0.16403050832676086,0.0,,,,0,11,103,45
h20_d07,HarRvThreshold,7,2769,125,0.5019762845849802,0.10640390922731052,0.09979190459873764,0.06836775734781876,0.16403050832676086,0.0,,,,0,11,103,46
h20_d07,LogisticRegressionL2,7,2769,125,0.4599317988064791,0.16367532706595428,0.26797007843422466,0.2814312636982739,0.8021564769348065,0.016,0.0,0.5386787970578101,,2,23,125,42
h20_d07,LogisticRegressionL2,7,2769,125,0.4599317988064791,0.16367532706595428,0.26797007843422466,0.2814312636982739,0.8021564769348065,0.016,0.0,0.5386787970578101,,2,23,125,43
h20_d07,LogisticRegressionL2,7,2769,125,0.4599317988064791,0.16367532706595428,0.26797007843422466,0.2814312636982739,0.8021564769348065,0.016,0.0,0.5386787970578101,,2,23,125,44
h20_d07,LogisticRegressionL2,7,2769,125,0.4599317988064791,0.16367532706595428,0.26797007843422466,0.2814312636982739,0.8021564769348065,0.016,0.0,0.5386787970578101,,2,23,125,45
h20_d07,LogisticRegressionL2,7,2769,125,0.4599317988064791,0.16367532706595428,0.26797007843422466,0.2814312636982739,0.8021564769348065,0.016,0.0,0.5386787970578101,,2,23,125,46
h20_d07,LightGbmTuned,7,2769,125,0.29582267689684566,0.1416269326455846,0.2985593151981561,0.34439322734448274,0.6974902420604591,0.0,,,,0,23,125,42
h20_d07,LightGbmTuned,7,2769,125,0.29582267689684566,0.1416269326455846,0.2985593151981561,0.34439322734448274,0.6974902420604591,0.0,,,,0,23,125,43
h20_d07,LightGbmTuned,7,2769,125,0.29582267689684566,0.1416269326455846,0.2985593151981561,0.34439322734448274,0.6974902420604591,0.0,,,,0,23,125,44
h20_d07,LightGbmTuned,7,2769,125,0.29582267689684566,0.1416269326455846,0.2985593151981561,0.34439322734448274,0.6974902420604591,0.0,,,,0,23,125,45
h20_d07,LightGbmTuned,7,2769,125,0.29582267689684566,0.1416269326455846,0.2985593151981561,0.34439322734448274,0.6974902420604591,0.0,,,,0,23,125,46
h20_d07,NaiveBaseRate,8,2894,125,0.5,0.344,0.2725340057283161,0.21649481686247402,0.12750518313752593,0.0,,,,0,43,125,42
h20_d07,NaiveBaseRate,8,2894,125,0.5,0.344,0.2725340057283161,0.21649481686247402,0.12750518313752593,0.0,,,,0,43,125,43
h20_d07,NaiveBaseRate,8,2894,125,0.5,0.344,0.2725340057283161,0.21649481686247402,0.12750518313752593,0.0,,,,0,43,125,44
h20_d07,NaiveBaseRate,8,2894,125,0.5,0.344,0.2725340057283161,0.21649481686247402,0.12750518313752593,0.0,,,,0,43,125,45
h20_d07,NaiveBaseRate,8,2894,125,0.5,0.344,0.2725340057283161,0.21649481686247402,0.12750518313752593,0.0,,,,0,43,125,46
h20_d07,VIXPercentileRaw,8,2894,125,0.5696256381168463,0.3543150068284664,0.2993342324920755,0.26214512785072563,0.9500172771250863,0.0,,,,0,43,125,42
h20_d07,VIXPercentileRaw,8,2894,125,0.5696256381168463,0.3543150068284664,0.2993342324920755,0.26214512785072563,0.9500172771250863,0.0,,,,0,43,125,43
h20_d07,VIXPercentileRaw,8,2894,125,0.5696256381168463,0.3543150068284664,0.2993342324920755,0.26214512785072563,0.9500172771250863,0.0,,,,0,43,125,44
h20_d07,VIXPercentileRaw,8,2894,125,0.5696256381168463,0.3543150068284664,0.2993342324920755,0.26214512785072563,0.9500172771250863,0.0,,,,0,43,125,45
h20_d07,VIXPercentileRaw,8,2894,125,0.5696256381168463,0.3543150068284664,0.2993342324920755,0.26214512785072563,0.9500172771250863,0.0,,,,0,43,125,46
h20_d07,VIXPercentileCalibrated,8,2894,125,0.6133011911514464,0.406770371200611,0.2623869952353074,0.20817218244183877,0.19316493313521546,0.0,,,,0,43,125,42
h20_d07,VIXPercentileCalibrated,8,2894,125,0.6133011911514464,0.406770371200611,0.2623869952353074,0.20817218244183877,0.19316493313521546,0.0,,,,0,43,125,43
h20_d07,VIXPercentileCalibrated,8,2894,125,0.6133011911514464,0.406770371200611,0.2623869952353074,0.20817218244183877,0.19316493313521546,0.0,,,,0,43,125,44
h20_d07,VIXPercentileCalibrated,8,2894,125,0.6133011911514464,0.406770371200611,0.2623869952353074,0.20817218244183877,0.19316493313521546,0.0,,,,0,43,125,45
h20_d07,VIXPercentileCalibrated,8,2894,125,0.6133011911514464,0.406770371200611,0.2623869952353074,0.20817218244183877,0.19316493313521546,0.0,,,,0,43,125,46
h20_d07,HarRvThreshold,8,2894,125,0.4941860465116279,0.39887646430554236,0.3707351869538112,0.35291097087245005,0.15871153875316327,0.02912621359223301,0.0,0.349235091365027,,3,43,103,42
h20_d07,HarRvThreshold,8,2894,125,0.4941860465116279,0.39887646430554236,0.3707351869538112,0.35291097087245005,0.15871153875316327,0.02912621359223301,0.0,0.349235091365027,,3,43,103,43
h20_d07,HarRvThreshold,8,2894,125,0.4941860465116279,0.39887646430554236,0.3707351869538112,0.35291097087245005,0.15871153875316327,0.02912621359223301,0.0,0.349235091365027,,3,43,103,44
h20_d07,HarRvThreshold,8,2894,125,0.4941860465116279,0.39887646430554236,0.3707351869538112,0.35291097087245005,0.15871153875316327,0.02912621359223301,0.0,0.349235091365027,,3,43,103,45
h20_d07,HarRvThreshold,8,2894,125,0.4941860465116279,0.39887646430554236,0.3707351869538112,0.35291097087245005,0.15871153875316327,0.02912621359223301,0.0,0.349235091365027,,3,43,103,46
h20_d07,LogisticRegressionL2,8,2894,125,0.5714690867838912,0.3864975840592564,0.2612283659753161,0.19749951481092887,0.7898003271580424,0.024,0.0,0.4040317285976142,,3,43,125,42
h20_d07,LogisticRegressionL2,8,2894,125,0.5714690867838912,0.3864975840592564,0.2612283659753161,0.19749951481092887,0.7898003271580424,0.024,0.0,0.4040317285976142,,3,43,125,43
h20_d07,LogisticRegressionL2,8,2894,125,0.5714690867838912,0.3864975840592564,0.2612283659753161,0.19749951481092887,0.7898003271580424,0.024,0.0,0.4040317285976142,,3,43,125,44
h20_d07,LogisticRegressionL2,8,2894,125,0.5714690867838912,0.3864975840592564,0.2612283659753161,0.19749951481092887,0.7898003271580424,0.024,0.0,0.4040317285976142,,3,43,125,45
h20_d07,LogisticRegressionL2,8,2894,125,0.5714690867838912,0.3864975840592564,0.2612283659753161,0.19749951481092887,0.7898003271580424,0.024,0.0,0.4040317285976142,,3,43,125,46
h20_d07,LightGbmTuned,8,2894,125,0.5517583664208735,0.4016651071072134,0.24315971304845638,0.13502980771845252,0.6708149811813052,0.04,0.0,0.5702658623716196,,5,43,125,42
h20_d07,LightGbmTuned,8,2894,125,0.5517583664208735,0.4016651071072134,0.24315971304845638,0.13502980771845252,0.6708149811813052,0.04,0.0,0.5702658623716196,,5,43,125,43
h20_d07,LightGbmTuned,8,2894,125,0.5517583664208735,0.4016651071072134,0.24315971304845638,0.13502980771845252,0.6708149811813052,0.04,0.0,0.5702658623716196,,5,43,125,44
h20_d07,LightGbmTuned,8,2894,125,0.5517583664208735,0.4016651071072134,0.24315971304845638,0.13502980771845252,0.6708149811813052,0.04,0.0,0.5702658623716196,,5,43,125,45
h20_d07,LightGbmTuned,8,2894,125,0.5517583664208735,0.4016651071072134,0.24315971304845638,0.13502980771845252,0.6708149811813052,0.04,0.0,0.5702658623716196,,5,43,125,46
h20_d07,NaiveBaseRate,9,3019,125,0.5,0.096,0.08842174234704991,0.04046902947996028,0.13646902947996026,0.0,,,,0,12,125,42
h20_d07,NaiveBaseRate,9,3019,125,0.5,0.096,0.08842174234704991,0.04046902947996028,0.13646902947996026,0.0,,,,0,12,125,43
h20_d07,NaiveBaseRate,9,3019,125,0.5,0.096,0.08842174234704991,0.04046902947996028,0.13646902947996026,0.0,,,,0,12,125,44
h20_d07,NaiveBaseRate,9,3019,125,0.5,0.096,0.08842174234704991,0.04046902947996028,0.13646902947996026,0.0,,,,0,12,125,45
h20_d07,NaiveBaseRate,9,3019,125,0.5,0.096,0.08842174234704991,0.04046902947996028,0.13646902947996026,0.0,,,,0,12,125,46
h20_d07,VIXPercentileRaw,9,3019,125,0.4553834808259587,0.09152274778105289,0.2974420925394551,0.4199854256376284,0.9500165617754223,0.0,,,,0,12,125,42
h20_d07,VIXPercentileRaw,9,3019,125,0.4553834808259587,0.09152274778105289,0.2974420925394551,0.4199854256376284,0.9500165617754223,0.0,,,,0,12,125,43
h20_d07,VIXPercentileRaw,9,3019,125,0.4553834808259587,0.09152274778105289,0.2974420925394551,0.4199854256376284,0.9500165617754223,0.0,,,,0,12,125,44
h20_d07,VIXPercentileRaw,9,3019,125,0.4553834808259587,0.09152274778105289,0.2974420925394551,0.4199854256376284,0.9500165617754223,0.0,,,,0,12,125,45
h20_d07,VIXPercentileRaw,9,3019,125,0.4553834808259587,0.09152274778105289,0.2974420925394551,0.4199854256376284,0.9500165617754223,0.0,,,,0,12,125,46
h20_d07,VIXPercentileCalibrated,9,3019,125,0.46017699115044247,0.09365875145961264,0.09095128627355464,0.045821648530007926,0.2074688796680498,0.0,,,,0,12,125,42
h20_d07,VIXPercentileCalibrated,9,3019,125,0.46017699115044247,0.09365875145961264,0.09095128627355464,0.045821648530007926,0.2074688796680498,0.0,,,,0,12,125,43
h20_d07,VIXPercentileCalibrated,9,3019,125,0.46017699115044247,0.09365875145961264,0.09095128627355464,0.045821648530007926,0.2074688796680498,0.0,,,,0,12,125,44
h20_d07,VIXPercentileCalibrated,9,3019,125,0.46017699115044247,0.09365875145961264,0.09095128627355464,0.045821648530007926,0.2074688796680498,0.0,,,,0,12,125,45
h20_d07,VIXPercentileCalibrated,9,3019,125,0.46017699115044247,0.09365875145961264,0.09095128627355464,0.045821648530007926,0.2074688796680498,0.0,,,,0,12,125,46
h20_d07,HarRvThreshold,9,3019,125,0.3360805860805861,0.10699971191375235,0.11298819683581471,0.08985354576213557,0.15716187769255976,0.0,,,,0,12,103,42
h20_d07,HarRvThreshold,9,3019,125,0.3360805860805861,0.10699971191375235,0.11298819683581471,0.08985354576213557,0.15716187769255976,0.0,,,,0,12,103,43
h20_d07,HarRvThreshold,9,3019,125,0.3360805860805861,0.10699971191375235,0.11298819683581471,0.08985354576213557,0.15716187769255976,0.0,,,,0,12,103,44
h20_d07,HarRvThreshold,9,3019,125,0.3360805860805861,0.10699971191375235,0.11298819683581471,0.08985354576213557,0.15716187769255976,0.0,,,,0,12,103,45
h20_d07,HarRvThreshold,9,3019,125,0.3360805860805861,0.10699971191375235,0.11298819683581471,0.08985354576213557,0.15716187769255976,0.0,,,,0,12,103,46
h20_d07,LogisticRegressionL2,9,3019,125,0.49852507374631266,0.09991557610319818,0.22346019030516281,0.3452171217860376,0.7756263634338121,0.008,0.0,1.5692977339883523,,1,12,125,42
h20_d07,LogisticRegressionL2,9,3019,125,0.49852507374631266,0.09991557610319818,0.22346019030516281,0.3452171217860376,0.7756263634338121,0.008,0.0,1.5692977339883523,,1,12,125,43
h20_d07,LogisticRegressionL2,9,3019,125,0.49852507374631266,0.09991557610319818,0.22346019030516281,0.3452171217860376,0.7756263634338121,0.008,0.0,1.5692977339883523,,1,12,125,44
h20_d07,LogisticRegressionL2,9,3019,125,0.49852507374631266,0.09991557610319818,0.22346019030516281,0.3452171217860376,0.7756263634338121,0.008,0.0,1.5692977339883523,,1,12,125,45
h20_d07,LogisticRegressionL2,9,3019,125,0.49852507374631266,0.09991557610319818,0.22346019030516281,0.3452171217860376,0.7756263634338121,0.008,0.0,1.5692977339883523,,1,12,125,46
h20_d07,LightGbmTuned,9,3019,125,0.4155604719764012,0.08486664985406661,0.23619390591443154,0.3586017483978352,0.6541998329424994,0.0,,,,0,12,125,42
h20_d07,LightGbmTuned,9,3019,125,0.4155604719764012,0.08486664985406661,0.23619390591443154,0.3586017483978352,0.6541998329424994,0.0,,,,0,12,125,43
h20_d07,LightGbmTuned,9,3019,125,0.4155604719764012,0.08486664985406661,0.23619390591443154,0.3586017483978352,0.6541998329424994,0.0,,,,0,12,125,44
h20_d07,LightGbmTuned,9,3019,125,0.4155604719764012,0.08486664985406661,0.23619390591443154,0.3586017483978352,0.6541998329424994,0.0,,,,0,12,125,45
h20_d07,LightGbmTuned,9,3019,125,0.4155604719764012,0.08486664985406661,0.23619390591443154,0.3586017483978352,0.6541998329424994,0.0,,,,0,12,125,46
h20_d07,NaiveBaseRate,10,3144,127,0.5,0.023622047244094488,0.035437939583348926,0.11123800364649068,0.13486005089058525,0.0,,,,0,3,127,42
h20_d07,NaiveBaseRate,10,3144,127,0.5,0.023622047244094488,0.035437939583348926,0.11123800364649068,0.13486005089058525,0.0,,,,0,3,127,43
h20_d07,NaiveBaseRate,10,3144,127,0.5,0.023622047244094488,0.035437939583348926,0.11123800364649068,0.13486005089058525,0.0,,,,0,3,127,44
h20_d07,NaiveBaseRate,10,3144,127,0.5,0.023622047244094488,0.035437939583348926,0.11123800364649068,0.13486005089058525,0.0,,,,0,3,127,45
h20_d07,NaiveBaseRate,10,3144,127,0.5,0.023622047244094488,0.035437939583348926,0.11123800364649068,0.13486005089058525,0.0,,,,0,3,127,46
h20_d07,VIXPercentileRaw,10,3144,127,0.16666666666666666,0.01851880682525844,0.23346920750488037,0.4104756466510388,0.950015903307888,0.0,,,,0,3,127,42
h20_d07,VIXPercentileRaw,10,3144,127,0.16666666666666666,0.01851880682525844,0.23346920750488037,0.4104756466510388,0.950015903307888,0.0,,,,0,3,127,43
h20_d07,VIXPercentileRaw,10,3144,127,0.16666666666666666,0.01851880682525844,0.23346920750488037,0.4104756466510388,0.950015903307888,0.0,,,,0,3,127,44
h20_d07,VIXPercentileRaw,10,3144,127,0.16666666666666666,0.01851880682525844,0.23346920750488037,0.4104756466510388,0.950015903307888,0.0,,,,0,3,127,45
h20_d07,VIXPercentileRaw,10,3144,127,0.16666666666666666,0.01851880682525844,0.23346920750488037,0.4104756466510388,0.950015903307888,0.0,,,,0,3,127,46
h20_d07,VIXPercentileCalibrated,10,3144,127,0.157258064516129,0.02056590752242926,0.035363167723556174,0.10365117432432742,0.20325203252032528,0.0,,,,0,3,127,42
h20_d07,VIXPercentileCalibrated,10,3144,127,0.157258064516129,0.02056590752242926,0.035363167723556174,0.10365117432432742,0.20325203252032528,0.0,,,,0,3,127,43
h20_d07,VIXPercentileCalibrated,10,3144,127,0.157258064516129,0.02056590752242926,0.035363167723556174,0.10365117432432742,0.20325203252032528,0.0,,,,0,3,127,44
h20_d07,VIXPercentileCalibrated,10,3144,127,0.157258064516129,0.02056590752242926,0.035363167723556174,0.10365117432432742,0.20325203252032528,0.0,,,,0,3,127,45
h20_d07,VIXPercentileCalibrated,10,3144,127,0.157258064516129,0.02056590752242926,0.035363167723556174,0.10365117432432742,0.20325203252032528,0.0,,,,0,3,127,46
h20_d07,HarRvThreshold,10,3144,127,,,0.0013267464863088638,0.02830785627784048,0.1572020595799785,0.0,,,,0,0,105,42
h20_d07,HarRvThreshold,10,3144,127,,,0.0013267464863088638,0.02830785627784048,0.1572020595799785,0.0,,,,0,0,105,43
h20_d07,HarRvThreshold,10,3144,127,,,0.0013267464863088638,0.02830785627784048,0.1572020595799785,0.0,,,,0,0,105,44
h20_d07,HarRvThreshold,10,3144,127,,,0.0013267464863088638,0.02830785627784048,0.1572020595799785,0.0,,,,0,0,105,45
h20_d07,HarRvThreshold,10,3144,127,,,0.0013267464863088638,0.02830785627784048,0.1572020595799785,0.0,,,,0,0,105,46
h20_d07,LogisticRegressionL2,10,3144,127,0.3844086021505376,0.02447960178223336,0.16420523716085422,0.3553150899920966,0.7724896917431539,0.0,,,,0,3,127,42
h20_d07,LogisticRegressionL2,10,3144,127,0.3844086021505376,0.02447960178223336,0.16420523716085422,0.3553150899920966,0.7724896917431539,0.0,,,,0,3,127,43
h20_d07,LogisticRegressionL2,10,3144,127,0.3844086021505376,0.02447960178223336,0.16420523716085422,0.3553150899920966,0.7724896917431539,0.0,,,,0,3,127,44
h20_d07,LogisticRegressionL2,10,3144,127,0.3844086021505376,0.02447960178223336,0.16420523716085422,0.3553150899920966,0.7724896917431539,0.0,,,,0,3,127,45
h20_d07,LogisticRegressionL2,10,3144,127,0.3844086021505376,0.02447960178223336,0.16420523716085422,0.3553150899920966,0.7724896917431539,0.0,,,,0,3,127,46
h20_d07,LightGbmTuned,10,3144,127,0.4005376344086022,0.029908737688623836,0.181709297527039,0.380929565691515,0.6580843646561781,0.0,,,,0,3,127,42
h20_d07,LightGbmTuned,10,3144,127,0.4005376344086022,0.029908737688623836,0.181709297527039,0.380929565691515,0.6580843646561781,0.0,,,,0,3,127,43
h20_d07,LightGbmTuned,10,3144,127,0.4005376344086022,0.029908737688623836,0.181709297527039,0.380929565691515,0.6580843646561781,0.0,,,,0,3,127,44
h20_d07,LightGbmTuned,10,3144,127,0.4005376344086022,0.029908737688623836,0.181709297527039,0.380929565691515,0.6580843646561781,0.0,,,,0,3,127,45
h20_d07,LightGbmTuned,10,3144,127,0.4005376344086022,0.029908737688623836,0.181709297527039,0.380929565691515,0.6580843646561781,0.0,,,,0,3,127,46
h20_d07,NaiveBaseRate,11,3271,126,0.5,0.23809523809523808,0.19297378424233752,0.10755411917136157,0.1305411189238765,0.0,,,,0,30,126,42
h20_d07,NaiveBaseRate,11,3271,126,0.5,0.23809523809523808,0.19297378424233752,0.10755411917136157,0.1305411189238765,0.0,,,,0,30,126,43
h20_d07,NaiveBaseRate,11,3271,126,0.5,0.23809523809523808,0.19297378424233752,0.10755411917136157,0.1305411189238765,0.0,,,,0,30,126,44
h20_d07,NaiveBaseRate,11,3271,126,0.5,0.23809523809523808,0.19297378424233752,0.10755411917136157,0.1305411189238765,0.0,,,,0,30,126,45
h20_d07,NaiveBaseRate,11,3271,126,0.5,0.23809523809523808,0.19297378424233752,0.10755411917136157,0.1305411189238765,0.0,,,,0,30,126,46
h20_d07,VIXPercentileRaw,11,3271,126,0.4111111111111111,0.2068721326231548,0.5781177956896764,0.6510969413751437,0.9500152858453073,0.30158730158730157,0.23684210526315788,0.9265622948544043,0.894085994199549,38,30,126,42
h20_d07,VIXPercentileRaw,11,3271,126,0.4111111111111111,0.2068721326231548,0.5781177956896764,0.6510969413751437,0.9500152858453073,0.30158730158730157,0.23684210526315788,0.9265622948544043,0.894085994199549,38,30,126,43
h20_d07,VIXPercentileRaw,11,3271,126,0.4111111111111111,0.2068721326231548,0.5781177956896764,0.6510969413751437,0.9500152858453073,0.30158730158730157,0.23684210526315788,0.9265622948544043,0.894085994199549,38,30,126,44
h20_d07,VIXPercentileRaw,11,3271,126,0.4111111111111111,0.2068721326231548,0.5781177956896764,0.6510969413751437,0.9500152858453073,0.30158730158730157,0.23684210526315788,0.9265622948544043,0.894085994199549,38,30,126,45
h20_d07,VIXPercentileRaw,11,3271,126,0.4111111111111111,0.2068721326231548,0.5781177956896764,0.6510969413751437,0.9500152858453073,0.30158730158730157,0.23684210526315788,0.9265622948544043,0.894085994199549,38,30,126,46
h20_d07,VIXPercentileCalibrated,11,3271,126,0.3960069444444445,0.21781161161966114,0.23190364041302822,0.22708246740412905,0.20161290322580644,0.2222222222222222,0.21428571428571427,0.7785944247836941,0.8284350317193075,28,30,126,42
h20_d07,VIXPercentileCalibrated,11,3271,126,0.3960069444444445,0.21781161161966114,0.23190364041302822,0.22708246740412905,0.20161290322580644,0.2222222222222222,0.21428571428571427,0.7785944247836941,0.8284350317193075,28,30,126,43
h20_d07,VIXPercentileCalibrated,11,3271,126,0.3960069444444445,0.21781161161966114,0.23190364041302822,0.22708246740412905,0.20161290322580644,0.2222222222222222,0.21428571428571427,0.7785944247836941,0.8284350317193075,28,30,126,44
h20_d07,VIXPercentileCalibrated,11,3271,126,0.3960069444444445,0.21781161161966114,0.23190364041302822,0.22708246740412905,0.20161290322580644,0.2222222222222222,0.21428571428571427,0.7785944247836941,0.8284350317193075,28,30,126,45
h20_d07,VIXPercentileCalibrated,11,3271,126,0.3960069444444445,0.21781161161966114,0.23190364041302822,0.22708246740412905,0.20161290322580644,0.2222222222222222,0.21428571428571427,0.7785944247836941,0.8284350317193075,28,30,126,46
h20_d07,HarRvThreshold,11,3271,126,0.27208646616541354,0.19055219143316615,0.3792623247702106,0.35481899913908227,0.15312883399446436,0.4519230769230769,0.19148936170212766,0.7149037443070866,0.9097927579927265,47,28,104,42
h20_d07,HarRvThreshold,11,3271,126,0.27208646616541354,0.19055219143316615,0.3792623247702106,0.35481899913908227,0.15312883399446436,0.4519230769230769,0.19148936170212766,0.7149037443070866,0.9097927579927265,47,28,104,43
h20_d07,HarRvThreshold,11,3271,126,0.27208646616541354,0.19055219143316615,0.3792623247702106,0.35481899913908227,0.15312883399446436,0.4519230769230769,0.19148936170212766,0.7149037443070866,0.9097927579927265,47,28,104,44
h20_d07,HarRvThreshold,11,3271,126,0.27208646616541354,0.19055219143316615,0.3792623247702106,0.35481899913908227,0.15312883399446436,0.4519230769230769,0.19148936170212766,0.7149037443070866,0.9097927579927265,47,28,104,45
h20_d07,HarRvThreshold,11,3271,126,0.27208646616541354,0.19055219143316615,0.3792623247702106,0.35481899913908227,0.15312883399446436,0.4519230769230769,0.19148936170212766,0.7149037443070866,0.9097927579927265,47,28,104,46
h20_d07,LogisticRegressionL2,11,3271,126,0.4864583333333333,0.23475981895831577,0.43380645401142665,0.4580513497519266,0.7712018641229624,0.4523809523809524,0.22807017543859648,1.0028326862615775,0.9846178609284196,57,30,126,42
h20_d07,LogisticRegressionL2,11,3271,126,0.4864583333333333,0.23475981895831577,0.43380645401142665,0.4580513497519266,0.7712018641229624,0.4523809523809524,0.22807017543859648,1.0028326862615775,0.9846178609284196,57,30,126,43
h20_d07,LogisticRegressionL2,11,3271,126,0.4864583333333333,0.23475981895831577,0.43380645401142665,0.4580513497519266,0.7712018641229624,0.4523809523809524,0.22807017543859648,1.0028326862615775,0.9846178609284196,57,30,126,44
h20_d07,LogisticRegressionL2,11,3271,126,0.4864583333333333,0.23475981895831577,0.43380645401142665,0.4580513497519266,0.7712018641229624,0.4523809523809524,0.22807017543859648,1.0028326862615775,0.9846178609284196,57,30,126,45
h20_d07,LogisticRegressionL2,11,3271,126,0.4864583333333333,0.23475981895831577,0.43380645401142665,0.4580513497519266,0.7712018641229624,0.4523809523809524,0.22807017543859648,1.0028326862615775,0.9846178609284196,57,30,126,46
h20_d07,LightGbmTuned,11,3271,126,0.35260416666666666,0.1929449523239615,0.34401175419360647,0.3836168052001647,0.664720678870763,0.47619047619047616,0.11666666666666667,0.5596934361360998,0.9004091625103229,60,30,126,42
h20_d07,LightGbmTuned,11,3271,126,0.35260416666666666,0.1929449523239615,0.34401175419360647,0.3836168052001647,0.664720678870763,0.47619047619047616,0.11666666666666667,0.5596934361360998,0.9004091625103229,60,30,126,43
h20_d07,LightGbmTuned,11,3271,126,0.35260416666666666,0.1929449523239615,0.34401175419360647,0.3836168052001647,0.664720678870763,0.47619047619047616,0.11666666666666667,0.5596934361360998,0.9004091625103229,60,30,126,44
h20_d07,LightGbmTuned,11,3271,126,0.35260416666666666,0.1929449523239615,0.34401175419360647,0.3836168052001647,0.664720678870763,0.47619047619047616,0.11666666666666667,0.5596934361360998,0.9004091625103229,60,30,126,45
h20_d07,LightGbmTuned,11,3271,126,0.35260416666666666,0.1929449523239615,0.34401175419360647,0.3836168052001647,0.664720678870763,0.47619047619047616,0.11666666666666667,0.5596934361360998,0.9004091625103229,60,30,126,46
h20_d07,NaiveBaseRate,12,3397,127,0.5,0.09448818897637795,0.08716355523455718,0.040042279083675025,0.13453046806005298,0.0,,,,0,12,127,42
h20_d07,NaiveBaseRate,12,3397,127,0.5,0.09448818897637795,0.08716355523455718,0.040042279083675025,0.13453046806005298,0.0,,,,0,12,127,43
h20_d07,NaiveBaseRate,12,3397,127,0.5,0.09448818897637795,0.08716355523455718,0.040042279083675025,0.13453046806005298,0.0,,,,0,12,127,44
h20_d07,NaiveBaseRate,12,3397,127,0.5,0.09448818897637795,0.08716355523455718,0.040042279083675025,0.13453046806005298,0.0,,,,0,12,127,45
h20_d07,NaiveBaseRate,12,3397,127,0.5,0.09448818897637795,0.08716355523455718,0.040042279083675025,0.13453046806005298,0.0,,,,0,12,127,46
h20_d07,VIXPercentileRaw,12,3397,127,0.678623188405797,0.17516980046453579,0.705524814234433,0.7898284498364698,0.9500147188695908,0.047244094488188976,0.16666666666666666,1.0963811567128017,0.8608054842113803,6,12,127,42
h20_d07,VIXPercentileRaw,12,3397,127,0.678623188405797,0.17516980046453579,0.705524814234433,0.7898284498364698,0.9500147188695908,0.047244094488188976,0.16666666666666666,1.0963811567128017,0.8608054842113803,6,12,127,43
h20_d07,VIXPercentileRaw,12,3397,127,0.678623188405797,0.17516980046453579,0.705524814234433,0.7898284498364698,0.9500147188695908,0.047244094488188976,0.16666666666666666,1.0963811567128017,0.8608054842113803,6,12,127,44
h20_d07,VIXPercentileRaw,12,3397,127,0.678623188405797,0.17516980046453579,0.705524814234433,0.7898284498364698,0.9500147188695908,0.047244094488188976,0.16666666666666666,1.0963811567128017,0.8608054842113803,6,12,127,45
h20_d07,VIXPercentileRaw,12,3397,127,0.678623188405797,0.17516980046453579,0.705524814234433,0.7898284498364698,0.9500147188695908,0.047244094488188976,0.16666666666666666,1.0963811567128017,0.8608054842113803,6,12,127,46
h20_d07,VIXPercentileCalibrated,12,3397,127,0.4956521739130435,0.09448818897637795,0.09662634656883672,0.10274627498596407,0.19583843329253367,0.007874015748031496,0.0,0.33908943741658487,,1,12,127,42
h20_d07,VIXPercentileCalibrated,12,3397,127,0.4956521739130435,0.09448818897637795,0.09662634656883672,0.10274627498596407,0.19583843329253367,0.007874015748031496,0.0,0.33908943741658487,,1,12,127,43
h20_d07,VIXPercentileCalibrated,12,3397,127,0.4956521739130435,0.09448818897637795,0.09662634656883672,0.10274627498596407,0.19583843329253367,0.007874015748031496,0.0,0.33908943741658487,,1,12,127,44
h20_d07,VIXPercentileCalibrated,12,3397,127,0.4956521739130435,0.09448818897637795,0.09662634656883672,0.10274627498596407,0.19583843329253367,0.007874015748031496,0.0,0.33908943741658487,,1,12,127,45
h20_d07,VIXPercentileCalibrated,12,3397,127,0.4956521739130435,0.09448818897637795,0.09662634656883672,0.10274627498596407,0.19583843329253367,0.007874015748031496,0.0,0.33908943741658487,,1,12,127,46
h20_d07,HarRvThreshold,12,3397,127,0.46146953405017926,0.1430907816166756,0.10857949765506997,0.07938071778311383,0.08589658547726711,0.047619047619047616,0.2,1.4559228967338673,0.8608054842113803,5,12,105,42
h20_d07,HarRvThreshold,12,3397,127,0.46146953405017926,0.1430907816166756,0.10857949765506997,0.07938071778311383,0.08589658547726711,0.047619047619047616,0.2,1.4559228967338673,0.8608054842113803,5,12,105,43
h20_d07,HarRvThreshold,12,3397,127,0.46146953405017926,0.1430907816166756,0.10857949765506997,0.07938071778311383,0.08589658547726711,0.047619047619047616,0.2,1.4559228967338673,0.8608054842113803,5,12,105,44
h20_d07,HarRvThreshold,12,3397,127,0.46146953405017926,0.1430907816166756,0.10857949765506997,0.07938071778311383,0.08589658547726711,0.047619047619047616,0.2,1.4559228967338673,0.8608054842113803,5,12,105,45
h20_d07,HarRvThreshold,12,3397,127,0.46146953405017926,0.1430907816166756,0.10857949765506997,0.07938071778311383,0.08589658547726711,0.047619047619047616,0.2,1.4559228967338673,0.8608054842113803,5,12,105,46
h20_d07,LogisticRegressionL2,12,3397,127,0.6942028985507247,0.14548955332233635,0.30648043921066753,0.4628552807558806,0.7632207503649899,0.07874015748031496,0.1,1.7726429970346052,0.8608054842113803,10,12,127,42
h20_d07,LogisticRegressionL2,12,3397,127,0.6942028985507247,0.14548955332233635,0.30648043921066753,0.4628552807558806,0.7632207503649899,0.07874015748031496,0.1,1.7726429970346052,0.8608054842113803,10,12,127,43
h20_d07,LogisticRegressionL2,12,3397,127,0.6942028985507247,0.14548955332233635,0.30648043921066753,0.4628552807558806,0.7632207503649899,0.07874015748031496,0.1,1.7726429970346052,0.8608054842113803,10,12,127,44
h20_d07,LogisticRegressionL2,12,3397,127,0.6942028985507247,0.14548955332233635,0.30648043921066753,0.4628552807558806,0.7632207503649899,0.07874015748031496,0.1,1.7726429970346052,0.8608054842113803,10,12,127,45
h20_d07,LogisticRegressionL2,12,3397,127,0.6942028985507247,0.14548955332233635,0.30648043921066753,0.4628552807558806,0.7632207503649899,0.07874015748031496,0.1,1.7726429970346052,0.8608054842113803,10,12,127,46
h20_d07,LightGbmTuned,12,3397,127,0.5115942028985507,0.11572536990166762,0.29878245647800605,0.45279744039463826,0.6734153626950481,0.007874015748031496,0.0,1.6579240562314492,,1,12,127,42
h20_d07,LightGbmTuned,12,3397,127,0.5115942028985507,0.11572536990166762,0.29878245647800605,0.45279744039463826,0.6734153626950481,0.007874015748031496,0.0,1.6579240562314492,,1,12,127,43
h20_d07,LightGbmTuned,12,3397,127,0.5115942028985507,0.11572536990166762,0.29878245647800605,0.45279744039463826,0.6734153626950481,0.007874015748031496,0.0,1.6579240562314492,,1,12,127,44
h20_d07,LightGbmTuned,12,3397,127,0.5115942028985507,0.11572536990166762,0.29878245647800605,0.45279744039463826,0.6734153626950481,0.007874015748031496,0.0,1.6579240562314492,,1,12,127,45
h20_d07,LightGbmTuned,12,3397,127,0.5115942028985507,0.11572536990166762,0.29878245647800605,0.45279744039463826,0.6734153626950481,0.007874015748031496,0.0,1.6579240562314492,,1,12,127,46
h20_d07,NaiveBaseRate,13,3524,125,0.5,0.136,0.11751248323479277,0.002912599318955683,0.13308740068104427,0.0,,,,0,17,125,42
h20_d07,NaiveBaseRate,13,3524,125,0.5,0.136,0.11751248323479277,0.002912599318955683,0.13308740068104427,0.0,,,,0,17,125,43
h20_d07,NaiveBaseRate,13,3524,125,0.5,0.136,0.11751248323479277,0.002912599318955683,0.13308740068104427,0.0,,,,0,17,125,44
h20_d07,NaiveBaseRate,13,3524,125,0.5,0.136,0.11751248323479277,0.002912599318955683,0.13308740068104427,0.0,,,,0,17,125,45
h20_d07,NaiveBaseRate,13,3524,125,0.5,0.136,0.11751248323479277,0.002912599318955683,0.13308740068104427,0.0,,,,0,17,125,46
h20_d07,VIXPercentileRaw,13,3524,125,0.5462962962962963,0.14699585775389767,0.48955608114811233,0.6049103291713962,0.9500141884222474,0.0,,,,0,17,125,42
h20_d07,VIXPercentileRaw,13,3524,125,0.5462962962962963,0.14699585775389767,0.48955608114811233,0.6049103291713962,0.9500141884222474,0.0,,,,0,17,125,43
h20_d07,VIXPercentileRaw,13,3524,125,0.5462962962962963,0.14699585775389767,0.48955608114811233,0.6049103291713962,0.9500141884222474,0.0,,,,0,17,125,44
h20_d07,VIXPercentileRaw,13,3524,125,0.5462962962962963,0.14699585775389767,0.48955608114811233,0.6049103291713962,0.9500141884222474,0.0,,,,0,17,125,45
h20_d07,VIXPercentileRaw,13,3524,125,0.5462962962962963,0.14699585775389767,0.48955608114811233,0.6049103291713962,0.9500141884222474,0.0,,,,0,17,125,46
h20_d07,VIXPercentileCalibrated,13,3524,125,0.5590958605664488,0.15247075304501434,0.11823336799848225,0.03865102537611595,0.1832129963898917,0.0,,,,0,17,125,42
h20_d07,VIXPercentileCalibrated,13,3524,125,0.5590958605664488,0.15247075304501434,0.11823336799848225,0.03865102537611595,0.1832129963898917,0.0,,,,0,17,125,43
h20_d07,VIXPercentileCalibrated,13,3524,125,0.5590958605664488,0.15247075304501434,0.11823336799848225,0.03865102537611595,0.1832129963898917,0.0,,,,0,17,125,44
h20_d07,VIXPercentileCalibrated,13,3524,125,0.5590958605664488,0.15247075304501434,0.11823336799848225,0.03865102537611595,0.1832129963898917,0.0,,,,0,17,125,45
h20_d07,VIXPercentileCalibrated,13,3524,125,0.5590958605664488,0.15247075304501434,0.11823336799848225,0.03865102537611595,0.1832129963898917,0.0,,,,0,17,125,46
h20_d07,HarRvThreshold,13,3524,125,0.41586867305061564,0.14154316645356368,0.1600332818767057,0.14139390385258208,0.08562580221737462,0.009708737864077669,0.0,0.11234049343587706,,1,17,103,42
h20_d07,HarRvThreshold,13,3524,125,0.41586867305061564,0.14154316645356368,0.1600332818767057,0.14139390385258208,0.08562580221737462,0.009708737864077669,0.0,0.11234049343587706,,1,17,103,43
h20_d07,HarRvThreshold,13,3524,125,0.41586867305061564,0.14154316645356368,0.1600332818767057,0.14139390385258208,0.08562580221737462,0.009708737864077669,0.0,0.11234049343587706,,1,17,103,44
h20_d07,HarRvThreshold,13,3524,125,0.41586867305061564,0.14154316645356368,0.1600332818767057,0.14139390385258208,0.08562580221737462,0.009708737864077669,0.0,0.11234049343587706,,1,17,103,45
h20_d07,HarRvThreshold,13,3524,125,0.41586867305061564,0.14154316645356368,0.1600332818767057,0.14139390385258208,0.08562580221737462,0.009708737864077669,0.0,0.11234049343587706,,1,17,103,46
h20_d07,LogisticRegressionL2,13,3524,125,0.4444444444444444,0.12071533160979621,0.1991729612334106,0.2474531556610705,0.7564884726108246,0.0,,,,0,17,125,42
h20_d07,LogisticRegressionL2,13,3524,125,0.4444444444444444,0.12071533160979621,0.1991729612334106,0.2474531556610705,0.7564884726108246,0.0,,,,0,17,125,43
h20_d07,LogisticRegressionL2,13,3524,125,0.4444444444444444,0.12071533160979621,0.1991729612334106,0.2474531556610705,0.7564884726108246,0.0,,,,0,17,125,44
h20_d07,LogisticRegressionL2,13,3524,125,0.4444444444444444,0.12071533160979621,0.1991729612334106,0.2474531556610705,0.7564884726108246,0.0,,,,0,17,125,45
h20_d07,LogisticRegressionL2,13,3524,125,0.4444444444444444,0.12071533160979621,0.1991729612334106,0.2474531556610705,0.7564884726108246,0.0,,,,0,17,125,46
h20_d07,LightGbmTuned,13,3524,125,0.2252178649237473,0.09318287355235194,0.227759022004708,0.3265615651968724,0.6468437196953709,0.0,,,,0,17,125,42
h20_d07,LightGbmTuned,13,3524,125,0.2252178649237473,0.09318287355235194,0.227759022004708,0.3265615651968724,0.6468437196953709,0.0,,,,0,17,125,43
h20_d07,LightGbmTuned,13,3524,125,0.2252178649237473,0.09318287355235194,0.227759022004708,0.3265615651968724,0.6468437196953709,0.0,,,,0,17,125,44
h20_d07,LightGbmTuned,13,3524,125,0.2252178649237473,0.09318287355235194,0.227759022004708,0.3265615651968724,0.6468437196953709,0.0,,,,0,17,125,45
h20_d07,LightGbmTuned,13,3524,125,0.2252178649237473,0.09318287355235194,0.227759022004708,0.3265615651968724,0.6468437196953709,0.0,,,,0,17,125,46
h20_d07,NaiveBaseRate,14,3649,127,0.5,0.07874015748031496,0.07550462275007763,0.054447017088059824,0.1331871745683749,0.0,,,,0,10,127,42
h20_d07,NaiveBaseRate,14,3649,127,0.5,0.07874015748031496,0.07550462275007763,0.054447017088059824,0.1331871745683749,0.0,,,,0,10,127,43
h20_d07,NaiveBaseRate,14,3649,127,0.5,0.07874015748031496,0.07550462275007763,0.054447017088059824,0.1331871745683749,0.0,,,,0,10,127,44
h20_d07,NaiveBaseRate,14,3649,127,0.5,0.07874015748031496,0.07550462275007763,0.054447017088059824,0.1331871745683749,0.0,,,,0,10,127,45
h20_d07,NaiveBaseRate,14,3649,127,0.5,0.07874015748031496,0.07550462275007763,0.054447017088059824,0.1331871745683749,0.0,,,,0,10,127,46
h20_d07,VIXPercentileRaw,14,3649,127,0.5162393162393163,0.08187353698097612,0.3622964116957068,0.5267110177958366,0.950178130994793,0.0,,,,0,10,127,42
h20_d07,VIXPercentileRaw,14,3649,127,0.5162393162393163,0.08187353698097612,0.3622964116957068,0.5267110177958366,0.950178130994793,0.0,,,,0,10,127,43
h20_d07,VIXPercentileRaw,14,3649,127,0.5162393162393163,0.08187353698097612,0.3622964116957068,0.5267110177958366,0.950178130994793,0.0,,,,0,10,127,44
h20_d07,VIXPercentileRaw,14,3649,127,0.5162393162393163,0.08187353698097612,0.3622964116957068,0.5267110177958366,0.950178130994793,0.0,,,,0,10,127,45
h20_d07,VIXPercentileRaw,14,3649,127,0.5162393162393163,0.08187353698097612,0.3622964116957068,0.5267110177958366,0.950178130994793,0.0,,,,0,10,127,46
h20_d07,VIXPercentileCalibrated,14,3649,127,0.488034188034188,0.080885172672601,0.07940647796801072,0.07376278608872536,0.18136769078295342,0.0,,,,0,10,127,42
h20_d07,VIXPercentileCalibrated,14,3649,127,0.488034188034188,0.080885172672601,0.07940647796801072,0.07376278608872536,0.18136769078295342,0.0,,,,0,10,127,43
h20_d07,VIXPercentileCalibrated,14,3649,127,0.488034188034188,0.080885172672601,0.07940647796801072,0.07376278608872536,0.18136769078295342,0.0,,,,0,10,127,44
h20_d07,VIXPercentileCalibrated,14,3649,127,0.488034188034188,0.080885172672601,0.07940647796801072,0.07376278608872536,0.18136769078295342,0.0,,,,0,10,127,45
h20_d07,VIXPercentileCalibrated,14,3649,127,0.488034188034188,0.080885172672601,0.07940647796801072,0.07376278608872536,0.18136769078295342,0.0,,,,0,10,127,46
h20_d07,HarRvThreshold,14,3649,127,0.628421052631579,0.2493192416906914,0.0915283010824634,0.08162235589188638,0.08458368906091396,0.0,,,,0,10,105,42
h20_d07,HarRvThreshold,14,3649,127,0.628421052631579,0.2493192416906914,0.0915283010824634,0.08162235589188638,0.08458368906091396,0.0,,,,0,10,105,43
h20_d07,HarRvThreshold,14,3649,127,0.628421052631579,0.2493192416906914,0.0915283010824634,0.08162235589188638,0.08458368906091396,0.0,,,,0,10,105,44
h20_d07,HarRvThreshold,14,3649,127,0.628421052631579,0.2493192416906914,0.0915283010824634,0.08162235589188638,0.08458368906091396,0.0,,,,0,10,105,45
h20_d07,HarRvThreshold,14,3649,127,0.628421052631579,0.2493192416906914,0.0915283010824634,0.08162235589188638,0.08458368906091396,0.0,,,,0,10,105,46
h20_d07,LogisticRegressionL2,14,3649,127,0.6025641025641026,0.10308153569738279,0.1748670943491594,0.3079809772334819,0.753949057754693,0.0,,,,0,10,127,42
h20_d07,LogisticRegressionL2,14,3649,127,0.6025641025641026,0.10308153569738279,0.1748670943491594,0.3079809772334819,0.753949057754693,0.0,,,,0,10,127,43
h20_d07,LogisticRegressionL2,14,3649,127,0.6025641025641026,0.10308153569738279,0.1748670943491594,0.3079809772334819,0.753949057754693,0.0,,,,0,10,127,44
h20_d07,LogisticRegressionL2,14,3649,127,0.6025641025641026,0.10308153569738279,0.1748670943491594,0.3079809772334819,0.753949057754693,0.0,,,,0,10,127,45
h20_d07,LogisticRegressionL2,14,3649,127,0.6025641025641026,0.10308153569738279,0.1748670943491594,0.3079809772334819,0.753949057754693,0.0,,,,0,10,127,46
h20_d07,LightGbmTuned,14,3649,127,0.641025641025641,0.14572380074648153,0.18252770258257137,0.3244663060192233,0.6498319545972883,0.0,,,,0,10,127,42
h20_d07,LightGbmTuned,14,3649,127,0.641025641025641,0.14572380074648153,0.18252770258257137,0.3244663060192233,0.6498319545972883,0.0,,,,0,10,127,43
h20_d07,LightGbmTuned,14,3649,127,0.641025641025641,0.14572380074648153,0.18252770258257137,0.3244663060192233,0.6498319545972883,0.0,,,,0,10,127,44
h20_d07,LightGbmTuned,14,3649,127,0.641025641025641,0.14572380074648153,0.18252770258257137,0.3244663060192233,0.6498319545972883,0.0,,,,0,10,127,45
h20_d07,LightGbmTuned,14,3649,127,0.641025641025641,0.14572380074648153,0.18252770258257137,0.3244663060192233,0.6498319545972883,0.0,,,,0,10,127,46
h20_d07,NaiveBaseRate,15,3776,125,0.5,0.592,0.45372895719620815,0.46064406779661005,0.13135593220338984,0.0,,,,0,74,125,42
h20_d07,NaiveBaseRate,15,3776,125,0.5,0.592,0.45372895719620815,0.46064406779661005,0.13135593220338984,0.0,,,,0,74,125,43
h20_d07,NaiveBaseRate,15,3776,125,0.5,0.592,0.45372895719620815,0.46064406779661005,0.13135593220338984,0.0,,,,0,74,125,44
h20_d07,NaiveBaseRate,15,3776,125,0.5,0.592,0.45372895719620815,0.46064406779661005,0.13135593220338984,0.0,,,,0,74,125,45
h20_d07,NaiveBaseRate,15,3776,125,0.5,0.592,0.45372895719620815,0.46064406779661005,0.13135593220338984,0.0,,,,0,74,125,46
h20_d07,VIXPercentileRaw,15,3776,125,0.19674085850556441,0.43485610811062975,0.36202585295622663,0.371375,0.9502118644067796,0.04,0.0,0.3151937388684148,,5,74,125,42
h20_d07,VIXPercentileRaw,15,3776,125,0.19674085850556441,0.43485610811062975,0.36202585295622663,0.371375,0.9502118644067796,0.04,0.0,0.3151937388684148,,5,74,125,43
h20_d07,VIXPercentileRaw,15,3776,125,0.19674085850556441,0.43485610811062975,0.36202585295622663,0.371375,0.9502118644067796,0.04,0.0,0.3151937388684148,,5,74,125,44
h20_d07,VIXPercentileRaw,15,3776,125,0.19674085850556441,0.43485610811062975,0.36202585295622663,0.371375,0.9502118644067796,0.04,0.0,0.3151937388684148,,5,74,125,45
h20_d07,VIXPercentileRaw,15,3776,125,0.19674085850556441,0.43485610811062975,0.36202585295622663,0.371375,0.9502118644067796,0.04,0.0,0.3151937388684148,,5,74,125,46
h20_d07,VIXPercentileCalibrated,15,3776,125,0.47297297297297297,0.5790162275049775,0.41461877395381747,0.4152948307940515,0.17743490838958534,0.0,,,,0,74,125,42
h20_d07,VIXPercentileCalibrated,15,3776,125,0.47297297297297297,0.5790162275049775,0.41461877395381747,0.4152948307940515,0.17743490838958534,0.0,,,,0,74,125,43
h20_d07,VIXPercentileCalibrated,15,3776,125,0.47297297297297297,0.5790162275049775,0.41461877395381747,0.4152948307940515,0.17743490838958534,0.0,,,,0,74,125,44
h20_d07,VIXPercentileCalibrated,15,3776,125,0.47297297297297297,0.5790162275049775,0.41461877395381747,0.4152948307940515,0.17743490838958534,0.0,,,,0,74,125,45
h20_d07,VIXPercentileCalibrated,15,3776,125,0.47297297297297297,0.5790162275049775,0.41461877395381747,0.4152948307940515,0.17743490838958534,0.0,,,,0,74,125,46
h20_d07,HarRvThreshold,15,3776,125,0.27829457364341087,0.4768707435582658,0.514794267809035,0.5110472826706338,0.08265727571968226,0.3300970873786408,0.38235294117647056,0.7523094225606658,0.9144459939223458,34,60,103,42
h20_d07,HarRvThreshold,15,3776,125,0.27829457364341087,0.4768707435582658,0.514794267809035,0.5110472826706338,0.08265727571968226,0.3300970873786408,0.38235294117647056,0.7523094225606658,0.9144459939223458,34,60,103,43
h20_d07,HarRvThreshold,15,3776,125,0.27829457364341087,0.4768707435582658,0.514794267809035,0.5110472826706338,0.08265727571968226,0.3300970873786408,0.38235294117647056,0.7523094225606658,0.9144459939223458,34,60,103,44
h20_d07,HarRvThreshold,15,3776,125,0.27829457364341087,0.4768707435582658,0.514794267809035,0.5110472826706338,0.08265727571968226,0.3300970873786408,0.38235294117647056,0.7523094225606658,0.9144459939223458,34,60,103,45
h20_d07,HarRvThreshold,15,3776,125,0.27829457364341087,0.4768707435582658,0.514794267809035,0.5110472826706338,0.08265727571968226,0.3300970873786408,0.38235294117647056,0.7523094225606658,0.9144459939223458,34,60,103,46
h20_d07,LogisticRegressionL2,15,3776,125,0.33624801271860094,0.4906395931686642,0.28408500567632394,0.17759049275398703,0.7538046572658348,0.096,0.25,0.547373282986291,1.0675763343459204,12,74,125,42
h20_d07,LogisticRegressionL2,15,3776,125,0.33624801271860094,0.4906395931686642,0.28408500567632394,0.17759049275398703,0.7538046572658348,0.096,0.25,0.547373282986291,1.0675763343459204,12,74,125,43
h20_d07,LogisticRegressionL2,15,3776,125,0.33624801271860094,0.4906395931686642,0.28408500567632394,0.17759049275398703,0.7538046572658348,0.096,0.25,0.547373282986291,1.0675763343459204,12,74,125,44
h20_d07,LogisticRegressionL2,15,3776,125,0.33624801271860094,0.4906395931686642,0.28408500567632394,0.17759049275398703,0.7538046572658348,0.096,0.25,0.547373282986291,1.0675763343459204,12,74,125,45
h20_d07,LogisticRegressionL2,15,3776,125,0.33624801271860094,0.4906395931686642,0.28408500567632394,0.17759049275398703,0.7538046572658348,0.096,0.25,0.547373282986291,1.0675763343459204,12,74,125,46
h20_d07,LightGbmTuned,15,3776,125,0.28709591944886065,0.4777748042172523,0.25792035502918537,0.09111424708117205,0.6553171260191464,0.168,0.3333333333333333,0.6312566636579702,0.8163754070052943,21,74,125,42
h20_d07,LightGbmTuned,15,3776,125,0.28709591944886065,0.4777748042172523,0.25792035502918537,0.09111424708117205,0.6553171260191464,0.168,0.3333333333333333,0.6312566636579702,0.8163754070052943,21,74,125,43
h20_d07,LightGbmTuned,15,3776,125,0.28709591944886065,0.4777748042172523,0.25792035502918537,0.09111424708117205,0.6553171260191464,0.168,0.3333333333333333,0.6312566636579702,0.8163754070052943,21,74,125,44
h20_d07,LightGbmTuned,15,3776,125,0.28709591944886065,0.4777748042172523,0.25792035502918537,0.09111424708117205,0.6553171260191464,0.168,0.3333333333333333,0.6312566636579702,0.8163754070052943,21,74,125,45
h20_d07,LightGbmTuned,15,3776,125,0.28709591944886065,0.4777748042172523,0.25792035502918537,0.09111424708117205,0.6553171260191464,0.168,0.3333333333333333,0.6312566636579702,0.8163754070052943,21,74,125,46
h20_d07,NaiveBaseRate,16,3901,127,0.5,0.41732283464566927,0.3167174271451938,0.27120645423039114,0.14611638041527814,0.0,,,,0,53,127,42
h20_d07,NaiveBaseRate,16,3901,127,0.5,0.41732283464566927,0.3167174271451938,0.27120645423039114,0.14611638041527814,0.0,,,,0,53,127,43
h20_d07,NaiveBaseRate,16,3901,127,0.5,0.41732283464566927,0.3167174271451938,0.27120645423039114,0.14611638041527814,0.0,,,,0,53,127,44
h20_d07,NaiveBaseRate,16,3901,127,0.5,0.41732283464566927,0.3167174271451938,0.27120645423039114,0.14611638041527814,0.0,,,,0,53,127,45
h20_d07,NaiveBaseRate,16,3901,127,0.5,0.41732283464566927,0.3167174271451938,0.27120645423039114,0.14611638041527814,0.0,,,,0,53,127,46
h20_d07,VIXPercentileRaw,16,3901,127,0.3133605303416624,0.316796893450774,0.4518116764112214,0.4310402945338062,0.9500128172263522,0.0,,,,0,53,127,42
h20_d07,VIXPercentileRaw,16,3901,127,0.3133605303416624,0.316796893450774,0.4518116764112214,0.4310402945338062,0.9500128172263522,0.0,,,,0,53,127,43
h20_d07,VIXPercentileRaw,16,3901,127,0.3133605303416624,0.316796893450774,0.4518116764112214,0.4310402945338062,0.9500128172263522,0.0,,,,0,53,127,44
h20_d07,VIXPercentileRaw,16,3901,127,0.3133605303416624,0.316796893450774,0.4518116764112214,0.4310402945338062,0.9500128172263522,0.0,,,,0,53,127,45
h20_d07,VIXPercentileRaw,16,3901,127,0.3133605303416624,0.316796893450774,0.4518116764112214,0.4310402945338062,0.9500128172263522,0.0,,,,0,53,127,46
h20_d07,VIXPercentileCalibrated,16,3901,127,0.5,0.41732283464566927,0.2822178582927819,0.1976192601033852,0.21970357454228417,0.0,,,,0,53,127,42
h20_d07,VIXPercentileCalibrated,16,3901,127,0.5,0.41732283464566927,0.2822178582927819,0.1976192601033852,0.21970357454228417,0.0,,,,0,53,127,43
h20_d07,VIXPercentileCalibrated,16,3901,127,0.5,0.41732283464566927,0.2822178582927819,0.1976192601033852,0.21970357454228417,0.0,,,,0,53,127,44
h20_d07,VIXPercentileCalibrated,16,3901,127,0.5,0.41732283464566927,0.2822178582927819,0.1976192601033852,0.21970357454228417,0.0,,,,0,53,127,45
h20_d07,VIXPercentileCalibrated,16,3901,127,0.5,0.41732283464566927,0.2822178582927819,0.1976192601033852,0.21970357454228417,0.0,,,,0,53,127,46
h20_d07,HarRvThreshold,16,3901,127,0.34651669085631354,0.4365325514195597,0.46195116710017486,0.45733448603013427,0.08989771946837687,0.0761904761904762,0.25,0.6938087848317158,1.1183565428156494,8,53,105,42
h20_d07,HarRvThreshold,16,3901,127,0.34651669085631354,0.4365325514195597,0.46195116710017486,0.45733448603013427,0.08989771946837687,0.0761904761904762,0.25,0.6938087848317158,1.1183565428156494,8,53,105,43
h20_d07,HarRvThreshold,16,3901,127,0.34651669085631354,0.4365325514195597,0.46195116710017486,0.45733448603013427,0.08989771946837687,0.0761904761904762,0.25,0.6938087848317158,1.1183565428156494,8,53,105,44
h20_d07,HarRvThreshold,16,3901,127,0.34651669085631354,0.4365325514195597,0.46195116710017486,0.45733448603013427,0.08989771946837687,0.0761904761904762,0.25,0.6938087848317158,1.1183565428156494,8,53,105,45
h20_d07,HarRvThreshold,16,3901,127,0.34651669085631354,0.4365325514195597,0.46195116710017486,0.45733448603013427,0.08989771946837687,0.0761904761904762,0.25,0.6938087848317158,1.1183565428156494,8,53,105,46
h20_d07,LogisticRegressionL2,16,3901,127,0.4617542070372259,0.3699748631631451,0.27473341169390125,0.16302550146191716,0.7594394454765081,0.015748031496062992,0.0,0.3261767020750136,,2,53,127,42
h20_d07,LogisticRegressionL2,16,3901,127,0.4617542070372259,0.3699748631631451,0.27473341169390125,0.16302550146191716,0.7594394454765081,0.015748031496062992,0.0,0.3261767020750136,,2,53,127,43
h20_d07,LogisticRegressionL2,16,3901,127,0.4617542070372259,0.3699748631631451,0.27473341169390125,0.16302550146191716,0.7594394454765081,0.015748031496062992,0.0,0.3261767020750136,,2,53,127,44
h20_d07,LogisticRegressionL2,16,3901,127,0.4617542070372259,0.3699748631631451,0.27473341169390125,0.16302550146191716,0.7594394454765081,0.015748031496062992,0.0,0.3261767020750136,,2,53,127,45
h20_d07,LogisticRegressionL2,16,3901,127,0.4617542070372259,0.3699748631631451,0.27473341169390125,0.16302550146191716,0.7594394454765081,0.015748031496062992,0.0,0.3261767020750136,,2,53,127,46
h20_d07,LightGbmTuned,16,3901,127,0.42172361040285566,0.3828279832676279,0.2774584769664409,0.14801690115431623,0.6718103394110346,0.0,,,,0,53,127,42
h20_d07,LightGbmTuned,16,3901,127,0.42172361040285566,0.3828279832676279,0.2774584769664409,0.14801690115431623,0.6718103394110346,0.0,,,,0,53,127,43
h20_d07,LightGbmTuned,16,3901,127,0.42172361040285566,0.3828279832676279,0.2774584769664409,0.14801690115431623,0.6718103394110346,0.0,,,,0,53,127,44
h20_d07,LightGbmTuned,16,3901,127,0.42172361040285566,0.3828279832676279,0.2774584769664409,0.14801690115431623,0.6718103394110346,0.0,,,,0,53,127,45
h20_d07,LightGbmTuned,16,3901,127,0.42172361040285566,0.3828279832676279,0.2774584769664409,0.14801690115431623,0.6718103394110346,0.0,,,,0,53,127,46
h20_d07,NaiveBaseRate,17,4028,124,,,0.02392198256691737,0.15466732869910618,0.15466732869910627,0.0,,,,0,0,124,42
h20_d07,NaiveBaseRate,17,4028,124,,,0.02392198256691737,0.15466732869910618,0.15466732869910627,0.0,,,,0,0,124,43
h20_d07,NaiveBaseRate,17,4028,124,,,0.02392198256691737,0.15466732869910618,0.15466732869910627,0.0,,,,0,0,124,44
h20_d07,NaiveBaseRate,17,4028,124,,,0.02392198256691737,0.15466732869910618,0.15466732869910627,0.0,,,,0,0,124,45
h20_d07,NaiveBaseRate,17,4028,124,,,0.02392198256691737,0.15466732869910618,0.15466732869910627,0.0,,,,0,0,124,46
h20_d07,VIXPercentileRaw,17,4028,124,,,0.39495041023499566,0.6184170484031136,0.9500124131082421,0.0,,,,0,0,124,42
h20_d07,VIXPercentileRaw,17,4028,124,,,0.39495041023499566,0.6184170484031136,0.9500124131082421,0.0,,,,0,0,124,43
h20_d07,VIXPercentileRaw,17,4028,124,,,0.39495041023499566,0.6184170484031136,0.9500124131082421,0.0,,,,0,0,124,44
h20_d07,VIXPercentileRaw,17,4028,124,,,0.39495041023499566,0.6184170484031136,0.9500124131082421,0.0,,,,0,0,124,45
h20_d07,VIXPercentileRaw,17,4028,124,,,0.39495041023499566,0.6184170484031136,0.9500124131082421,0.0,,,,0,0,124,46
h20_d07,VIXPercentileCalibrated,17,4028,124,,,0.039043252494882975,0.19166958591604968,0.24033613445378152,0.0,,,,0,0,124,42
h20_d07,VIXPercentileCalibrated,17,4028,124,,,0.039043252494882975,0.19166958591604968,0.24033613445378152,0.0,,,,0,0,124,43
h20_d07,VIXPercentileCalibrated,17,4028,124,,,0.039043252494882975,0.19166958591604968,0.24033613445378152,0.0,,,,0,0,124,44
h20_d07,VIXPercentileCalibrated,17,4028,124,,,0.039043252494882975,0.19166958591604968,0.24033613445378152,0.0,,,,0,0,124,45
h20_d07,VIXPercentileCalibrated,17,4028,124,,,0.039043252494882975,0.19166958591604968,0.24033613445378152,0.0,,,,0,0,124,46
h20_d07,HarRvThreshold,17,4028,124,,,0.0005659817631929767,0.02137146515721679,0.09155695578560945,0.0,,,,0,0,102,42
h20_d07,HarRvThreshold,17,4028,124,,,0.0005659817631929767,0.02137146515721679,0.09155695578560945,0.0,,,,0,0,102,43
h20_d07,HarRvThreshold,17,4028,124,,,0.0005659817631929767,0.02137146515721679,0.09155695578560945,0.0,,,,0,0,102,44
h20_d07,HarRvThreshold,17,4028,124,,,0.0005659817631929767,0.02137146515721679,0.09155695578560945,0.0,,,,0,0,102,45
h20_d07,HarRvThreshold,17,4028,124,,,0.0005659817631929767,0.02137146515721679,0.09155695578560945,0.0,,,,0,0,102,46
h20_d07,LogisticRegressionL2,17,4028,124,,,0.19065175796262854,0.4220082118217313,0.7749256933050404,0.0,,,,0,0,124,42
h20_d07,LogisticRegressionL2,17,4028,124,,,0.19065175796262854,0.4220082118217313,0.7749256933050404,0.0,,,,0,0,124,43
h20_d07,LogisticRegressionL2,17,4028,124,,,0.19065175796262854,0.4220082118217313,0.7749256933050404,0.0,,,,0,0,124,44
h20_d07,LogisticRegressionL2,17,4028,124,,,0.19065175796262854,0.4220082118217313,0.7749256933050404,0.0,,,,0,0,124,45
h20_d07,LogisticRegressionL2,17,4028,124,,,0.19065175796262854,0.4220082118217313,0.7749256933050404,0.0,,,,0,0,124,46
h20_d07,LightGbmTuned,17,4028,124,,,0.22797417630444483,0.4715040391133858,0.6639468436636922,0.0,,,,0,0,124,42
h20_d07,LightGbmTuned,17,4028,124,,,0.22797417630444483,0.4715040391133858,0.6639468436636922,0.0,,,,0,0,124,43
h20_d07,LightGbmTuned,17,4028,124,,,0.22797417630444483,0.4715040391133858,0.6639468436636922,0.0,,,,0,0,124,44
h20_d07,LightGbmTuned,17,4028,124,,,0.22797417630444483,0.4715040391133858,0.6639468436636922,0.0,,,,0,0,124,45
h20_d07,LightGbmTuned,17,4028,124,,,0.22797417630444483,0.4715040391133858,0.6639468436636922,0.0,,,,0,0,124,46
h20_d07,NaiveBaseRate,18,4152,126,0.5,0.023809523809523808,0.03917882606560393,0.12623864574731625,0.15004816955684008,0.0,,,,0,3,126,42
h20_d07,NaiveBaseRate,18,4152,126,0.5,0.023809523809523808,0.03917882606560393,0.12623864574731625,0.15004816955684008,0.0,,,,0,3,126,43
h20_d07,NaiveBaseRate,18,4152,126,0.5,0.023809523809523808,0.03917882606560393,0.12623864574731625,0.15004816955684008,0.0,,,,0,3,126,44
h20_d07,NaiveBaseRate,18,4152,126,0.5,0.023809523809523808,0.03917882606560393,0.12623864574731625,0.15004816955684008,0.0,,,,0,3,126,45
h20_d07,NaiveBaseRate,18,4152,126,0.5,0.023809523809523808,0.03917882606560393,0.12623864574731625,0.15004816955684008,0.0,,,,0,3,126,46
h20_d07,VIXPercentileRaw,18,4152,126,0.6422764227642276,0.041594516594516594,0.21429016015814145,0.4198531210814448,0.95001204238921,0.0,,,,0,3,126,42
h20_d07,VIXPercentileRaw,18,4152,126,0.6422764227642276,0.041594516594516594,0.21429016015814145,0.4198531210814448,0.95001204238921,0.0,,,,0,3,126,43
h20_d07,VIXPercentileRaw,18,4152,126,0.6422764227642276,0.041594516594516594,0.21429016015814145,0.4198531210814448,0.95001204238921,0.0,,,,0,3,126,44
h20_d07,VIXPercentileRaw,18,4152,126,0.6422764227642276,0.041594516594516594,0.21429016015814145,0.4198531210814448,0.95001204238921,0.0,,,,0,3,126,45
h20_d07,VIXPercentileRaw,18,4152,126,0.6422764227642276,0.041594516594516594,0.21429016015814145,0.4198531210814448,0.95001204238921,0.0,,,,0,3,126,46
h20_d07,VIXPercentileCalibrated,18,4152,126,0.6531165311653117,0.03875426898682713,0.03479871974142869,0.10480481305369102,0.23172905525846701,0.0,,,,0,3,126,42
h20_d07,VIXPercentileCalibrated,18,4152,126,0.6531165311653117,0.03875426898682713,0.03479871974142869,0.10480481305369102,0.23172905525846701,0.0,,,,0,3,126,43
h20_d07,VIXPercentileCalibrated,18,4152,126,0.6531165311653117,0.03875426898682713,0.03479871974142869,0.10480481305369102,0.23172905525846701,0.0,,,,0,3,126,44
h20_d07,VIXPercentileCalibrated,18,4152,126,0.6531165311653117,0.03875426898682713,0.03479871974142869,0.10480481305369102,0.23172905525846701,0.0,,,,0,3,126,45
h20_d07,VIXPercentileCalibrated,18,4152,126,0.6531165311653117,0.03875426898682713,0.03479871974142869,0.10480481305369102,0.23172905525846701,0.0,,,,0,3,126,46
h20_d07,HarRvThreshold,18,4152,126,0.4290429042904291,0.032032578703493006,0.028389294077185198,0.014555855717172592,0.09029935036799447,0.0,,,,0,3,104,42
h20_d07,HarRvThreshold,18,4152,126,0.4290429042904291,0.032032578703493006,0.028389294077185198,0.014555855717172592,0.09029935036799447,0.0,,,,0,3,104,43
h20_d07,HarRvThreshold,18,4152,126,0.4290429042904291,0.032032578703493006,0.028389294077185198,0.014555855717172592,0.09029935036799447,0.0,,,,0,3,104,44
h20_d07,HarRvThreshold,18,4152,126,0.4290429042904291,0.032032578703493006,0.028389294077185198,0.014555855717172592,0.09029935036799447,0.0,,,,0,3,104,45
h20_d07,HarRvThreshold,18,4152,126,0.4290429042904291,0.032032578703493006,0.028389294077185198,0.014555855717172592,0.09029935036799447,0.0,,,,0,3,104,46
h20_d07,LogisticRegressionL2,18,4152,126,0.29810298102981025,0.02172096908939014,0.1263379908862215,0.3119002473321053,0.7700218611558914,0.0,,,,0,3,126,42
h20_d07,LogisticRegressionL2,18,4152,126,0.29810298102981025,0.02172096908939014,0.1263379908862215,0.3119002473321053,0.7700218611558914,0.0,,,,0,3,126,43
h20_d07,LogisticRegressionL2,18,4152,126,0.29810298102981025,0.02172096908939014,0.1263379908862215,0.3119002473321053,0.7700218611558914,0.0,,,,0,3,126,44
h20_d07,LogisticRegressionL2,18,4152,126,0.29810298102981025,0.02172096908939014,0.1263379908862215,0.3119002473321053,0.7700218611558914,0.0,,,,0,3,126,45
h20_d07,LogisticRegressionL2,18,4152,126,0.29810298102981025,0.02172096908939014,0.1263379908862215,0.3119002473321053,0.7700218611558914,0.0,,,,0,3,126,46
h20_d07,LightGbmTuned,18,4152,126,0.7357723577235772,0.059891598915989164,0.14614763016845603,0.34907287055958314,0.6698898895174799,0.0,,,,0,3,126,42
h20_d07,LightGbmTuned,18,4152,126,0.7357723577235772,0.059891598915989164,0.14614763016845603,0.34907287055958314,0.6698898895174799,0.0,,,,0,3,126,43
h20_d07,LightGbmTuned,18,4152,126,0.7357723577235772,0.059891598915989164,0.14614763016845603,0.34907287055958314,0.6698898895174799,0.0,,,,0,3,126,44
h20_d07,LightGbmTuned,18,4152,126,0.7357723577235772,0.059891598915989164,0.14614763016845603,0.34907287055958314,0.6698898895174799,0.0,,,,0,3,126,45
h20_d07,LightGbmTuned,18,4152,126,0.7357723577235772,0.059891598915989164,0.14614763016845603,0.34907287055958314,0.6698898895174799,0.0,,,,0,3,126,46
h20_d07,NaiveBaseRate,19,4278,124,0.5,0.016129032258064516,0.03282119440362763,0.13020102851799903,0.1463300607760636,0.0,,,,0,2,124,42
h20_d07,NaiveBaseRate,19,4278,124,0.5,0.016129032258064516,0.03282119440362763,0.13020102851799903,0.1463300607760636,0.0,,,,0,2,124,43
h20_d07,NaiveBaseRate,19,4278,124,0.5,0.016129032258064516,0.03282119440362763,0.13020102851799903,0.1463300607760636,0.0,,,,0,2,124,44
h20_d07,NaiveBaseRate,19,4278,124,0.5,0.016129032258064516,0.03282119440362763,0.13020102851799903,0.1463300607760636,0.0,,,,0,2,124,45
h20_d07,NaiveBaseRate,19,4278,124,0.5,0.016129032258064516,0.03282119440362763,0.13020102851799903,0.1463300607760636,0.0,,,,0,2,124,46
h20_d07,VIXPercentileRaw,19,4278,124,0.41188524590163933,0.019921436588103254,0.1258899146445223,0.3149082326682653,0.9500116877045347,0.0,,,,0,2,124,42
h20_d07,VIXPercentileRaw,19,4278,124,0.41188524590163933,0.019921436588103254,0.1258899146445223,0.3149082326682653,0.9500116877045347,0.0,,,,0,2,124,43
h20_d07,VIXPercentileRaw,19,4278,124,0.41188524590163933,0.019921436588103254,0.1258899146445223,0.3149082326682653,0.9500116877045347,0.0,,,,0,2,124,44
h20_d07,VIXPercentileRaw,19,4278,124,0.41188524590163933,0.019921436588103254,0.1258899146445223,0.3149082326682653,0.9500116877045347,0.0,,,,0,2,124,45
h20_d07,VIXPercentileRaw,19,4278,124,0.41188524590163933,0.019921436588103254,0.1258899146445223,0.3149082326682653,0.9500116877045347,0.0,,,,0,2,124,46
h20_d07,VIXPercentileCalibrated,19,4278,124,0.3114754098360656,0.01818181818181818,0.02396797232007946,0.0857587954947449,0.23172905525846701,0.0,,,,0,2,124,42
h20_d07,VIXPercentileCalibrated,19,4278,124,0.3114754098360656,0.01818181818181818,0.02396797232007946,0.0857587954947449,0.23172905525846701,0.0,,,,0,2,124,43
h20_d07,VIXPercentileCalibrated,19,4278,124,0.3114754098360656,0.01818181818181818,0.02396797232007946,0.0857587954947449,0.23172905525846701,0.0,,,,0,2,124,44
h20_d07,VIXPercentileCalibrated,19,4278,124,0.3114754098360656,0.01818181818181818,0.02396797232007946,0.0857587954947449,0.23172905525846701,0.0,,,,0,2,124,45
h20_d07,VIXPercentileCalibrated,19,4278,124,0.3114754098360656,0.01818181818181818,0.02396797232007946,0.0857587954947449,0.23172905525846701,0.0,,,,0,2,124,46
h20_d07,HarRvThreshold,19,4278,124,0.465,0.026753074111000332,0.019376382975329186,0.006658810416161355,0.08857489439338373,0.0,,,,0,2,102,42
h20_d07,HarRvThreshold,19,4278,124,0.465,0.026753074111000332,0.019376382975329186,0.006658810416161355,0.08857489439338373,0.0,,,,0,2,102,43
h20_d07,HarRvThreshold,19,4278,124,0.465,0.026753074111000332,0.019376382975329186,0.006658810416161355,0.08857489439338373,0.0,,,,0,2,102,44
h20_d07,HarRvThreshold,19,4278,124,0.465,0.026753074111000332,0.019376382975329186,0.006658810416161355,0.08857489439338373,0.0,,,,0,2,102,45
h20_d07,HarRvThreshold,19,4278,124,0.465,0.026753074111000332,0.019376382975329186,0.006658810416161355,0.08857489439338373,0.0,,,,0,2,102,46
h20_d07,LogisticRegressionL2,19,4278,124,0.23360655737704922,0.015369890778065533,0.13440989895400177,0.3349517492805464,0.7646924098466038,0.0,,,,0,2,124,42
h20_d07,LogisticRegressionL2,19,4278,124,0.23360655737704922,0.015369890778065533,0.13440989895400177,0.3349517492805464,0.7646924098466038,0.0,,,,0,2,124,43
h20_d07,LogisticRegressionL2,19,4278,124,0.23360655737704922,0.015369890778065533,0.13440989895400177,0.3349517492805464,0.7646924098466038,0.0,,,,0,2,124,44
h20_d07,LogisticRegressionL2,19,4278,124,0.23360655737704922,0.015369890778065533,0.13440989895400177,0.3349517492805464,0.7646924098466038,0.0,,,,0,2,124,45
h20_d07,LogisticRegressionL2,19,4278,124,0.23360655737704922,0.015369890778065533,0.13440989895400177,0.3349517492805464,0.7646924098466038,0.0,,,,0,2,124,46
h20_d07,LightGbmTuned,19,4278,124,0.22540983606557377,0.014467253176930596,0.1527594854727876,0.3637774515185752,0.6716752302016031,0.0,,,,0,2,124,42
h20_d07,LightGbmTuned,19,4278,124,0.22540983606557377,0.014467253176930596,0.1527594854727876,0.3637774515185752,0.6716752302016031,0.0,,,,0,2,124,43
h20_d07,LightGbmTuned,19,4278,124,0.22540983606557377,0.014467253176930596,0.1527594854727876,0.3637774515185752,0.6716752302016031,0.0,,,,0,2,124,44
h20_d07,LightGbmTuned,19,4278,124,0.22540983606557377,0.014467253176930596,0.1527594854727876,0.3637774515185752,0.6716752302016031,0.0,,,,0,2,124,45
h20_d07,LightGbmTuned,19,4278,124,0.22540983606557377,0.014467253176930596,0.1527594854727876,0.3637774515185752,0.6716752302016031,0.0,,,,0,2,124,46
h20_d07,NaiveBaseRate,20,4402,127,0.5,0.11811023622047244,0.10476301835173052,0.024552189949450368,0.14266242616992275,0.0,,,,0,15,127,42
h20_d07,NaiveBaseRate,20,4402,127,0.5,0.11811023622047244,0.10476301835173052,0.024552189949450368,0.14266242616992275,0.0,,,,0,15,127,43
h20_d07,NaiveBaseRate,20,4402,127,0.5,0.11811023622047244,0.10476301835173052,0.024552189949450368,0.14266242616992275,0.0,,,,0,15,127,44
h20_d07,NaiveBaseRate,20,4402,127,0.5,0.11811023622047244,0.10476301835173052,0.024552189949450368,0.14266242616992275,0.0,,,,0,15,127,45
h20_d07,NaiveBaseRate,20,4402,127,0.5,0.11811023622047244,0.10476301835173052,0.024552189949450368,0.14266242616992275,0.0,,,,0,15,127,46
h20_d07,VIXPercentileRaw,20,4402,127,0.30386904761904765,0.08598673199178462,0.3034571612046258,0.38979239930310844,0.9500113584734211,0.0,,,,0,15,127,42
h20_d07,VIXPercentileRaw,20,4402,127,0.30386904761904765,0.08598673199178462,0.3034571612046258,0.38979239930310844,0.9500113584734211,0.0,,,,0,15,127,43
h20_d07,VIXPercentileRaw,20,4402,127,0.30386904761904765,0.08598673199178462,0.3034571612046258,0.38979239930310844,0.9500113584734211,0.0,,,,0,15,127,44
h20_d07,VIXPercentileRaw,20,4402,127,0.30386904761904765,0.08598673199178462,0.3034571612046258,0.38979239930310844,0.9500113584734211,0.0,,,,0,15,127,45
h20_d07,VIXPercentileRaw,20,4402,127,0.30386904761904765,0.08598673199178462,0.3034571612046258,0.38979239930310844,0.9500113584734211,0.0,,,,0,15,127,46
h20_d07,VIXPercentileCalibrated,20,4402,127,0.30476190476190473,0.09437514973229258,0.11159011405041357,0.0664172446005578,0.23172905525846701,0.0,,,,0,15,127,42
h20_d07,VIXPercentileCalibrated,20,4402,127,0.30476190476190473,0.09437514973229258,0.11159011405041357,0.0664172446005578,0.23172905525846701,0.0,,,,0,15,127,43
h20_d07,VIXPercentileCalibrated,20,4402,127,0.30476190476190473,0.09437514973229258,0.11159011405041357,0.0664172446005578,0.23172905525846701,0.0,,,,0,15,127,44
h20_d07,VIXPercentileCalibrated,20,4402,127,0.30476190476190473,0.09437514973229258,0.11159011405041357,0.0664172446005578,0.23172905525846701,0.0,,,,0,15,127,45
h20_d07,VIXPercentileCalibrated,20,4402,127,0.30476190476190473,0.09437514973229258,0.11159011405041357,0.0664172446005578,0.23172905525846701,0.0,,,,0,15,127,46
h20_d07,HarRvThreshold,20,4402,127,0.7788461538461539,0.041666666666666664,0.00968760967360436,0.013286540746248559,0.08762404350870334,0.0,,,,0,1,105,42
h20_d07,HarRvThreshold,20,4402,127,0.7788461538461539,0.041666666666666664,0.00968760967360436,0.013286540746248559,0.08762404350870334,0.0,,,,0,1,105,43
h20_d07,HarRvThreshold,20,4402,127,0.7788461538461539,0.041666666666666664,0.00968760967360436,0.013286540746248559,0.08762404350870334,0.0,,,,0,1,105,44
h20_d07,HarRvThreshold,20,4402,127,0.7788461538461539,0.041666666666666664,0.00968760967360436,0.013286540746248559,0.08762404350870334,0.0,,,,0,1,105,45
h20_d07,HarRvThreshold,20,4402,127,0.7788461538461539,0.041666666666666664,0.00968760967360436,0.013286540746248559,0.08762404350870334,0.0,,,,0,1,105,46
h20_d07,LogisticRegressionL2,20,4402,127,0.41547619047619044,0.10283482507882094,0.2934964811894691,0.40900131479015417,0.7673641534973124,0.007874015748031496,0.0,0.363995289189016,,1,15,127,42
h20_d07,LogisticRegressionL2,20,4402,127,0.41547619047619044,0.10283482507882094,0.2934964811894691,0.40900131479015417,0.7673641534973124,0.007874015748031496,0.0,0.363995289189016,,1,15,127,43
h20_d07,LogisticRegressionL2,20,4402,127,0.41547619047619044,0.10283482507882094,0.2934964811894691,0.40900131479015417,0.7673641534973124,0.007874015748031496,0.0,0.363995289189016,,1,15,127,44
h20_d07,LogisticRegressionL2,20,4402,127,0.41547619047619044,0.10283482507882094,0.2934964811894691,0.40900131479015417,0.7673641534973124,0.007874015748031496,0.0,0.363995289189016,,1,15,127,45
h20_d07,LogisticRegressionL2,20,4402,127,0.41547619047619044,0.10283482507882094,0.2934964811894691,0.40900131479015417,0.7673641534973124,0.007874015748031496,0.0,0.363995289189016,,1,15,127,46
h20_d07,LightGbmTuned,20,4402,127,0.319047619047619,0.09591866546350598,0.28824884300702835,0.40069790012500117,0.6750411503374886,0.0,,,,0,15,127,42
h20_d07,LightGbmTuned,20,4402,127,0.319047619047619,0.09591866546350598,0.28824884300702835,0.40069790012500117,0.6750411503374886,0.0,,,,0,15,127,43
h20_d07,LightGbmTuned,20,4402,127,0.319047619047619,0.09591866546350598,0.28824884300702835,0.40069790012500117,0.6750411503374886,0.0,,,,0,15,127,44
h20_d07,LightGbmTuned,20,4402,127,0.319047619047619,0.09591866546350598,0.28824884300702835,0.40069790012500117,0.6750411503374886,0.0,,,,0,15,127,45
h20_d07,LightGbmTuned,20,4402,127,0.319047619047619,0.09591866546350598,0.28824884300702835,0.40069790012500117,0.6750411503374886,0.0,,,,0,15,127,46
h20_d07,NaiveBaseRate,21,4529,123,0.5,0.3008130081300813,0.23555439002876205,0.1588390624467075,0.14197394568337382,0.0,,,,0,37,123,42
h20_d07,NaiveBaseRate,21,4529,123,0.5,0.3008130081300813,0.23555439002876205,0.1588390624467075,0.14197394568337382,0.0,,,,0,37,123,43
h20_d07,NaiveBaseRate,21,4529,123,0.5,0.3008130081300813,0.23555439002876205,0.1588390624467075,0.14197394568337382,0.0,,,,0,37,123,44
h20_d07,NaiveBaseRate,21,4529,123,0.5,0.3008130081300813,0.23555439002876205,0.1588390624467075,0.14197394568337382,0.0,,,,0,37,123,45
h20_d07,NaiveBaseRate,21,4529,123,0.5,0.3008130081300813,0.23555439002876205,0.1588390624467075,0.14197394568337382,0.0,,,,0,37,123,46
h20_d07,VIXPercentileRaw,21,4529,123,0.4676304211187932,0.27886998054917145,0.3495363915008342,0.33425243283123934,0.9500110399646721,0.032520325203252036,0.0,0.30689296351718187,,4,37,123,42
h20_d07,VIXPercentileRaw,21,4529,123,0.4676304211187932,0.27886998054917145,0.3495363915008342,0.33425243283123934,0.9500110399646721,0.032520325203252036,0.0,0.30689296351718187,,4,37,123,43
h20_d07,VIXPercentileRaw,21,4529,123,0.4676304211187932,0.27886998054917145,0.3495363915008342,0.33425243283123934,0.9500110399646721,0.032520325203252036,0.0,0.30689296351718187,,4,37,123,44
h20_d07,VIXPercentileRaw,21,4529,123,0.4676304211187932,0.27886998054917145,0.3495363915008342,0.33425243283123934,0.9500110399646721,0.032520325203252036,0.0,0.30689296351718187,,4,37,123,45
h20_d07,VIXPercentileRaw,21,4529,123,0.4676304211187932,0.27886998054917145,0.3495363915008342,0.33425243283123934,0.9500110399646721,0.032520325203252036,0.0,0.30689296351718187,,4,37,123,46
h20_d07,VIXPercentileCalibrated,21,4529,123,0.4879006913890635,0.29451418636352256,0.23340174764031604,0.14506433993449458,0.2301444043321299,0.008130081300813009,0.0,0.6649057940823204,,1,37,123,42
h20_d07,VIXPercentileCalibrated,21,4529,123,0.4879006913890635,0.29451418636352256,0.23340174764031604,0.14506433993449458,0.2301444043321299,0.008130081300813009,0.0,0.6649057940823204,,1,37,123,43
h20_d07,VIXPercentileCalibrated,21,4529,123,0.4879006913890635,0.29451418636352256,0.23340174764031604,0.14506433993449458,0.2301444043321299,0.008130081300813009,0.0,0.6649057940823204,,1,37,123,44
h20_d07,VIXPercentileCalibrated,21,4529,123,0.4879006913890635,0.29451418636352256,0.23340174764031604,0.14506433993449458,0.2301444043321299,0.008130081300813009,0.0,0.6649057940823204,,1,37,123,45
h20_d07,VIXPercentileCalibrated,21,4529,123,0.4879006913890635,0.29451418636352256,0.23340174764031604,0.14506433993449458,0.2301444043321299,0.008130081300813009,0.0,0.6649057940823204,,1,37,123,46
h20_d07,HarRvThreshold,21,4529,123,0.441722972972973,0.31557247373560526,0.35251045098372386,0.35137291910734975,0.08697676566734178,0.19801980198019803,0.05,0.2899232818615725,0.6629468797665741,20,37,101,42
h20_d07,HarRvThreshold,21,4529,123,0.441722972972973,0.31557247373560526,0.35251045098372386,0.35137291910734975,0.08697676566734178,0.19801980198019803,0.05,0.2899232818615725,0.6629468797665741,20,37,101,43
h20_d07,HarRvThreshold,21,4529,123,0.441722972972973,0.31557247373560526,0.35251045098372386,0.35137291910734975,0.08697676566734178,0.19801980198019803,0.05,0.2899232818615725,0.6629468797665741,20,37,101,44
h20_d07,HarRvThreshold,21,4529,123,0.441722972972973,0.31557247373560526,0.35251045098372386,0.35137291910734975,0.08697676566734178,0.19801980198019803,0.05,0.2899232818615725,0.6629468797665741,20,37,101,45
h20_d07,HarRvThreshold,21,4529,123,0.441722972972973,0.31557247373560526,0.35251045098372386,0.35137291910734975,0.08697676566734178,0.19801980198019803,0.05,0.2899232818615725,0.6629468797665741,20,37,101,46
h20_d07,LogisticRegressionL2,21,4529,123,0.4050911376492772,0.24722962569602713,0.33512819870283145,0.2699402357130524,0.7612718918093069,0.13008130081300814,0.0,0.32985863349645156,,16,37,123,42
h20_d07,LogisticRegressionL2,21,4529,123,0.4050911376492772,0.24722962569602713,0.33512819870283145,0.2699402357130524,0.7612718918093069,0.13008130081300814,0.0,0.32985863349645156,,16,37,123,43
h20_d07,LogisticRegressionL2,21,4529,123,0.4050911376492772,0.24722962569602713,0.33512819870283145,0.2699402357130524,0.7612718918093069,0.13008130081300814,0.0,0.32985863349645156,,16,37,123,44
h20_d07,LogisticRegressionL2,21,4529,123,0.4050911376492772,0.24722962569602713,0.33512819870283145,0.2699402357130524,0.7612718918093069,0.13008130081300814,0.0,0.32985863349645156,,16,37,123,45
h20_d07,LogisticRegressionL2,21,4529,123,0.4050911376492772,0.24722962569602713,0.33512819870283145,0.2699402357130524,0.7612718918093069,0.13008130081300814,0.0,0.32985863349645156,,16,37,123,46
h20_d07,LightGbmTuned,21,4529,123,0.5491829038340665,0.35690706317563237,0.26701233836295457,0.23755028738827128,0.6706845376926388,0.08130081300813008,0.0,0.5133132628680069,,10,37,123,42
h20_d07,LightGbmTuned,21,4529,123,0.5491829038340665,0.35690706317563237,0.26701233836295457,0.23755028738827128,0.6706845376926388,0.08130081300813008,0.0,0.5133132628680069,,10,37,123,43
h20_d07,LightGbmTuned,21,4529,123,0.5491829038340665,0.35690706317563237,0.26701233836295457,0.23755028738827128,0.6706845376926388,0.08130081300813008,0.0,0.5133132628680069,,10,37,123,44
h20_d07,LightGbmTuned,21,4529,123,0.5491829038340665,0.35690706317563237,0.26701233836295457,0.23755028738827128,0.6706845376926388,0.08130081300813008,0.0,0.5133132628680069,,10,37,123,45
h20_d07,LightGbmTuned,21,4529,123,0.5491829038340665,0.35690706317563237,0.26701233836295457,0.23755028738827128,0.6706845376926388,0.08130081300813008,0.0,0.5133132628680069,,10,37,123,46
h20_d07,NaiveBaseRate,22,4652,127,0.5,0.023622047244094488,0.03808295096045955,0.122551641491933,0.1461736887360275,0.0,,,,0,3,127,42
h20_d07,NaiveBaseRate,22,4652,127,0.5,0.023622047244094488,0.03808295096045955,0.122551641491933,0.1461736887360275,0.0,,,,0,3,127,43
h20_d07,NaiveBaseRate,22,4652,127,0.5,0.023622047244094488,0.03808295096045955,0.122551641491933,0.1461736887360275,0.0,,,,0,3,127,44
h20_d07,NaiveBaseRate,22,4652,127,0.5,0.023622047244094488,0.03808295096045955,0.122551641491933,0.1461736887360275,0.0,,,,0,3,127,45
h20_d07,NaiveBaseRate,22,4652,127,0.5,0.023622047244094488,0.03808295096045955,0.122551641491933,0.1461736887360275,0.0,,,,0,3,127,46
h20_d07,VIXPercentileRaw,22,4652,127,0.7580645161290323,0.0611879160266257,0.25591474511527823,0.46712107568669137,0.9500107480653482,0.0,,,,0,3,127,42
h20_d07,VIXPercentileRaw,22,4652,127,0.7580645161290323,0.0611879160266257,0.25591474511527823,0.46712107568669137,0.9500107480653482,0.0,,,,0,3,127,43
h20_d07,VIXPercentileRaw,22,4652,127,0.7580645161290323,0.0611879160266257,0.25591474511527823,0.46712107568669137,0.9500107480653482,0.0,,,,0,3,127,44
h20_d07,VIXPercentileRaw,22,4652,127,0.7580645161290323,0.0611879160266257,0.25591474511527823,0.46712107568669137,0.9500107480653482,0.0,,,,0,3,127,45
h20_d07,VIXPercentileRaw,22,4652,127,0.7580645161290323,0.0611879160266257,0.25591474511527823,0.46712107568669137,0.9500107480653482,0.0,,,,0,3,127,46
h20_d07,VIXPercentileCalibrated,22,4652,127,0.8024193548387097,0.08108108108108109,0.03588831634317154,0.11162354055722842,0.23149741824440626,0.0,,,,0,3,127,42
h20_d07,VIXPercentileCalibrated,22,4652,127,0.8024193548387097,0.08108108108108109,0.03588831634317154,0.11162354055722842,0.23149741824440626,0.0,,,,0,3,127,43
h20_d07,VIXPercentileCalibrated,22,4652,127,0.8024193548387097,0.08108108108108109,0.03588831634317154,0.11162354055722842,0.23149741824440626,0.0,,,,0,3,127,44
h20_d07,VIXPercentileCalibrated,22,4652,127,0.8024193548387097,0.08108108108108109,0.03588831634317154,0.11162354055722842,0.23149741824440626,0.0,,,,0,3,127,45
h20_d07,VIXPercentileCalibrated,22,4652,127,0.8024193548387097,0.08108108108108109,0.03588831634317154,0.11162354055722842,0.23149741824440626,0.0,,,,0,3,127,46
h20_d07,HarRvThreshold,22,4652,127,0.6437908496732025,0.050173815119467294,0.027984766341168865,0.015048766152342843,0.08842024131470644,0.0,,,,0,3,105,42
h20_d07,HarRvThreshold,22,4652,127,0.6437908496732025,0.050173815119467294,0.027984766341168865,0.015048766152342843,0.08842024131470644,0.0,,,,0,3,105,43
h20_d07,HarRvThreshold,22,4652,127,0.6437908496732025,0.050173815119467294,0.027984766341168865,0.015048766152342843,0.08842024131470644,0.0,,,,0,3,105,44
h20_d07,HarRvThreshold,22,4652,127,0.6437908496732025,0.050173815119467294,0.027984766341168865,0.015048766152342843,0.08842024131470644,0.0,,,,0,3,105,45
h20_d07,HarRvThreshold,22,4652,127,0.6437908496732025,0.050173815119467294,0.027984766341168865,0.015048766152342843,0.08842024131470644,0.0,,,,0,3,105,46
h20_d07,LogisticRegressionL2,22,4652,127,0.7795698924731183,0.06715133216801739,0.16813258843885767,0.3685378507709919,0.758599140620546,0.0,,,,0,3,127,42
h20_d07,LogisticRegressionL2,22,4652,127,0.7795698924731183,0.06715133216801739,0.16813258843885767,0.3685378507709919,0.758599140620546,0.0,,,,0,3,127,43
h20_d07,LogisticRegressionL2,22,4652,127,0.7795698924731183,0.06715133216801739,0.16813258843885767,0.3685378507709919,0.758599140620546,0.0,,,,0,3,127,44
h20_d07,LogisticRegressionL2,22,4652,127,0.7795698924731183,0.06715133216801739,0.16813258843885767,0.3685378507709919,0.758599140620546,0.0,,,,0,3,127,45
h20_d07,LogisticRegressionL2,22,4652,127,0.7795698924731183,0.06715133216801739,0.16813258843885767,0.3685378507709919,0.758599140620546,0.0,,,,0,3,127,46
h20_d07,LightGbmTuned,22,4652,127,0.8266129032258065,0.12,0.17170104017547977,0.38246017954099,0.6773968577107085,0.0,,,,0,3,127,42
h20_d07,LightGbmTuned,22,4652,127,0.8266129032258065,0.12,0.17170104017547977,0.38246017954099,0.6773968577107085,0.0,,,,0,3,127,43
h20_d07,LightGbmTuned,22,4652,127,0.8266129032258065,0.12,0.17170104017547977,0.38246017954099,0.6773968577107085,0.0,,,,0,3,127,44
h20_d07,LightGbmTuned,22,4652,127,0.8266129032258065,0.12,0.17170104017547977,0.38246017954099,0.6773968577107085,0.0,,,,0,3,127,45
h20_d07,LightGbmTuned,22,4652,127,0.8266129032258065,0.12,0.17170104017547977,0.38246017954099,0.6773968577107085,0.0,,,,0,3,127,46
