stress_def,fold_id,train_end,feature,psi,sym_kl
h5_d03,1,2014-12-31,ret_1d,0.07667957024469647,0.073034893954295
h5_d03,1,2014-12-31,ret_5d,0.11518945145051047,0.12349942979550692
h5_d03,1,2014-12-31,ret_10d,0.36465736114882025,0.38910128797837074
h5_d03,1,2014-12-31,ret_20d,0.6533808226004503,0.6603370705349257
h5_d03,1,2014-12-31,logret_1d,0.07667957024469647,0.073034893954295
h5_d03,1,2014-12-31,rv_10d,1.4881435544647406,1.58291708461466
h5_d03,1,2014-12-31,rv_20d,1.4235245101225935,1.6096648163520089
h5_d03,1,2014-12-31,drawdown_20d,0.35401009639043846,0.3037094473126486
h5_d03,1,2014-12-31,vix_chg_1d,0.0876674482671983,0.09710067128186703
h5_d03,1,2014-12-31,vix_chg_5d,0.07733171194495538,0.08537538267098421
h5_d03,1,2014-12-31,vix_pctchg_5d,0.021092922505311782,0.02085529683336547
h5_d03,1,2014-12-31,vix_pctile_252d,2.988527119533244,3.383289872317275
h5_d03,1,2014-12-31,vix9d_chg_1d,0.05426164685159246,0.06509747260031395
h5_d03,1,2014-12-31,vix9d_chg_5d,0.11339798856243365,0.09575943265715306
h5_d03,1,2014-12-31,vix9d_pctchg_5d,0.09137288797201815,0.12367786094518946
h5_d03,1,2014-12-31,vix9d_pctile_252d,0.7134980741020429,1.9045766463925498
h5_d03,1,2014-12-31,vix3m_chg_1d,0.12214946621807496,0.08102916606006924
h5_d03,1,2014-12-31,vix3m_chg_5d,0.17848248083933574,0.1701971055605016
h5_d03,1,2014-12-31,vix3m_pctchg_5d,0.12435743906309067,0.1033806711860034
h5_d03,1,2014-12-31,vix3m_pctile_252d,5.0676548478048975,4.731322172378402
h5_d03,1,2014-12-31,vix6m_chg_1d,0.154119251605362,0.12729012307845247
h5_d03,1,2014-12-31,vix6m_chg_5d,0.20433658545674246,0.1912812950393425
h5_d03,1,2014-12-31,vix6m_pctchg_5d,0.1303825300229024,0.14370450305842605
h5_d03,1,2014-12-31,vix6m_pctile_252d,5.090091542736838,4.918407394515061
h5_d03,1,2014-12-31,vix3m_minus_vix,0.46485220366533153,0.4631221507708688
h5_d03,1,2014-12-31,ratio_vix_vix3m,0.39536096283628225,0.367512310801744
h5_d03,1,2014-12-31,curve_inversion,0.0,0.0
h5_d03,1,2014-12-31,vix6m_minus_vix,1.4436925587537424,1.5404968031414177
h5_d03,1,2014-12-31,vix9d_minus_vix,0.17671495776372328,0.17637828604388311
h5_d03,1,2014-12-31,ratio_vix9d_vix,0.1834429125495426,0.2399908649131492
h5_d03,1,2014-12-31,short_end_spike,0.03248948494984294,0.03248948494984294
h5_d03,1,2014-12-31,vvix_chg_1d,0.18429478668581117,0.17455885158119405
h5_d03,1,2014-12-31,vvix_chg_5d,0.07650907061916683,0.07521536393928094
h5_d03,1,2014-12-31,vvix_pctchg_5d,0.09320034739110697,0.09712300805025118
h5_d03,1,2014-12-31,vvix_pctile_252d,1.6448108042802785,1.8076447862579803
h5_d03,2,2015-06-30,ret_1d,0.18710437824536136,0.20992785987714177
h5_d03,2,2015-06-30,ret_5d,0.09997686699174689,0.08145347976293196
h5_d03,2,2015-06-30,ret_10d,0.25573194188404186,0.2625496787395861
h5_d03,2,2015-06-30,ret_20d,0.3156186295906633,0.38079160955273206
h5_d03,2,2015-06-30,logret_1d,0.18710437824536136,0.20992785987714177
h5_d03,2,2015-06-30,rv_10d,2.6943098809700916,2.9700515230182107
h5_d03,2,2015-06-30,rv_20d,3.9588867784517827,3.173404976429157
h5_d03,2,2015-06-30,drawdown_20d,0.276187742413519,0.337760870076203
h5_d03,2,2015-06-30,vix_chg_1d,0.25840999688114485,0.2664177625259573
h5_d03,2,2015-06-30,vix_chg_5d,0.18227279890296563,0.17771176684927067
h5_d03,2,2015-06-30,vix_pctchg_5d,0.2041535486893582,0.2236232827479634
h5_d03,2,2015-06-30,vix_pctile_252d,1.8789247910746991,0.8660701784192288
h5_d03,2,2015-06-30,vix9d_chg_1d,0.15273341990069797,0.1544267417553283
h5_d03,2,2015-06-30,vix9d_chg_5d,0.10125665118038567,0.08997939055443649
h5_d03,2,2015-06-30,vix9d_pctchg_5d,0.10763385093780972,0.12351325724524087
h5_d03,2,2015-06-30,vix9d_pctile_252d,0.7799515986792064,0.8712892723374442
h5_d03,2,2015-06-30,vix3m_chg_1d,0.28396806231347804,0.24275974565653388
h5_d03,2,2015-06-30,vix3m_chg_5d,0.18140760444893814,0.14996672843110728
h5_d03,2,2015-06-30,vix3m_pctchg_5d,0.13581790815899053,0.15548272576112854
h5_d03,2,2015-06-30,vix3m_pctile_252d,2.9656373945356953,3.311075204687385
h5_d03,2,2015-06-30,vix6m_chg_1d,0.21504901033190776,0.23060681464582014
h5_d03,2,2015-06-30,vix6m_chg_5d,0.07617410458762966,0.07861729517049953
h5_d03,2,2015-06-30,vix6m_pctchg_5d,0.17623565714240458,0.13719325594159265
h5_d03,2,2015-06-30,vix6m_pctile_252d,3.343577247632328,3.7797494405188257
h5_d03,2,2015-06-30,vix3m_minus_vix,0.4477106630414831,0.43401619153702276
h5_d03,2,2015-06-30,ratio_vix_vix3m,0.4020359092169763,0.43349093756504464
h5_d03,2,2015-06-30,curve_inversion,0.0,0.0
h5_d03,2,2015-06-30,vix6m_minus_vix,1.3943674679225613,1.6009893777700355
h5_d03,2,2015-06-30,vix9d_minus_vix,0.03417375714075808,0.038247936150405545
h5_d03,2,2015-06-30,ratio_vix9d_vix,0.11584215166207082,0.09984433082074376
h5_d03,2,2015-06-30,short_end_spike,0.0009413923630775626,0.0009413923630774337
h5_d03,2,2015-06-30,vvix_chg_1d,0.2524756617885477,0.2692626777803232
h5_d03,2,2015-06-30,vvix_chg_5d,0.2653802064045838,0.23517195061633883
h5_d03,2,2015-06-30,vvix_pctchg_5d,0.13610068835001585,0.12300998302827465
h5_d03,2,2015-06-30,vvix_pctile_252d,1.5728742551470662,1.8209501443465264
h5_d03,3,2015-12-30,ret_1d,0.06968248505718552,0.07319393067206309
h5_d03,3,2015-12-30,ret_5d,0.048331373583442645,0.05647430299292664
h5_d03,3,2015-12-30,ret_10d,0.059954095851005286,0.06415143355002426
h5_d03,3,2015-12-30,ret_20d,0.230769930739503,0.21250517277082026
h5_d03,3,2015-12-30,logret_1d,0.06968248505718552,0.07319393067206309
h5_d03,3,2015-12-30,rv_10d,0.3837086594286952,0.3293897496955655
h5_d03,3,2015-12-30,rv_20d,0.7865239377372585,0.7623762451372231
h5_d03,3,2015-12-30,drawdown_20d,0.11311583939288967,0.1011135083388008
h5_d03,3,2015-12-30,vix_chg_1d,0.12168971624150142,0.11558854293935025
h5_d03,3,2015-12-30,vix_chg_5d,0.09898192639707928,0.1001432961286641
h5_d03,3,2015-12-30,vix_pctchg_5d,0.0946680048379199,0.06998039796113287
h5_d03,3,2015-12-30,vix_pctile_252d,1.4797377293573275,1.5245382071634266
h5_d03,3,2015-12-30,vix9d_chg_1d,0.06879106192419063,0.051133027080470565
h5_d03,3,2015-12-30,vix9d_chg_5d,0.07184420470216626,0.07626458838130987
h5_d03,3,2015-12-30,vix9d_pctchg_5d,0.05361445693088407,0.0636776269011893
h5_d03,3,2015-12-30,vix9d_pctile_252d,0.18087886594185726,0.15438088703808855
h5_d03,3,2015-12-30,vix3m_chg_1d,0.09147028317615913,0.06400352560438466
h5_d03,3,2015-12-30,vix3m_chg_5d,0.14237517250932996,0.14274550182427853
h5_d03,3,2015-12-30,vix3m_pctchg_5d,0.11103659193127066,0.11725960250953878
h5_d03,3,2015-12-30,vix3m_pctile_252d,3.6284196157833235,2.841302312059438
h5_d03,3,2015-12-30,vix6m_chg_1d,0.130914658748572,0.11619861787156924
h5_d03,3,2015-12-30,vix6m_chg_5d,0.15574686489708975,0.12341513799000979
h5_d03,3,2015-12-30,vix6m_pctchg_5d,0.12647057040015974,0.11928663890940439
h5_d03,3,2015-12-30,vix6m_pctile_252d,3.707860515178118,4.169994956976311
h5_d03,3,2015-12-30,vix3m_minus_vix,0.4284004674882036,0.4409338200756153
h5_d03,3,2015-12-30,ratio_vix_vix3m,0.40094909726829814,0.4414661303364954
h5_d03,3,2015-12-30,curve_inversion,0.0,0.0
h5_d03,3,2015-12-30,vix6m_minus_vix,0.6841972438641342,0.7257234150930191
h5_d03,3,2015-12-30,vix9d_minus_vix,0.11936122940283546,0.13360601711328748
h5_d03,3,2015-12-30,ratio_vix9d_vix,0.10659263436126425,0.09972951990525614
h5_d03,3,2015-12-30,short_end_spike,0.01889726112555786,0.018897261125558007
h5_d03,3,2015-12-30,vvix_chg_1d,0.010722434814849132,0.010139850127213936
h5_d03,3,2015-12-30,vvix_chg_5d,0.057558265444510884,0.07511922995393444
h5_d03,3,2015-12-30,vvix_pctchg_5d,0.025784586790244785,0.03418183938461942
h5_d03,3,2015-12-30,vvix_pctile_252d,0.24822261640882237,0.23423081027446324
h5_d03,4,2016-06-30,ret_1d,0.3137659428914714,0.33286344354086556
h5_d03,4,2016-06-30,ret_5d,0.38820328372447765,0.4112276851666624
h5_d03,4,2016-06-30,ret_10d,1.2962877019857817,1.3839501722540362
h5_d03,4,2016-06-30,ret_20d,1.3030809752711432,0.42986674971884486
h5_d03,4,2016-06-30,logret_1d,0.3137659428914714,0.33286344354086556
h5_d03,4,2016-06-30,rv_10d,0.8060381263765692,0.8142392391558536
h5_d03,4,2016-06-30,rv_20d,2.0236542940781783,2.057734099126011
h5_d03,4,2016-06-30,drawdown_20d,1.4107975053248423,1.5027861730937455
h5_d03,4,2016-06-30,vix_chg_1d,0.169285054546543,0.1737109094459198
h5_d03,4,2016-06-30,vix_chg_5d,0.04711855619752633,0.04720663749119449
h5_d03,4,2016-06-30,vix_pctchg_5d,0.07148867385796265,0.05668879880446665
h5_d03,4,2016-06-30,vix_pctile_252d,0.6576498233395189,0.6141656263496336
h5_d03,4,2016-06-30,vix9d_chg_1d,0.19453505375146413,0.18453626555265365
h5_d03,4,2016-06-30,vix9d_chg_5d,0.09398489217915465,0.11289093104146397
h5_d03,4,2016-06-30,vix9d_pctchg_5d,0.09600050245679737,0.08683034461631373
h5_d03,4,2016-06-30,vix9d_pctile_252d,0.5664865165871956,0.507053101433552
h5_d03,4,2016-06-30,vix3m_chg_1d,0.29497274987254013,0.28078338797702207
h5_d03,4,2016-06-30,vix3m_chg_5d,0.12305487738641764,0.12590484403758323
h5_d03,4,2016-06-30,vix3m_pctchg_5d,0.09240928277453987,0.10463408218912845
h5_d03,4,2016-06-30,vix3m_pctile_252d,1.9922785510490977,2.0780627644083585
h5_d03,4,2016-06-30,vix6m_chg_1d,0.3292574708231004,0.3565072359699649
h5_d03,4,2016-06-30,vix6m_chg_5d,0.22125787920491607,0.2035127258604964
h5_d03,4,2016-06-30,vix6m_pctchg_5d,0.18060678518824935,0.17346884731571272
h5_d03,4,2016-06-30,vix6m_pctile_252d,2.3901734627714797,2.4178269557722176
h5_d03,4,2016-06-30,vix3m_minus_vix,1.1862177041485786,1.187933993896892
h5_d03,4,2016-06-30,ratio_vix_vix3m,2.426744181332836,1.7667189179495888
h5_d03,4,2016-06-30,curve_inversion,0.0,0.0
h5_d03,4,2016-06-30,vix6m_minus_vix,1.110674763782331,1.2245576495670594
h5_d03,4,2016-06-30,vix9d_minus_vix,0.5655208142074105,0.5787113188107447
h5_d03,4,2016-06-30,ratio_vix9d_vix,0.8836620572796111,0.8855904616342554
h5_d03,4,2016-06-30,short_end_spike,0.19562691646968508,0.1956269164696851
h5_d03,4,2016-06-30,vvix_chg_1d,0.07320776576536973,0.061660449631396066
h5_d03,4,2016-06-30,vvix_chg_5d,0.0977297952528069,0.1117551255644226
h5_d03,4,2016-06-30,vvix_pctchg_5d,0.09536996613683724,0.08834235470955044
h5_d03,4,2016-06-30,vvix_pctile_252d,0.35671644196217944,0.37821372682655235
h5_d03,5,2016-12-30,ret_1d,0.6192393340669392,0.5878954238158804
h5_d03,5,2016-12-30,ret_5d,2.519933122544656,1.7429273409334338
h5_d03,5,2016-12-30,ret_10d,2.802302189969901,2.937026834316347
h5_d03,5,2016-12-30,ret_20d,1.720165369275551,1.8451410724245008
h5_d03,5,2016-12-30,logret_1d,0.6192393340669392,0.5878954238158804
h5_d03,5,2016-12-30,rv_10d,5.445707699880302,5.849810736156756
h5_d03,5,2016-12-30,rv_20d,9.747711243105954,10.192388678112277
h5_d03,5,2016-12-30,drawdown_20d,2.5561943747161786,2.7054728331075233
h5_d03,5,2016-12-30,vix_chg_1d,0.5279587689294347,0.5529924329873166
h5_d03,5,2016-12-30,vix_chg_5d,0.4860596369039249,0.45446667368037974
h5_d03,5,2016-12-30,vix_pctchg_5d,0.18874738132324095,0.21130750216938315
h5_d03,5,2016-12-30,vix_pctile_252d,2.0899038614155834,1.1024582784708463
h5_d03,5,2016-12-30,vix9d_chg_1d,0.26182878540367605,0.27949674068128133
h5_d03,5,2016-12-30,vix9d_chg_5d,0.28162468977741417,0.2905664061538066
h5_d03,5,2016-12-30,vix9d_pctchg_5d,0.04811388300744627,0.05647007043169664
h5_d03,5,2016-12-30,vix9d_pctile_252d,0.5409850056715424,0.5365875177556658
h5_d03,5,2016-12-30,vix3m_chg_1d,0.6508685675714981,0.6705068042280105
h5_d03,5,2016-12-30,vix3m_chg_5d,0.601886774559172,0.62839517158537
h5_d03,5,2016-12-30,vix3m_pctchg_5d,0.20860745779520184,0.21585663675855749
h5_d03,5,2016-12-30,vix3m_pctile_252d,4.758601430576848,5.078842798985559
h5_d03,5,2016-12-30,vix6m_chg_1d,0.6431206692527689,0.6681580013210233
h5_d03,5,2016-12-30,vix6m_chg_5d,0.6741459362170297,0.7203603140902566
h5_d03,5,2016-12-30,vix6m_pctchg_5d,0.2587666410832129,0.26258196212568263
h5_d03,5,2016-12-30,vix6m_pctile_252d,6.970367978444699,6.4815804388549605
h5_d03,5,2016-12-30,vix3m_minus_vix,0.6981514726002155,0.7547295016177392
h5_d03,5,2016-12-30,ratio_vix_vix3m,2.205756620097525,2.2381874141551545
h5_d03,5,2016-12-30,curve_inversion,0.0,0.0
h5_d03,5,2016-12-30,vix6m_minus_vix,0.7594748931074806,0.6930117304803712
h5_d03,5,2016-12-30,vix9d_minus_vix,0.4158092949956711,0.4516568892257025
h5_d03,5,2016-12-30,ratio_vix9d_vix,0.8194958131503284,0.8836904708624675
h5_d03,5,2016-12-30,short_end_spike,0.3007293638039187,0.3007293638039187
h5_d03,5,2016-12-30,vvix_chg_1d,0.1106917231833952,0.11097421561958364
h5_d03,5,2016-12-30,vvix_chg_5d,0.048340167577917356,0.05339912614842281
h5_d03,5,2016-12-30,vvix_pctchg_5d,0.08554228911918267,0.048586309175013095
h5_d03,5,2016-12-30,vvix_pctile_252d,0.4472517840390668,0.43382050063539696
h5_d03,6,2017-06-30,ret_1d,0.7408148824121176,0.7774467315121216
h5_d03,6,2017-06-30,ret_5d,2.704612074430897,2.7893360214269696
h5_d03,6,2017-06-30,ret_10d,2.7404773993257634,1.9560974818326033
h5_d03,6,2017-06-30,ret_20d,2.6935046556804045,1.9010426595384977
h5_d03,6,2017-06-30,logret_1d,0.7408148824121176,0.7774467315121216
h5_d03,6,2017-06-30,rv_10d,4.4324778869817525,4.8160946565287475
h5_d03,6,2017-06-30,rv_20d,7.016468974262192,7.4197030595344415
h5_d03,6,2017-06-30,drawdown_20d,2.7086380886569854,2.8547110057443086
h5_d03,6,2017-06-30,vix_chg_1d,0.4152167796591877,0.45030985186237227
h5_d03,6,2017-06-30,vix_chg_5d,0.40721339689073643,0.4054130927776356
h5_d03,6,2017-06-30,vix_pctchg_5d,0.08699756777263201,0.09382876468645962
h5_d03,6,2017-06-30,vix_pctile_252d,0.335404342655907,0.37012566306405603
h5_d03,6,2017-06-30,vix9d_chg_1d,0.43936741731258666,0.43582016485051134
h5_d03,6,2017-06-30,vix9d_chg_5d,0.5461879333036834,0.5157640147139818
h5_d03,6,2017-06-30,vix9d_pctchg_5d,0.04589498283081435,0.043255491314610914
h5_d03,6,2017-06-30,vix9d_pctile_252d,0.2145897097888226,0.22329372459296987
h5_d03,6,2017-06-30,vix3m_chg_1d,0.5887527261994978,0.5775792838885521
h5_d03,6,2017-06-30,vix3m_chg_5d,0.5612884592683938,0.5683372881317963
h5_d03,6,2017-06-30,vix3m_pctchg_5d,0.18979625833033104,0.20697506442585578
h5_d03,6,2017-06-30,vix3m_pctile_252d,1.3793181401130388,0.4786370984802102
h5_d03,6,2017-06-30,vix6m_chg_1d,0.5901851379852985,0.5908840792427164
h5_d03,6,2017-06-30,vix6m_chg_5d,0.5704367476384041,0.6214691709310303
h5_d03,6,2017-06-30,vix6m_pctchg_5d,0.2708075862853062,0.2645948254366865
h5_d03,6,2017-06-30,vix6m_pctile_252d,1.7002809457376842,1.8068318818620839
h5_d03,6,2017-06-30,vix3m_minus_vix,1.1214713992907663,1.1462167003566068
h5_d03,6,2017-06-30,ratio_vix_vix3m,2.757917255148902,2.7546088957794232
h5_d03,6,2017-06-30,curve_inversion,0.0,0.0
h5_d03,6,2017-06-30,vix6m_minus_vix,1.1456528456480215,1.2215064862297877
h5_d03,6,2017-06-30,vix9d_minus_vix,0.8840464381367064,0.9222255664772548
h5_d03,6,2017-06-30,ratio_vix9d_vix,1.2121213892057152,1.2499770638834895
h5_d03,6,2017-06-30,short_end_spike,0.5506158751268363,0.5506158751268363
h5_d03,6,2017-06-30,vvix_chg_1d,0.06243438074055385,0.08474556522705387
h5_d03,6,2017-06-30,vvix_chg_5d,0.10526425569002518,0.12443256467137905
h5_d03,6,2017-06-30,vvix_pctchg_5d,0.11092675741927,0.14285964077659208
h5_d03,6,2017-06-30,vvix_pctile_252d,0.8906207518085181,1.0103732628579867
h5_d03,7,2017-12-30,ret_1d,0.14446303150006848,0.13033945816678133
h5_d03,7,2017-12-30,ret_5d,0.09869375918483005,0.10629312657915199
h5_d03,7,2017-12-30,ret_10d,0.14576508691749013,0.10814937330951863
h5_d03,7,2017-12-30,ret_20d,0.2050851697618581,0.209428550963827
h5_d03,7,2017-12-30,logret_1d,0.14446303150006848,0.13033945816678133
h5_d03,7,2017-12-30,rv_10d,0.27303625219686634,0.2652760249563546
h5_d03,7,2017-12-30,rv_20d,0.593829560155474,0.4795552138278315
h5_d03,7,2017-12-30,drawdown_20d,0.26381420524631,0.26721025292137507
h5_d03,7,2017-12-30,vix_chg_1d,0.16146196048719758,0.16297781995195676
h5_d03,7,2017-12-30,vix_chg_5d,0.17488972709080583,0.16748214159161545
h5_d03,7,2017-12-30,vix_pctchg_5d,0.31859665673601334,0.3284300292221645
h5_d03,7,2017-12-30,vix_pctile_252d,3.9377679259435947,3.0015463617208127
h5_d03,7,2017-12-30,vix9d_chg_1d,0.10716830237733953,0.09897425471441412
h5_d03,7,2017-12-30,vix9d_chg_5d,0.08713584507304278,0.09246354677887185
h5_d03,7,2017-12-30,vix9d_pctchg_5d,0.1486046522139801,0.17145398224284694
h5_d03,7,2017-12-30,vix9d_pctile_252d,2.832732574705914,3.9454194319294213
h5_d03,7,2017-12-30,vix3m_chg_1d,0.0941948371494589,0.11009615068091685
h5_d03,7,2017-12-30,vix3m_chg_5d,0.11343813672750468,0.12942637684124536
h5_d03,7,2017-12-30,vix3m_pctchg_5d,0.23978550467332108,0.26742037495800286
h5_d03,7,2017-12-30,vix3m_pctile_252d,3.818537428620246,4.1348311221021445
h5_d03,7,2017-12-30,vix6m_chg_1d,0.12164402739051006,0.11607960345499174
h5_d03,7,2017-12-30,vix6m_chg_5d,0.07414972498667385,0.0780986991526115
h5_d03,7,2017-12-30,vix6m_pctchg_5d,0.1336451805207596,0.13680103217852965
h5_d03,7,2017-12-30,vix6m_pctile_252d,3.689695871960521,3.98873143203777
h5_d03,7,2017-12-30,vix3m_minus_vix,1.7431804837425688,0.738858841433662
h5_d03,7,2017-12-30,ratio_vix_vix3m,0.4200525960851391,0.3885066401616143
h5_d03,7,2017-12-30,curve_inversion,0.0,0.0
h5_d03,7,2017-12-30,vix6m_minus_vix,1.8255207775998445,1.975308546480566
h5_d03,7,2017-12-30,vix9d_minus_vix,0.2235090663401245,0.15565033395959726
h5_d03,7,2017-12-30,ratio_vix9d_vix,0.17360792848002246,0.19713238885092682
h5_d03,7,2017-12-30,short_end_spike,0.026626971988528855,0.026626971988528897
h5_d03,7,2017-12-30,vvix_chg_1d,0.22259309510072817,0.22660916320685034
h5_d03,7,2017-12-30,vvix_chg_5d,0.08335833630355992,0.09728731438998636
h5_d03,7,2017-12-30,vvix_pctchg_5d,0.09176864558254758,0.10223421473934077
h5_d03,7,2017-12-30,vvix_pctile_252d,1.5787341330992464,1.7265646637084222
h5_d03,8,2018-06-30,ret_1d,0.08549521744044176,0.09711388289790307
h5_d03,8,2018-06-30,ret_5d,0.10987072531525058,0.12463069699991976
h5_d03,8,2018-06-30,ret_10d,0.2776078631856984,0.3148322470606551
h5_d03,8,2018-06-30,ret_20d,0.45324915019670753,0.45862124681251937
h5_d03,8,2018-06-30,logret_1d,0.08549521744044176,0.09711388289790307
h5_d03,8,2018-06-30,rv_10d,0.8079480482978003,0.7934864807124999
h5_d03,8,2018-06-30,rv_20d,1.894057071667137,1.98127296041729
h5_d03,8,2018-06-30,drawdown_20d,0.4166604783313886,0.38405443734176903
h5_d03,8,2018-06-30,vix_chg_1d,0.023390240107756727,0.026177762893556486
h5_d03,8,2018-06-30,vix_chg_5d,0.10468115847300076,0.10144802443811231
h5_d03,8,2018-06-30,vix_pctchg_5d,0.11703918161505511,0.11085599318092035
h5_d03,8,2018-06-30,vix_pctile_252d,4.938812849512731,5.286176252084812
h5_d03,8,2018-06-30,vix9d_chg_1d,0.145556377837806,0.16197504998678364
h5_d03,8,2018-06-30,vix9d_chg_5d,0.20438787972598046,0.209055061285564
h5_d03,8,2018-06-30,vix9d_pctchg_5d,0.20126119896938072,0.2085922328566327
h5_d03,8,2018-06-30,vix9d_pctile_252d,3.840246403219489,3.114581727079773
h5_d03,8,2018-06-30,vix3m_chg_1d,0.07524990486185802,0.0630381424911368
h5_d03,8,2018-06-30,vix3m_chg_5d,0.0787468848493316,0.08862356692137902
h5_d03,8,2018-06-30,vix3m_pctchg_5d,0.08866125982651815,0.09164767407797679
h5_d03,8,2018-06-30,vix3m_pctile_252d,6.176527774855433,6.642469381703533
h5_d03,8,2018-06-30,vix6m_chg_1d,0.11560044521707821,0.08777959336035959
h5_d03,8,2018-06-30,vix6m_chg_5d,0.08565104497096096,0.08516434376611645
h5_d03,8,2018-06-30,vix6m_pctchg_5d,0.14555559505558796,0.1358963011185895
h5_d03,8,2018-06-30,vix6m_pctile_252d,6.125625627504165,5.648516649012598
h5_d03,8,2018-06-30,vix3m_minus_vix,1.5967922851930847,1.6215563030230333
h5_d03,8,2018-06-30,ratio_vix_vix3m,0.43896385223816087,0.4661086452729209
h5_d03,8,2018-06-30,curve_inversion,0.0,0.0
h5_d03,8,2018-06-30,vix6m_minus_vix,2.9338036665010643,3.0126693522845005
h5_d03,8,2018-06-30,vix9d_minus_vix,0.29218160440583174,0.30225219017659755
h5_d03,8,2018-06-30,ratio_vix9d_vix,0.30870797544130796,0.33328570305275895
h5_d03,8,2018-06-30,short_end_spike,0.04748529068420489,0.04748529068420494
h5_d03,8,2018-06-30,vvix_chg_1d,0.06945743527807809,0.09915341998336087
h5_d03,8,2018-06-30,vvix_chg_5d,0.10580728583359353,0.11060946973638888
h5_d03,8,2018-06-30,vvix_pctchg_5d,0.09926557204379541,0.11527577823550164
h5_d03,8,2018-06-30,vvix_pctile_252d,0.1761700894705808,0.17930320538774736
h5_d03,9,2018-12-30,ret_1d,0.1098166314716869,0.09658325184588282
h5_d03,9,2018-12-30,ret_5d,0.12014498739590254,0.11127809417792695
h5_d03,9,2018-12-30,ret_10d,0.3349314535689084,0.3470346652509502
h5_d03,9,2018-12-30,ret_20d,0.35313875664119476,0.3562091147024663
h5_d03,9,2018-12-30,logret_1d,0.1098166314716869,0.09658325184588282
h5_d03,9,2018-12-30,rv_10d,0.30911132039230754,0.22049477798762362
h5_d03,9,2018-12-30,rv_20d,0.3405172351578321,0.3850653023020659
h5_d03,9,2018-12-30,drawdown_20d,0.13194578909370921,0.10781188116447803
h5_d03,9,2018-12-30,vix_chg_1d,0.024734679685144482,0.025801088206023504
h5_d03,9,2018-12-30,vix_chg_5d,0.09366102213815133,0.07484539169278183
h5_d03,9,2018-12-30,vix_pctchg_5d,0.08865166016010048,0.09695354898497993
h5_d03,9,2018-12-30,vix_pctile_252d,1.8138108656076564,1.912924446262893
h5_d03,9,2018-12-30,vix9d_chg_1d,0.03786281476349604,0.029438037277171047
h5_d03,9,2018-12-30,vix9d_chg_5d,0.07855157385353093,0.09026798814816081
h5_d03,9,2018-12-30,vix9d_pctchg_5d,0.08190039202082014,0.07303021274487459
h5_d03,9,2018-12-30,vix9d_pctile_252d,0.7110438299272887,0.6913440488776492
h5_d03,9,2018-12-30,vix3m_chg_1d,0.06437388860522743,0.06512961928717287
h5_d03,9,2018-12-30,vix3m_chg_5d,0.14182743958132288,0.13290734373869958
h5_d03,9,2018-12-30,vix3m_pctchg_5d,0.18272683513694263,0.15278681418184664
h5_d03,9,2018-12-30,vix3m_pctile_252d,1.8758782191871854,1.970822016232982
h5_d03,9,2018-12-30,vix6m_chg_1d,0.11542423633989193,0.12502073297200855
h5_d03,9,2018-12-30,vix6m_chg_5d,0.2613579211589727,0.2728498356411585
h5_d03,9,2018-12-30,vix6m_pctchg_5d,0.12446456139044942,0.12326133593908502
h5_d03,9,2018-12-30,vix6m_pctile_252d,2.8234436140399883,3.0274902602566494
h5_d03,9,2018-12-30,vix3m_minus_vix,3.8293173205231135,2.925239437440241
h5_d03,9,2018-12-30,ratio_vix_vix3m,2.595113365322494,2.7444408338644464
h5_d03,9,2018-12-30,curve_inversion,0.0,0.0
h5_d03,9,2018-12-30,vix6m_minus_vix,4.23992722766438,4.471954572513639
h5_d03,9,2018-12-30,vix9d_minus_vix,0.11279291332217345,0.08003248748495335
h5_d03,9,2018-12-30,ratio_vix9d_vix,0.0890171832272667,0.09385915631702176
h5_d03,9,2018-12-30,short_end_spike,0.011444944467014329,0.011444944467014245
h5_d03,9,2018-12-30,vvix_chg_1d,0.07554368758124658,0.08080596996103248
h5_d03,9,2018-12-30,vvix_chg_5d,0.2958940868016029,0.2610456916575645
h5_d03,9,2018-12-30,vvix_pctchg_5d,0.2520856122176731,0.2354286825971993
h5_d03,9,2018-12-30,vvix_pctile_252d,1.3635855195534239,2.304698212934327
h5_d03,10,2019-06-30,ret_1d,0.0722619133101763,0.057619790537791954
h5_d03,10,2019-06-30,ret_5d,0.14136944382698288,0.129291747750302
h5_d03,10,2019-06-30,ret_10d,0.2034081987321602,0.22083101914090883
h5_d03,10,2019-06-30,ret_20d,0.21182276628582009,0.20659404516774782
h5_d03,10,2019-06-30,logret_1d,0.0722619133101763,0.057619790537791954
h5_d03,10,2019-06-30,rv_10d,0.4235633066117937,0.4099851851351729
h5_d03,10,2019-06-30,rv_20d,0.4721558192720888,0.42990193915769204
h5_d03,10,2019-06-30,drawdown_20d,0.13281319198487446,0.14354010225470232
h5_d03,10,2019-06-30,vix_chg_1d,0.09490526017454395,0.10771981459978403
h5_d03,10,2019-06-30,vix_chg_5d,0.020683637744995913,0.02186921032618222
h5_d03,10,2019-06-30,vix_pctchg_5d,0.02593892326002974,0.017922247364971854
h5_d03,10,2019-06-30,vix_pctile_252d,0.25751394056412413,0.2676233197714468
h5_d03,10,2019-06-30,vix9d_chg_1d,0.03576196130039413,0.0384473679273426
h5_d03,10,2019-06-30,vix9d_chg_5d,0.13824932779823323,0.1475690337705213
h5_d03,10,2019-06-30,vix9d_pctchg_5d,0.13909676132708518,0.14714745308147717
h5_d03,10,2019-06-30,vix9d_pctile_252d,0.2547340750883108,0.29248716452388573
h5_d03,10,2019-06-30,vix3m_chg_1d,0.04440826307374817,0.047257436424903765
h5_d03,10,2019-06-30,vix3m_chg_5d,0.044541234459703476,0.053575238339563194
h5_d03,10,2019-06-30,vix3m_pctchg_5d,0.04593798867389463,0.04399715015044599
h5_d03,10,2019-06-30,vix3m_pctile_252d,1.4984604574444504,1.5971940027898333
h5_d03,10,2019-06-30,vix6m_chg_1d,0.05344717891988686,0.04132858051100308
h5_d03,10,2019-06-30,vix6m_chg_5d,0.08541248444815158,0.09198052375078018
h5_d03,10,2019-06-30,vix6m_pctchg_5d,0.07201024742729029,0.08328168447041676
h5_d03,10,2019-06-30,vix6m_pctile_252d,1.7722996721176454,1.8715578540694535
h5_d03,10,2019-06-30,vix3m_minus_vix,0.209292875895223,0.20666259911450774
h5_d03,10,2019-06-30,ratio_vix_vix3m,0.18641788476826432,0.1829059176798019
h5_d03,10,2019-06-30,curve_inversion,0.0,0.0
h5_d03,10,2019-06-30,vix6m_minus_vix,0.18878481985810913,0.20883416246950873
h5_d03,10,2019-06-30,vix9d_minus_vix,0.2696878304733224,0.26092552979262496
h5_d03,10,2019-06-30,ratio_vix9d_vix,0.30561830346012,0.2656244348589386
h5_d03,10,2019-06-30,short_end_spike,0.001442436870317997,0.0014424368703179064
h5_d03,10,2019-06-30,vvix_chg_1d,0.08789721137212081,0.09541852905829719
h5_d03,10,2019-06-30,vvix_chg_5d,0.31944017425422355,0.3456752719437895
h5_d03,10,2019-06-30,vvix_pctchg_5d,0.3411236157866718,0.36002755703684686
h5_d03,10,2019-06-30,vvix_pctile_252d,12.465908021199338,12.465908021199338
h5_d03,11,2019-12-30,ret_1d,0.6071026460639944,0.6731387568127092
h5_d03,11,2019-12-30,ret_5d,0.5434822570689662,0.5026640929359867
h5_d03,11,2019-12-30,ret_10d,0.558986202266198,0.5945264317696288
h5_d03,11,2019-12-30,ret_20d,0.9363577533633114,0.955521649400401
h5_d03,11,2019-12-30,logret_1d,0.6071026460639944,0.6731387568127092
h5_d03,11,2019-12-30,rv_10d,1.7091961824636837,1.6171018263864863
h5_d03,11,2019-12-30,rv_20d,4.893722187145631,3.3794689600616676
h5_d03,11,2019-12-30,drawdown_20d,0.4385052072884261,0.4699539823531218
h5_d03,11,2019-12-30,vix_chg_1d,0.6007221723845007,0.5998968244704259
h5_d03,11,2019-12-30,vix_chg_5d,0.3865127372747511,0.4087638582400068
h5_d03,11,2019-12-30,vix_pctchg_5d,0.19463303697097617,0.19444767043649216
h5_d03,11,2019-12-30,vix_pctile_252d,2.3224228146707513,1.422807396410228
h5_d03,11,2019-12-30,vix9d_chg_1d,0.44073011794733896,0.4314418702694453
h5_d03,11,2019-12-30,vix9d_chg_5d,0.6423283302468531,0.6250299376948163
h5_d03,11,2019-12-30,vix9d_pctchg_5d,0.2195056956065583,0.21515396179609103
h5_d03,11,2019-12-30,vix9d_pctile_252d,1.100983590122729,1.2524557287469091
h5_d03,11,2019-12-30,vix3m_chg_1d,0.9341023695145081,0.9948147361508786
h5_d03,11,2019-12-30,vix3m_chg_5d,0.5872787350374378,0.6645720868709986
h5_d03,11,2019-12-30,vix3m_pctchg_5d,0.32749393408131516,0.3688121439195145
h5_d03,11,2019-12-30,vix3m_pctile_252d,1.3191514199183616,1.1868628340419531
h5_d03,11,2019-12-30,vix6m_chg_1d,0.691774843997609,0.6995087037218517
h5_d03,11,2019-12-30,vix6m_chg_5d,1.655250751223286,1.7651588816887651
h5_d03,11,2019-12-30,vix6m_pctchg_5d,0.3136716248492322,0.3267891722985282
h5_d03,11,2019-12-30,vix6m_pctile_252d,2.370306181271836,2.247480588803516
h5_d03,11,2019-12-30,vix3m_minus_vix,0.5982328687715158,0.6752426996075167
h5_d03,11,2019-12-30,ratio_vix_vix3m,1.974090166604523,2.130247545196016
h5_d03,11,2019-12-30,curve_inversion,0.0,0.0
h5_d03,11,2019-12-30,vix6m_minus_vix,0.875681121013623,0.975913182483784
h5_d03,11,2019-12-30,vix9d_minus_vix,0.5682888472275666,0.6427118939594005
h5_d03,11,2019-12-30,ratio_vix9d_vix,0.22067296394676655,0.23117774806245528
h5_d03,11,2019-12-30,short_end_spike,0.04920326164985449,0.04920326164985442
h5_d03,11,2019-12-30,vvix_chg_1d,0.13050754959753974,0.13845708315951438
h5_d03,11,2019-12-30,vvix_chg_5d,0.35105103189101583,0.38847206129312606
h5_d03,11,2019-12-30,vvix_pctchg_5d,0.26079606295856417,0.2590449393053553
h5_d03,11,2019-12-30,vvix_pctile_252d,,
h5_d03,12,2020-06-30,ret_1d,0.15345575159279165,0.16347735485352416
h5_d03,12,2020-06-30,ret_5d,0.3168986940280273,0.29732953889735764
h5_d03,12,2020-06-30,ret_10d,0.5502710151338773,0.5336556771673315
h5_d03,12,2020-06-30,ret_20d,0.5091337607719157,0.5151475337962402
h5_d03,12,2020-06-30,logret_1d,0.15345575159279165,0.16347735485352416
h5_d03,12,2020-06-30,rv_10d,1.5222910032567896,1.6204200994681566
h5_d03,12,2020-06-30,rv_20d,2.887500393822966,3.15950516754282
h5_d03,12,2020-06-30,drawdown_20d,0.1288675250341796,0.13388598268075524
h5_d03,12,2020-06-30,vix_chg_1d,0.07941875026041006,0.07078583227806612
h5_d03,12,2020-06-30,vix_chg_5d,0.10777774693232316,0.09981011170655343
h5_d03,12,2020-06-30,vix_pctchg_5d,0.09382267354099973,0.10343137581683151
h5_d03,12,2020-06-30,vix_pctile_252d,3.9280579549909005,4.129990468387108
h5_d03,12,2020-06-30,vix9d_chg_1d,0.1005410862457659,0.11316699225122351
h5_d03,12,2020-06-30,vix9d_chg_5d,0.14378697974043536,0.15778455254480614
h5_d03,12,2020-06-30,vix9d_pctchg_5d,0.1669734806555819,0.15488340485870178
h5_d03,12,2020-06-30,vix9d_pctile_252d,3.9120246827446694,2.132786184118591
h5_d03,12,2020-06-30,vix3m_chg_1d,0.12087547082045459,0.10531188431286519
h5_d03,12,2020-06-30,vix3m_chg_5d,0.1486494909245192,0.11113094827338821
h5_d03,12,2020-06-30,vix3m_pctchg_5d,0.12293887549452348,0.1398099426994236
h5_d03,12,2020-06-30,vix3m_pctile_252d,5.298196132685984,5.620223697288275
h5_d03,12,2020-06-30,vix6m_chg_1d,0.16737493969073775,0.16743838387266424
h5_d03,12,2020-06-30,vix6m_chg_5d,0.10103850585415974,0.10731367442118432
h5_d03,12,2020-06-30,vix6m_pctchg_5d,0.10738800529983228,0.09302188644884847
h5_d03,12,2020-06-30,vix6m_pctile_252d,5.184423957845898,5.601628033049124
h5_d03,12,2020-06-30,vix3m_minus_vix,1.6609474274928864,1.7284396386336334
h5_d03,12,2020-06-30,ratio_vix_vix3m,0.1392784431178466,0.14868302539882663
h5_d03,12,2020-06-30,curve_inversion,0.0,0.0
h5_d03,12,2020-06-30,vix6m_minus_vix,0.5952363551071793,0.6437662719958024
h5_d03,12,2020-06-30,vix9d_minus_vix,1.736983683001858,1.846394574621798
h5_d03,12,2020-06-30,ratio_vix9d_vix,0.637994949338916,0.6248185768714629
h5_d03,12,2020-06-30,short_end_spike,0.22987966584386446,0.2298796658438644
h5_d03,12,2020-06-30,vvix_chg_1d,0.10671865106436056,0.11163183045988813
h5_d03,12,2020-06-30,vvix_chg_5d,0.08166491686943039,0.08152022215383639
h5_d03,12,2020-06-30,vvix_pctchg_5d,0.07765348802546705,0.07578114361453833
h5_d03,12,2020-06-30,vvix_pctile_252d,,
h5_d03,13,2020-12-30,ret_1d,0.029347793126673086,0.032586054852709614
h5_d03,13,2020-12-30,ret_5d,0.11399946111548995,0.08594850012849023
h5_d03,13,2020-12-30,ret_10d,0.21592437558872501,0.17600971966961743
h5_d03,13,2020-12-30,ret_20d,1.4194654516164096,1.395134588163058
h5_d03,13,2020-12-30,logret_1d,0.029347793126673086,0.032586054852709614
h5_d03,13,2020-12-30,rv_10d,0.4164960863050527,0.3589615138264519
h5_d03,13,2020-12-30,rv_20d,2.704711695799828,2.788504612215778
h5_d03,13,2020-12-30,drawdown_20d,1.2530480283232144,1.2927928354600422
h5_d03,13,2020-12-30,vix_chg_1d,0.14262921111007182,0.14224916787490732
h5_d03,13,2020-12-30,vix_chg_5d,0.04775280874440966,0.04640701510034591
h5_d03,13,2020-12-30,vix_pctchg_5d,0.0418476927882355,0.03678188570858124
h5_d03,13,2020-12-30,vix_pctile_252d,2.268659314014481,2.2954828237609846
h5_d03,13,2020-12-30,vix9d_chg_1d,0.1530989157114321,0.15271930135301448
h5_d03,13,2020-12-30,vix9d_chg_5d,0.09359347286350383,0.08011324534191701
h5_d03,13,2020-12-30,vix9d_pctchg_5d,0.055676048564057,0.04551114200262647
h5_d03,13,2020-12-30,vix9d_pctile_252d,1.8559276671319145,1.9768337988850209
h5_d03,13,2020-12-30,vix3m_chg_1d,0.1082273738762843,0.11614318725768469
h5_d03,13,2020-12-30,vix3m_chg_5d,0.07250749418565382,0.0751182469334805
h5_d03,13,2020-12-30,vix3m_pctchg_5d,0.0663959976317544,0.0643183710930934
h5_d03,13,2020-12-30,vix3m_pctile_252d,2.438255411230412,2.5039193202698824
h5_d03,13,2020-12-30,vix6m_chg_1d,0.20077495149371657,0.20499013585123788
h5_d03,13,2020-12-30,vix6m_chg_5d,0.06034755571335611,0.06414100157357311
h5_d03,13,2020-12-30,vix6m_pctchg_5d,0.043591982068413554,0.04641150665583379
h5_d03,13,2020-12-30,vix6m_pctile_252d,2.1164877855891944,2.170769668500516
h5_d03,13,2020-12-30,vix3m_minus_vix,2.2418953009738813,2.3155080699455457
h5_d03,13,2020-12-30,ratio_vix_vix3m,0.7162423042838053,0.6751054165926158
h5_d03,13,2020-12-30,curve_inversion,0.0,0.0
h5_d03,13,2020-12-30,vix6m_minus_vix,1.9807032875540098,2.0630601411007503
h5_d03,13,2020-12-30,vix9d_minus_vix,1.4484447141719996,1.496492873985329
h5_d03,13,2020-12-30,ratio_vix9d_vix,0.7398862018861669,0.6755506640060617
h5_d03,13,2020-12-30,short_end_spike,0.25628797580135937,0.2562879758013594
h5_d03,13,2020-12-30,vvix_chg_1d,0.10230058273791413,0.11400488556857111
h5_d03,13,2020-12-30,vvix_chg_5d,0.05288152893369823,0.046398953024727574
h5_d03,13,2020-12-30,vvix_pctchg_5d,0.08392328201471289,0.09191149174803645
h5_d03,13,2020-12-30,vvix_pctile_252d,,
h5_d03,14,2021-06-30,ret_1d,0.15562927670075344,0.16993708618341524
h5_d03,14,2021-06-30,ret_5d,0.04256530365951556,0.04128001968691753
h5_d03,14,2021-06-30,ret_10d,0.09989593894776168,0.10661440022326486
h5_d03,14,2021-06-30,ret_20d,0.15406897743407552,0.1546128167130794
h5_d03,14,2021-06-30,logret_1d,0.15562927670075344,0.16993708618341524
h5_d03,14,2021-06-30,rv_10d,1.3747606636110972,0.4639561756682608
h5_d03,14,2021-06-30,rv_20d,1.5418359588854236,1.564423893299483
h5_d03,14,2021-06-30,drawdown_20d,0.21250150084506814,0.23127028083505705
h5_d03,14,2021-06-30,vix_chg_1d,0.08673109856539912,0.09555166858662789
h5_d03,14,2021-06-30,vix_chg_5d,0.10099473672491557,0.09366383398163282
h5_d03,14,2021-06-30,vix_pctchg_5d,0.09470436700310617,0.10282720818279531
h5_d03,14,2021-06-30,vix_pctile_252d,0.28771675902673804,0.24617591807265843
h5_d03,14,2021-06-30,vix9d_chg_1d,0.17730236673179847,0.201889035864845
h5_d03,14,2021-06-30,vix9d_chg_5d,0.06918545574924995,0.07766553665848568
h5_d03,14,2021-06-30,vix9d_pctchg_5d,0.09698597475741287,0.09183087684335134
h5_d03,14,2021-06-30,vix9d_pctile_252d,0.19010613193503226,0.20061554416287947
h5_d03,14,2021-06-30,vix3m_chg_1d,0.11210925526192787,0.10629398213726389
h5_d03,14,2021-06-30,vix3m_chg_5d,0.09679502459297347,0.09290587853657356
h5_d03,14,2021-06-30,vix3m_pctchg_5d,0.036061470435317475,0.021976352647798156
h5_d03,14,2021-06-30,vix3m_pctile_252d,0.41573794515775153,0.428854155794795
h5_d03,14,2021-06-30,vix6m_chg_1d,0.06447140478968068,0.07178057749138364
h5_d03,14,2021-06-30,vix6m_chg_5d,0.07239417949649347,0.07831234506127305
h5_d03,14,2021-06-30,vix6m_pctchg_5d,0.09337164802434747,0.09955860430916197
h5_d03,14,2021-06-30,vix6m_pctile_252d,0.3644032460967348,0.4130164821271542
h5_d03,14,2021-06-30,vix3m_minus_vix,2.038731943236761,2.0695464244224686
h5_d03,14,2021-06-30,ratio_vix_vix3m,0.9798230765092122,0.870241627401687
h5_d03,14,2021-06-30,curve_inversion,0.0,0.0
h5_d03,14,2021-06-30,vix6m_minus_vix,2.1222618241925346,2.215699562526857
h5_d03,14,2021-06-30,vix9d_minus_vix,1.200380414733645,1.2354605414963309
h5_d03,14,2021-06-30,ratio_vix9d_vix,0.7873343480460285,0.8506688972613714
h5_d03,14,2021-06-30,short_end_spike,0.21495336419830424,0.2149533641983043
h5_d03,14,2021-06-30,vvix_chg_1d,0.15420100047960716,0.13496367828999725
h5_d03,14,2021-06-30,vvix_chg_5d,0.11077719443165282,0.10338358597050101
h5_d03,14,2021-06-30,vvix_pctchg_5d,0.04774798113819322,0.03656660654329047
h5_d03,14,2021-06-30,vvix_pctile_252d,,
h5_d03,15,2021-12-30,ret_1d,0.538897653858363,0.5440812290619734
h5_d03,15,2021-12-30,ret_5d,0.6307896522550148,0.657855558363869
h5_d03,15,2021-12-30,ret_10d,0.9802827060953503,1.0171557086970497
h5_d03,15,2021-12-30,ret_20d,1.264008481906444,1.271878569070266
h5_d03,15,2021-12-30,logret_1d,0.538897653858363,0.5440812290619734
h5_d03,15,2021-12-30,rv_10d,5.609076876748,5.933600250405856
h5_d03,15,2021-12-30,rv_20d,7.7877802052106375,6.996615868823515
h5_d03,15,2021-12-30,drawdown_20d,2.731289353886283,1.7407516300676227
h5_d03,15,2021-12-30,vix_chg_1d,0.45506133877470045,0.48682438408477385
h5_d03,15,2021-12-30,vix_chg_5d,0.6174962360614481,0.5983470597940505
h5_d03,15,2021-12-30,vix_pctchg_5d,0.21075302263903722,0.1636551634771383
h5_d03,15,2021-12-30,vix_pctile_252d,4.612016004466955,3.9425754450150614
h5_d03,15,2021-12-30,vix9d_chg_1d,0.43009120709445703,0.3442740332985387
h5_d03,15,2021-12-30,vix9d_chg_5d,0.35708351912007275,0.37191196272659477
h5_d03,15,2021-12-30,vix9d_pctchg_5d,0.11870181936476054,0.12184783987950948
h5_d03,15,2021-12-30,vix9d_pctile_252d,3.6691521463715757,3.789502520825355
h5_d03,15,2021-12-30,vix3m_chg_1d,0.45366924768557476,0.49181409615508465
h5_d03,15,2021-12-30,vix3m_chg_5d,0.6188070779050749,0.6161972079989737
h5_d03,15,2021-12-30,vix3m_pctchg_5d,0.24828664459915645,0.23554510760698416
h5_d03,15,2021-12-30,vix3m_pctile_252d,5.835548783495334,5.972058269100286
h5_d03,15,2021-12-30,vix6m_chg_1d,0.5699559199880613,0.5729355010301938
h5_d03,15,2021-12-30,vix6m_chg_5d,0.5777335162108725,0.5907677315228095
h5_d03,15,2021-12-30,vix6m_pctchg_5d,0.28574947878705026,0.24978174914640028
h5_d03,15,2021-12-30,vix6m_pctile_252d,6.923904527807599,7.111273931557706
h5_d03,15,2021-12-30,vix3m_minus_vix,0.1756015365959441,0.16117283823422812
h5_d03,15,2021-12-30,ratio_vix_vix3m,0.5156314285636923,0.5465734495527573
h5_d03,15,2021-12-30,curve_inversion,0.0,0.0
h5_d03,15,2021-12-30,vix6m_minus_vix,0.308790167569105,0.2452202776527816
h5_d03,15,2021-12-30,vix9d_minus_vix,0.20584873569081535,0.22219421398183595
h5_d03,15,2021-12-30,ratio_vix9d_vix,0.29670423295882564,0.32845232193927737
h5_d03,15,2021-12-30,short_end_spike,0.05907178090833117,0.05907178090833108
h5_d03,15,2021-12-30,vvix_chg_1d,0.2022048935864966,0.2088244676420059
h5_d03,15,2021-12-30,vvix_chg_5d,0.15708357554715968,0.17015176619757083
h5_d03,15,2021-12-30,vvix_pctchg_5d,0.057520046281841875,0.06403703415269477
h5_d03,15,2021-12-30,vvix_pctile_252d,8.292445727250913,8.581235384798735
h5_d03,16,2022-06-30,ret_1d,0.5069904756452956,0.5053944114972105
h5_d03,16,2022-06-30,ret_5d,0.4965964087398831,0.535480971655508
h5_d03,16,2022-06-30,ret_10d,0.6413912515518543,0.6268840118077066
h5_d03,16,2022-06-30,ret_20d,1.203616683823412,1.2666614109529801
h5_d03,16,2022-06-30,logret_1d,0.5069904756452956,0.5053944114972105
h5_d03,16,2022-06-30,rv_10d,6.659868447879811,6.842097044495659
h5_d03,16,2022-06-30,rv_20d,9.013407244614397,8.461034095874712
h5_d03,16,2022-06-30,drawdown_20d,0.5580641442757147,0.5728816290824049
h5_d03,16,2022-06-30,vix_chg_1d,0.09416131682352415,0.09786108084030687
h5_d03,16,2022-06-30,vix_chg_5d,0.19361221639678755,0.18542202769503208
h5_d03,16,2022-06-30,vix_pctchg_5d,1.3983593799884722,1.4350788255749434
h5_d03,16,2022-06-30,vix_pctile_252d,1.3983704362369953,1.4191162961622947
h5_d03,16,2022-06-30,vix9d_chg_1d,0.07760877038871958,0.08239070869130508
h5_d03,16,2022-06-30,vix9d_chg_5d,0.05875712673936698,0.06268358681764019
h5_d03,16,2022-06-30,vix9d_pctchg_5d,0.29546624759759166,0.26404695486814517
h5_d03,16,2022-06-30,vix9d_pctile_252d,1.4115354882970585,1.4501936143898042
h5_d03,16,2022-06-30,vix3m_chg_1d,0.07356150538216133,0.07570943098819546
h5_d03,16,2022-06-30,vix3m_chg_5d,0.10214772274987449,0.09807921502928979
h5_d03,16,2022-06-30,vix3m_pctchg_5d,0.3180034855595575,0.2995776350554257
h5_d03,16,2022-06-30,vix3m_pctile_252d,1.3704361153996731,1.4369892829106687
h5_d03,16,2022-06-30,vix6m_chg_1d,0.08306419949127206,0.08135423959424959
h5_d03,16,2022-06-30,vix6m_chg_5d,0.08284206044580458,0.0803082350662204
h5_d03,16,2022-06-30,vix6m_pctchg_5d,0.30377481075394486,0.3172330898206205
h5_d03,16,2022-06-30,vix6m_pctile_252d,1.345767141891116,1.3483246025410909
h5_d03,16,2022-06-30,vix3m_minus_vix,0.23283861572591985,0.248226034166502
h5_d03,16,2022-06-30,ratio_vix_vix3m,2.683703378466562,2.821417920598334
h5_d03,16,2022-06-30,curve_inversion,0.0,0.0
h5_d03,16,2022-06-30,vix6m_minus_vix,0.16544413709354971,0.15960954693378387
h5_d03,16,2022-06-30,vix9d_minus_vix,0.15354373917955516,0.16773787317277047
h5_d03,16,2022-06-30,ratio_vix9d_vix,0.27400540959310793,0.3147323099940552
h5_d03,16,2022-06-30,short_end_spike,0.041263569888373,0.04126356988837297
h5_d03,16,2022-06-30,vvix_chg_1d,0.1276767248063907,0.13673499848648357
h5_d03,16,2022-06-30,vvix_chg_5d,0.1927408703844986,0.19681688109648807
h5_d03,16,2022-06-30,vvix_pctchg_5d,0.11292510390248618,0.11481730242951181
h5_d03,16,2022-06-30,vvix_pctile_252d,5.45267120283583,4.814087089381748
h5_d03,17,2022-12-30,ret_1d,0.06931929089611027,0.07575603550963242
h5_d03,17,2022-12-30,ret_5d,0.07013956191351294,0.07261908840490275
h5_d03,17,2022-12-30,ret_10d,0.09751219775604746,0.09363630317518924
h5_d03,17,2022-12-30,ret_20d,0.17283519374243717,0.1671998024182852
h5_d03,17,2022-12-30,logret_1d,0.06931929089611027,0.07575603550963242
h5_d03,17,2022-12-30,rv_10d,3.9056078514003314,4.064836968398155
h5_d03,17,2022-12-30,rv_20d,5.507348593202199,5.698169310624724
h5_d03,17,2022-12-30,drawdown_20d,0.16341438201203076,0.13629720326176092
h5_d03,17,2022-12-30,vix_chg_1d,0.07036096002195215,0.0749446350204262
h5_d03,17,2022-12-30,vix_chg_5d,0.15453207945234398,0.1557769484536654
h5_d03,17,2022-12-30,vix_pctchg_5d,0.23602555568722922,0.18837980548750988
h5_d03,17,2022-12-30,vix_pctile_252d,3.5740314258977195,3.6896630606737295
h5_d03,17,2022-12-30,vix9d_chg_1d,0.08955308460012734,0.08676017423184938
h5_d03,17,2022-12-30,vix9d_chg_5d,0.01954492161926676,0.021591166411842704
h5_d03,17,2022-12-30,vix9d_pctchg_5d,0.048564390107212155,0.046292522789582576
h5_d03,17,2022-12-30,vix9d_pctile_252d,3.1213768567812625,2.2772393352275206
h5_d03,17,2022-12-30,vix3m_chg_1d,0.09217053438757236,0.09846340824009452
h5_d03,17,2022-12-30,vix3m_chg_5d,0.26982688418928896,0.2572456481909476
h5_d03,17,2022-12-30,vix3m_pctchg_5d,0.21341085698591145,0.25605891728790897
h5_d03,17,2022-12-30,vix3m_pctile_252d,4.691346083851614,3.970302421088876
h5_d03,17,2022-12-30,vix6m_chg_1d,0.1295817383240987,0.11673647964741485
h5_d03,17,2022-12-30,vix6m_chg_5d,0.14692740630655815,0.14991646999331312
h5_d03,17,2022-12-30,vix6m_pctchg_5d,0.2007921029225855,0.20340404125206984
h5_d03,17,2022-12-30,vix6m_pctile_252d,4.789426351547119,4.9652617148849
h5_d03,17,2022-12-30,vix3m_minus_vix,0.39278003692441693,0.3402095141543153
h5_d03,17,2022-12-30,ratio_vix_vix3m,0.42670629715740105,0.34355749953411907
h5_d03,17,2022-12-30,curve_inversion,0.0,0.0
h5_d03,17,2022-12-30,vix6m_minus_vix,0.42465983655703404,0.39312858714679233
h5_d03,17,2022-12-30,vix9d_minus_vix,0.2244496812333004,0.2453504248606423
h5_d03,17,2022-12-30,ratio_vix9d_vix,0.2225984062727022,0.22992822687312103
h5_d03,17,2022-12-30,short_end_spike,0.016512861866790237,0.01651286186679024
h5_d03,17,2022-12-30,vvix_chg_1d,0.04261160486755373,0.04886675295003688
h5_d03,17,2022-12-30,vvix_chg_5d,0.04271475001603946,0.03972257059500235
h5_d03,17,2022-12-30,vvix_pctchg_5d,0.03335996595203694,0.03639636618994476
h5_d03,17,2022-12-30,vvix_pctile_252d,0.18024635434310632,0.20475396532538764
h5_d03,18,2023-06-30,ret_1d,0.058414218735652654,0.04180912725593577
h5_d03,18,2023-06-30,ret_5d,0.10859221857352074,0.11707245924600213
h5_d03,18,2023-06-30,ret_10d,0.21030170178052357,0.2180004723817342
h5_d03,18,2023-06-30,ret_20d,0.2713761546362034,0.2799921000568487
h5_d03,18,2023-06-30,logret_1d,0.058414218735652654,0.04180912725593577
h5_d03,18,2023-06-30,rv_10d,2.8577088113517446,2.9080030415276164
h5_d03,18,2023-06-30,rv_20d,4.032511332836572,4.189903739600128
h5_d03,18,2023-06-30,drawdown_20d,0.3106347144671755,0.22193555485648653
h5_d03,18,2023-06-30,vix_chg_1d,0.34262507459807146,0.2835307096965594
h5_d03,18,2023-06-30,vix_chg_5d,0.18708216155601026,0.1851765512023487
h5_d03,18,2023-06-30,vix_pctchg_5d,0.1315960057953626,0.13578393864159827
h5_d03,18,2023-06-30,vix_pctile_252d,1.7552037726336076,1.766160860540476
h5_d03,18,2023-06-30,vix9d_chg_1d,1.352870795465654,1.3956754317035225
h5_d03,18,2023-06-30,vix9d_chg_5d,0.2725273941635248,0.27252682075671447
h5_d03,18,2023-06-30,vix9d_pctchg_5d,0.1596007283305794,0.16413703788383113
h5_d03,18,2023-06-30,vix9d_pctile_252d,1.693942092390607,1.6621347831211666
h5_d03,18,2023-06-30,vix3m_chg_1d,0.11442380806241795,0.12238814570936225
h5_d03,18,2023-06-30,vix3m_chg_5d,0.15333639276533734,0.15064619026501214
h5_d03,18,2023-06-30,vix3m_pctchg_5d,0.07428899652731644,0.06676093942397607
h5_d03,18,2023-06-30,vix3m_pctile_252d,2.8912639869423593,3.0395029570552508
h5_d03,18,2023-06-30,vix6m_chg_1d,0.060403041551425424,0.06571933832522177
h5_d03,18,2023-06-30,vix6m_chg_5d,0.07572212413234577,0.0813358074515206
h5_d03,18,2023-06-30,vix6m_pctchg_5d,0.033554145138425286,0.03226180850577252
h5_d03,18,2023-06-30,vix6m_pctile_252d,3.040753562864774,3.146615562533708
h5_d03,18,2023-06-30,vix3m_minus_vix,2.7909867889566042,2.942125598113118
h5_d03,18,2023-06-30,ratio_vix_vix3m,1.5550150268885972,1.6127715116104633
h5_d03,18,2023-06-30,curve_inversion,0.0,0.0
h5_d03,18,2023-06-30,vix6m_minus_vix,2.7911783917583586,2.8905669046506586
h5_d03,18,2023-06-30,vix9d_minus_vix,1.4651672058051588,1.552331615083459
h5_d03,18,2023-06-30,ratio_vix9d_vix,0.403758001164591,0.4315759814936053
h5_d03,18,2023-06-30,short_end_spike,0.031020240529653652,0.031020240529653687
h5_d03,18,2023-06-30,vvix_chg_1d,0.13444029417391729,0.13894045720176018
h5_d03,18,2023-06-30,vvix_chg_5d,0.08621326526109455,0.09172950701742012
h5_d03,18,2023-06-30,vvix_pctchg_5d,0.11382589564589586,0.12247611388878228
h5_d03,18,2023-06-30,vvix_pctile_252d,1.280917128322518,1.3482525135068113
h5_d03,19,2023-12-30,ret_1d,0.11528110436535566,0.10617504465382498
h5_d03,19,2023-12-30,ret_5d,0.23698960332671046,0.24703110799673245
h5_d03,19,2023-12-30,ret_10d,0.3941657516450144,0.3513716640668758
h5_d03,19,2023-12-30,ret_20d,0.623446009772546,0.5415129262954954
h5_d03,19,2023-12-30,logret_1d,0.11528110436535566,0.10617504465382498
h5_d03,19,2023-12-30,rv_10d,3.7642974277353414,3.9019874709054467
h5_d03,19,2023-12-30,rv_20d,4.228345513104898,4.21953397459777
h5_d03,19,2023-12-30,drawdown_20d,1.3387484521048705,0.4097597692293037
h5_d03,19,2023-12-30,vix_chg_1d,0.44374307961083104,0.45548907445434755
h5_d03,19,2023-12-30,vix_chg_5d,0.4563405300325698,0.4671475420935329
h5_d03,19,2023-12-30,vix_pctchg_5d,0.3161735474959716,0.3259172395615251
h5_d03,19,2023-12-30,vix_pctile_252d,0.32698163651621764,0.35381232199422535
h5_d03,19,2023-12-30,vix9d_chg_1d,0.374944067233431,0.4072509784533459
h5_d03,19,2023-12-30,vix9d_chg_5d,1.366931981618428,1.3653046631926293
h5_d03,19,2023-12-30,vix9d_pctchg_5d,0.1841010533032975,0.17346624687859624
h5_d03,19,2023-12-30,vix9d_pctile_252d,0.18651423313674076,0.1601999011855806
h5_d03,19,2023-12-30,vix3m_chg_1d,0.4521954285771368,0.4827434842268077
h5_d03,19,2023-12-30,vix3m_chg_5d,0.41142497537231887,0.4191800712978529
h5_d03,19,2023-12-30,vix3m_pctchg_5d,0.17566155609423256,0.15653136293823425
h5_d03,19,2023-12-30,vix3m_pctile_252d,1.6138830439615441,1.6758081049110127
h5_d03,19,2023-12-30,vix6m_chg_1d,0.400796645821463,0.41693741772783155
h5_d03,19,2023-12-30,vix6m_chg_5d,0.37982799770018094,0.3994657485126645
h5_d03,19,2023-12-30,vix6m_pctchg_5d,0.15335274026952173,0.13960997526464544
h5_d03,19,2023-12-30,vix6m_pctile_252d,2.8204723673889767,1.9220014271165091
h5_d03,19,2023-12-30,vix3m_minus_vix,4.3395884206191315,4.539315013712431
h5_d03,19,2023-12-30,ratio_vix_vix3m,3.9090538493042426,3.9903490098005663
h5_d03,19,2023-12-30,curve_inversion,0.0,0.0
h5_d03,19,2023-12-30,vix6m_minus_vix,3.9854174402272657,4.0799952441633005
h5_d03,19,2023-12-30,vix9d_minus_vix,0.6205012338789773,0.6156016877854454
h5_d03,19,2023-12-30,ratio_vix9d_vix,0.11528207788189662,0.11665058569256165
h5_d03,19,2023-12-30,short_end_spike,0.00010724123132730262,0.00010724123132735755
h5_d03,19,2023-12-30,vvix_chg_1d,0.13102550209828948,0.12621871640022375
h5_d03,19,2023-12-30,vvix_chg_5d,0.11767385901741076,0.10489731279001518
h5_d03,19,2023-12-30,vvix_pctchg_5d,0.044388732277199236,0.04824401044737736
h5_d03,19,2023-12-30,vvix_pctile_252d,1.8641390924861425,0.9362311191974831
h5_d03,20,2024-06-30,ret_1d,0.07905755021147459,0.06998251918976792
h5_d03,20,2024-06-30,ret_5d,0.06882623788777352,0.06554973490564929
h5_d03,20,2024-06-30,ret_10d,0.07021838372693405,0.05934815964131977
h5_d03,20,2024-06-30,ret_20d,0.22158639787725065,0.22405950435420408
h5_d03,20,2024-06-30,logret_1d,0.07905755021147459,0.06998251918976792
h5_d03,20,2024-06-30,rv_10d,0.1734259048461289,0.17500223610035462
h5_d03,20,2024-06-30,rv_20d,1.4627031064311282,1.4499702688130578
h5_d03,20,2024-06-30,drawdown_20d,0.14356218756530917,0.15395736396560938
h5_d03,20,2024-06-30,vix_chg_1d,0.02640675129239973,0.025422109358601577
h5_d03,20,2024-06-30,vix_chg_5d,0.16047145408071745,0.12608229544087252
h5_d03,20,2024-06-30,vix_pctchg_5d,0.17766983982388315,0.17375304821173138
h5_d03,20,2024-06-30,vix_pctile_252d,0.9949149203664199,1.012774725585331
h5_d03,20,2024-06-30,vix9d_chg_1d,0.08977565363365979,0.09650348739683559
h5_d03,20,2024-06-30,vix9d_chg_5d,0.10672032491506298,0.11019591977871188
h5_d03,20,2024-06-30,vix9d_pctchg_5d,0.1429088137345094,0.1359492775979681
h5_d03,20,2024-06-30,vix9d_pctile_252d,0.5586979080175132,0.5293611164142775
h5_d03,20,2024-06-30,vix3m_chg_1d,0.11491032753365865,0.10920817483162862
h5_d03,20,2024-06-30,vix3m_chg_5d,0.09325070232786925,0.10068292187533727
h5_d03,20,2024-06-30,vix3m_pctchg_5d,0.12113394915187123,0.11732652252112523
h5_d03,20,2024-06-30,vix3m_pctile_252d,2.5063327627656053,2.4886633374600207
h5_d03,20,2024-06-30,vix6m_chg_1d,0.033403382812798296,0.03589826625261437
h5_d03,20,2024-06-30,vix6m_chg_5d,0.12452087426940579,0.13075690192246478
h5_d03,20,2024-06-30,vix6m_pctchg_5d,0.1564748795597615,0.14631457025180808
h5_d03,20,2024-06-30,vix6m_pctile_252d,2.444879861714099,2.3197062706172638
h5_d03,20,2024-06-30,vix3m_minus_vix,1.2456334311018566,0.35960263903991685
h5_d03,20,2024-06-30,ratio_vix_vix3m,0.28837044644459514,0.2704392296750989
h5_d03,20,2024-06-30,curve_inversion,0.0,0.0
h5_d03,20,2024-06-30,vix6m_minus_vix,1.356499760895623,1.4176072138134639
h5_d03,20,2024-06-30,vix9d_minus_vix,0.15394630535045786,0.14460798327670443
h5_d03,20,2024-06-30,ratio_vix9d_vix,0.12503158245462292,0.1261942804957573
h5_d03,20,2024-06-30,short_end_spike,0.023660230306910415,0.023660230306910432
h5_d03,20,2024-06-30,vvix_chg_1d,0.22523464852097744,0.22510478982205212
h5_d03,20,2024-06-30,vvix_chg_5d,0.35035534126231793,0.28296091510719906
h5_d03,20,2024-06-30,vvix_pctchg_5d,0.23909542310429754,0.22934507481081487
h5_d03,20,2024-06-30,vvix_pctile_252d,1.448920406769087,1.380137907798174
h5_d03,21,2024-12-30,ret_1d,0.12454822982394155,0.13391097864933918
h5_d03,21,2024-12-30,ret_5d,0.256613250035445,0.2518729787511741
h5_d03,21,2024-12-30,ret_10d,0.18769707331088317,0.1467196936339033
h5_d03,21,2024-12-30,ret_20d,0.4924662204194932,0.5011394215762485
h5_d03,21,2024-12-30,logret_1d,0.12454822982394155,0.13391097864933918
h5_d03,21,2024-12-30,rv_10d,1.6667716880362344,1.6651587146063331
h5_d03,21,2024-12-30,rv_20d,3.6900970636594184,3.82551422399459
h5_d03,21,2024-12-30,drawdown_20d,0.22012767561606889,0.22375243054081848
h5_d03,21,2024-12-30,vix_chg_1d,0.195642247482834,0.1643001662320183
h5_d03,21,2024-12-30,vix_chg_5d,0.30742497303617433,0.3251137009449838
h5_d03,21,2024-12-30,vix_pctchg_5d,0.22860970412182716,0.21350379191479613
h5_d03,21,2024-12-30,vix_pctile_252d,5.021819368406154,5.197762292740989
h5_d03,21,2024-12-30,vix9d_chg_1d,0.16285363392074914,0.16338723776217995
h5_d03,21,2024-12-30,vix9d_chg_5d,0.20700635920514662,0.21514323827450618
h5_d03,21,2024-12-30,vix9d_pctchg_5d,0.1397799467681769,0.14892286078165506
h5_d03,21,2024-12-30,vix9d_pctile_252d,2.7702661773225477,2.863374105740625
h5_d03,21,2024-12-30,vix3m_chg_1d,0.17523290891505033,0.18480480762686297
h5_d03,21,2024-12-30,vix3m_chg_5d,0.2924744760985087,0.30001599464174267
h5_d03,21,2024-12-30,vix3m_pctchg_5d,0.29591109572941593,0.3092529730134378
h5_d03,21,2024-12-30,vix3m_pctile_252d,6.354716580584964,6.591964456267338
h5_d03,21,2024-12-30,vix6m_chg_1d,0.18297546645223076,0.18792393717272682
h5_d03,21,2024-12-30,vix6m_chg_5d,0.20820143535308155,0.21845162620400405
h5_d03,21,2024-12-30,vix6m_pctchg_5d,0.22170073715700844,0.23706829841733038
h5_d03,21,2024-12-30,vix6m_pctile_252d,7.501064295218132,6.7455063870685885
h5_d03,21,2024-12-30,vix3m_minus_vix,1.3423897805336669,1.4007896345918118
h5_d03,21,2024-12-30,ratio_vix_vix3m,1.6021785291013,1.6391669424515072
h5_d03,21,2024-12-30,curve_inversion,0.0,0.0
h5_d03,21,2024-12-30,vix6m_minus_vix,2.506099556089634,2.5718067201050503
h5_d03,21,2024-12-30,vix9d_minus_vix,0.1301723884858133,0.12384659988862043
h5_d03,21,2024-12-30,ratio_vix9d_vix,0.0898061294941435,0.08624814402745781
h5_d03,21,2024-12-30,short_end_spike,0.011415814511236721,0.011415814511236737
h5_d03,21,2024-12-30,vvix_chg_1d,0.17745892347500347,0.1702400048705076
h5_d03,21,2024-12-30,vvix_chg_5d,0.2144195325886184,0.23284880581029652
h5_d03,21,2024-12-30,vvix_pctchg_5d,0.20408057395413085,0.22170755732485936
h5_d03,21,2024-12-30,vvix_pctile_252d,2.4126510651484425,2.555203214471936
h5_d03,22,2025-06-30,ret_1d,0.1369503467661311,0.14651485451686405
h5_d03,22,2025-06-30,ret_5d,0.15755888006112775,0.15239451903586204
h5_d03,22,2025-06-30,ret_10d,1.2620923706672105,1.307921351858938
h5_d03,22,2025-06-30,ret_20d,1.503236905709807,1.5129184953905348
h5_d03,22,2025-06-30,logret_1d,0.1369503467661311,0.14651485451686405
h5_d03,22,2025-06-30,rv_10d,2.370713704745271,1.4281985644778843
h5_d03,22,2025-06-30,rv_20d,3.6186256255827667,3.7661531345214305
h5_d03,22,2025-06-30,drawdown_20d,1.2981984345171766,1.340498964950022
h5_d03,22,2025-06-30,vix_chg_1d,0.03784911563246714,0.04086628704735236
h5_d03,22,2025-06-30,vix_chg_5d,0.04811214548834088,0.04478102537225506
h5_d03,22,2025-06-30,vix_pctchg_5d,0.044944613926363036,0.046538544565952536
h5_d03,22,2025-06-30,vix_pctile_252d,0.450738332655029,0.40884598623928425
h5_d03,22,2025-06-30,vix9d_chg_1d,0.031056441657103986,0.03326982306180557
h5_d03,22,2025-06-30,vix9d_chg_5d,0.16635666125653364,0.16054707055121947
h5_d03,22,2025-06-30,vix9d_pctchg_5d,0.1716838540323166,0.16313655638918662
h5_d03,22,2025-06-30,vix9d_pctile_252d,0.3712648516749849,0.3559681904096116
h5_d03,22,2025-06-30,vix3m_chg_1d,0.07074792707430588,0.08109971354121262
h5_d03,22,2025-06-30,vix3m_chg_5d,0.12181825441367693,0.13278370339786114
h5_d03,22,2025-06-30,vix3m_pctchg_5d,0.11964185021442342,0.12881936810891734
h5_d03,22,2025-06-30,vix3m_pctile_252d,0.8423385631375755,0.7669434131375972
h5_d03,22,2025-06-30,vix6m_chg_1d,0.12008842968317725,0.12070394427412373
h5_d03,22,2025-06-30,vix6m_chg_5d,0.18374921738381383,0.18023706364577585
h5_d03,22,2025-06-30,vix6m_pctchg_5d,0.20766245309537537,0.20379875599332237
h5_d03,22,2025-06-30,vix6m_pctile_252d,3.0481402492610115,3.1865754040307146
h5_d03,22,2025-06-30,vix3m_minus_vix,0.9866722618943313,0.9723693336149855
h5_d03,22,2025-06-30,ratio_vix_vix3m,0.592316841064932,0.5884781767047611
h5_d03,22,2025-06-30,curve_inversion,0.0,0.0
h5_d03,22,2025-06-30,vix6m_minus_vix,1.0392975408757692,1.0072868160220625
h5_d03,22,2025-06-30,vix9d_minus_vix,1.7623997281344042,1.7897046388136488
h5_d03,22,2025-06-30,ratio_vix9d_vix,2.617072221675804,1.7772047940411468
h5_d03,22,2025-06-30,short_end_spike,0.7035816266070325,0.7035816266070325
h5_d03,22,2025-06-30,vvix_chg_1d,0.05991939515796433,0.057848850744772515
h5_d03,22,2025-06-30,vvix_chg_5d,0.11743224286372729,0.12092599822679516
h5_d03,22,2025-06-30,vvix_pctchg_5d,0.14682474219964536,0.1556794786265262
h5_d03,22,2025-06-30,vvix_pctile_252d,0.22928180512503188,0.22835986722095158
h10_d05,1,2014-12-31,ret_1d,0.07667957024469647,0.073034893954295
h10_d05,1,2014-12-31,ret_5d,0.11518945145051047,0.12349942979550692
h10_d05,1,2014-12-31,ret_10d,0.36465736114882025,0.38910128797837074
h10_d05,1,2014-12-31,ret_20d,0.6533808226004503,0.6603370705349257
h10_d05,1,2014-12-31,logret_1d,0.07667957024469647,0.073034893954295
h10_d05,1,2014-12-31,rv_10d,1.4881435544647406,1.58291708461466
h10_d05,1,2014-12-31,rv_20d,1.4235245101225935,1.6096648163520089
h10_d05,1,2014-12-31,drawdown_20d,0.35401009639043846,0.3037094473126486
h10_d05,1,2014-12-31,vix_chg_1d,0.0876674482671983,0.09710067128186703
h10_d05,1,2014-12-31,vix_chg_5d,0.07733171194495538,0.08537538267098421
h10_d05,1,2014-12-31,vix_pctchg_5d,0.021092922505311782,0.02085529683336547
h10_d05,1,2014-12-31,vix_pctile_252d,2.988527119533244,3.383289872317275
h10_d05,1,2014-12-31,vix9d_chg_1d,0.05426164685159246,0.06509747260031395
h10_d05,1,2014-12-31,vix9d_chg_5d,0.11339798856243365,0.09575943265715306
h10_d05,1,2014-12-31,vix9d_pctchg_5d,0.09137288797201815,0.12367786094518946
h10_d05,1,2014-12-31,vix9d_pctile_252d,0.7134980741020429,1.9045766463925498
h10_d05,1,2014-12-31,vix3m_chg_1d,0.12214946621807496,0.08102916606006924
h10_d05,1,2014-12-31,vix3m_chg_5d,0.17848248083933574,0.1701971055605016
h10_d05,1,2014-12-31,vix3m_pctchg_5d,0.12435743906309067,0.1033806711860034
h10_d05,1,2014-12-31,vix3m_pctile_252d,5.0676548478048975,4.731322172378402
h10_d05,1,2014-12-31,vix6m_chg_1d,0.154119251605362,0.12729012307845247
h10_d05,1,2014-12-31,vix6m_chg_5d,0.20433658545674246,0.1912812950393425
h10_d05,1,2014-12-31,vix6m_pctchg_5d,0.1303825300229024,0.14370450305842605
h10_d05,1,2014-12-31,vix6m_pctile_252d,5.090091542736838,4.918407394515061
h10_d05,1,2014-12-31,vix3m_minus_vix,0.46485220366533153,0.4631221507708688
h10_d05,1,2014-12-31,ratio_vix_vix3m,0.39536096283628225,0.367512310801744
h10_d05,1,2014-12-31,curve_inversion,0.0,0.0
h10_d05,1,2014-12-31,vix6m_minus_vix,1.4436925587537424,1.5404968031414177
h10_d05,1,2014-12-31,vix9d_minus_vix,0.17671495776372328,0.17637828604388311
h10_d05,1,2014-12-31,ratio_vix9d_vix,0.1834429125495426,0.2399908649131492
h10_d05,1,2014-12-31,short_end_spike,0.03248948494984294,0.03248948494984294
h10_d05,1,2014-12-31,vvix_chg_1d,0.18429478668581117,0.17455885158119405
h10_d05,1,2014-12-31,vvix_chg_5d,0.07650907061916683,0.07521536393928094
h10_d05,1,2014-12-31,vvix_pctchg_5d,0.09320034739110697,0.09712300805025118
h10_d05,1,2014-12-31,vvix_pctile_252d,1.6448108042802785,1.8076447862579803
h10_d05,2,2015-06-30,ret_1d,0.18710437824536136,0.20992785987714177
h10_d05,2,2015-06-30,ret_5d,0.09997686699174689,0.08145347976293196
h10_d05,2,2015-06-30,ret_10d,0.25573194188404186,0.2625496787395861
h10_d05,2,2015-06-30,ret_20d,0.3156186295906633,0.38079160955273206
h10_d05,2,2015-06-30,logret_1d,0.18710437824536136,0.20992785987714177
h10_d05,2,2015-06-30,rv_10d,2.6943098809700916,2.9700515230182107
h10_d05,2,2015-06-30,rv_20d,3.9588867784517827,3.173404976429157
h10_d05,2,2015-06-30,drawdown_20d,0.276187742413519,0.337760870076203
h10_d05,2,2015-06-30,vix_chg_1d,0.25840999688114485,0.2664177625259573
h10_d05,2,2015-06-30,vix_chg_5d,0.18227279890296563,0.17771176684927067
h10_d05,2,2015-06-30,vix_pctchg_5d,0.2041535486893582,0.2236232827479634
h10_d05,2,2015-06-30,vix_pctile_252d,1.8789247910746991,0.8660701784192288
h10_d05,2,2015-06-30,vix9d_chg_1d,0.15273341990069797,0.1544267417553283
h10_d05,2,2015-06-30,vix9d_chg_5d,0.10125665118038567,0.08997939055443649
h10_d05,2,2015-06-30,vix9d_pctchg_5d,0.10763385093780972,0.12351325724524087
h10_d05,2,2015-06-30,vix9d_pctile_252d,0.7799515986792064,0.8712892723374442
h10_d05,2,2015-06-30,vix3m_chg_1d,0.28396806231347804,0.24275974565653388
h10_d05,2,2015-06-30,vix3m_chg_5d,0.18140760444893814,0.14996672843110728
h10_d05,2,2015-06-30,vix3m_pctchg_5d,0.13581790815899053,0.15548272576112854
h10_d05,2,2015-06-30,vix3m_pctile_252d,2.9656373945356953,3.311075204687385
h10_d05,2,2015-06-30,vix6m_chg_1d,0.21504901033190776,0.23060681464582014
h10_d05,2,2015-06-30,vix6m_chg_5d,0.07617410458762966,0.07861729517049953
h10_d05,2,2015-06-30,vix6m_pctchg_5d,0.17623565714240458,0.13719325594159265
h10_d05,2,2015-06-30,vix6m_pctile_252d,3.343577247632328,3.7797494405188257
h10_d05,2,2015-06-30,vix3m_minus_vix,0.4477106630414831,0.43401619153702276
h10_d05,2,2015-06-30,ratio_vix_vix3m,0.4020359092169763,0.43349093756504464
h10_d05,2,2015-06-30,curve_inversion,0.0,0.0
h10_d05,2,2015-06-30,vix6m_minus_vix,1.3943674679225613,1.6009893777700355
h10_d05,2,2015-06-30,vix9d_minus_vix,0.03417375714075808,0.038247936150405545
h10_d05,2,2015-06-30,ratio_vix9d_vix,0.11584215166207082,0.09984433082074376
h10_d05,2,2015-06-30,short_end_spike,0.0009413923630775626,0.0009413923630774337
h10_d05,2,2015-06-30,vvix_chg_1d,0.2524756617885477,0.2692626777803232
h10_d05,2,2015-06-30,vvix_chg_5d,0.2653802064045838,0.23517195061633883
h10_d05,2,2015-06-30,vvix_pctchg_5d,0.13610068835001585,0.12300998302827465
h10_d05,2,2015-06-30,vvix_pctile_252d,1.5728742551470662,1.8209501443465264
h10_d05,3,2015-12-30,ret_1d,0.06968248505718552,0.07319393067206309
h10_d05,3,2015-12-30,ret_5d,0.048331373583442645,0.05647430299292664
h10_d05,3,2015-12-30,ret_10d,0.059954095851005286,0.06415143355002426
h10_d05,3,2015-12-30,ret_20d,0.230769930739503,0.21250517277082026
h10_d05,3,2015-12-30,logret_1d,0.06968248505718552,0.07319393067206309
h10_d05,3,2015-12-30,rv_10d,0.3837086594286952,0.3293897496955655
h10_d05,3,2015-12-30,rv_20d,0.7865239377372585,0.7623762451372231
h10_d05,3,2015-12-30,drawdown_20d,0.11311583939288967,0.1011135083388008
h10_d05,3,2015-12-30,vix_chg_1d,0.12168971624150142,0.11558854293935025
h10_d05,3,2015-12-30,vix_chg_5d,0.09898192639707928,0.1001432961286641
h10_d05,3,2015-12-30,vix_pctchg_5d,0.0946680048379199,0.06998039796113287
h10_d05,3,2015-12-30,vix_pctile_252d,1.4797377293573275,1.5245382071634266
h10_d05,3,2015-12-30,vix9d_chg_1d,0.06879106192419063,0.051133027080470565
h10_d05,3,2015-12-30,vix9d_chg_5d,0.07184420470216626,0.07626458838130987
h10_d05,3,2015-12-30,vix9d_pctchg_5d,0.05361445693088407,0.0636776269011893
h10_d05,3,2015-12-30,vix9d_pctile_252d,0.18087886594185726,0.15438088703808855
h10_d05,3,2015-12-30,vix3m_chg_1d,0.09147028317615913,0.06400352560438466
h10_d05,3,2015-12-30,vix3m_chg_5d,0.14237517250932996,0.14274550182427853
h10_d05,3,2015-12-30,vix3m_pctchg_5d,0.11103659193127066,0.11725960250953878
h10_d05,3,2015-12-30,vix3m_pctile_252d,3.6284196157833235,2.841302312059438
h10_d05,3,2015-12-30,vix6m_chg_1d,0.130914658748572,0.11619861787156924
h10_d05,3,2015-12-30,vix6m_chg_5d,0.15574686489708975,0.12341513799000979
h10_d05,3,2015-12-30,vix6m_pctchg_5d,0.12647057040015974,0.11928663890940439
h10_d05,3,2015-12-30,vix6m_pctile_252d,3.707860515178118,4.169994956976311
h10_d05,3,2015-12-30,vix3m_minus_vix,0.4284004674882036,0.4409338200756153
h10_d05,3,2015-12-30,ratio_vix_vix3m,0.40094909726829814,0.4414661303364954
h10_d05,3,2015-12-30,curve_inversion,0.0,0.0
h10_d05,3,2015-12-30,vix6m_minus_vix,0.6841972438641342,0.7257234150930191
h10_d05,3,2015-12-30,vix9d_minus_vix,0.11936122940283546,0.13360601711328748
h10_d05,3,2015-12-30,ratio_vix9d_vix,0.10659263436126425,0.09972951990525614
h10_d05,3,2015-12-30,short_end_spike,0.01889726112555786,0.018897261125558007
h10_d05,3,2015-12-30,vvix_chg_1d,0.010722434814849132,0.010139850127213936
h10_d05,3,2015-12-30,vvix_chg_5d,0.057558265444510884,0.07511922995393444
h10_d05,3,2015-12-30,vvix_pctchg_5d,0.025784586790244785,0.03418183938461942
h10_d05,3,2015-12-30,vvix_pctile_252d,0.24822261640882237,0.23423081027446324
h10_d05,4,2016-06-30,ret_1d,0.3137659428914714,0.33286344354086556
h10_d05,4,2016-06-30,ret_5d,0.38820328372447765,0.4112276851666624
h10_d05,4,2016-06-30,ret_10d,1.2962877019857817,1.3839501722540362
h10_d05,4,2016-06-30,ret_20d,1.3030809752711432,0.42986674971884486
h10_d05,4,2016-06-30,logret_1d,0.3137659428914714,0.33286344354086556
h10_d05,4,2016-06-30,rv_10d,0.8060381263765692,0.8142392391558536
h10_d05,4,2016-06-30,rv_20d,2.0236542940781783,2.057734099126011
h10_d05,4,2016-06-30,drawdown_20d,1.4107975053248423,1.5027861730937455
h10_d05,4,2016-06-30,vix_chg_1d,0.169285054546543,0.1737109094459198
h10_d05,4,2016-06-30,vix_chg_5d,0.04711855619752633,0.04720663749119449
h10_d05,4,2016-06-30,vix_pctchg_5d,0.07148867385796265,0.05668879880446665
h10_d05,4,2016-06-30,vix_pctile_252d,0.6576498233395189,0.6141656263496336
h10_d05,4,2016-06-30,vix9d_chg_1d,0.19453505375146413,0.18453626555265365
h10_d05,4,2016-06-30,vix9d_chg_5d,0.09398489217915465,0.11289093104146397
h10_d05,4,2016-06-30,vix9d_pctchg_5d,0.09600050245679737,0.08683034461631373
h10_d05,4,2016-06-30,vix9d_pctile_252d,0.5664865165871956,0.507053101433552
h10_d05,4,2016-06-30,vix3m_chg_1d,0.29497274987254013,0.28078338797702207
h10_d05,4,2016-06-30,vix3m_chg_5d,0.12305487738641764,0.12590484403758323
h10_d05,4,2016-06-30,vix3m_pctchg_5d,0.09240928277453987,0.10463408218912845
h10_d05,4,2016-06-30,vix3m_pctile_252d,1.9922785510490977,2.0780627644083585
h10_d05,4,2016-06-30,vix6m_chg_1d,0.3292574708231004,0.3565072359699649
h10_d05,4,2016-06-30,vix6m_chg_5d,0.22125787920491607,0.2035127258604964
h10_d05,4,2016-06-30,vix6m_pctchg_5d,0.18060678518824935,0.17346884731571272
h10_d05,4,2016-06-30,vix6m_pctile_252d,2.3901734627714797,2.4178269557722176
h10_d05,4,2016-06-30,vix3m_minus_vix,1.1862177041485786,1.187933993896892
h10_d05,4,2016-06-30,ratio_vix_vix3m,2.426744181332836,1.7667189179495888
h10_d05,4,2016-06-30,curve_inversion,0.0,0.0
h10_d05,4,2016-06-30,vix6m_minus_vix,1.110674763782331,1.2245576495670594
h10_d05,4,2016-06-30,vix9d_minus_vix,0.5655208142074105,0.5787113188107447
h10_d05,4,2016-06-30,ratio_vix9d_vix,0.8836620572796111,0.8855904616342554
h10_d05,4,2016-06-30,short_end_spike,0.19562691646968508,0.1956269164696851
h10_d05,4,2016-06-30,vvix_chg_1d,0.07320776576536973,0.061660449631396066
h10_d05,4,2016-06-30,vvix_chg_5d,0.0977297952528069,0.1117551255644226
h10_d05,4,2016-06-30,vvix_pctchg_5d,0.09536996613683724,0.08834235470955044
h10_d05,4,2016-06-30,vvix_pctile_252d,0.35671644196217944,0.37821372682655235
h10_d05,5,2016-12-30,ret_1d,0.6192393340669392,0.5878954238158804
h10_d05,5,2016-12-30,ret_5d,2.519933122544656,1.7429273409334338
h10_d05,5,2016-12-30,ret_10d,2.802302189969901,2.937026834316347
h10_d05,5,2016-12-30,ret_20d,1.720165369275551,1.8451410724245008
h10_d05,5,2016-12-30,logret_1d,0.6192393340669392,0.5878954238158804
h10_d05,5,2016-12-30,rv_10d,5.445707699880302,5.849810736156756
h10_d05,5,2016-12-30,rv_20d,9.747711243105954,10.192388678112277
h10_d05,5,2016-12-30,drawdown_20d,2.5561943747161786,2.7054728331075233
h10_d05,5,2016-12-30,vix_chg_1d,0.5279587689294347,0.5529924329873166
h10_d05,5,2016-12-30,vix_chg_5d,0.4860596369039249,0.45446667368037974
h10_d05,5,2016-12-30,vix_pctchg_5d,0.18874738132324095,0.21130750216938315
h10_d05,5,2016-12-30,vix_pctile_252d,2.0899038614155834,1.1024582784708463
h10_d05,5,2016-12-30,vix9d_chg_1d,0.26182878540367605,0.27949674068128133
h10_d05,5,2016-12-30,vix9d_chg_5d,0.28162468977741417,0.2905664061538066
h10_d05,5,2016-12-30,vix9d_pctchg_5d,0.04811388300744627,0.05647007043169664
h10_d05,5,2016-12-30,vix9d_pctile_252d,0.5409850056715424,0.5365875177556658
h10_d05,5,2016-12-30,vix3m_chg_1d,0.6508685675714981,0.6705068042280105
h10_d05,5,2016-12-30,vix3m_chg_5d,0.601886774559172,0.62839517158537
h10_d05,5,2016-12-30,vix3m_pctchg_5d,0.20860745779520184,0.21585663675855749
h10_d05,5,2016-12-30,vix3m_pctile_252d,4.758601430576848,5.078842798985559
h10_d05,5,2016-12-30,vix6m_chg_1d,0.6431206692527689,0.6681580013210233
h10_d05,5,2016-12-30,vix6m_chg_5d,0.6741459362170297,0.7203603140902566
h10_d05,5,2016-12-30,vix6m_pctchg_5d,0.2587666410832129,0.26258196212568263
h10_d05,5,2016-12-30,vix6m_pctile_252d,6.970367978444699,6.4815804388549605
h10_d05,5,2016-12-30,vix3m_minus_vix,0.6981514726002155,0.7547295016177392
h10_d05,5,2016-12-30,ratio_vix_vix3m,2.205756620097525,2.2381874141551545
h10_d05,5,2016-12-30,curve_inversion,0.0,0.0
h10_d05,5,2016-12-30,vix6m_minus_vix,0.7594748931074806,0.6930117304803712
h10_d05,5,2016-12-30,vix9d_minus_vix,0.4158092949956711,0.4516568892257025
h10_d05,5,2016-12-30,ratio_vix9d_vix,0.8194958131503284,0.8836904708624675
h10_d05,5,2016-12-30,short_end_spike,0.3007293638039187,0.3007293638039187
h10_d05,5,2016-12-30,vvix_chg_1d,0.1106917231833952,0.11097421561958364
h10_d05,5,2016-12-30,vvix_chg_5d,0.048340167577917356,0.05339912614842281
h10_d05,5,2016-12-30,vvix_pctchg_5d,0.08554228911918267,0.048586309175013095
h10_d05,5,2016-12-30,vvix_pctile_252d,0.4472517840390668,0.43382050063539696
h10_d05,6,2017-06-30,ret_1d,0.7408148824121176,0.7774467315121216
h10_d05,6,2017-06-30,ret_5d,2.704612074430897,2.7893360214269696
h10_d05,6,2017-06-30,ret_10d,2.7404773993257634,1.9560974818326033
h10_d05,6,2017-06-30,ret_20d,2.6935046556804045,1.9010426595384977
h10_d05,6,2017-06-30,logret_1d,0.7408148824121176,0.7774467315121216
h10_d05,6,2017-06-30,rv_10d,4.4324778869817525,4.8160946565287475
h10_d05,6,2017-06-30,rv_20d,7.016468974262192,7.4197030595344415
h10_d05,6,2017-06-30,drawdown_20d,2.7086380886569854,2.8547110057443086
h10_d05,6,2017-06-30,vix_chg_1d,0.4152167796591877,0.45030985186237227
h10_d05,6,2017-06-30,vix_chg_5d,0.40721339689073643,0.4054130927776356
h10_d05,6,2017-06-30,vix_pctchg_5d,0.08699756777263201,0.09382876468645962
h10_d05,6,2017-06-30,vix_pctile_252d,0.335404342655907,0.37012566306405603
h10_d05,6,2017-06-30,vix9d_chg_1d,0.43936741731258666,0.43582016485051134
h10_d05,6,2017-06-30,vix9d_chg_5d,0.5461879333036834,0.5157640147139818
h10_d05,6,2017-06-30,vix9d_pctchg_5d,0.04589498283081435,0.043255491314610914
h10_d05,6,2017-06-30,vix9d_pctile_252d,0.2145897097888226,0.22329372459296987
h10_d05,6,2017-06-30,vix3m_chg_1d,0.5887527261994978,0.5775792838885521
h10_d05,6,2017-06-30,vix3m_chg_5d,0.5612884592683938,0.5683372881317963
h10_d05,6,2017-06-30,vix3m_pctchg_5d,0.18979625833033104,0.20697506442585578
h10_d05,6,2017-06-30,vix3m_pctile_252d,1.3793181401130388,0.4786370984802102
h10_d05,6,2017-06-30,vix6m_chg_1d,0.5901851379852985,0.5908840792427164
h10_d05,6,2017-06-30,vix6m_chg_5d,0.5704367476384041,0.6214691709310303
h10_d05,6,2017-06-30,vix6m_pctchg_5d,0.2708075862853062,0.2645948254366865
h10_d05,6,2017-06-30,vix6m_pctile_252d,1.7002809457376842,1.8068318818620839
h10_d05,6,2017-06-30,vix3m_minus_vix,1.1214713992907663,1.1462167003566068
h10_d05,6,2017-06-30,ratio_vix_vix3m,2.757917255148902,2.7546088957794232
h10_d05,6,2017-06-30,curve_inversion,0.0,0.0
h10_d05,6,2017-06-30,vix6m_minus_vix,1.1456528456480215,1.2215064862297877
h10_d05,6,2017-06-30,vix9d_minus_vix,0.8840464381367064,0.9222255664772548
h10_d05,6,2017-06-30,ratio_vix9d_vix,1.2121213892057152,1.2499770638834895
h10_d05,6,2017-06-30,short_end_spike,0.5506158751268363,0.5506158751268363
h10_d05,6,2017-06-30,vvix_chg_1d,0.06243438074055385,0.08474556522705387
h10_d05,6,2017-06-30,vvix_chg_5d,0.10526425569002518,0.12443256467137905
h10_d05,6,2017-06-30,vvix_pctchg_5d,0.11092675741927,0.14285964077659208
h10_d05,6,2017-06-30,vvix_pctile_252d,0.8906207518085181,1.0103732628579867
h10_d05,7,2017-12-30,ret_1d,0.14446303150006848,0.13033945816678133
h10_d05,7,2017-12-30,ret_5d,0.09869375918483005,0.10629312657915199
h10_d05,7,2017-12-30,ret_10d,0.14576508691749013,0.10814937330951863
h10_d05,7,2017-12-30,ret_20d,0.2050851697618581,0.209428550963827
h10_d05,7,2017-12-30,logret_1d,0.14446303150006848,0.13033945816678133
h10_d05,7,2017-12-30,rv_10d,0.27303625219686634,0.2652760249563546
h10_d05,7,2017-12-30,rv_20d,0.593829560155474,0.4795552138278315
h10_d05,7,2017-12-30,drawdown_20d,0.26381420524631,0.26721025292137507
h10_d05,7,2017-12-30,vix_chg_1d,0.16146196048719758,0.16297781995195676
h10_d05,7,2017-12-30,vix_chg_5d,0.17488972709080583,0.16748214159161545
h10_d05,7,2017-12-30,vix_pctchg_5d,0.31859665673601334,0.3284300292221645
h10_d05,7,2017-12-30,vix_pctile_252d,3.9377679259435947,3.0015463617208127
h10_d05,7,2017-12-30,vix9d_chg_1d,0.10716830237733953,0.09897425471441412
h10_d05,7,2017-12-30,vix9d_chg_5d,0.08713584507304278,0.09246354677887185
h10_d05,7,2017-12-30,vix9d_pctchg_5d,0.1486046522139801,0.17145398224284694
h10_d05,7,2017-12-30,vix9d_pctile_252d,2.832732574705914,3.9454194319294213
h10_d05,7,2017-12-30,vix3m_chg_1d,0.0941948371494589,0.11009615068091685
h10_d05,7,2017-12-30,vix3m_chg_5d,0.11343813672750468,0.12942637684124536
h10_d05,7,2017-12-30,vix3m_pctchg_5d,0.23978550467332108,0.26742037495800286
h10_d05,7,2017-12-30,vix3m_pctile_252d,3.818537428620246,4.1348311221021445
h10_d05,7,2017-12-30,vix6m_chg_1d,0.12164402739051006,0.11607960345499174
h10_d05,7,2017-12-30,vix6m_chg_5d,0.07414972498667385,0.0780986991526115
h10_d05,7,2017-12-30,vix6m_pctchg_5d,0.1336451805207596,0.13680103217852965
h10_d05,7,2017-12-30,vix6m_pctile_252d,3.689695871960521,3.98873143203777
h10_d05,7,2017-12-30,vix3m_minus_vix,1.7431804837425688,0.738858841433662
h10_d05,7,2017-12-30,ratio_vix_vix3m,0.4200525960851391,0.3885066401616143
h10_d05,7,2017-12-30,curve_inversion,0.0,0.0
h10_d05,7,2017-12-30,vix6m_minus_vix,1.8255207775998445,1.975308546480566
h10_d05,7,2017-12-30,vix9d_minus_vix,0.2235090663401245,0.15565033395959726
h10_d05,7,2017-12-30,ratio_vix9d_vix,0.17360792848002246,0.19713238885092682
h10_d05,7,2017-12-30,short_end_spike,0.026626971988528855,0.026626971988528897
h10_d05,7,2017-12-30,vvix_chg_1d,0.22259309510072817,0.22660916320685034
h10_d05,7,2017-12-30,vvix_chg_5d,0.08335833630355992,0.09728731438998636
h10_d05,7,2017-12-30,vvix_pctchg_5d,0.09176864558254758,0.10223421473934077
h10_d05,7,2017-12-30,vvix_pctile_252d,1.5787341330992464,1.7265646637084222
h10_d05,8,2018-06-30,ret_1d,0.08549521744044176,0.09711388289790307
h10_d05,8,2018-06-30,ret_5d,0.10987072531525058,0.12463069699991976
h10_d05,8,2018-06-30,ret_10d,0.2776078631856984,0.3148322470606551
h10_d05,8,2018-06-30,ret_20d,0.45324915019670753,0.45862124681251937
h10_d05,8,2018-06-30,logret_1d,0.08549521744044176,0.09711388289790307
h10_d05,8,2018-06-30,rv_10d,0.8079480482978003,0.7934864807124999
h10_d05,8,2018-06-30,rv_20d,1.894057071667137,1.98127296041729
h10_d05,8,2018-06-30,drawdown_20d,0.4166604783313886,0.38405443734176903
h10_d05,8,2018-06-30,vix_chg_1d,0.023390240107756727,0.026177762893556486
h10_d05,8,2018-06-30,vix_chg_5d,0.10468115847300076,0.10144802443811231
h10_d05,8,2018-06-30,vix_pctchg_5d,0.11703918161505511,0.11085599318092035
h10_d05,8,2018-06-30,vix_pctile_252d,4.938812849512731,5.286176252084812
h10_d05,8,2018-06-30,vix9d_chg_1d,0.145556377837806,0.16197504998678364
h10_d05,8,2018-06-30,vix9d_chg_5d,0.20438787972598046,0.209055061285564
h10_d05,8,2018-06-30,vix9d_pctchg_5d,0.20126119896938072,0.2085922328566327
h10_d05,8,2018-06-30,vix9d_pctile_252d,3.840246403219489,3.114581727079773
h10_d05,8,2018-06-30,vix3m_chg_1d,0.07524990486185802,0.0630381424911368
h10_d05,8,2018-06-30,vix3m_chg_5d,0.0787468848493316,0.08862356692137902
h10_d05,8,2018-06-30,vix3m_pctchg_5d,0.08866125982651815,0.09164767407797679
h10_d05,8,2018-06-30,vix3m_pctile_252d,6.176527774855433,6.642469381703533
h10_d05,8,2018-06-30,vix6m_chg_1d,0.11560044521707821,0.08777959336035959
h10_d05,8,2018-06-30,vix6m_chg_5d,0.08565104497096096,0.08516434376611645
h10_d05,8,2018-06-30,vix6m_pctchg_5d,0.14555559505558796,0.1358963011185895
h10_d05,8,2018-06-30,vix6m_pctile_252d,6.125625627504165,5.648516649012598
h10_d05,8,2018-06-30,vix3m_minus_vix,1.5967922851930847,1.6215563030230333
h10_d05,8,2018-06-30,ratio_vix_vix3m,0.43896385223816087,0.4661086452729209
h10_d05,8,2018-06-30,curve_inversion,0.0,0.0
h10_d05,8,2018-06-30,vix6m_minus_vix,2.9338036665010643,3.0126693522845005
h10_d05,8,2018-06-30,vix9d_minus_vix,0.29218160440583174,0.30225219017659755
h10_d05,8,2018-06-30,ratio_vix9d_vix,0.30870797544130796,0.33328570305275895
h10_d05,8,2018-06-30,short_end_spike,0.04748529068420489,0.04748529068420494
h10_d05,8,2018-06-30,vvix_chg_1d,0.06945743527807809,0.09915341998336087
h10_d05,8,2018-06-30,vvix_chg_5d,0.10580728583359353,0.11060946973638888
h10_d05,8,2018-06-30,vvix_pctchg_5d,0.09926557204379541,0.11527577823550164
h10_d05,8,2018-06-30,vvix_pctile_252d,0.1761700894705808,0.17930320538774736
h10_d05,9,2018-12-30,ret_1d,0.1098166314716869,0.09658325184588282
h10_d05,9,2018-12-30,ret_5d,0.12014498739590254,0.11127809417792695
h10_d05,9,2018-12-30,ret_10d,0.3349314535689084,0.3470346652509502
h10_d05,9,2018-12-30,ret_20d,0.35313875664119476,0.3562091147024663
h10_d05,9,2018-12-30,logret_1d,0.1098166314716869,0.09658325184588282
h10_d05,9,2018-12-30,rv_10d,0.30911132039230754,0.22049477798762362
h10_d05,9,2018-12-30,rv_20d,0.3405172351578321,0.3850653023020659
h10_d05,9,2018-12-30,drawdown_20d,0.13194578909370921,0.10781188116447803
h10_d05,9,2018-12-30,vix_chg_1d,0.024734679685144482,0.025801088206023504
h10_d05,9,2018-12-30,vix_chg_5d,0.09366102213815133,0.07484539169278183
h10_d05,9,2018-12-30,vix_pctchg_5d,0.08865166016010048,0.09695354898497993
h10_d05,9,2018-12-30,vix_pctile_252d,1.8138108656076564,1.912924446262893
h10_d05,9,2018-12-30,vix9d_chg_1d,0.03786281476349604,0.029438037277171047
h10_d05,9,2018-12-30,vix9d_chg_5d,0.07855157385353093,0.09026798814816081
h10_d05,9,2018-12-30,vix9d_pctchg_5d,0.08190039202082014,0.07303021274487459
h10_d05,9,2018-12-30,vix9d_pctile_252d,0.7110438299272887,0.6913440488776492
h10_d05,9,2018-12-30,vix3m_chg_1d,0.06437388860522743,0.06512961928717287
h10_d05,9,2018-12-30,vix3m_chg_5d,0.14182743958132288,0.13290734373869958
h10_d05,9,2018-12-30,vix3m_pctchg_5d,0.18272683513694263,0.15278681418184664
h10_d05,9,2018-12-30,vix3m_pctile_252d,1.8758782191871854,1.970822016232982
h10_d05,9,2018-12-30,vix6m_chg_1d,0.11542423633989193,0.12502073297200855
h10_d05,9,2018-12-30,vix6m_chg_5d,0.2613579211589727,0.2728498356411585
h10_d05,9,2018-12-30,vix6m_pctchg_5d,0.12446456139044942,0.12326133593908502
h10_d05,9,2018-12-30,vix6m_pctile_252d,2.8234436140399883,3.0274902602566494
h10_d05,9,2018-12-30,vix3m_minus_vix,3.8293173205231135,2.925239437440241
h10_d05,9,2018-12-30,ratio_vix_vix3m,2.595113365322494,2.7444408338644464
h10_d05,9,2018-12-30,curve_inversion,0.0,0.0
h10_d05,9,2018-12-30,vix6m_minus_vix,4.23992722766438,4.471954572513639
h10_d05,9,2018-12-30,vix9d_minus_vix,0.11279291332217345,0.08003248748495335
h10_d05,9,2018-12-30,ratio_vix9d_vix,0.0890171832272667,0.09385915631702176
h10_d05,9,2018-12-30,short_end_spike,0.011444944467014329,0.011444944467014245
h10_d05,9,2018-12-30,vvix_chg_1d,0.07554368758124658,0.08080596996103248
h10_d05,9,2018-12-30,vvix_chg_5d,0.2958940868016029,0.2610456916575645
h10_d05,9,2018-12-30,vvix_pctchg_5d,0.2520856122176731,0.2354286825971993
h10_d05,9,2018-12-30,vvix_pctile_252d,1.3635855195534239,2.304698212934327
h10_d05,10,2019-06-30,ret_1d,0.0722619133101763,0.057619790537791954
h10_d05,10,2019-06-30,ret_5d,0.14136944382698288,0.129291747750302
h10_d05,10,2019-06-30,ret_10d,0.2034081987321602,0.22083101914090883
h10_d05,10,2019-06-30,ret_20d,0.21182276628582009,0.20659404516774782
h10_d05,10,2019-06-30,logret_1d,0.0722619133101763,0.057619790537791954
h10_d05,10,2019-06-30,rv_10d,0.4235633066117937,0.4099851851351729
h10_d05,10,2019-06-30,rv_20d,0.4721558192720888,0.42990193915769204
h10_d05,10,2019-06-30,drawdown_20d,0.13281319198487446,0.14354010225470232
h10_d05,10,2019-06-30,vix_chg_1d,0.09490526017454395,0.10771981459978403
h10_d05,10,2019-06-30,vix_chg_5d,0.020683637744995913,0.02186921032618222
h10_d05,10,2019-06-30,vix_pctchg_5d,0.02593892326002974,0.017922247364971854
h10_d05,10,2019-06-30,vix_pctile_252d,0.25751394056412413,0.2676233197714468
h10_d05,10,2019-06-30,vix9d_chg_1d,0.03576196130039413,0.0384473679273426
h10_d05,10,2019-06-30,vix9d_chg_5d,0.13824932779823323,0.1475690337705213
h10_d05,10,2019-06-30,vix9d_pctchg_5d,0.13909676132708518,0.14714745308147717
h10_d05,10,2019-06-30,vix9d_pctile_252d,0.2547340750883108,0.29248716452388573
h10_d05,10,2019-06-30,vix3m_chg_1d,0.04440826307374817,0.047257436424903765
h10_d05,10,2019-06-30,vix3m_chg_5d,0.044541234459703476,0.053575238339563194
h10_d05,10,2019-06-30,vix3m_pctchg_5d,0.04593798867389463,0.04399715015044599
h10_d05,10,2019-06-30,vix3m_pctile_252d,1.4984604574444504,1.5971940027898333
h10_d05,10,2019-06-30,vix6m_chg_1d,0.05344717891988686,0.04132858051100308
h10_d05,10,2019-06-30,vix6m_chg_5d,0.08541248444815158,0.09198052375078018
h10_d05,10,2019-06-30,vix6m_pctchg_5d,0.07201024742729029,0.08328168447041676
h10_d05,10,2019-06-30,vix6m_pctile_252d,1.7722996721176454,1.8715578540694535
h10_d05,10,2019-06-30,vix3m_minus_vix,0.209292875895223,0.20666259911450774
h10_d05,10,2019-06-30,ratio_vix_vix3m,0.18641788476826432,0.1829059176798019
h10_d05,10,2019-06-30,curve_inversion,0.0,0.0
h10_d05,10,2019-06-30,vix6m_minus_vix,0.18878481985810913,0.20883416246950873
h10_d05,10,2019-06-30,vix9d_minus_vix,0.2696878304733224,0.26092552979262496
h10_d05,10,2019-06-30,ratio_vix9d_vix,0.30561830346012,0.2656244348589386
h10_d05,10,2019-06-30,short_end_spike,0.001442436870317997,0.0014424368703179064
h10_d05,10,2019-06-30,vvix_chg_1d,0.08789721137212081,0.09541852905829719
h10_d05,10,2019-06-30,vvix_chg_5d,0.31944017425422355,0.3456752719437895
h10_d05,10,2019-06-30,vvix_pctchg_5d,0.3411236157866718,0.36002755703684686
h10_d05,10,2019-06-30,vvix_pctile_252d,12.465908021199338,12.465908021199338
h10_d05,11,2019-12-30,ret_1d,0.6071026460639944,0.6731387568127092
h10_d05,11,2019-12-30,ret_5d,0.5434822570689662,0.5026640929359867
h10_d05,11,2019-12-30,ret_10d,0.558986202266198,0.5945264317696288
h10_d05,11,2019-12-30,ret_20d,0.9363577533633114,0.955521649400401
h10_d05,11,2019-12-30,logret_1d,0.6071026460639944,0.6731387568127092
h10_d05,11,2019-12-30,rv_10d,1.7091961824636837,1.6171018263864863
h10_d05,11,2019-12-30,rv_20d,4.893722187145631,3.3794689600616676
h10_d05,11,2019-12-30,drawdown_20d,0.4385052072884261,0.4699539823531218
h10_d05,11,2019-12-30,vix_chg_1d,0.6007221723845007,0.5998968244704259
h10_d05,11,2019-12-30,vix_chg_5d,0.3865127372747511,0.4087638582400068
h10_d05,11,2019-12-30,vix_pctchg_5d,0.19463303697097617,0.19444767043649216
h10_d05,11,2019-12-30,vix_pctile_252d,2.3224228146707513,1.422807396410228
h10_d05,11,2019-12-30,vix9d_chg_1d,0.44073011794733896,0.4314418702694453
h10_d05,11,2019-12-30,vix9d_chg_5d,0.6423283302468531,0.6250299376948163
h10_d05,11,2019-12-30,vix9d_pctchg_5d,0.2195056956065583,0.21515396179609103
h10_d05,11,2019-12-30,vix9d_pctile_252d,1.100983590122729,1.2524557287469091
h10_d05,11,2019-12-30,vix3m_chg_1d,0.9341023695145081,0.9948147361508786
h10_d05,11,2019-12-30,vix3m_chg_5d,0.5872787350374378,0.6645720868709986
h10_d05,11,2019-12-30,vix3m_pctchg_5d,0.32749393408131516,0.3688121439195145
h10_d05,11,2019-12-30,vix3m_pctile_252d,1.3191514199183616,1.1868628340419531
h10_d05,11,2019-12-30,vix6m_chg_1d,0.691774843997609,0.6995087037218517
h10_d05,11,2019-12-30,vix6m_chg_5d,1.655250751223286,1.7651588816887651
h10_d05,11,2019-12-30,vix6m_pctchg_5d,0.3136716248492322,0.3267891722985282
h10_d05,11,2019-12-30,vix6m_pctile_252d,2.370306181271836,2.247480588803516
h10_d05,11,2019-12-30,vix3m_minus_vix,0.5982328687715158,0.6752426996075167
h10_d05,11,2019-12-30,ratio_vix_vix3m,1.974090166604523,2.130247545196016
h10_d05,11,2019-12-30,curve_inversion,0.0,0.0
h10_d05,11,2019-12-30,vix6m_minus_vix,0.875681121013623,0.975913182483784
h10_d05,11,2019-12-30,vix9d_minus_vix,0.5682888472275666,0.6427118939594005
h10_d05,11,2019-12-30,ratio_vix9d_vix,0.22067296394676655,0.23117774806245528
h10_d05,11,2019-12-30,short_end_spike,0.04920326164985449,0.04920326164985442
h10_d05,11,2019-12-30,vvix_chg_1d,0.13050754959753974,0.13845708315951438
h10_d05,11,2019-12-30,vvix_chg_5d,0.35105103189101583,0.38847206129312606
h10_d05,11,2019-12-30,vvix_pctchg_5d,0.26079606295856417,0.2590449393053553
h10_d05,11,2019-12-30,vvix_pctile_252d,,
h10_d05,12,2020-06-30,ret_1d,0.15345575159279165,0.16347735485352416
h10_d05,12,2020-06-30,ret_5d,0.3168986940280273,0.29732953889735764
h10_d05,12,2020-06-30,ret_10d,0.5502710151338773,0.5336556771673315
h10_d05,12,2020-06-30,ret_20d,0.5091337607719157,0.5151475337962402
h10_d05,12,2020-06-30,logret_1d,0.15345575159279165,0.16347735485352416
h10_d05,12,2020-06-30,rv_10d,1.5222910032567896,1.6204200994681566
h10_d05,12,2020-06-30,rv_20d,2.887500393822966,3.15950516754282
h10_d05,12,2020-06-30,drawdown_20d,0.1288675250341796,0.13388598268075524
h10_d05,12,2020-06-30,vix_chg_1d,0.07941875026041006,0.07078583227806612
h10_d05,12,2020-06-30,vix_chg_5d,0.10777774693232316,0.09981011170655343
h10_d05,12,2020-06-30,vix_pctchg_5d,0.09382267354099973,0.10343137581683151
h10_d05,12,2020-06-30,vix_pctile_252d,3.9280579549909005,4.129990468387108
h10_d05,12,2020-06-30,vix9d_chg_1d,0.1005410862457659,0.11316699225122351
h10_d05,12,2020-06-30,vix9d_chg_5d,0.14378697974043536,0.15778455254480614
h10_d05,12,2020-06-30,vix9d_pctchg_5d,0.1669734806555819,0.15488340485870178
h10_d05,12,2020-06-30,vix9d_pctile_252d,3.9120246827446694,2.132786184118591
h10_d05,12,2020-06-30,vix3m_chg_1d,0.12087547082045459,0.10531188431286519
h10_d05,12,2020-06-30,vix3m_chg_5d,0.1486494909245192,0.11113094827338821
h10_d05,12,2020-06-30,vix3m_pctchg_5d,0.12293887549452348,0.1398099426994236
h10_d05,12,2020-06-30,vix3m_pctile_252d,5.298196132685984,5.620223697288275
h10_d05,12,2020-06-30,vix6m_chg_1d,0.16737493969073775,0.16743838387266424
h10_d05,12,2020-06-30,vix6m_chg_5d,0.10103850585415974,0.10731367442118432
h10_d05,12,2020-06-30,vix6m_pctchg_5d,0.10738800529983228,0.09302188644884847
h10_d05,12,2020-06-30,vix6m_pctile_252d,5.184423957845898,5.601628033049124
h10_d05,12,2020-06-30,vix3m_minus_vix,1.6609474274928864,1.7284396386336334
h10_d05,12,2020-06-30,ratio_vix_vix3m,0.1392784431178466,0.14868302539882663
h10_d05,12,2020-06-30,curve_inversion,0.0,0.0
h10_d05,12,2020-06-30,vix6m_minus_vix,0.5952363551071793,0.6437662719958024
h10_d05,12,2020-06-30,vix9d_minus_vix,1.736983683001858,1.846394574621798
h10_d05,12,2020-06-30,ratio_vix9d_vix,0.637994949338916,0.6248185768714629
h10_d05,12,2020-06-30,short_end_spike,0.22987966584386446,0.2298796658438644
h10_d05,12,2020-06-30,vvix_chg_1d,0.10671865106436056,0.11163183045988813
h10_d05,12,2020-06-30,vvix_chg_5d,0.08166491686943039,0.08152022215383639
h10_d05,12,2020-06-30,vvix_pctchg_5d,0.07765348802546705,0.07578114361453833
h10_d05,12,2020-06-30,vvix_pctile_252d,,
h10_d05,13,2020-12-30,ret_1d,0.029347793126673086,0.032586054852709614
h10_d05,13,2020-12-30,ret_5d,0.11399946111548995,0.08594850012849023
h10_d05,13,2020-12-30,ret_10d,0.21592437558872501,0.17600971966961743
h10_d05,13,2020-12-30,ret_20d,1.4194654516164096,1.395134588163058
h10_d05,13,2020-12-30,logret_1d,0.029347793126673086,0.032586054852709614
h10_d05,13,2020-12-30,rv_10d,0.4164960863050527,0.3589615138264519
h10_d05,13,2020-12-30,rv_20d,2.704711695799828,2.788504612215778
h10_d05,13,2020-12-30,drawdown_20d,1.2530480283232144,1.2927928354600422
h10_d05,13,2020-12-30,vix_chg_1d,0.14262921111007182,0.14224916787490732
h10_d05,13,2020-12-30,vix_chg_5d,0.04775280874440966,0.04640701510034591
h10_d05,13,2020-12-30,vix_pctchg_5d,0.0418476927882355,0.03678188570858124
h10_d05,13,2020-12-30,vix_pctile_252d,2.268659314014481,2.2954828237609846
h10_d05,13,2020-12-30,vix9d_chg_1d,0.1530989157114321,0.15271930135301448
h10_d05,13,2020-12-30,vix9d_chg_5d,0.09359347286350383,0.08011324534191701
h10_d05,13,2020-12-30,vix9d_pctchg_5d,0.055676048564057,0.04551114200262647
h10_d05,13,2020-12-30,vix9d_pctile_252d,1.8559276671319145,1.9768337988850209
h10_d05,13,2020-12-30,vix3m_chg_1d,0.1082273738762843,0.11614318725768469
h10_d05,13,2020-12-30,vix3m_chg_5d,0.07250749418565382,0.0751182469334805
h10_d05,13,2020-12-30,vix3m_pctchg_5d,0.0663959976317544,0.0643183710930934
h10_d05,13,2020-12-30,vix3m_pctile_252d,2.438255411230412,2.5039193202698824
h10_d05,13,2020-12-30,vix6m_chg_1d,0.20077495149371657,0.20499013585123788
h10_d05,13,2020-12-30,vix6m_chg_5d,0.06034755571335611,0.06414100157357311
h10_d05,13,2020-12-30,vix6m_pctchg_5d,0.043591982068413554,0.04641150665583379
h10_d05,13,2020-12-30,vix6m_pctile_252d,2.1164877855891944,2.170769668500516
h10_d05,13,2020-12-30,vix3m_minus_vix,2.2418953009738813,2.3155080699455457
h10_d05,13,2020-12-30,ratio_vix_vix3m,0.7162423042838053,0.6751054165926158
h10_d05,13,2020-12-30,curve_inversion,0.0,0.0
h10_d05,13,2020-12-30,vix6m_minus_vix,1.9807032875540098,2.0630601411007503
h10_d05,13,2020-12-30,vix9d_minus_vix,1.4484447141719996,1.496492873985329
h10_d05,13,2020-12-30,ratio_vix9d_vix,0.7398862018861669,0.6755506640060617
h10_d05,13,2020-12-30,short_end_spike,0.25628797580135937,0.2562879758013594
h10_d05,13,2020-12-30,vvix_chg_1d,0.10230058273791413,0.11400488556857111
h10_d05,13,2020-12-30,vvix_chg_5d,0.05288152893369823,0.046398953024727574
h10_d05,13,2020-12-30,vvix_pctchg_5d,0.08392328201471289,0.09191149174803645
h10_d05,13,2020-12-30,vvix_pctile_252d,,
h10_d05,14,2021-06-30,ret_1d,0.15562927670075344,0.16993708618341524
h10_d05,14,2021-06-30,ret_5d,0.04256530365951556,0.04128001968691753
h10_d05,14,2021-06-30,ret_10d,0.09989593894776168,0.10661440022326486
h10_d05,14,2021-06-30,ret_20d,0.15406897743407552,0.1546128167130794
h10_d05,14,2021-06-30,logret_1d,0.15562927670075344,0.16993708618341524
h10_d05,14,2021-06-30,rv_10d,1.3747606636110972,0.4639561756682608
h10_d05,14,2021-06-30,rv_20d,1.5418359588854236,1.564423893299483
h10_d05,14,2021-06-30,drawdown_20d,0.21250150084506814,0.23127028083505705
h10_d05,14,2021-06-30,vix_chg_1d,0.08673109856539912,0.09555166858662789
h10_d05,14,2021-06-30,vix_chg_5d,0.10099473672491557,0.09366383398163282
h10_d05,14,2021-06-30,vix_pctchg_5d,0.09470436700310617,0.10282720818279531
h10_d05,14,2021-06-30,vix_pctile_252d,0.28771675902673804,0.24617591807265843
h10_d05,14,2021-06-30,vix9d_chg_1d,0.17730236673179847,0.201889035864845
h10_d05,14,2021-06-30,vix9d_chg_5d,0.06918545574924995,0.07766553665848568
h10_d05,14,2021-06-30,vix9d_pctchg_5d,0.09698597475741287,0.09183087684335134
h10_d05,14,2021-06-30,vix9d_pctile_252d,0.19010613193503226,0.20061554416287947
h10_d05,14,2021-06-30,vix3m_chg_1d,0.11210925526192787,0.10629398213726389
h10_d05,14,2021-06-30,vix3m_chg_5d,0.09679502459297347,0.09290587853657356
h10_d05,14,2021-06-30,vix3m_pctchg_5d,0.036061470435317475,0.021976352647798156
h10_d05,14,2021-06-30,vix3m_pctile_252d,0.41573794515775153,0.428854155794795
h10_d05,14,2021-06-30,vix6m_chg_1d,0.06447140478968068,0.07178057749138364
h10_d05,14,2021-06-30,vix6m_chg_5d,0.07239417949649347,0.07831234506127305
h10_d05,14,2021-06-30,vix6m_pctchg_5d,0.09337164802434747,0.09955860430916197
h10_d05,14,2021-06-30,vix6m_pctile_252d,0.3644032460967348,0.4130164821271542
h10_d05,14,2021-06-30,vix3m_minus_vix,2.038731943236761,2.0695464244224686
h10_d05,14,2021-06-30,ratio_vix_vix3m,0.9798230765092122,0.870241627401687
h10_d05,14,2021-06-30,curve_inversion,0.0,0.0
h10_d05,14,2021-06-30,vix6m_minus_vix,2.1222618241925346,2.215699562526857
h10_d05,14,2021-06-30,vix9d_minus_vix,1.200380414733645,1.2354605414963309
h10_d05,14,2021-06-30,ratio_vix9d_vix,0.7873343480460285,0.8506688972613714
h10_d05,14,2021-06-30,short_end_spike,0.21495336419830424,0.2149533641983043
h10_d05,14,2021-06-30,vvix_chg_1d,0.15420100047960716,0.13496367828999725
h10_d05,14,2021-06-30,vvix_chg_5d,0.11077719443165282,0.10338358597050101
h10_d05,14,2021-06-30,vvix_pctchg_5d,0.04774798113819322,0.03656660654329047
h10_d05,14,2021-06-30,vvix_pctile_252d,,
h10_d05,15,2021-12-30,ret_1d,0.538897653858363,0.5440812290619734
h10_d05,15,2021-12-30,ret_5d,0.6307896522550148,0.657855558363869
h10_d05,15,2021-12-30,ret_10d,0.9802827060953503,1.0171557086970497
h10_d05,15,2021-12-30,ret_20d,1.264008481906444,1.271878569070266
h10_d05,15,2021-12-30,logret_1d,0.538897653858363,0.5440812290619734
h10_d05,15,2021-12-30,rv_10d,5.609076876748,5.933600250405856
h10_d05,15,2021-12-30,rv_20d,7.7877802052106375,6.996615868823515
h10_d05,15,2021-12-30,drawdown_20d,2.731289353886283,1.7407516300676227
h10_d05,15,2021-12-30,vix_chg_1d,0.45506133877470045,0.48682438408477385
h10_d05,15,2021-12-30,vix_chg_5d,0.6174962360614481,0.5983470597940505
h10_d05,15,2021-12-30,vix_pctchg_5d,0.21075302263903722,0.1636551634771383
h10_d05,15,2021-12-30,vix_pctile_252d,4.612016004466955,3.9425754450150614
h10_d05,15,2021-12-30,vix9d_chg_1d,0.43009120709445703,0.3442740332985387
h10_d05,15,2021-12-30,vix9d_chg_5d,0.35708351912007275,0.37191196272659477
h10_d05,15,2021-12-30,vix9d_pctchg_5d,0.11870181936476054,0.12184783987950948
h10_d05,15,2021-12-30,vix9d_pctile_252d,3.6691521463715757,3.789502520825355
h10_d05,15,2021-12-30,vix3m_chg_1d,0.45366924768557476,0.49181409615508465
h10_d05,15,2021-12-30,vix3m_chg_5d,0.6188070779050749,0.6161972079989737
h10_d05,15,2021-12-30,vix3m_pctchg_5d,0.24828664459915645,0.23554510760698416
h10_d05,15,2021-12-30,vix3m_pctile_252d,5.835548783495334,5.972058269100286
h10_d05,15,2021-12-30,vix6m_chg_1d,0.5699559199880613,0.5729355010301938
h10_d05,15,2021-12-30,vix6m_chg_5d,0.5777335162108725,0.5907677315228095
h10_d05,15,2021-12-30,vix6m_pctchg_5d,0.28574947878705026,0.24978174914640028
h10_d05,15,2021-12-30,vix6m_pctile_252d,6.923904527807599,7.111273931557706
h10_d05,15,2021-12-30,vix3m_minus_vix,0.1756015365959441,0.16117283823422812
h10_d05,15,2021-12-30,ratio_vix_vix3m,0.5156314285636923,0.5465734495527573
h10_d05,15,2021-12-30,curve_inversion,0.0,0.0
h10_d05,15,2021-12-30,vix6m_minus_vix,0.308790167569105,0.2452202776527816
h10_d05,15,2021-12-30,vix9d_minus_vix,0.20584873569081535,0.22219421398183595
h10_d05,15,2021-12-30,ratio_vix9d_vix,0.29670423295882564,0.32845232193927737
h10_d05,15,2021-12-30,short_end_spike,0.05907178090833117,0.05907178090833108
h10_d05,15,2021-12-30,vvix_chg_1d,0.2022048935864966,0.2088244676420059
h10_d05,15,2021-12-30,vvix_chg_5d,0.15708357554715968,0.17015176619757083
h10_d05,15,2021-12-30,vvix_pctchg_5d,0.057520046281841875,0.06403703415269477
h10_d05,15,2021-12-30,vvix_pctile_252d,8.292445727250913,8.581235384798735
h10_d05,16,2022-06-30,ret_1d,0.5069904756452956,0.5053944114972105
h10_d05,16,2022-06-30,ret_5d,0.4965964087398831,0.535480971655508
h10_d05,16,2022-06-30,ret_10d,0.6413912515518543,0.6268840118077066
h10_d05,16,2022-06-30,ret_20d,1.203616683823412,1.2666614109529801
h10_d05,16,2022-06-30,logret_1d,0.5069904756452956,0.5053944114972105
h10_d05,16,2022-06-30,rv_10d,6.659868447879811,6.842097044495659
h10_d05,16,2022-06-30,rv_20d,9.013407244614397,8.461034095874712
h10_d05,16,2022-06-30,drawdown_20d,0.5580641442757147,0.5728816290824049
h10_d05,16,2022-06-30,vix_chg_1d,0.09416131682352415,0.09786108084030687
h10_d05,16,2022-06-30,vix_chg_5d,0.19361221639678755,0.18542202769503208
h10_d05,16,2022-06-30,vix_pctchg_5d,1.3983593799884722,1.4350788255749434
h10_d05,16,2022-06-30,vix_pctile_252d,1.3983704362369953,1.4191162961622947
h10_d05,16,2022-06-30,vix9d_chg_1d,0.07760877038871958,0.08239070869130508
h10_d05,16,2022-06-30,vix9d_chg_5d,0.05875712673936698,0.06268358681764019
h10_d05,16,2022-06-30,vix9d_pctchg_5d,0.29546624759759166,0.26404695486814517
h10_d05,16,2022-06-30,vix9d_pctile_252d,1.4115354882970585,1.4501936143898042
h10_d05,16,2022-06-30,vix3m_chg_1d,0.07356150538216133,0.07570943098819546
h10_d05,16,2022-06-30,vix3m_chg_5d,0.10214772274987449,0.09807921502928979
h10_d05,16,2022-06-30,vix3m_pctchg_5d,0.3180034855595575,0.2995776350554257
h10_d05,16,2022-06-30,vix3m_pctile_252d,1.3704361153996731,1.4369892829106687
h10_d05,16,2022-06-30,vix6m_chg_1d,0.08306419949127206,0.08135423959424959
h10_d05,16,2022-06-30,vix6m_chg_5d,0.08284206044580458,0.0803082350662204
h10_d05,16,2022-06-30,vix6m_pctchg_5d,0.30377481075394486,0.3172330898206205
h10_d05,16,2022-06-30,vix6m_pctile_252d,1.345767141891116,1.3483246025410909
h10_d05,16,2022-06-30,vix3m_minus_vix,0.23283861572591985,0.248226034166502
h10_d05,16,2022-06-30,ratio_vix_vix3m,2.683703378466562,2.821417920598334
h10_d05,16,2022-06-30,curve_inversion,0.0,0.0
h10_d05,16,2022-06-30,vix6m_minus_vix,0.16544413709354971,0.15960954693378387
h10_d05,16,2022-06-30,vix9d_minus_vix,0.15354373917955516,0.16773787317277047
h10_d05,16,2022-06-30,ratio_vix9d_vix,0.27400540959310793,0.3147323099940552
h10_d05,16,2022-06-30,short_end_spike,0.041263569888373,0.04126356988837297
h10_d05,16,2022-06-30,vvix_chg_1d,0.1276767248063907,0.13673499848648357
h10_d05,16,2022-06-30,vvix_chg_5d,0.1927408703844986,0.19681688109648807
h10_d05,16,2022-06-30,vvix_pctchg_5d,0.11292510390248618,0.11481730242951181
h10_d05,16,2022-06-30,vvix_pctile_252d,5.45267120283583,4.814087089381748
h10_d05,17,2022-12-30,ret_1d,0.06931929089611027,0.07575603550963242
h10_d05,17,2022-12-30,ret_5d,0.07013956191351294,0.07261908840490275
h10_d05,17,2022-12-30,ret_10d,0.09751219775604746,0.09363630317518924
h10_d05,17,2022-12-30,ret_20d,0.17283519374243717,0.1671998024182852
h10_d05,17,2022-12-30,logret_1d,0.06931929089611027,0.07575603550963242
h10_d05,17,2022-12-30,rv_10d,3.9056078514003314,4.064836968398155
h10_d05,17,2022-12-30,rv_20d,5.507348593202199,5.698169310624724
h10_d05,17,2022-12-30,drawdown_20d,0.16341438201203076,0.13629720326176092
h10_d05,17,2022-12-30,vix_chg_1d,0.07036096002195215,0.0749446350204262
h10_d05,17,2022-12-30,vix_chg_5d,0.15453207945234398,0.1557769484536654
h10_d05,17,2022-12-30,vix_pctchg_5d,0.23602555568722922,0.18837980548750988
h10_d05,17,2022-12-30,vix_pctile_252d,3.5740314258977195,3.6896630606737295
h10_d05,17,2022-12-30,vix9d_chg_1d,0.08955308460012734,0.08676017423184938
h10_d05,17,2022-12-30,vix9d_chg_5d,0.01954492161926676,0.021591166411842704
h10_d05,17,2022-12-30,vix9d_pctchg_5d,0.048564390107212155,0.046292522789582576
h10_d05,17,2022-12-30,vix9d_pctile_252d,3.1213768567812625,2.2772393352275206
h10_d05,17,2022-12-30,vix3m_chg_1d,0.09217053438757236,0.09846340824009452
h10_d05,17,2022-12-30,vix3m_chg_5d,0.26982688418928896,0.2572456481909476
h10_d05,17,2022-12-30,vix3m_pctchg_5d,0.21341085698591145,0.25605891728790897
h10_d05,17,2022-12-30,vix3m_pctile_252d,4.691346083851614,3.970302421088876
h10_d05,17,2022-12-30,vix6m_chg_1d,0.1295817383240987,0.11673647964741485
h10_d05,17,2022-12-30,vix6m_chg_5d,0.14692740630655815,0.14991646999331312
h10_d05,17,2022-12-30,vix6m_pctchg_5d,0.2007921029225855,0.20340404125206984
h10_d05,17,2022-12-30,vix6m_pctile_252d,4.789426351547119,4.9652617148849
h10_d05,17,2022-12-30,vix3m_minus_vix,0.39278003692441693,0.3402095141543153
h10_d05,17,2022-12-30,ratio_vix_vix3m,0.42670629715740105,0.34355749953411907
h10_d05,17,2022-12-30,curve_inversion,0.0,0.0
h10_d05,17,2022-12-30,vix6m_minus_vix,0.42465983655703404,0.39312858714679233
h10_d05,17,2022-12-30,vix9d_minus_vix,0.2244496812333004,0.2453504248606423
h10_d05,17,2022-12-30,ratio_vix9d_vix,0.2225984062727022,0.22992822687312103
h10_d05,17,2022-12-30,short_end_spike,0.016512861866790237,0.01651286186679024
h10_d05,17,2022-12-30,vvix_chg_1d,0.04261160486755373,0.04886675295003688
h10_d05,17,2022-12-30,vvix_chg_5d,0.04271475001603946,0.03972257059500235
h10_d05,17,2022-12-30,vvix_pctchg_5d,0.03335996595203694,0.03639636618994476
h10_d05,17,2022-12-30,vvix_pctile_252d,0.18024635434310632,0.20475396532538764
h10_d05,18,2023-06-30,ret_1d,0.058414218735652654,0.04180912725593577
h10_d05,18,2023-06-30,ret_5d,0.10859221857352074,0.11707245924600213
h10_d05,18,2023-06-30,ret_10d,0.21030170178052357,0.2180004723817342
h10_d05,18,2023-06-30,ret_20d,0.2713761546362034,0.2799921000568487
h10_d05,18,2023-06-30,logret_1d,0.058414218735652654,0.04180912725593577
h10_d05,18,2023-06-30,rv_10d,2.8577088113517446,2.9080030415276164
h10_d05,18,2023-06-30,rv_20d,4.032511332836572,4.189903739600128
h10_d05,18,2023-06-30,drawdown_20d,0.3106347144671755,0.22193555485648653
h10_d05,18,2023-06-30,vix_chg_1d,0.34262507459807146,0.2835307096965594
h10_d05,18,2023-06-30,vix_chg_5d,0.18708216155601026,0.1851765512023487
h10_d05,18,2023-06-30,vix_pctchg_5d,0.1315960057953626,0.13578393864159827
h10_d05,18,2023-06-30,vix_pctile_252d,1.7552037726336076,1.766160860540476
h10_d05,18,2023-06-30,vix9d_chg_1d,1.352870795465654,1.3956754317035225
h10_d05,18,2023-06-30,vix9d_chg_5d,0.2725273941635248,0.27252682075671447
h10_d05,18,2023-06-30,vix9d_pctchg_5d,0.1596007283305794,0.16413703788383113
h10_d05,18,2023-06-30,vix9d_pctile_252d,1.693942092390607,1.6621347831211666
h10_d05,18,2023-06-30,vix3m_chg_1d,0.11442380806241795,0.12238814570936225
h10_d05,18,2023-06-30,vix3m_chg_5d,0.15333639276533734,0.15064619026501214
h10_d05,18,2023-06-30,vix3m_pctchg_5d,0.07428899652731644,0.06676093942397607
h10_d05,18,2023-06-30,vix3m_pctile_252d,2.8912639869423593,3.0395029570552508
h10_d05,18,2023-06-30,vix6m_chg_1d,0.060403041551425424,0.06571933832522177
h10_d05,18,2023-06-30,vix6m_chg_5d,0.07572212413234577,0.0813358074515206
h10_d05,18,2023-06-30,vix6m_pctchg_5d,0.033554145138425286,0.03226180850577252
h10_d05,18,2023-06-30,vix6m_pctile_252d,3.040753562864774,3.146615562533708
h10_d05,18,2023-06-30,vix3m_minus_vix,2.7909867889566042,2.942125598113118
h10_d05,18,2023-06-30,ratio_vix_vix3m,1.5550150268885972,1.6127715116104633
h10_d05,18,2023-06-30,curve_inversion,0.0,0.0
h10_d05,18,2023-06-30,vix6m_minus_vix,2.7911783917583586,2.8905669046506586
h10_d05,18,2023-06-30,vix9d_minus_vix,1.4651672058051588,1.552331615083459
h10_d05,18,2023-06-30,ratio_vix9d_vix,0.403758001164591,0.4315759814936053
h10_d05,18,2023-06-30,short_end_spike,0.031020240529653652,0.031020240529653687
h10_d05,18,2023-06-30,vvix_chg_1d,0.13444029417391729,0.13894045720176018
h10_d05,18,2023-06-30,vvix_chg_5d,0.08621326526109455,0.09172950701742012
h10_d05,18,2023-06-30,vvix_pctchg_5d,0.11382589564589586,0.12247611388878228
h10_d05,18,2023-06-30,vvix_pctile_252d,1.280917128322518,1.3482525135068113
h10_d05,19,2023-12-30,ret_1d,0.11528110436535566,0.10617504465382498
h10_d05,19,2023-12-30,ret_5d,0.23698960332671046,0.24703110799673245
h10_d05,19,2023-12-30,ret_10d,0.3941657516450144,0.3513716640668758
h10_d05,19,2023-12-30,ret_20d,0.623446009772546,0.5415129262954954
h10_d05,19,2023-12-30,logret_1d,0.11528110436535566,0.10617504465382498
h10_d05,19,2023-12-30,rv_10d,3.7642974277353414,3.9019874709054467
h10_d05,19,2023-12-30,rv_20d,4.228345513104898,4.21953397459777
h10_d05,19,2023-12-30,drawdown_20d,1.3387484521048705,0.4097597692293037
h10_d05,19,2023-12-30,vix_chg_1d,0.44374307961083104,0.45548907445434755
h10_d05,19,2023-12-30,vix_chg_5d,0.4563405300325698,0.4671475420935329
h10_d05,19,2023-12-30,vix_pctchg_5d,0.3161735474959716,0.3259172395615251
h10_d05,19,2023-12-30,vix_pctile_252d,0.32698163651621764,0.35381232199422535
h10_d05,19,2023-12-30,vix9d_chg_1d,0.374944067233431,0.4072509784533459
h10_d05,19,2023-12-30,vix9d_chg_5d,1.366931981618428,1.3653046631926293
h10_d05,19,2023-12-30,vix9d_pctchg_5d,0.1841010533032975,0.17346624687859624
h10_d05,19,2023-12-30,vix9d_pctile_252d,0.18651423313674076,0.1601999011855806
h10_d05,19,2023-12-30,vix3m_chg_1d,0.4521954285771368,0.4827434842268077
h10_d05,19,2023-12-30,vix3m_chg_5d,0.41142497537231887,0.4191800712978529
h10_d05,19,2023-12-30,vix3m_pctchg_5d,0.17566155609423256,0.15653136293823425
h10_d05,19,2023-12-30,vix3m_pctile_252d,1.6138830439615441,1.6758081049110127
h10_d05,19,2023-12-30,vix6m_chg_1d,0.400796645821463,0.41693741772783155
h10_d05,19,2023-12-30,vix6m_chg_5d,0.37982799770018094,0.3994657485126645
h10_d05,19,2023-12-30,vix6m_pctchg_5d,0.15335274026952173,0.13960997526464544
h10_d05,19,2023-12-30,vix6m_pctile_252d,2.8204723673889767,1.9220014271165091
h10_d05,19,2023-12-30,vix3m_minus_vix,4.3395884206191315,4.539315013712431
h10_d05,19,2023-12-30,ratio_vix_vix3m,3.9090538493042426,3.9903490098005663
h10_d05,19,2023-12-30,curve_inversion,0.0,0.0
h10_d05,19,2023-12-30,vix6m_minus_vix,3.9854174402272657,4.0799952441633005
h10_d05,19,2023-12-30,vix9d_minus_vix,0.6205012338789773,0.6156016877854454
h10_d05,19,2023-12-30,ratio_vix9d_vix,0.11528207788189662,0.11665058569256165
h10_d05,19,2023-12-30,short_end_spike,0.00010724123132730262,0.00010724123132735755
h10_d05,19,2023-12-30,vvix_chg_1d,0.13102550209828948,0.12621871640022375
h10_d05,19,2023-12-30,vvix_chg_5d,0.11767385901741076,0.10489731279001518
h10_d05,19,2023-12-30,vvix_pctchg_5d,0.044388732277199236,0.04824401044737736
h10_d05,19,2023-12-30,vvix_pctile_252d,1.8641390924861425,0.9362311191974831
h10_d05,20,2024-06-30,ret_1d,0.07905755021147459,0.06998251918976792
h10_d05,20,2024-06-30,ret_5d,0.06882623788777352,0.06554973490564929
h10_d05,20,2024-06-30,ret_10d,0.07021838372693405,0.05934815964131977
h10_d05,20,2024-06-30,ret_20d,0.22158639787725065,0.22405950435420408
h10_d05,20,2024-06-30,logret_1d,0.07905755021147459,0.06998251918976792
h10_d05,20,2024-06-30,rv_10d,0.1734259048461289,0.17500223610035462
h10_d05,20,2024-06-30,rv_20d,1.4627031064311282,1.4499702688130578
h10_d05,20,2024-06-30,drawdown_20d,0.14356218756530917,0.15395736396560938
h10_d05,20,2024-06-30,vix_chg_1d,0.02640675129239973,0.025422109358601577
h10_d05,20,2024-06-30,vix_chg_5d,0.16047145408071745,0.12608229544087252
h10_d05,20,2024-06-30,vix_pctchg_5d,0.17766983982388315,0.17375304821173138
h10_d05,20,2024-06-30,vix_pctile_252d,0.9949149203664199,1.012774725585331
h10_d05,20,2024-06-30,vix9d_chg_1d,0.08977565363365979,0.09650348739683559
h10_d05,20,2024-06-30,vix9d_chg_5d,0.10672032491506298,0.11019591977871188
h10_d05,20,2024-06-30,vix9d_pctchg_5d,0.1429088137345094,0.1359492775979681
h10_d05,20,2024-06-30,vix9d_pctile_252d,0.5586979080175132,0.5293611164142775
h10_d05,20,2024-06-30,vix3m_chg_1d,0.11491032753365865,0.10920817483162862
h10_d05,20,2024-06-30,vix3m_chg_5d,0.09325070232786925,0.10068292187533727
h10_d05,20,2024-06-30,vix3m_pctchg_5d,0.12113394915187123,0.11732652252112523
h10_d05,20,2024-06-30,vix3m_pctile_252d,2.5063327627656053,2.4886633374600207
h10_d05,20,2024-06-30,vix6m_chg_1d,0.033403382812798296,0.03589826625261437
h10_d05,20,2024-06-30,vix6m_chg_5d,0.12452087426940579,0.13075690192246478
h10_d05,20,2024-06-30,vix6m_pctchg_5d,0.1564748795597615,0.14631457025180808
h10_d05,20,2024-06-30,vix6m_pctile_252d,2.444879861714099,2.3197062706172638
h10_d05,20,2024-06-30,vix3m_minus_vix,1.2456334311018566,0.35960263903991685
h10_d05,20,2024-06-30,ratio_vix_vix3m,0.28837044644459514,0.2704392296750989
h10_d05,20,2024-06-30,curve_inversion,0.0,0.0
h10_d05,20,2024-06-30,vix6m_minus_vix,1.356499760895623,1.4176072138134639
h10_d05,20,2024-06-30,vix9d_minus_vix,0.15394630535045786,0.14460798327670443
h10_d05,20,2024-06-30,ratio_vix9d_vix,0.12503158245462292,0.1261942804957573
h10_d05,20,2024-06-30,short_end_spike,0.023660230306910415,0.023660230306910432
h10_d05,20,2024-06-30,vvix_chg_1d,0.22523464852097744,0.22510478982205212
h10_d05,20,2024-06-30,vvix_chg_5d,0.35035534126231793,0.28296091510719906
h10_d05,20,2024-06-30,vvix_pctchg_5d,0.23909542310429754,0.22934507481081487
h10_d05,20,2024-06-30,vvix_pctile_252d,1.448920406769087,1.380137907798174
h10_d05,21,2024-12-30,ret_1d,0.12454822982394155,0.13391097864933918
h10_d05,21,2024-12-30,ret_5d,0.256613250035445,0.2518729787511741
h10_d05,21,2024-12-30,ret_10d,0.18769707331088317,0.1467196936339033
h10_d05,21,2024-12-30,ret_20d,0.4924662204194932,0.5011394215762485
h10_d05,21,2024-12-30,logret_1d,0.12454822982394155,0.13391097864933918
h10_d05,21,2024-12-30,rv_10d,1.6667716880362344,1.6651587146063331
h10_d05,21,2024-12-30,rv_20d,3.6900970636594184,3.82551422399459
h10_d05,21,2024-12-30,drawdown_20d,0.22012767561606889,0.22375243054081848
h10_d05,21,2024-12-30,vix_chg_1d,0.195642247482834,0.1643001662320183
h10_d05,21,2024-12-30,vix_chg_5d,0.30742497303617433,0.3251137009449838
h10_d05,21,2024-12-30,vix_pctchg_5d,0.22860970412182716,0.21350379191479613
h10_d05,21,2024-12-30,vix_pctile_252d,5.021819368406154,5.197762292740989
h10_d05,21,2024-12-30,vix9d_chg_1d,0.16285363392074914,0.16338723776217995
h10_d05,21,2024-12-30,vix9d_chg_5d,0.20700635920514662,0.21514323827450618
h10_d05,21,2024-12-30,vix9d_pctchg_5d,0.1397799467681769,0.14892286078165506
h10_d05,21,2024-12-30,vix9d_pctile_252d,2.7702661773225477,2.863374105740625
h10_d05,21,2024-12-30,vix3m_chg_1d,0.17523290891505033,0.18480480762686297
h10_d05,21,2024-12-30,vix3m_chg_5d,0.2924744760985087,0.30001599464174267
h10_d05,21,2024-12-30,vix3m_pctchg_5d,0.29591109572941593,0.3092529730134378
h10_d05,21,2024-12-30,vix3m_pctile_252d,6.354716580584964,6.591964456267338
h10_d05,21,2024-12-30,vix6m_chg_1d,0.18297546645223076,0.18792393717272682
h10_d05,21,2024-12-30,vix6m_chg_5d,0.20820143535308155,0.21845162620400405
h10_d05,21,2024-12-30,vix6m_pctchg_5d,0.22170073715700844,0.23706829841733038
h10_d05,21,2024-12-30,vix6m_pctile_252d,7.501064295218132,6.7455063870685885
h10_d05,21,2024-12-30,vix3m_minus_vix,1.3423897805336669,1.4007896345918118
h10_d05,21,2024-12-30,ratio_vix_vix3m,1.6021785291013,1.6391669424515072
h10_d05,21,2024-12-30,curve_inversion,0.0,0.0
h10_d05,21,2024-12-30,vix6m_minus_vix,2.506099556089634,2.5718067201050503
h10_d05,21,2024-12-30,vix9d_minus_vix,0.1301723884858133,0.12384659988862043
h10_d05,21,2024-12-30,ratio_vix9d_vix,0.0898061294941435,0.08624814402745781
h10_d05,21,2024-12-30,short_end_spike,0.011415814511236721,0.011415814511236737
h10_d05,21,2024-12-30,vvix_chg_1d,0.17745892347500347,0.1702400048705076
h10_d05,21,2024-12-30,vvix_chg_5d,0.2144195325886184,0.23284880581029652
h10_d05,21,2024-12-30,vvix_pctchg_5d,0.20408057395413085,0.22170755732485936
h10_d05,21,2024-12-30,vvix_pctile_252d,2.4126510651484425,2.555203214471936
h10_d05,22,2025-06-30,ret_1d,0.1369503467661311,0.14651485451686405
h10_d05,22,2025-06-30,ret_5d,0.15755888006112775,0.15239451903586204
h10_d05,22,2025-06-30,ret_10d,1.2620923706672105,1.307921351858938
h10_d05,22,2025-06-30,ret_20d,1.503236905709807,1.5129184953905348
h10_d05,22,2025-06-30,logret_1d,0.1369503467661311,0.14651485451686405
h10_d05,22,2025-06-30,rv_10d,2.370713704745271,1.4281985644778843
h10_d05,22,2025-06-30,rv_20d,3.6186256255827667,3.7661531345214305
h10_d05,22,2025-06-30,drawdown_20d,1.2981984345171766,1.340498964950022
h10_d05,22,2025-06-30,vix_chg_1d,0.03784911563246714,0.04086628704735236
h10_d05,22,2025-06-30,vix_chg_5d,0.04811214548834088,0.04478102537225506
h10_d05,22,2025-06-30,vix_pctchg_5d,0.044944613926363036,0.046538544565952536
h10_d05,22,2025-06-30,vix_pctile_252d,0.450738332655029,0.40884598623928425
h10_d05,22,2025-06-30,vix9d_chg_1d,0.031056441657103986,0.03326982306180557
h10_d05,22,2025-06-30,vix9d_chg_5d,0.16635666125653364,0.16054707055121947
h10_d05,22,2025-06-30,vix9d_pctchg_5d,0.1716838540323166,0.16313655638918662
h10_d05,22,2025-06-30,vix9d_pctile_252d,0.3712648516749849,0.3559681904096116
h10_d05,22,2025-06-30,vix3m_chg_1d,0.07074792707430588,0.08109971354121262
h10_d05,22,2025-06-30,vix3m_chg_5d,0.12181825441367693,0.13278370339786114
h10_d05,22,2025-06-30,vix3m_pctchg_5d,0.11964185021442342,0.12881936810891734
h10_d05,22,2025-06-30,vix3m_pctile_252d,0.8423385631375755,0.7669434131375972
h10_d05,22,2025-06-30,vix6m_chg_1d,0.12008842968317725,0.12070394427412373
h10_d05,22,2025-06-30,vix6m_chg_5d,0.18374921738381383,0.18023706364577585
h10_d05,22,2025-06-30,vix6m_pctchg_5d,0.20766245309537537,0.20379875599332237
h10_d05,22,2025-06-30,vix6m_pctile_252d,3.0481402492610115,3.1865754040307146
h10_d05,22,2025-06-30,vix3m_minus_vix,0.9866722618943313,0.9723693336149855
h10_d05,22,2025-06-30,ratio_vix_vix3m,0.592316841064932,0.5884781767047611
h10_d05,22,2025-06-30,curve_inversion,0.0,0.0
h10_d05,22,2025-06-30,vix6m_minus_vix,1.0392975408757692,1.0072868160220625
h10_d05,22,2025-06-30,vix9d_minus_vix,1.7623997281344042,1.7897046388136488
h10_d05,22,2025-06-30,ratio_vix9d_vix,2.617072221675804,1.7772047940411468
h10_d05,22,2025-06-30,short_end_spike,0.7035816266070325,0.7035816266070325
h10_d05,22,2025-06-30,vvix_chg_1d,0.05991939515796433,0.057848850744772515
h10_d05,22,2025-06-30,vvix_chg_5d,0.11743224286372729,0.12092599822679516
h10_d05,22,2025-06-30,vvix_pctchg_5d,0.14682474219964536,0.1556794786265262
h10_d05,22,2025-06-30,vvix_pctile_252d,0.22928180512503188,0.22835986722095158
h20_d07,1,2014-12-31,ret_1d,0.07667957024469647,0.073034893954295
h20_d07,1,2014-12-31,ret_5d,0.11518945145051047,0.12349942979550692
h20_d07,1,2014-12-31,ret_10d,0.36465736114882025,0.38910128797837074
h20_d07,1,2014-12-31,ret_20d,0.6533808226004503,0.6603370705349257
h20_d07,1,2014-12-31,logret_1d,0.07667957024469647,0.073034893954295
h20_d07,1,2014-12-31,rv_10d,1.4881435544647406,1.58291708461466
h20_d07,1,2014-12-31,rv_20d,1.4235245101225935,1.6096648163520089
h20_d07,1,2014-12-31,drawdown_20d,0.35401009639043846,0.3037094473126486
h20_d07,1,2014-12-31,vix_chg_1d,0.0876674482671983,0.09710067128186703
h20_d07,1,2014-12-31,vix_chg_5d,0.07733171194495538,0.08537538267098421
h20_d07,1,2014-12-31,vix_pctchg_5d,0.021092922505311782,0.02085529683336547
h20_d07,1,2014-12-31,vix_pctile_252d,2.988527119533244,3.383289872317275
h20_d07,1,2014-12-31,vix9d_chg_1d,0.05426164685159246,0.06509747260031395
h20_d07,1,2014-12-31,vix9d_chg_5d,0.11339798856243365,0.09575943265715306
h20_d07,1,2014-12-31,vix9d_pctchg_5d,0.09137288797201815,0.12367786094518946
h20_d07,1,2014-12-31,vix9d_pctile_252d,0.7134980741020429,1.9045766463925498
h20_d07,1,2014-12-31,vix3m_chg_1d,0.12214946621807496,0.08102916606006924
h20_d07,1,2014-12-31,vix3m_chg_5d,0.17848248083933574,0.1701971055605016
h20_d07,1,2014-12-31,vix3m_pctchg_5d,0.12435743906309067,0.1033806711860034
h20_d07,1,2014-12-31,vix3m_pctile_252d,5.0676548478048975,4.731322172378402
h20_d07,1,2014-12-31,vix6m_chg_1d,0.154119251605362,0.12729012307845247
h20_d07,1,2014-12-31,vix6m_chg_5d,0.20433658545674246,0.1912812950393425
h20_d07,1,2014-12-31,vix6m_pctchg_5d,0.1303825300229024,0.14370450305842605
h20_d07,1,2014-12-31,vix6m_pctile_252d,5.090091542736838,4.918407394515061
h20_d07,1,2014-12-31,vix3m_minus_vix,0.46485220366533153,0.4631221507708688
h20_d07,1,2014-12-31,ratio_vix_vix3m,0.39536096283628225,0.367512310801744
h20_d07,1,2014-12-31,curve_inversion,0.0,0.0
h20_d07,1,2014-12-31,vix6m_minus_vix,1.4436925587537424,1.5404968031414177
h20_d07,1,2014-12-31,vix9d_minus_vix,0.17671495776372328,0.17637828604388311
h20_d07,1,2014-12-31,ratio_vix9d_vix,0.1834429125495426,0.2399908649131492
h20_d07,1,2014-12-31,short_end_spike,0.03248948494984294,0.03248948494984294
h20_d07,1,2014-12-31,vvix_chg_1d,0.18429478668581117,0.17455885158119405
h20_d07,1,2014-12-31,vvix_chg_5d,0.07650907061916683,0.07521536393928094
h20_d07,1,2014-12-31,vvix_pctchg_5d,0.09320034739110697,0.09712300805025118
h20_d07,1,2014-12-31,vvix_pctile_252d,1.6448108042802785,1.8076447862579803
h20_d07,2,2015-06-30,ret_1d,0.18710437824536136,0.20992785987714177
h20_d07,2,2015-06-30,ret_5d,0.09997686699174689,0.08145347976293196
h20_d07,2,2015-06-30,ret_10d,0.25573194188404186,0.2625496787395861
h20_d07,2,2015-06-30,ret_20d,0.3156186295906633,0.38079160955273206
h20_d07,2,2015-06-30,logret_1d,0.18710437824536136,0.20992785987714177
h20_d07,2,2015-06-30,rv_10d,2.6943098809700916,2.9700515230182107
h20_d07,2,2015-06-30,rv_20d,3.9588867784517827,3.173404976429157
h20_d07,2,2015-06-30,drawdown_20d,0.276187742413519,0.337760870076203
h20_d07,2,2015-06-30,vix_chg_1d,0.25840999688114485,0.2664177625259573
h20_d07,2,2015-06-30,vix_chg_5d,0.18227279890296563,0.17771176684927067
h20_d07,2,2015-06-30,vix_pctchg_5d,0.2041535486893582,0.2236232827479634
h20_d07,2,2015-06-30,vix_pctile_252d,1.8789247910746991,0.8660701784192288
h20_d07,2,2015-06-30,vix9d_chg_1d,0.15273341990069797,0.1544267417553283
h20_d07,2,2015-06-30,vix9d_chg_5d,0.10125665118038567,0.08997939055443649
h20_d07,2,2015-06-30,vix9d_pctchg_5d,0.10763385093780972,0.12351325724524087
h20_d07,2,2015-06-30,vix9d_pctile_252d,0.7799515986792064,0.8712892723374442
h20_d07,2,2015-06-30,vix3m_chg_1d,0.28396806231347804,0.24275974565653388
h20_d07,2,2015-06-30,vix3m_chg_5d,0.18140760444893814,0.14996672843110728
h20_d07,2,2015-06-30,vix3m_pctchg_5d,0.13581790815899053,0.15548272576112854
h20_d07,2,2015-06-30,vix3m_pctile_252d,2.9656373945356953,3.311075204687385
h20_d07,2,2015-06-30,vix6m_chg_1d,0.21504901033190776,0.23060681464582014
h20_d07,2,2015-06-30,vix6m_chg_5d,0.07617410458762966,0.07861729517049953
h20_d07,2,2015-06-30,vix6m_pctchg_5d,0.17623565714240458,0.13719325594159265
h20_d07,2,2015-06-30,vix6m_pctile_252d,3.343577247632328,3.7797494405188257
h20_d07,2,2015-06-30,vix3m_minus_vix,0.4477106630414831,0.43401619153702276
h20_d07,2,2015-06-30,ratio_vix_vix3m,0.4020359092169763,0.43349093756504464
h20_d07,2,2015-06-30,curve_inversion,0.0,0.0
h20_d07,2,2015-06-30,vix6m_minus_vix,1.3943674679225613,1.6009893777700355
h20_d07,2,2015-06-30,vix9d_minus_vix,0.03417375714075808,0.038247936150405545
h20_d07,2,2015-06-30,ratio_vix9d_vix,0.11584215166207082,0.09984433082074376
h20_d07,2,2015-06-30,short_end_spike,0.0009413923630775626,0.0009413923630774337
h20_d07,2,2015-06-30,vvix_chg_1d,0.2524756617885477,0.2692626777803232
h20_d07,2,2015-06-30,vvix_chg_5d,0.2653802064045838,0.23517195061633883
h20_d07,2,2015-06-30,vvix_pctchg_5d,0.13610068835001585,0.12300998302827465
h20_d07,2,2015-06-30,vvix_pctile_252d,1.5728742551470662,1.8209501443465264
h20_d07,3,2015-12-30,ret_1d,0.06968248505718552,0.07319393067206309
h20_d07,3,2015-12-30,ret_5d,0.048331373583442645,0.05647430299292664
h20_d07,3,2015-12-30,ret_10d,0.059954095851005286,0.06415143355002426
h20_d07,3,2015-12-30,ret_20d,0.230769930739503,0.21250517277082026
h20_d07,3,2015-12-30,logret_1d,0.06968248505718552,0.07319393067206309
h20_d07,3,2015-12-30,rv_10d,0.3837086594286952,0.3293897496955655
h20_d07,3,2015-12-30,rv_20d,0.7865239377372585,0.7623762451372231
h20_d07,3,2015-12-30,drawdown_20d,0.11311583939288967,0.1011135083388008
h20_d07,3,2015-12-30,vix_chg_1d,0.12168971624150142,0.11558854293935025
h20_d07,3,2015-12-30,vix_chg_5d,0.09898192639707928,0.1001432961286641
h20_d07,3,2015-12-30,vix_pctchg_5d,0.0946680048379199,0.06998039796113287
h20_d07,3,2015-12-30,vix_pctile_252d,1.4797377293573275,1.5245382071634266
h20_d07,3,2015-12-30,vix9d_chg_1d,0.06879106192419063,0.051133027080470565
h20_d07,3,2015-12-30,vix9d_chg_5d,0.07184420470216626,0.07626458838130987
h20_d07,3,2015-12-30,vix9d_pctchg_5d,0.05361445693088407,0.0636776269011893
h20_d07,3,2015-12-30,vix9d_pctile_252d,0.18087886594185726,0.15438088703808855
h20_d07,3,2015-12-30,vix3m_chg_1d,0.09147028317615913,0.06400352560438466
h20_d07,3,2015-12-30,vix3m_chg_5d,0.14237517250932996,0.14274550182427853
h20_d07,3,2015-12-30,vix3m_pctchg_5d,0.11103659193127066,0.11725960250953878
h20_d07,3,2015-12-30,vix3m_pctile_252d,3.6284196157833235,2.841302312059438
h20_d07,3,2015-12-30,vix6m_chg_1d,0.130914658748572,0.11619861787156924
h20_d07,3,2015-12-30,vix6m_chg_5d,0.15574686489708975,0.12341513799000979
h20_d07,3,2015-12-30,vix6m_pctchg_5d,0.12647057040015974,0.11928663890940439
h20_d07,3,2015-12-30,vix6m_pctile_252d,3.707860515178118,4.169994956976311
h20_d07,3,2015-12-30,vix3m_minus_vix,0.4284004674882036,0.4409338200756153
h20_d07,3,2015-12-30,ratio_vix_vix3m,0.40094909726829814,0.4414661303364954
h20_d07,3,2015-12-30,curve_inversion,0.0,0.0
h20_d07,3,2015-12-30,vix6m_minus_vix,0.6841972438641342,0.7257234150930191
h20_d07,3,2015-12-30,vix9d_minus_vix,0.11936122940283546,0.13360601711328748
h20_d07,3,2015-12-30,ratio_vix9d_vix,0.10659263436126425,0.09972951990525614
h20_d07,3,2015-12-30,short_end_spike,0.01889726112555786,0.018897261125558007
h20_d07,3,2015-12-30,vvix_chg_1d,0.010722434814849132,0.010139850127213936
h20_d07,3,2015-12-30,vvix_chg_5d,0.057558265444510884,0.07511922995393444
h20_d07,3,2015-12-30,vvix_pctchg_5d,0.025784586790244785,0.03418183938461942
h20_d07,3,2015-12-30,vvix_pctile_252d,0.24822261640882237,0.23423081027446324
h20_d07,4,2016-06-30,ret_1d,0.3137659428914714,0.33286344354086556
h20_d07,4,2016-06-30,ret_5d,0.38820328372447765,0.4112276851666624
h20_d07,4,2016-06-30,ret_10d,1.2962877019857817,1.3839501722540362
h20_d07,4,2016-06-30,ret_20d,1.3030809752711432,0.42986674971884486
h20_d07,4,2016-06-30,logret_1d,0.3137659428914714,0.33286344354086556
h20_d07,4,2016-06-30,rv_10d,0.8060381263765692,0.8142392391558536
h20_d07,4,2016-06-30,rv_20d,2.0236542940781783,2.057734099126011
h20_d07,4,2016-06-30,drawdown_20d,1.4107975053248423,1.5027861730937455
h20_d07,4,2016-06-30,vix_chg_1d,0.169285054546543,0.1737109094459198
h20_d07,4,2016-06-30,vix_chg_5d,0.04711855619752633,0.04720663749119449
h20_d07,4,2016-06-30,vix_pctchg_5d,0.07148867385796265,0.05668879880446665
h20_d07,4,2016-06-30,vix_pctile_252d,0.6576498233395189,0.6141656263496336
h20_d07,4,2016-06-30,vix9d_chg_1d,0.19453505375146413,0.18453626555265365
h20_d07,4,2016-06-30,vix9d_chg_5d,0.09398489217915465,0.11289093104146397
h20_d07,4,2016-06-30,vix9d_pctchg_5d,0.09600050245679737,0.08683034461631373
h20_d07,4,2016-06-30,vix9d_pctile_252d,0.5664865165871956,0.507053101433552
h20_d07,4,2016-06-30,vix3m_chg_1d,0.29497274987254013,0.28078338797702207
h20_d07,4,2016-06-30,vix3m_chg_5d,0.12305487738641764,0.12590484403758323
h20_d07,4,2016-06-30,vix3m_pctchg_5d,0.09240928277453987,0.10463408218912845
h20_d07,4,2016-06-30,vix3m_pctile_252d,1.9922785510490977,2.0780627644083585
h20_d07,4,2016-06-30,vix6m_chg_1d,0.3292574708231004,0.3565072359699649
h20_d07,4,2016-06-30,vix6m_chg_5d,0.22125787920491607,0.2035127258604964
h20_d07,4,2016-06-30,vix6m_pctchg_5d,0.18060678518824935,0.17346884731571272
h20_d07,4,2016-06-30,vix6m_pctile_252d,2.3901734627714797,2.4178269557722176
h20_d07,4,2016-06-30,vix3m_minus_vix,1.1862177041485786,1.187933993896892
h20_d07,4,2016-06-30,ratio_vix_vix3m,2.426744181332836,1.7667189179495888
h20_d07,4,2016-06-30,curve_inversion,0.0,0.0
h20_d07,4,2016-06-30,vix6m_minus_vix,1.110674763782331,1.2245576495670594
h20_d07,4,2016-06-30,vix9d_minus_vix,0.5655208142074105,0.5787113188107447
h20_d07,4,2016-06-30,ratio_vix9d_vix,0.8836620572796111,0.8855904616342554
h20_d07,4,2016-06-30,short_end_spike,0.19562691646968508,0.1956269164696851
h20_d07,4,2016-06-30,vvix_chg_1d,0.07320776576536973,0.061660449631396066
h20_d07,4,2016-06-30,vvix_chg_5d,0.0977297952528069,0.1117551255644226
h20_d07,4,2016-06-30,vvix_pctchg_5d,0.09536996613683724,0.08834235470955044
h20_d07,4,2016-06-30,vvix_pctile_252d,0.35671644196217944,0.37821372682655235
h20_d07,5,2016-12-30,ret_1d,0.6192393340669392,0.5878954238158804
h20_d07,5,2016-12-30,ret_5d,2.519933122544656,1.7429273409334338
h20_d07,5,2016-12-30,ret_10d,2.802302189969901,2.937026834316347
h20_d07,5,2016-12-30,ret_20d,1.720165369275551,1.8451410724245008
h20_d07,5,2016-12-30,logret_1d,0.6192393340669392,0.5878954238158804
h20_d07,5,2016-12-30,rv_10d,5.445707699880302,5.849810736156756
h20_d07,5,2016-12-30,rv_20d,9.747711243105954,10.192388678112277
h20_d07,5,2016-12-30,drawdown_20d,2.5561943747161786,2.7054728331075233
h20_d07,5,2016-12-30,vix_chg_1d,0.5279587689294347,0.5529924329873166
h20_d07,5,2016-12-30,vix_chg_5d,0.4860596369039249,0.45446667368037974
h20_d07,5,2016-12-30,vix_pctchg_5d,0.18874738132324095,0.21130750216938315
h20_d07,5,2016-12-30,vix_pctile_252d,2.0899038614155834,1.1024582784708463
h20_d07,5,2016-12-30,vix9d_chg_1d,0.26182878540367605,0.27949674068128133
h20_d07,5,2016-12-30,vix9d_chg_5d,0.28162468977741417,0.2905664061538066
h20_d07,5,2016-12-30,vix9d_pctchg_5d,0.04811388300744627,0.05647007043169664
h20_d07,5,2016-12-30,vix9d_pctile_252d,0.5409850056715424,0.5365875177556658
h20_d07,5,2016-12-30,vix3m_chg_1d,0.6508685675714981,0.6705068042280105
h20_d07,5,2016-12-30,vix3m_chg_5d,0.601886774559172,0.62839517158537
h20_d07,5,2016-12-30,vix3m_pctchg_5d,0.20860745779520184,0.21585663675855749
h20_d07,5,2016-12-30,vix3m_pctile_252d,4.758601430576848,5.078842798985559
h20_d07,5,2016-12-30,vix6m_chg_1d,0.6431206692527689,0.6681580013210233
h20_d07,5,2016-12-30,vix6m_chg_5d,0.6741459362170297,0.7203603140902566
h20_d07,5,2016-12-30,vix6m_pctchg_5d,0.2587666410832129,0.26258196212568263
h20_d07,5,2016-12-30,vix6m_pctile_252d,6.970367978444699,6.4815804388549605
h20_d07,5,2016-12-30,vix3m_minus_vix,0.6981514726002155,0.7547295016177392
h20_d07,5,2016-12-30,ratio_vix_vix3m,2.205756620097525,2.2381874141551545
h20_d07,5,2016-12-30,curve_inversion,0.0,0.0
h20_d07,5,2016-12-30,vix6m_minus_vix,0.7594748931074806,0.6930117304803712
h20_d07,5,2016-12-30,vix9d_minus_vix,0.4158092949956711,0.4516568892257025
h20_d07,5,2016-12-30,ratio_vix9d_vix,0.8194958131503284,0.8836904708624675
h20_d07,5,2016-12-30,short_end_spike,0.3007293638039187,0.3007293638039187
h20_d07,5,2016-12-30,vvix_chg_1d,0.1106917231833952,0.11097421561958364
h20_d07,5,2016-12-30,vvix_chg_5d,0.048340167577917356,0.05339912614842281
h20_d07,5,2016-12-30,vvix_pctchg_5d,0.08554228911918267,0.048586309175013095
h20_d07,5,2016-12-30,vvix_pctile_252d,0.4472517840390668,0.43382050063539696
h20_d07,6,2017-06-30,ret_1d,0.7408148824121176,0.7774467315121216
h20_d07,6,2017-06-30,ret_5d,2.704612074430897,2.7893360214269696
h20_d07,6,2017-06-30,ret_10d,2.7404773993257634,1.9560974818326033
h20_d07,6,2017-06-30,ret_20d,2.6935046556804045,1.9010426595384977
h20_d07,6,2017-06-30,logret_1d,0.7408148824121176,0.7774467315121216
h20_d07,6,2017-06-30,rv_10d,4.4324778869817525,4.8160946565287475
h20_d07,6,2017-06-30,rv_20d,7.016468974262192,7.4197030595344415
h20_d07,6,2017-06-30,drawdown_20d,2.7086380886569854,2.8547110057443086
h20_d07,6,2017-06-30,vix_chg_1d,0.4152167796591877,0.45030985186237227
h20_d07,6,2017-06-30,vix_chg_5d,0.40721339689073643,0.4054130927776356
h20_d07,6,2017-06-30,vix_pctchg_5d,0.08699756777263201,0.09382876468645962
h20_d07,6,2017-06-30,vix_pctile_252d,0.335404342655907,0.37012566306405603
h20_d07,6,2017-06-30,vix9d_chg_1d,0.43936741731258666,0.43582016485051134
h20_d07,6,2017-06-30,vix9d_chg_5d,0.5461879333036834,0.5157640147139818
h20_d07,6,2017-06-30,vix9d_pctchg_5d,0.04589498283081435,0.043255491314610914
h20_d07,6,2017-06-30,vix9d_pctile_252d,0.2145897097888226,0.22329372459296987
h20_d07,6,2017-06-30,vix3m_chg_1d,0.5887527261994978,0.5775792838885521
h20_d07,6,2017-06-30,vix3m_chg_5d,0.5612884592683938,0.5683372881317963
h20_d07,6,2017-06-30,vix3m_pctchg_5d,0.18979625833033104,0.20697506442585578
h20_d07,6,2017-06-30,vix3m_pctile_252d,1.3793181401130388,0.4786370984802102
h20_d07,6,2017-06-30,vix6m_chg_1d,0.5901851379852985,0.5908840792427164
h20_d07,6,2017-06-30,vix6m_chg_5d,0.5704367476384041,0.6214691709310303
h20_d07,6,2017-06-30,vix6m_pctchg_5d,0.2708075862853062,0.2645948254366865
h20_d07,6,2017-06-30,vix6m_pctile_252d,1.7002809457376842,1.8068318818620839
h20_d07,6,2017-06-30,vix3m_minus_vix,1.1214713992907663,1.1462167003566068
h20_d07,6,2017-06-30,ratio_vix_vix3m,2.757917255148902,2.7546088957794232
h20_d07,6,2017-06-30,curve_inversion,0.0,0.0
h20_d07,6,2017-06-30,vix6m_minus_vix,1.1456528456480215,1.2215064862297877
h20_d07,6,2017-06-30,vix9d_minus_vix,0.8840464381367064,0.9222255664772548
h20_d07,6,2017-06-30,ratio_vix9d_vix,1.2121213892057152,1.2499770638834895
h20_d07,6,2017-06-30,short_end_spike,0.5506158751268363,0.5506158751268363
h20_d07,6,2017-06-30,vvix_chg_1d,0.06243438074055385,0.08474556522705387
h20_d07,6,2017-06-30,vvix_chg_5d,0.10526425569002518,0.12443256467137905
h20_d07,6,2017-06-30,vvix_pctchg_5d,0.11092675741927,0.14285964077659208
h20_d07,6,2017-06-30,vvix_pctile_252d,0.8906207518085181,1.0103732628579867
h20_d07,7,2017-12-30,ret_1d,0.14446303150006848,0.13033945816678133
h20_d07,7,2017-12-30,ret_5d,0.09869375918483005,0.10629312657915199
h20_d07,7,2017-12-30,ret_10d,0.14576508691749013,0.10814937330951863
h20_d07,7,2017-12-30,ret_20d,0.2050851697618581,0.209428550963827
h20_d07,7,2017-12-30,logret_1d,0.14446303150006848,0.13033945816678133
h20_d07,7,2017-12-30,rv_10d,0.27303625219686634,0.2652760249563546
h20_d07,7,2017-12-30,rv_20d,0.593829560155474,0.4795552138278315
h20_d07,7,2017-12-30,drawdown_20d,0.26381420524631,0.26721025292137507
h20_d07,7,2017-12-30,vix_chg_1d,0.16146196048719758,0.16297781995195676
h20_d07,7,2017-12-30,vix_chg_5d,0.17488972709080583,0.16748214159161545
h20_d07,7,2017-12-30,vix_pctchg_5d,0.31859665673601334,0.3284300292221645
h20_d07,7,2017-12-30,vix_pctile_252d,3.9377679259435947,3.0015463617208127
h20_d07,7,2017-12-30,vix9d_chg_1d,0.10716830237733953,0.09897425471441412
h20_d07,7,2017-12-30,vix9d_chg_5d,0.08713584507304278,0.09246354677887185
h20_d07,7,2017-12-30,vix9d_pctchg_5d,0.1486046522139801,0.17145398224284694
h20_d07,7,2017-12-30,vix9d_pctile_252d,2.832732574705914,3.9454194319294213
h20_d07,7,2017-12-30,vix3m_chg_1d,0.0941948371494589,0.11009615068091685
h20_d07,7,2017-12-30,vix3m_chg_5d,0.11343813672750468,0.12942637684124536
h20_d07,7,2017-12-30,vix3m_pctchg_5d,0.23978550467332108,0.26742037495800286
h20_d07,7,2017-12-30,vix3m_pctile_252d,3.818537428620246,4.1348311221021445
h20_d07,7,2017-12-30,vix6m_chg_1d,0.12164402739051006,0.11607960345499174
h20_d07,7,2017-12-30,vix6m_chg_5d,0.07414972498667385,0.0780986991526115
h20_d07,7,2017-12-30,vix6m_pctchg_5d,0.1336451805207596,0.13680103217852965
h20_d07,7,2017-12-30,vix6m_pctile_252d,3.689695871960521,3.98873143203777
h20_d07,7,2017-12-30,vix3m_minus_vix,1.7431804837425688,0.738858841433662
h20_d07,7,2017-12-30,ratio_vix_vix3m,0.4200525960851391,0.3885066401616143
h20_d07,7,2017-12-30,curve_inversion,0.0,0.0
h20_d07,7,2017-12-30,vix6m_minus_vix,1.8255207775998445,1.975308546480566
h20_d07,7,2017-12-30,vix9d_minus_vix,0.2235090663401245,0.15565033395959726
h20_d07,7,2017-12-30,ratio_vix9d_vix,0.17360792848002246,0.19713238885092682
h20_d07,7,2017-12-30,short_end_spike,0.026626971988528855,0.026626971988528897
h20_d07,7,2017-12-30,vvix_chg_1d,0.22259309510072817,0.22660916320685034
h20_d07,7,2017-12-30,vvix_chg_5d,0.08335833630355992,0.09728731438998636
h20_d07,7,2017-12-30,vvix_pctchg_5d,0.09176864558254758,0.10223421473934077
h20_d07,7,2017-12-30,vvix_pctile_252d,1.5787341330992464,1.7265646637084222
h20_d07,8,2018-06-30,ret_1d,0.08549521744044176,0.09711388289790307
h20_d07,8,2018-06-30,ret_5d,0.10987072531525058,0.12463069699991976
h20_d07,8,2018-06-30,ret_10d,0.2776078631856984,0.3148322470606551
h20_d07,8,2018-06-30,ret_20d,0.45324915019670753,0.45862124681251937
h20_d07,8,2018-06-30,logret_1d,0.08549521744044176,0.09711388289790307
h20_d07,8,2018-06-30,rv_10d,0.8079480482978003,0.7934864807124999
h20_d07,8,2018-06-30,rv_20d,1.894057071667137,1.98127296041729
h20_d07,8,2018-06-30,drawdown_20d,0.4166604783313886,0.38405443734176903
h20_d07,8,2018-06-30,vix_chg_1d,0.023390240107756727,0.026177762893556486
h20_d07,8,2018-06-30,vix_chg_5d,0.10468115847300076,0.10144802443811231
h20_d07,8,2018-06-30,vix_pctchg_5d,0.11703918161505511,0.11085599318092035
h20_d07,8,2018-06-30,vix_pctile_252d,4.938812849512731,5.286176252084812
h20_d07,8,2018-06-30,vix9d_chg_1d,0.145556377837806,0.16197504998678364
h20_d07,8,2018-06-30,vix9d_chg_5d,0.20438787972598046,0.209055061285564
h20_d07,8,2018-06-30,vix9d_pctchg_5d,0.20126119896938072,0.2085922328566327
h20_d07,8,2018-06-30,vix9d_pctile_252d,3.840246403219489,3.114581727079773
h20_d07,8,2018-06-30,vix3m_chg_1d,0.07524990486185802,0.0630381424911368
h20_d07,8,2018-06-30,vix3m_chg_5d,0.0787468848493316,0.08862356692137902
h20_d07,8,2018-06-30,vix3m_pctchg_5d,0.08866125982651815,0.09164767407797679
h20_d07,8,2018-06-30,vix3m_pctile_252d,6.176527774855433,6.642469381703533
h20_d07,8,2018-06-30,vix6m_chg_1d,0.11560044521707821,0.08777959336035959
h20_d07,8,2018-06-30,vix6m_chg_5d,0.08565104497096096,0.08516434376611645
h20_d07,8,2018-06-30,vix6m_pctchg_5d,0.14555559505558796,0.1358963011185895
h20_d07,8,2018-06-30,vix6m_pctile_252d,6.125625627504165,5.648516649012598
h20_d07,8,2018-06-30,vix3m_minus_vix,1.5967922851930847,1.6215563030230333
h20_d07,8,2018-06-30,ratio_vix_vix3m,0.43896385223816087,0.4661086452729209
h20_d07,8,2018-06-30,curve_inversion,0.0,0.0
h20_d07,8,2018-06-30,vix6m_minus_vix,2.9338036665010643,3.0126693522845005
h20_d07,8,2018-06-30,vix9d_minus_vix,0.29218160440583174,0.30225219017659755
h20_d07,8,2018-06-30,ratio_vix9d_vix,0.30870797544130796,0.33328570305275895
h20_d07,8,2018-06-30,short_end_spike,0.04748529068420489,0.04748529068420494
h20_d07,8,2018-06-30,vvix_chg_1d,0.06945743527807809,0.09915341998336087
h20_d07,8,2018-06-30,vvix_chg_5d,0.10580728583359353,0.11060946973638888
h20_d07,8,2018-06-30,vvix_pctchg_5d,0.09926557204379541,0.11527577823550164
h20_d07,8,2018-06-30,vvix_pctile_252d,0.1761700894705808,0.17930320538774736
h20_d07,9,2018-12-30,ret_1d,0.1098166314716869,0.09658325184588282
h20_d07,9,2018-12-30,ret_5d,0.12014498739590254,0.11127809417792695
h20_d07,9,2018-12-30,ret_10d,0.3349314535689084,0.3470346652509502
h20_d07,9,2018-12-30,ret_20d,0.35313875664119476,0.3562091147024663
h20_d07,9,2018-12-30,logret_1d,0.1098166314716869,0.09658325184588282
h20_d07,9,2018-12-30,rv_10d,0.30911132039230754,0.22049477798762362
h20_d07,9,2018-12-30,rv_20d,0.3405172351578321,0.3850653023020659
h20_d07,9,2018-12-30,drawdown_20d,0.13194578909370921,0.10781188116447803
h20_d07,9,2018-12-30,vix_chg_1d,0.024734679685144482,0.025801088206023504
h20_d07,9,2018-12-30,vix_chg_5d,0.09366102213815133,0.07484539169278183
h20_d07,9,2018-12-30,vix_pctchg_5d,0.08865166016010048,0.09695354898497993
h20_d07,9,2018-12-30,vix_pctile_252d,1.8138108656076564,1.912924446262893
h20_d07,9,2018-12-30,vix9d_chg_1d,0.03786281476349604,0.029438037277171047
h20_d07,9,2018-12-30,vix9d_chg_5d,0.07855157385353093,0.09026798814816081
h20_d07,9,2018-12-30,vix9d_pctchg_5d,0.08190039202082014,0.07303021274487459
h20_d07,9,2018-12-30,vix9d_pctile_252d,0.7110438299272887,0.6913440488776492
h20_d07,9,2018-12-30,vix3m_chg_1d,0.06437388860522743,0.06512961928717287
h20_d07,9,2018-12-30,vix3m_chg_5d,0.14182743958132288,0.13290734373869958
h20_d07,9,2018-12-30,vix3m_pctchg_5d,0.18272683513694263,0.15278681418184664
h20_d07,9,2018-12-30,vix3m_pctile_252d,1.8758782191871854,1.970822016232982
h20_d07,9,2018-12-30,vix6m_chg_1d,0.11542423633989193,0.12502073297200855
h20_d07,9,2018-12-30,vix6m_chg_5d,0.2613579211589727,0.2728498356411585
h20_d07,9,2018-12-30,vix6m_pctchg_5d,0.12446456139044942,0.12326133593908502
h20_d07,9,2018-12-30,vix6m_pctile_252d,2.8234436140399883,3.0274902602566494
h20_d07,9,2018-12-30,vix3m_minus_vix,3.8293173205231135,2.925239437440241
h20_d07,9,2018-12-30,ratio_vix_vix3m,2.595113365322494,2.7444408338644464
h20_d07,9,2018-12-30,curve_inversion,0.0,0.0
h20_d07,9,2018-12-30,vix6m_minus_vix,4.23992722766438,4.471954572513639
h20_d07,9,2018-12-30,vix9d_minus_vix,0.11279291332217345,0.08003248748495335
h20_d07,9,2018-12-30,ratio_vix9d_vix,0.0890171832272667,0.09385915631702176
h20_d07,9,2018-12-30,short_end_spike,0.011444944467014329,0.011444944467014245
h20_d07,9,2018-12-30,vvix_chg_1d,0.07554368758124658,0.08080596996103248
h20_d07,9,2018-12-30,vvix_chg_5d,0.2958940868016029,0.2610456916575645
h20_d07,9,2018-12-30,vvix_pctchg_5d,0.2520856122176731,0.2354286825971993
h20_d07,9,2018-12-30,vvix_pctile_252d,1.3635855195534239,2.304698212934327
h20_d07,10,2019-06-30,ret_1d,0.0722619133101763,0.057619790537791954
h20_d07,10,2019-06-30,ret_5d,0.14136944382698288,0.129291747750302
h20_d07,10,2019-06-30,ret_10d,0.2034081987321602,0.22083101914090883
h20_d07,10,2019-06-30,ret_20d,0.21182276628582009,0.20659404516774782
h20_d07,10,2019-06-30,logret_1d,0.0722619133101763,0.057619790537791954
h20_d07,10,2019-06-30,rv_10d,0.4235633066117937,0.4099851851351729
h20_d07,10,2019-06-30,rv_20d,0.4721558192720888,0.42990193915769204
h20_d07,10,2019-06-30,drawdown_20d,0.13281319198487446,0.14354010225470232
h20_d07,10,2019-06-30,vix_chg_1d,0.09490526017454395,0.10771981459978403
h20_d07,10,2019-06-30,vix_chg_5d,0.020683637744995913,0.02186921032618222
h20_d07,10,2019-06-30,vix_pctchg_5d,0.02593892326002974,0.017922247364971854
h20_d07,10,2019-06-30,vix_pctile_252d,0.25751394056412413,0.2676233197714468
h20_d07,10,2019-06-30,vix9d_chg_1d,0.03576196130039413,0.0384473679273426
h20_d07,10,2019-06-30,vix9d_chg_5d,0.13824932779823323,0.1475690337705213
h20_d07,10,2019-06-30,vix9d_pctchg_5d,0.13909676132708518,0.14714745308147717
h20_d07,10,2019-06-30,vix9d_pctile_252d,0.2547340750883108,0.29248716452388573
h20_d07,10,2019-06-30,vix3m_chg_1d,0.04440826307374817,0.047257436424903765
h20_d07,10,2019-06-30,vix3m_chg_5d,0.044541234459703476,0.053575238339563194
h20_d07,10,2019-06-30,vix3m_pctchg_5d,0.04593798867389463,0.04399715015044599
h20_d07,10,2019-06-30,vix3m_pctile_252d,1.4984604574444504,1.5971940027898333
h20_d07,10,2019-06-30,vix6m_chg_1d,0.05344717891988686,0.04132858051100308
h20_d07,10,2019-06-30,vix6m_chg_5d,0.08541248444815158,0.09198052375078018
h20_d07,10,2019-06-30,vix6m_pctchg_5d,0.07201024742729029,0.08328168447041676
h20_d07,10,2019-06-30,vix6m_pctile_252d,1.7722996721176454,1.8715578540694535
h20_d07,10,2019-06-30,vix3m_minus_vix,0.209292875895223,0.20666259911450774
h20_d07,10,2019-06-30,ratio_vix_vix3m,0.18641788476826432,0.1829059176798019
h20_d07,10,2019-06-30,curve_inversion,0.0,0.0
h20_d07,10,2019-06-30,vix6m_minus_vix,0.18878481985810913,0.20883416246950873
h20_d07,10,2019-06-30,vix9d_minus_vix,0.2696878304733224,0.26092552979262496
h20_d07,10,2019-06-30,ratio_vix9d_vix,0.30561830346012,0.2656244348589386
h20_d07,10,2019-06-30,short_end_spike,0.001442436870317997,0.0014424368703179064
h20_d07,10,2019-06-30,vvix_chg_1d,0.08789721137212081,0.09541852905829719
h20_d07,10,2019-06-30,vvix_chg_5d,0.31944017425422355,0.3456752719437895
h20_d07,10,2019-06-30,vvix_pctchg_5d,0.3411236157866718,0.36002755703684686
h20_d07,10,2019-06-30,vvix_pctile_252d,12.465908021199338,12.465908021199338
h20_d07,11,2019-12-30,ret_1d,0.6071026460639944,0.6731387568127092
h20_d07,11,2019-12-30,ret_5d,0.5434822570689662,0.5026640929359867
h20_d07,11,2019-12-30,ret_10d,0.558986202266198,0.5945264317696288
h20_d07,11,2019-12-30,ret_20d,0.9363577533633114,0.955521649400401
h20_d07,11,2019-12-30,logret_1d,0.6071026460639944,0.6731387568127092
h20_d07,11,2019-12-30,rv_10d,1.7091961824636837,1.6171018263864863
h20_d07,11,2019-12-30,rv_20d,4.893722187145631,3.3794689600616676
h20_d07,11,2019-12-30,drawdown_20d,0.4385052072884261,0.4699539823531218
h20_d07,11,2019-12-30,vix_chg_1d,0.6007221723845007,0.5998968244704259
h20_d07,11,2019-12-30,vix_chg_5d,0.3865127372747511,0.4087638582400068
h20_d07,11,2019-12-30,vix_pctchg_5d,0.19463303697097617,0.19444767043649216
h20_d07,11,2019-12-30,vix_pctile_252d,2.3224228146707513,1.422807396410228
h20_d07,11,2019-12-30,vix9d_chg_1d,0.44073011794733896,0.4314418702694453
h20_d07,11,2019-12-30,vix9d_chg_5d,0.6423283302468531,0.6250299376948163
h20_d07,11,2019-12-30,vix9d_pctchg_5d,0.2195056956065583,0.21515396179609103
h20_d07,11,2019-12-30,vix9d_pctile_252d,1.100983590122729,1.2524557287469091
h20_d07,11,2019-12-30,vix3m_chg_1d,0.9341023695145081,0.9948147361508786
h20_d07,11,2019-12-30,vix3m_chg_5d,0.5872787350374378,0.6645720868709986
h20_d07,11,2019-12-30,vix3m_pctchg_5d,0.32749393408131516,0.3688121439195145
h20_d07,11,2019-12-30,vix3m_pctile_252d,1.3191514199183616,1.1868628340419531
h20_d07,11,2019-12-30,vix6m_chg_1d,0.691774843997609,0.6995087037218517
h20_d07,11,2019-12-30,vix6m_chg_5d,1.655250751223286,1.7651588816887651
h20_d07,11,2019-12-30,vix6m_pctchg_5d,0.3136716248492322,0.3267891722985282
h20_d07,11,2019-12-30,vix6m_pctile_252d,2.370306181271836,2.247480588803516
h20_d07,11,2019-12-30,vix3m_minus_vix,0.5982328687715158,0.6752426996075167
h20_d07,11,2019-12-30,ratio_vix_vix3m,1.974090166604523,2.130247545196016
h20_d07,11,2019-12-30,curve_inversion,0.0,0.0
h20_d07,11,2019-12-30,vix6m_minus_vix,0.875681121013623,0.975913182483784
h20_d07,11,2019-12-30,vix9d_minus_vix,0.5682888472275666,0.6427118939594005
h20_d07,11,2019-12-30,ratio_vix9d_vix,0.22067296394676655,0.23117774806245528
h20_d07,11,2019-12-30,short_end_spike,0.04920326164985449,0.04920326164985442
h20_d07,11,2019-12-30,vvix_chg_1d,0.13050754959753974,0.13845708315951438
h20_d07,11,2019-12-30,vvix_chg_5d,0.35105103189101583,0.38847206129312606
h20_d07,11,2019-12-30,vvix_pctchg_5d,0.26079606295856417,0.2590449393053553
h20_d07,11,2019-12-30,vvix_pctile_252d,,
h20_d07,12,2020-06-30,ret_1d,0.15345575159279165,0.16347735485352416
h20_d07,12,2020-06-30,ret_5d,0.3168986940280273,0.29732953889735764
h20_d07,12,2020-06-30,ret_10d,0.5502710151338773,0.5336556771673315
h20_d07,12,2020-06-30,ret_20d,0.5091337607719157,0.5151475337962402
h20_d07,12,2020-06-30,logret_1d,0.15345575159279165,0.16347735485352416
h20_d07,12,2020-06-30,rv_10d,1.5222910032567896,1.6204200994681566
h20_d07,12,2020-06-30,rv_20d,2.887500393822966,3.15950516754282
h20_d07,12,2020-06-30,drawdown_20d,0.1288675250341796,0.13388598268075524
h20_d07,12,2020-06-30,vix_chg_1d,0.07941875026041006,0.07078583227806612
h20_d07,12,2020-06-30,vix_chg_5d,0.10777774693232316,0.09981011170655343
h20_d07,12,2020-06-30,vix_pctchg_5d,0.09382267354099973,0.10343137581683151
h20_d07,12,2020-06-30,vix_pctile_252d,3.9280579549909005,4.129990468387108
h20_d07,12,2020-06-30,vix9d_chg_1d,0.1005410862457659,0.11316699225122351
h20_d07,12,2020-06-30,vix9d_chg_5d,0.14378697974043536,0.15778455254480614
h20_d07,12,2020-06-30,vix9d_pctchg_5d,0.1669734806555819,0.15488340485870178
h20_d07,12,2020-06-30,vix9d_pctile_252d,3.9120246827446694,2.132786184118591
h20_d07,12,2020-06-30,vix3m_chg_1d,0.12087547082045459,0.10531188431286519
h20_d07,12,2020-06-30,vix3m_chg_5d,0.1486494909245192,0.11113094827338821
h20_d07,12,2020-06-30,vix3m_pctchg_5d,0.12293887549452348,0.1398099426994236
h20_d07,12,2020-06-30,vix3m_pctile_252d,5.298196132685984,5.620223697288275
h20_d07,12,2020-06-30,vix6m_chg_1d,0.16737493969073775,0.16743838387266424
h20_d07,12,2020-06-30,vix6m_chg_5d,0.10103850585415974,0.10731367442118432
h20_d07,12,2020-06-30,vix6m_pctchg_5d,0.10738800529983228,0.09302188644884847
h20_d07,12,2020-06-30,vix6m_pctile_252d,5.184423957845898,5.601628033049124
h20_d07,12,2020-06-30,vix3m_minus_vix,1.6609474274928864,1.7284396386336334
h20_d07,12,2020-06-30,ratio_vix_vix3m,0.1392784431178466,0.14868302539882663
h20_d07,12,2020-06-30,curve_inversion,0.0,0.0
h20_d07,12,2020-06-30,vix6m_minus_vix,0.5952363551071793,0.6437662719958024
h20_d07,12,2020-06-30,vix9d_minus_vix,1.736983683001858,1.846394574621798
h20_d07,12,2020-06-30,ratio_vix9d_vix,0.637994949338916,0.6248185768714629
h20_d07,12,2020-06-30,short_end_spike,0.22987966584386446,0.2298796658438644
h20_d07,12,2020-06-30,vvix_chg_1d,0.10671865106436056,0.11163183045988813
h20_d07,12,2020-06-30,vvix_chg_5d,0.08166491686943039,0.08152022215383639
h20_d07,12,2020-06-30,vvix_pctchg_5d,0.07765348802546705,0.07578114361453833
h20_d07,12,2020-06-30,vvix_pctile_252d,,
h20_d07,13,2020-12-30,ret_1d,0.029347793126673086,0.032586054852709614
h20_d07,13,2020-12-30,ret_5d,0.11399946111548995,0.08594850012849023
h20_d07,13,2020-12-30,ret_10d,0.21592437558872501,0.17600971966961743
h20_d07,13,2020-12-30,ret_20d,1.4194654516164096,1.395134588163058
h20_d07,13,2020-12-30,logret_1d,0.029347793126673086,0.032586054852709614
h20_d07,13,2020-12-30,rv_10d,0.4164960863050527,0.3589615138264519
h20_d07,13,2020-12-30,rv_20d,2.704711695799828,2.788504612215778
h20_d07,13,2020-12-30,drawdown_20d,1.2530480283232144,1.2927928354600422
h20_d07,13,2020-12-30,vix_chg_1d,0.14262921111007182,0.14224916787490732
h20_d07,13,2020-12-30,vix_chg_5d,0.04775280874440966,0.04640701510034591
h20_d07,13,2020-12-30,vix_pctchg_5d,0.0418476927882355,0.03678188570858124
h20_d07,13,2020-12-30,vix_pctile_252d,2.268659314014481,2.2954828237609846
h20_d07,13,2020-12-30,vix9d_chg_1d,0.1530989157114321,0.15271930135301448
h20_d07,13,2020-12-30,vix9d_chg_5d,0.09359347286350383,0.08011324534191701
h20_d07,13,2020-12-30,vix9d_pctchg_5d,0.055676048564057,0.04551114200262647
h20_d07,13,2020-12-30,vix9d_pctile_252d,1.8559276671319145,1.9768337988850209
h20_d07,13,2020-12-30,vix3m_chg_1d,0.1082273738762843,0.11614318725768469
h20_d07,13,2020-12-30,vix3m_chg_5d,0.07250749418565382,0.0751182469334805
h20_d07,13,2020-12-30,vix3m_pctchg_5d,0.0663959976317544,0.0643183710930934
h20_d07,13,2020-12-30,vix3m_pctile_252d,2.438255411230412,2.5039193202698824
h20_d07,13,2020-12-30,vix6m_chg_1d,0.20077495149371657,0.20499013585123788
h20_d07,13,2020-12-30,vix6m_chg_5d,0.06034755571335611,0.06414100157357311
h20_d07,13,2020-12-30,vix6m_pctchg_5d,0.043591982068413554,0.04641150665583379
h20_d07,13,2020-12-30,vix6m_pctile_252d,2.1164877855891944,2.170769668500516
h20_d07,13,2020-12-30,vix3m_minus_vix,2.2418953009738813,2.3155080699455457
h20_d07,13,2020-12-30,ratio_vix_vix3m,0.7162423042838053,0.6751054165926158
h20_d07,13,2020-12-30,curve_inversion,0.0,0.0
h20_d07,13,2020-12-30,vix6m_minus_vix,1.9807032875540098,2.0630601411007503
h20_d07,13,2020-12-30,vix9d_minus_vix,1.4484447141719996,1.496492873985329
h20_d07,13,2020-12-30,ratio_vix9d_vix,0.7398862018861669,0.6755506640060617
h20_d07,13,2020-12-30,short_end_spike,0.25628797580135937,0.2562879758013594
h20_d07,13,2020-12-30,vvix_chg_1d,0.10230058273791413,0.11400488556857111
h20_d07,13,2020-12-30,vvix_chg_5d,0.05288152893369823,0.046398953024727574
h20_d07,13,2020-12-30,vvix_pctchg_5d,0.08392328201471289,0.09191149174803645
h20_d07,13,2020-12-30,vvix_pctile_252d,,
h20_d07,14,2021-06-30,ret_1d,0.15562927670075344,0.16993708618341524
h20_d07,14,2021-06-30,ret_5d,0.04256530365951556,0.04128001968691753
h20_d07,14,2021-06-30,ret_10d,0.09989593894776168,0.10661440022326486
h20_d07,14,2021-06-30,ret_20d,0.15406897743407552,0.1546128167130794
h20_d07,14,2021-06-30,logret_1d,0.15562927670075344,0.16993708618341524
h20_d07,14,2021-06-30,rv_10d,1.3747606636110972,0.4639561756682608
h20_d07,14,2021-06-30,rv_20d,1.5418359588854236,1.564423893299483
h20_d07,14,2021-06-30,drawdown_20d,0.21250150084506814,0.23127028083505705
h20_d07,14,2021-06-30,vix_chg_1d,0.08673109856539912,0.09555166858662789
h20_d07,14,2021-06-30,vix_chg_5d,0.10099473672491557,0.09366383398163282
h20_d07,14,2021-06-30,vix_pctchg_5d,0.09470436700310617,0.10282720818279531
h20_d07,14,2021-06-30,vix_pctile_252d,0.28771675902673804,0.24617591807265843
h20_d07,14,2021-06-30,vix9d_chg_1d,0.17730236673179847,0.201889035864845
h20_d07,14,2021-06-30,vix9d_chg_5d,0.06918545574924995,0.07766553665848568
h20_d07,14,2021-06-30,vix9d_pctchg_5d,0.09698597475741287,0.09183087684335134
h20_d07,14,2021-06-30,vix9d_pctile_252d,0.19010613193503226,0.20061554416287947
h20_d07,14,2021-06-30,vix3m_chg_1d,0.11210925526192787,0.10629398213726389
h20_d07,14,2021-06-30,vix3m_chg_5d,0.09679502459297347,0.09290587853657356
h20_d07,14,2021-06-30,vix3m_pctchg_5d,0.036061470435317475,0.021976352647798156
h20_d07,14,2021-06-30,vix3m_pctile_252d,0.41573794515775153,0.428854155794795
h20_d07,14,2021-06-30,vix6m_chg_1d,0.06447140478968068,0.07178057749138364
h20_d07,14,2021-06-30,vix6m_chg_5d,0.07239417949649347,0.07831234506127305
h20_d07,14,2021-06-30,vix6m_pctchg_5d,0.09337164802434747,0.09955860430916197
h20_d07,14,2021-06-30,vix6m_pctile_252d,0.3644032460967348,0.4130164821271542
h20_d07,14,2021-06-30,vix3m_minus_vix,2.038731943236761,2.0695464244224686
h20_d07,14,2021-06-30,ratio_vix_vix3m,0.9798230765092122,0.870241627401687
h20_d07,14,2021-06-30,curve_inversion,0.0,0.0
h20_d07,14,2021-06-30,vix6m_minus_vix,2.1222618241925346,2.215699562526857
h20_d07,14,2021-06-30,vix9d_minus_vix,1.200380414733645,1.2354605414963309
h20_d07,14,2021-06-30,ratio_vix9d_vix,0.7873343480460285,0.8506688972613714
h20_d07,14,2021-06-30,short_end_spike,0.21495336419830424,0.2149533641983043
h20_d07,14,2021-06-30,vvix_chg_1d,0.15420100047960716,0.13496367828999725
h20_d07,14,2021-06-30,vvix_chg_5d,0.11077719443165282,0.10338358597050101
h20_d07,14,2021-06-30,vvix_pctchg_5d,0.04774798113819322,0.03656660654329047
h20_d07,14,2021-06-30,vvix_pctile_252d,,
h20_d07,15,2021-12-30,ret_1d,0.538897653858363,0.5440812290619734
h20_d07,15,2021-12-30,ret_5d,0.6307896522550148,0.657855558363869
h20_d07,15,2021-12-30,ret_10d,0.9802827060953503,1.0171557086970497
h20_d07,15,2021-12-30,ret_20d,1.264008481906444,1.271878569070266
h20_d07,15,2021-12-30,logret_1d,0.538897653858363,0.5440812290619734
h20_d07,15,2021-12-30,rv_10d,5.609076876748,5.933600250405856
h20_d07,15,2021-12-30,rv_20d,7.7877802052106375,6.996615868823515
h20_d07,15,2021-12-30,drawdown_20d,2.731289353886283,1.7407516300676227
h20_d07,15,2021-12-30,vix_chg_1d,0.45506133877470045,0.48682438408477385
h20_d07,15,2021-12-30,vix_chg_5d,0.6174962360614481,0.5983470597940505
h20_d07,15,2021-12-30,vix_pctchg_5d,0.21075302263903722,0.1636551634771383
h20_d07,15,2021-12-30,vix_pctile_252d,4.612016004466955,3.9425754450150614
h20_d07,15,2021-12-30,vix9d_chg_1d,0.43009120709445703,0.3442740332985387
h20_d07,15,2021-12-30,vix9d_chg_5d,0.35708351912007275,0.37191196272659477
h20_d07,15,2021-12-30,vix9d_pctchg_5d,0.11870181936476054,0.12184783987950948
h20_d07,15,2021-12-30,vix9d_pctile_252d,3.6691521463715757,3.789502520825355
h20_d07,15,2021-12-30,vix3m_chg_1d,0.45366924768557476,0.49181409615508465
h20_d07,15,2021-12-30,vix3m_chg_5d,0.6188070779050749,0.6161972079989737
h20_d07,15,2021-12-30,vix3m_pctchg_5d,0.24828664459915645,0.23554510760698416
h20_d07,15,2021-12-30,vix3m_pctile_252d,5.835548783495334,5.972058269100286
h20_d07,15,2021-12-30,vix6m_chg_1d,0.5699559199880613,0.5729355010301938
h20_d07,15,2021-12-30,vix6m_chg_5d,0.5777335162108725,0.5907677315228095
h20_d07,15,2021-12-30,vix6m_pctchg_5d,0.28574947878705026,0.24978174914640028
h20_d07,15,2021-12-30,vix6m_pctile_252d,6.923904527807599,7.111273931557706
h20_d07,15,2021-12-30,vix3m_minus_vix,0.1756015365959441,0.16117283823422812
h20_d07,15,2021-12-30,ratio_vix_vix3m,0.5156314285636923,0.5465734495527573
h20_d07,15,2021-12-30,curve_inversion,0.0,0.0
h20_d07,15,2021-12-30,vix6m_minus_vix,0.308790167569105,0.2452202776527816
h20_d07,15,2021-12-30,vix9d_minus_vix,0.20584873569081535,0.22219421398183595
h20_d07,15,2021-12-30,ratio_vix9d_vix,0.29670423295882564,0.32845232193927737
h20_d07,15,2021-12-30,short_end_spike,0.05907178090833117,0.05907178090833108
h20_d07,15,2021-12-30,vvix_chg_1d,0.2022048935864966,0.2088244676420059
h20_d07,15,2021-12-30,vvix_chg_5d,0.15708357554715968,0.17015176619757083
h20_d07,15,2021-12-30,vvix_pctchg_5d,0.057520046281841875,0.06403703415269477
h20_d07,15,2021-12-30,vvix_pctile_252d,8.292445727250913,8.581235384798735
h20_d07,16,2022-06-30,ret_1d,0.5069904756452956,0.5053944114972105
h20_d07,16,2022-06-30,ret_5d,0.4965964087398831,0.535480971655508
h20_d07,16,2022-06-30,ret_10d,0.6413912515518543,0.6268840118077066
h20_d07,16,2022-06-30,ret_20d,1.203616683823412,1.2666614109529801
h20_d07,16,2022-06-30,logret_1d,0.5069904756452956,0.5053944114972105
h20_d07,16,2022-06-30,rv_10d,6.659868447879811,6.842097044495659
h20_d07,16,2022-06-30,rv_20d,9.013407244614397,8.461034095874712
h20_d07,16,2022-06-30,drawdown_20d,0.5580641442757147,0.5728816290824049
h20_d07,16,2022-06-30,vix_chg_1d,0.09416131682352415,0.09786108084030687
h20_d07,16,2022-06-30,vix_chg_5d,0.19361221639678755,0.18542202769503208
h20_d07,16,2022-06-30,vix_pctchg_5d,1.3983593799884722,1.4350788255749434
h20_d07,16,2022-06-30,vix_pctile_252d,1.3983704362369953,1.4191162961622947
h20_d07,16,2022-06-30,vix9d_chg_1d,0.07760877038871958,0.08239070869130508
h20_d07,16,2022-06-30,vix9d_chg_5d,0.05875712673936698,0.06268358681764019
h20_d07,16,2022-06-30,vix9d_pctchg_5d,0.29546624759759166,0.26404695486814517
h20_d07,16,2022-06-30,vix9d_pctile_252d,1.4115354882970585,1.4501936143898042
h20_d07,16,2022-06-30,vix3m_chg_1d,0.07356150538216133,0.07570943098819546
h20_d07,16,2022-06-30,vix3m_chg_5d,0.10214772274987449,0.09807921502928979
h20_d07,16,2022-06-30,vix3m_pctchg_5d,0.3180034855595575,0.2995776350554257
h20_d07,16,2022-06-30,vix3m_pctile_252d,1.3704361153996731,1.4369892829106687
h20_d07,16,2022-06-30,vix6m_chg_1d,0.08306419949127206,0.08135423959424959
h20_d07,16,2022-06-30,vix6m_chg_5d,0.08284206044580458,0.0803082350662204
h20_d07,16,2022-06-30,vix6m_pctchg_5d,0.30377481075394486,0.3172330898206205
h20_d07,16,2022-06-30,vix6m_pctile_252d,1.345767141891116,1.3483246025410909
h20_d07,16,2022-06-30,vix3m_minus_vix,0.23283861572591985,0.248226034166502
h20_d07,16,2022-06-30,ratio_vix_vix3m,2.683703378466562,2.821417920598334
h20_d07,16,2022-06-30,curve_inversion,0.0,0.0
h20_d07,16,2022-06-30,vix6m_minus_vix,0.16544413709354971,0.15960954693378387
h20_d07,16,2022-06-30,vix9d_minus_vix,0.15354373917955516,0.16773787317277047
h20_d07,16,2022-06-30,ratio_vix9d_vix,0.27400540959310793,0.3147323099940552
h20_d07,16,2022-06-30,short_end_spike,0.041263569888373,0.04126356988837297
h20_d07,16,2022-06-30,vvix_chg_1d,0.1276767248063907,0.13673499848648357
h20_d07,16,2022-06-30,vvix_chg_5d,0.1927408703844986,0.19681688109648807
h20_d07,16,2022-06-30,vvix_pctchg_5d,0.11292510390248618,0.11481730242951181
h20_d07,16,2022-06-30,vvix_pctile_252d,5.45267120283583,4.814087089381748
h20_d07,17,2022-12-30,ret_1d,0.06931929089611027,0.07575603550963242
h20_d07,17,2022-12-30,ret_5d,0.07013956191351294,0.07261908840490275
h20_d07,17,2022-12-30,ret_10d,0.09751219775604746,0.09363630317518924
h20_d07,17,2022-12-30,ret_20d,0.17283519374243717,0.1671998024182852
h20_d07,17,2022-12-30,logret_1d,0.06931929089611027,0.07575603550963242
h20_d07,17,2022-12-30,rv_10d,3.9056078514003314,4.064836968398155
h20_d07,17,2022-12-30,rv_20d,5.507348593202199,5.698169310624724
h20_d07,17,2022-12-30,drawdown_20d,0.16341438201203076,0.13629720326176092
h20_d07,17,2022-12-30,vix_chg_1d,0.07036096002195215,0.0749446350204262
h20_d07,17,2022-12-30,vix_chg_5d,0.15453207945234398,0.1557769484536654
h20_d07,17,2022-12-30,vix_pctchg_5d,0.23602555568722922,0.18837980548750988
h20_d07,17,2022-12-30,vix_pctile_252d,3.5740314258977195,3.6896630606737295
h20_d07,17,2022-12-30,vix9d_chg_1d,0.08955308460012734,0.08676017423184938
h20_d07,17,2022-12-30,vix9d_chg_5d,0.01954492161926676,0.021591166411842704
h20_d07,17,2022-12-30,vix9d_pctchg_5d,0.048564390107212155,0.046292522789582576
h20_d07,17,2022-12-30,vix9d_pctile_252d,3.1213768567812625,2.2772393352275206
h20_d07,17,2022-12-30,vix3m_chg_1d,0.09217053438757236,0.09846340824009452
h20_d07,17,2022-12-30,vix3m_chg_5d,0.26982688418928896,0.2572456481909476
h20_d07,17,2022-12-30,vix3m_pctchg_5d,0.21341085698591145,0.25605891728790897
h20_d07,17,2022-12-30,vix3m_pctile_252d,4.691346083851614,3.970302421088876
h20_d07,17,2022-12-30,vix6m_chg_1d,0.1295817383240987,0.11673647964741485
h20_d07,17,2022-12-30,vix6m_chg_5d,0.14692740630655815,0.14991646999331312
h20_d07,17,2022-12-30,vix6m_pctchg_5d,0.2007921029225855,0.20340404125206984
h20_d07,17,2022-12-30,vix6m_pctile_252d,4.789426351547119,4.9652617148849
h20_d07,17,2022-12-30,vix3m_minus_vix,0.39278003692441693,0.3402095141543153
h20_d07,17,2022-12-30,ratio_vix_vix3m,0.42670629715740105,0.34355749953411907
h20_d07,17,2022-12-30,curve_inversion,0.0,0.0
h20_d07,17,2022-12-30,vix6m_minus_vix,0.42465983655703404,0.39312858714679233
h20_d07,17,2022-12-30,vix9d_minus_vix,0.2244496812333004,0.2453504248606423
h20_d07,17,2022-12-30,ratio_vix9d_vix,0.2225984062727022,0.22992822687312103
h20_d07,17,2022-12-30,short_end_spike,0.016512861866790237,0.01651286186679024
h20_d07,17,2022-12-30,vvix_chg_1d,0.04261160486755373,0.04886675295003688
h20_d07,17,2022-12-30,vvix_chg_5d,0.04271475001603946,0.03972257059500235
h20_d07,17,2022-12-30,vvix_pctchg_5d,0.03335996595203694,0.03639636618994476
h20_d07,17,2022-12-30,vvix_pctile_252d,0.18024635434310632,0.20475396532538764
h20_d07,18,2023-06-30,ret_1d,0.058414218735652654,0.04180912725593577
h20_d07,18,2023-06-30,ret_5d,0.10859221857352074,0.11707245924600213
h20_d07,18,2023-06-30,ret_10d,0.21030170178052357,0.2180004723817342
h20_d07,18,2023-06-30,ret_20d,0.2713761546362034,0.2799921000568487
h20_d07,18,2023-06-30,logret_1d,0.058414218735652654,0.04180912725593577
h20_d07,18,2023-06-30,rv_10d,2.8577088113517446,2.9080030415276164
h20_d07,18,2023-06-30,rv_20d,4.032511332836572,4.189903739600128
h20_d07,18,2023-06-30,drawdown_20d,0.3106347144671755,0.22193555485648653
h20_d07,18,2023-06-30,vix_chg_1d,0.34262507459807146,0.2835307096965594
h20_d07,18,2023-06-30,vix_chg_5d,0.18708216155601026,0.1851765512023487
h20_d07,18,2023-06-30,vix_pctchg_5d,0.1315960057953626,0.13578393864159827
h20_d07,18,2023-06-30,vix_pctile_252d,1.7552037726336076,1.766160860540476
h20_d07,18,2023-06-30,vix9d_chg_1d,1.352870795465654,1.3956754317035225
h20_d07,18,2023-06-30,vix9d_chg_5d,0.2725273941635248,0.27252682075671447
h20_d07,18,2023-06-30,vix9d_pctchg_5d,0.1596007283305794,0.16413703788383113
h20_d07,18,2023-06-30,vix9d_pctile_252d,1.693942092390607,1.6621347831211666
h20_d07,18,2023-06-30,vix3m_chg_1d,0.11442380806241795,0.12238814570936225
h20_d07,18,2023-06-30,vix3m_chg_5d,0.15333639276533734,0.15064619026501214
h20_d07,18,2023-06-30,vix3m_pctchg_5d,0.07428899652731644,0.06676093942397607
h20_d07,18,2023-06-30,vix3m_pctile_252d,2.8912639869423593,3.0395029570552508
h20_d07,18,2023-06-30,vix6m_chg_1d,0.060403041551425424,0.06571933832522177
h20_d07,18,2023-06-30,vix6m_chg_5d,0.07572212413234577,0.0813358074515206
h20_d07,18,2023-06-30,vix6m_pctchg_5d,0.033554145138425286,0.03226180850577252
h20_d07,18,2023-06-30,vix6m_pctile_252d,3.040753562864774,3.146615562533708
h20_d07,18,2023-06-30,vix3m_minus_vix,2.7909867889566042,2.942125598113118
h20_d07,18,2023-06-30,ratio_vix_vix3m,1.5550150268885972,1.6127715116104633
h20_d07,18,2023-06-30,curve_inversion,0.0,0.0
h20_d07,18,2023-06-30,vix6m_minus_vix,2.7911783917583586,2.8905669046506586
h20_d07,18,2023-06-30,vix9d_minus_vix,1.4651672058051588,1.552331615083459
h20_d07,18,2023-06-30,ratio_vix9d_vix,0.403758001164591,0.4315759814936053
h20_d07,18,2023-06-30,short_end_spike,0.031020240529653652,0.031020240529653687
h20_d07,18,2023-06-30,vvix_chg_1d,0.13444029417391729,0.13894045720176018
h20_d07,18,2023-06-30,vvix_chg_5d,0.08621326526109455,0.09172950701742012
h20_d07,18,2023-06-30,vvix_pctchg_5d,0.11382589564589586,0.12247611388878228
h20_d07,18,2023-06-30,vvix_pctile_252d,1.280917128322518,1.3482525135068113
h20_d07,19,2023-12-30,ret_1d,0.11528110436535566,0.10617504465382498
h20_d07,19,2023-12-30,ret_5d,0.23698960332671046,0.24703110799673245
h20_d07,19,2023-12-30,ret_10d,0.3941657516450144,0.3513716640668758
h20_d07,19,2023-12-30,ret_20d,0.623446009772546,0.5415129262954954
h20_d07,19,2023-12-30,logret_1d,0.11528110436535566,0.10617504465382498
h20_d07,19,2023-12-30,rv_10d,3.7642974277353414,3.9019874709054467
h20_d07,19,2023-12-30,rv_20d,4.228345513104898,4.21953397459777
h20_d07,19,2023-12-30,drawdown_20d,1.3387484521048705,0.4097597692293037
h20_d07,19,2023-12-30,vix_chg_1d,0.44374307961083104,0.45548907445434755
h20_d07,19,2023-12-30,vix_chg_5d,0.4563405300325698,0.4671475420935329
h20_d07,19,2023-12-30,vix_pctchg_5d,0.3161735474959716,0.3259172395615251
h20_d07,19,2023-12-30,vix_pctile_252d,0.32698163651621764,0.35381232199422535
h20_d07,19,2023-12-30,vix9d_chg_1d,0.374944067233431,0.4072509784533459
h20_d07,19,2023-12-30,vix9d_chg_5d,1.366931981618428,1.3653046631926293
h20_d07,19,2023-12-30,vix9d_pctchg_5d,0.1841010533032975,0.17346624687859624
h20_d07,19,2023-12-30,vix9d_pctile_252d,0.18651423313674076,0.1601999011855806
h20_d07,19,2023-12-30,vix3m_chg_1d,0.4521954285771368,0.4827434842268077
h20_d07,19,2023-12-30,vix3m_chg_5d,0.41142497537231887,0.4191800712978529
h20_d07,19,2023-12-30,vix3m_pctchg_5d,0.17566155609423256,0.15653136293823425
h20_d07,19,2023-12-30,vix3m_pctile_252d,1.6138830439615441,1.6758081049110127
h20_d07,19,2023-12-30,vix6m_chg_1d,0.400796645821463,0.41693741772783155
h20_d07,19,2023-12-30,vix6m_chg_5d,0.37982799770018094,0.3994657485126645
h20_d07,19,2023-12-30,vix6m_pctchg_5d,0.15335274026952173,0.13960997526464544
h20_d07,19,2023-12-30,vix6m_pctile_252d,2.8204723673889767,1.9220014271165091
h20_d07,19,2023-12-30,vix3m_minus_vix,4.3395884206191315,4.539315013712431
h20_d07,19,2023-12-30,ratio_vix_vix3m,3.9090538493042426,3.9903490098005663
h20_d07,19,2023-12-30,curve_inversion,0.0,0.0
h20_d07,19,2023-12-30,vix6m_minus_vix,3.9854174402272657,4.0799952441633005
h20_d07,19,2023-12-30,vix9d_minus_vix,0.6205012338789773,0.6156016877854454
h20_d07,19,2023-12-30,ratio_vix9d_vix,0.11528207788189662,0.11665058569256165
h20_d07,19,2023-12-30,short_end_spike,0.00010724123132730262,0.00010724123132735755
h20_d07,19,2023-12-30,vvix_chg_1d,0.13102550209828948,0.12621871640022375
h20_d07,19,2023-12-30,vvix_chg_5d,0.11767385901741076,0.10489731279001518
h20_d07,19,2023-12-30,vvix_pctchg_5d,0.044388732277199236,0.04824401044737736
h20_d07,19,2023-12-30,vvix_pctile_252d,1.8641390924861425,0.9362311191974831
h20_d07,20,2024-06-30,ret_1d,0.07905755021147459,0.06998251918976792
h20_d07,20,2024-06-30,ret_5d,0.06882623788777352,0.06554973490564929
h20_d07,20,2024-06-30,ret_10d,0.07021838372693405,0.05934815964131977
h20_d07,20,2024-06-30,ret_20d,0.22158639787725065,0.22405950435420408
h20_d07,20,2024-06-30,logret_1d,0.07905755021147459,0.06998251918976792
h20_d07,20,2024-06-30,rv_10d,0.1734259048461289,0.17500223610035462
h20_d07,20,2024-06-30,rv_20d,1.4627031064311282,1.4499702688130578
h20_d07,20,2024-06-30,drawdown_20d,0.14356218756530917,0.15395736396560938
h20_d07,20,2024-06-30,vix_chg_1d,0.02640675129239973,0.025422109358601577
h20_d07,20,2024-06-30,vix_chg_5d,0.16047145408071745,0.12608229544087252
h20_d07,20,2024-06-30,vix_pctchg_5d,0.17766983982388315,0.17375304821173138
h20_d07,20,2024-06-30,vix_pctile_252d,0.9949149203664199,1.012774725585331
h20_d07,20,2024-06-30,vix9d_chg_1d,0.08977565363365979,0.09650348739683559
h20_d07,20,2024-06-30,vix9d_chg_5d,0.10672032491506298,0.11019591977871188
h20_d07,20,2024-06-30,vix9d_pctchg_5d,0.1429088137345094,0.1359492775979681
h20_d07,20,2024-06-30,vix9d_pctile_252d,0.5586979080175132,0.5293611164142775
h20_d07,20,2024-06-30,vix3m_chg_1d,0.11491032753365865,0.10920817483162862
h20_d07,20,2024-06-30,vix3m_chg_5d,0.09325070232786925,0.10068292187533727
h20_d07,20,2024-06-30,vix3m_pctchg_5d,0.12113394915187123,0.11732652252112523
h20_d07,20,2024-06-30,vix3m_pctile_252d,2.5063327627656053,2.4886633374600207
h20_d07,20,2024-06-30,vix6m_chg_1d,0.033403382812798296,0.03589826625261437
h20_d07,20,2024-06-30,vix6m_chg_5d,0.12452087426940579,0.13075690192246478
h20_d07,20,2024-06-30,vix6m_pctchg_5d,0.1564748795597615,0.14631457025180808
h20_d07,20,2024-06-30,vix6m_pctile_252d,2.444879861714099,2.3197062706172638
h20_d07,20,2024-06-30,vix3m_minus_vix,1.2456334311018566,0.35960263903991685
h20_d07,20,2024-06-30,ratio_vix_vix3m,0.28837044644459514,0.2704392296750989
h20_d07,20,2024-06-30,curve_inversion,0.0,0.0
h20_d07,20,2024-06-30,vix6m_minus_vix,1.356499760895623,1.4176072138134639
h20_d07,20,2024-06-30,vix9d_minus_vix,0.15394630535045786,0.14460798327670443
h20_d07,20,2024-06-30,ratio_vix9d_vix,0.12503158245462292,0.1261942804957573
h20_d07,20,2024-06-30,short_end_spike,0.023660230306910415,0.023660230306910432
h20_d07,20,2024-06-30,vvix_chg_1d,0.22523464852097744,0.22510478982205212
h20_d07,20,2024-06-30,vvix_chg_5d,0.35035534126231793,0.28296091510719906
h20_d07,20,2024-06-30,vvix_pctchg_5d,0.23909542310429754,0.22934507481081487
h20_d07,20,2024-06-30,vvix_pctile_252d,1.448920406769087,1.380137907798174
h20_d07,21,2024-12-30,ret_1d,0.12454822982394155,0.13391097864933918
h20_d07,21,2024-12-30,ret_5d,0.256613250035445,0.2518729787511741
h20_d07,21,2024-12-30,ret_10d,0.18769707331088317,0.1467196936339033
h20_d07,21,2024-12-30,ret_20d,0.4924662204194932,0.5011394215762485
h20_d07,21,2024-12-30,logret_1d,0.12454822982394155,0.13391097864933918
h20_d07,21,2024-12-30,rv_10d,1.6667716880362344,1.6651587146063331
h20_d07,21,2024-12-30,rv_20d,3.6900970636594184,3.82551422399459
h20_d07,21,2024-12-30,drawdown_20d,0.22012767561606889,0.22375243054081848
h20_d07,21,2024-12-30,vix_chg_1d,0.195642247482834,0.1643001662320183
h20_d07,21,2024-12-30,vix_chg_5d,0.30742497303617433,0.3251137009449838
h20_d07,21,2024-12-30,vix_pctchg_5d,0.22860970412182716,0.21350379191479613
h20_d07,21,2024-12-30,vix_pctile_252d,5.021819368406154,5.197762292740989
h20_d07,21,2024-12-30,vix9d_chg_1d,0.16285363392074914,0.16338723776217995
h20_d07,21,2024-12-30,vix9d_chg_5d,0.20700635920514662,0.21514323827450618
h20_d07,21,2024-12-30,vix9d_pctchg_5d,0.1397799467681769,0.14892286078165506
h20_d07,21,2024-12-30,vix9d_pctile_252d,2.7702661773225477,2.863374105740625
h20_d07,21,2024-12-30,vix3m_chg_1d,0.17523290891505033,0.18480480762686297
h20_d07,21,2024-12-30,vix3m_chg_5d,0.2924744760985087,0.30001599464174267
h20_d07,21,2024-12-30,vix3m_pctchg_5d,0.29591109572941593,0.3092529730134378
h20_d07,21,2024-12-30,vix3m_pctile_252d,6.354716580584964,6.591964456267338
h20_d07,21,2024-12-30,vix6m_chg_1d,0.18297546645223076,0.18792393717272682
h20_d07,21,2024-12-30,vix6m_chg_5d,0.20820143535308155,0.21845162620400405
h20_d07,21,2024-12-30,vix6m_pctchg_5d,0.22170073715700844,0.23706829841733038
h20_d07,21,2024-12-30,vix6m_pctile_252d,7.501064295218132,6.7455063870685885
h20_d07,21,2024-12-30,vix3m_minus_vix,1.3423897805336669,1.4007896345918118
h20_d07,21,2024-12-30,ratio_vix_vix3m,1.6021785291013,1.6391669424515072
h20_d07,21,2024-12-30,curve_inversion,0.0,0.0
h20_d07,21,2024-12-30,vix6m_minus_vix,2.506099556089634,2.5718067201050503
h20_d07,21,2024-12-30,vix9d_minus_vix,0.1301723884858133,0.12384659988862043
h20_d07,21,2024-12-30,ratio_vix9d_vix,0.0898061294941435,0.08624814402745781
h20_d07,21,2024-12-30,short_end_spike,0.011415814511236721,0.011415814511236737
h20_d07,21,2024-12-30,vvix_chg_1d,0.17745892347500347,0.1702400048705076
h20_d07,21,2024-12-30,vvix_chg_5d,0.2144195325886184,0.23284880581029652
h20_d07,21,2024-12-30,vvix_pctchg_5d,0.20408057395413085,0.22170755732485936
h20_d07,21,2024-12-30,vvix_pctile_252d,2.4126510651484425,2.555203214471936
h20_d07,22,2025-06-30,ret_1d,0.1369503467661311,0.14651485451686405
h20_d07,22,2025-06-30,ret_5d,0.15755888006112775,0.15239451903586204
h20_d07,22,2025-06-30,ret_10d,1.2620923706672105,1.307921351858938
h20_d07,22,2025-06-30,ret_20d,1.503236905709807,1.5129184953905348
h20_d07,22,2025-06-30,logret_1d,0.1369503467661311,0.14651485451686405
h20_d07,22,2025-06-30,rv_10d,2.370713704745271,1.4281985644778843
h20_d07,22,2025-06-30,rv_20d,3.6186256255827667,3.7661531345214305
h20_d07,22,2025-06-30,drawdown_20d,1.2981984345171766,1.340498964950022
h20_d07,22,2025-06-30,vix_chg_1d,0.03784911563246714,0.04086628704735236
h20_d07,22,2025-06-30,vix_chg_5d,0.04811214548834088,0.04478102537225506
h20_d07,22,2025-06-30,vix_pctchg_5d,0.044944613926363036,0.046538544565952536
h20_d07,22,2025-06-30,vix_pctile_252d,0.450738332655029,0.40884598623928425
h20_d07,22,2025-06-30,vix9d_chg_1d,0.031056441657103986,0.03326982306180557
h20_d07,22,2025-06-30,vix9d_chg_5d,0.16635666125653364,0.16054707055121947
h20_d07,22,2025-06-30,vix9d_pctchg_5d,0.1716838540323166,0.16313655638918662
h20_d07,22,2025-06-30,vix9d_pctile_252d,0.3712648516749849,0.3559681904096116
h20_d07,22,2025-06-30,vix3m_chg_1d,0.07074792707430588,0.08109971354121262
h20_d07,22,2025-06-30,vix3m_chg_5d,0.12181825441367693,0.13278370339786114
h20_d07,22,2025-06-30,vix3m_pctchg_5d,0.11964185021442342,0.12881936810891734
h20_d07,22,2025-06-30,vix3m_pctile_252d,0.8423385631375755,0.7669434131375972
h20_d07,22,2025-06-30,vix6m_chg_1d,0.12008842968317725,0.12070394427412373
h20_d07,22,2025-06-30,vix6m_chg_5d,0.18374921738381383,0.18023706364577585
h20_d07,22,2025-06-30,vix6m_pctchg_5d,0.20766245309537537,0.20379875599332237
h20_d07,22,2025-06-30,vix6m_pctile_252d,3.0481402492610115,3.1865754040307146
h20_d07,22,2025-06-30,vix3m_minus_vix,0.9866722618943313,0.9723693336149855
h20_d07,22,2025-06-30,ratio_vix_vix3m,0.592316841064932,0.5884781767047611
h20_d07,22,2025-06-30,curve_inversion,0.0,0.0
h20_d07,22,2025-06-30,vix6m_minus_vix,1.0392975408757692,1.0072868160220625
h20_d07,22,2025-06-30,vix9d_minus_vix,1.7623997281344042,1.7897046388136488
h20_d07,22,2025-06-30,ratio_vix9d_vix,2.617072221675804,1.7772047940411468
h20_d07,22,2025-06-30,short_end_spike,0.7035816266070325,0.7035816266070325
h20_d07,22,2025-06-30,vvix_chg_1d,0.05991939515796433,0.057848850744772515
h20_d07,22,2025-06-30,vvix_chg_5d,0.11743224286372729,0.12092599822679516
h20_d07,22,2025-06-30,vvix_pctchg_5d,0.14682474219964536,0.1556794786265262
h20_d07,22,2025-06-30,vvix_pctile_252d,0.22928180512503188,0.22835986722095158
