stress_def,model,fold_id,n_train,n_test,auc,pr_auc,brier,ece,threshold,alarm_rate,alarm_precision,drawdown_lift,severity_lift,n_alarms,n_events,n_test_eff,seed
h5_d03,NaiveBaseRate,1,971,124,0.5,0.0403225806451612,0.0409260245056883,0.0472160393342414,0.0875386199794026,0.0,,,,0,5,124,42
h5_d03,NaiveBaseRate,1,971,124,0.5,0.0403225806451612,0.0409260245056883,0.0472160393342414,0.0875386199794026,0.0,,,,0,5,124,43
h5_d03,NaiveBaseRate,1,971,124,0.5,0.0403225806451612,0.0409260245056883,0.0472160393342414,0.0875386199794026,0.0,,,,0,5,124,44
h5_d03,NaiveBaseRate,1,971,124,0.5,0.0403225806451612,0.0409260245056883,0.0472160393342414,0.0875386199794026,0.0,,,,0,5,124,45
h5_d03,NaiveBaseRate,1,971,124,0.5,0.0403225806451612,0.0409260245056883,0.0472160393342414,0.0875386199794026,0.0,,,,0,5,124,46
h5_d03,VIXPercentileRaw,1,971,124,0.3899159663865547,0.0413623803649495,0.2192719629016913,0.3609680741503605,0.95005149330587,0.0,,,,0,5,124,42
h5_d03,VIXPercentileRaw,1,971,124,0.3899159663865547,0.0413623803649495,0.2192719629016913,0.3609680741503605,0.95005149330587,0.0,,,,0,5,124,43
h5_d03,VIXPercentileRaw,1,971,124,0.3899159663865547,0.0413623803649495,0.2192719629016913,0.3609680741503605,0.95005149330587,0.0,,,,0,5,124,44
h5_d03,VIXPercentileRaw,1,971,124,0.3899159663865547,0.0413623803649495,0.2192719629016913,0.3609680741503605,0.95005149330587,0.0,,,,0,5,124,45
h5_d03,VIXPercentileRaw,1,971,124,0.3899159663865547,0.0413623803649495,0.2192719629016913,0.3609680741503605,0.95005149330587,0.0,,,,0,5,124,46
h5_d03,VIXPercentileCalibrated,1,971,124,0.4386554621848739,0.0398798228969006,0.0404667452067423,0.0106510533609169,0.3768115942028985,0.0,,,,0,5,124,42
h5_d03,VIXPercentileCalibrated,1,971,124,0.4386554621848739,0.0398798228969006,0.0404667452067423,0.0106510533609169,0.3768115942028985,0.0,,,,0,5,124,43
h5_d03,VIXPercentileCalibrated,1,971,124,0.4386554621848739,0.0398798228969006,0.0404667452067423,0.0106510533609169,0.3768115942028985,0.0,,,,0,5,124,44
h5_d03,VIXPercentileCalibrated,1,971,124,0.4386554621848739,0.0398798228969006,0.0404667452067423,0.0106510533609169,0.3768115942028985,0.0,,,,0,5,124,45
h5_d03,VIXPercentileCalibrated,1,971,124,0.4386554621848739,0.0398798228969006,0.0404667452067423,0.0106510533609169,0.3768115942028985,0.0,,,,0,5,124,46
h5_d03,HarRvThreshold,1,971,124,0.2962962962962963,0.0269230769230769,0.0293227387751981,0.0067393764099665,0.2065273331248641,0.0,,,,0,3,102,42
h5_d03,HarRvThreshold,1,971,124,0.2962962962962963,0.0269230769230769,0.0293227387751981,0.0067393764099665,0.2065273331248641,0.0,,,,0,3,102,43
h5_d03,HarRvThreshold,1,971,124,0.2962962962962963,0.0269230769230769,0.0293227387751981,0.0067393764099665,0.2065273331248641,0.0,,,,0,3,102,44
h5_d03,HarRvThreshold,1,971,124,0.2962962962962963,0.0269230769230769,0.0293227387751981,0.0067393764099665,0.2065273331248641,0.0,,,,0,3,102,45
h5_d03,HarRvThreshold,1,971,124,0.2962962962962963,0.0269230769230769,0.0293227387751981,0.0067393764099665,0.2065273331248641,0.0,,,,0,3,102,46
h5_d03,LogisticRegressionL2,1,971,124,0.2033613445378151,0.0297649716009299,0.4305275127571145,0.5081956594268087,0.8414999914456145,0.282258064516129,0.0,0.5058454483551084,,35,5,124,42
h5_d03,LogisticRegressionL2,1,971,124,0.2033613445378151,0.0297649716009299,0.4305275127571145,0.5081956594268087,0.8414999914456145,0.282258064516129,0.0,0.5058454483551084,,35,5,124,43
h5_d03,LogisticRegressionL2,1,971,124,0.2033613445378151,0.0297649716009299,0.4305275127571145,0.5081956594268087,0.8414999914456145,0.282258064516129,0.0,0.5058454483551084,,35,5,124,44
h5_d03,LogisticRegressionL2,1,971,124,0.2033613445378151,0.0297649716009299,0.4305275127571145,0.5081956594268087,0.8414999914456145,0.282258064516129,0.0,0.5058454483551084,,35,5,124,45
h5_d03,LogisticRegressionL2,1,971,124,0.2033613445378151,0.0297649716009299,0.4305275127571145,0.5081956594268087,0.8414999914456145,0.282258064516129,0.0,0.5058454483551084,,35,5,124,46
h5_d03,LightGbmTuned,1,971,124,0.41344537815126053,0.04274539119320564,0.09536925018040836,0.10726298277874828,0.007114645632437653,0.3548387096774194,0.022727272727272728,0.6224648032123661,1.0789737816961007,44,5,124,42
h5_d03,LightGbmTuned,1,971,124,0.41344537815126053,0.04274539119320564,0.09536925018040836,0.10726298277874828,0.007114645632437653,0.3548387096774194,0.022727272727272728,0.6224648032123661,1.0789737816961007,44,5,124,43
h5_d03,LightGbmTuned,1,971,124,0.41344537815126053,0.04274539119320564,0.09536925018040836,0.10726298277874828,0.007114645632437653,0.3548387096774194,0.022727272727272728,0.6224648032123661,1.0789737816961007,44,5,124,44
h5_d03,LightGbmTuned,1,971,124,0.41344537815126053,0.04274539119320564,0.09536925018040836,0.10726298277874828,0.007114645632437653,0.3548387096774194,0.022727272727272728,0.6224648032123661,1.0789737816961007,44,5,124,45
h5_d03,LightGbmTuned,1,971,124,0.41344537815126053,0.04274539119320564,0.09536925018040836,0.10726298277874828,0.007114645632437653,0.3548387096774194,0.022727272727272728,0.6224648032123661,1.0789737816961007,44,5,124,46
h5_d03,NaiveBaseRate,2,1095,127,0.5,0.1259842519685039,0.1120300007535649,0.0437924711465861,0.0821917808219178,0.0,,,,0,16,127,42
h5_d03,NaiveBaseRate,2,1095,127,0.5,0.1259842519685039,0.1120300007535649,0.0437924711465861,0.0821917808219178,0.0,,,,0,16,127,43
h5_d03,NaiveBaseRate,2,1095,127,0.5,0.1259842519685039,0.1120300007535649,0.0437924711465861,0.0821917808219178,0.0,,,,0,16,127,44
h5_d03,NaiveBaseRate,2,1095,127,0.5,0.1259842519685039,0.1120300007535649,0.0437924711465861,0.0821917808219178,0.0,,,,0,16,127,45
h5_d03,NaiveBaseRate,2,1095,127,0.5,0.1259842519685039,0.1120300007535649,0.0437924711465861,0.0821917808219178,0.0,,,,0,16,127,46
h5_d03,VIXPercentileRaw,2,1095,127,0.5177364864864865,0.1507073012673865,0.3875609102999862,0.4725631898752381,0.9506849315068492,0.0157480314960629,0.0,0.4201801853394563,,2,16,127,42
h5_d03,VIXPercentileRaw,2,1095,127,0.5177364864864865,0.1507073012673865,0.3875609102999862,0.4725631898752381,0.9506849315068492,0.0157480314960629,0.0,0.4201801853394563,,2,16,127,43
h5_d03,VIXPercentileRaw,2,1095,127,0.5177364864864865,0.1507073012673865,0.3875609102999862,0.4725631898752381,0.9506849315068492,0.0157480314960629,0.0,0.4201801853394563,,2,16,127,44
h5_d03,VIXPercentileRaw,2,1095,127,0.5177364864864865,0.1507073012673865,0.3875609102999862,0.4725631898752381,0.9506849315068492,0.0157480314960629,0.0,0.4201801853394563,,2,16,127,45
h5_d03,VIXPercentileRaw,2,1095,127,0.5177364864864865,0.1507073012673865,0.3875609102999862,0.4725631898752381,0.9506849315068492,0.0157480314960629,0.0,0.4201801853394563,,2,16,127,46
h5_d03,VIXPercentileCalibrated,2,1095,127,0.5,0.1275675262510892,0.1175468861108992,0.0694598228630747,0.3768115942028985,0.0,,,,0,16,127,42
h5_d03,VIXPercentileCalibrated,2,1095,127,0.5,0.1275675262510892,0.1175468861108992,0.0694598228630747,0.3768115942028985,0.0,,,,0,16,127,43
h5_d03,VIXPercentileCalibrated,2,1095,127,0.5,0.1275675262510892,0.1175468861108992,0.0694598228630747,0.3768115942028985,0.0,,,,0,16,127,44
h5_d03,VIXPercentileCalibrated,2,1095,127,0.5,0.1275675262510892,0.1175468861108992,0.0694598228630747,0.3768115942028985,0.0,,,,0,16,127,45
h5_d03,VIXPercentileCalibrated,2,1095,127,0.5,0.1275675262510892,0.1175468861108992,0.0694598228630747,0.3768115942028985,0.0,,,,0,16,127,46
h5_d03,HarRvThreshold,2,1095,127,0.521067415730337,0.2585050949917507,0.1352708031085132,0.1113573845494752,0.1928010255474082,0.0857142857142857,0.2222222222222222,1.0036233072486886,0.6716080176724604,9,16,105,42
h5_d03,HarRvThreshold,2,1095,127,0.521067415730337,0.2585050949917507,0.1352708031085132,0.1113573845494752,0.1928010255474082,0.0857142857142857,0.2222222222222222,1.0036233072486886,0.6716080176724604,9,16,105,43
h5_d03,HarRvThreshold,2,1095,127,0.521067415730337,0.2585050949917507,0.1352708031085132,0.1113573845494752,0.1928010255474082,0.0857142857142857,0.2222222222222222,1.0036233072486886,0.6716080176724604,9,16,105,44
h5_d03,HarRvThreshold,2,1095,127,0.521067415730337,0.2585050949917507,0.1352708031085132,0.1113573845494752,0.1928010255474082,0.0857142857142857,0.2222222222222222,1.0036233072486886,0.6716080176724604,9,16,105,45
h5_d03,HarRvThreshold,2,1095,127,0.521067415730337,0.2585050949917507,0.1352708031085132,0.1113573845494752,0.1928010255474082,0.0857142857142857,0.2222222222222222,1.0036233072486886,0.6716080176724604,9,16,105,46
h5_d03,LogisticRegressionL2,2,1095,127,0.6086711711711712,0.2020054552638471,0.24975665746445,0.2775843991603495,0.8305679414202347,0.1496062992125984,0.1578947368421052,1.2867248913674585,0.9764027308003168,19,16,127,42
h5_d03,LogisticRegressionL2,2,1095,127,0.6086711711711712,0.2020054552638471,0.24975665746445,0.2775843991603495,0.8305679414202347,0.1496062992125984,0.1578947368421052,1.2867248913674585,0.9764027308003168,19,16,127,43
h5_d03,LogisticRegressionL2,2,1095,127,0.6086711711711712,0.2020054552638471,0.24975665746445,0.2775843991603495,0.8305679414202347,0.1496062992125984,0.1578947368421052,1.2867248913674585,0.9764027308003168,19,16,127,44
h5_d03,LogisticRegressionL2,2,1095,127,0.6086711711711712,0.2020054552638471,0.24975665746445,0.2775843991603495,0.8305679414202347,0.1496062992125984,0.1578947368421052,1.2867248913674585,0.9764027308003168,19,16,127,45
h5_d03,LogisticRegressionL2,2,1095,127,0.6086711711711712,0.2020054552638471,0.24975665746445,0.2775843991603495,0.8305679414202347,0.1496062992125984,0.1578947368421052,1.2867248913674585,0.9764027308003168,19,16,127,46
h5_d03,LightGbmTuned,2,1095,127,0.47804054054054057,0.127762649997808,0.268490688274813,0.3724654948870024,0.695322586586087,0.0,,,,0,16,127,42
h5_d03,LightGbmTuned,2,1095,127,0.47804054054054057,0.127762649997808,0.268490688274813,0.3724654948870024,0.695322586586087,0.0,,,,0,16,127,43
h5_d03,LightGbmTuned,2,1095,127,0.47804054054054057,0.127762649997808,0.268490688274813,0.3724654948870024,0.695322586586087,0.0,,,,0,16,127,44
h5_d03,LightGbmTuned,2,1095,127,0.47804054054054057,0.127762649997808,0.268490688274813,0.3724654948870024,0.695322586586087,0.0,,,,0,16,127,45
h5_d03,LightGbmTuned,2,1095,127,0.47804054054054057,0.127762649997808,0.268490688274813,0.3724654948870024,0.695322586586087,0.0,,,,0,16,127,46
h5_d03,NaiveBaseRate,3,1222,126,0.5,0.1111111111111111,0.0993592347842443,0.0243680669212584,0.0867430441898527,0.0,,,,0,14,126,42
h5_d03,NaiveBaseRate,3,1222,126,0.5,0.1111111111111111,0.0993592347842443,0.0243680669212584,0.0867430441898527,0.0,,,,0,14,126,43
h5_d03,NaiveBaseRate,3,1222,126,0.5,0.1111111111111111,0.0993592347842443,0.0243680669212584,0.0867430441898527,0.0,,,,0,14,126,44
h5_d03,NaiveBaseRate,3,1222,126,0.5,0.1111111111111111,0.0993592347842443,0.0243680669212584,0.0867430441898527,0.0,,,,0,14,126,45
h5_d03,NaiveBaseRate,3,1222,126,0.5,0.1111111111111111,0.0993592347842443,0.0243680669212584,0.0867430441898527,0.0,,,,0,14,126,46
h5_d03,VIXPercentileRaw,3,1222,126,0.7283163265306122,0.1801241941452112,0.342474159329158,0.4780934195827813,0.9500409165302784,0.0,,,,0,14,126,42
h5_d03,VIXPercentileRaw,3,1222,126,0.7283163265306122,0.1801241941452112,0.342474159329158,0.4780934195827813,0.9500409165302784,0.0,,,,0,14,126,43
h5_d03,VIXPercentileRaw,3,1222,126,0.7283163265306122,0.1801241941452112,0.342474159329158,0.4780934195827813,0.9500409165302784,0.0,,,,0,14,126,44
h5_d03,VIXPercentileRaw,3,1222,126,0.7283163265306122,0.1801241941452112,0.342474159329158,0.4780934195827813,0.9500409165302784,0.0,,,,0,14,126,45
h5_d03,VIXPercentileRaw,3,1222,126,0.7283163265306122,0.1801241941452112,0.342474159329158,0.4780934195827813,0.9500409165302784,0.0,,,,0,14,126,46
h5_d03,VIXPercentileCalibrated,3,1222,126,0.7002551020408164,0.1899825783972125,0.0980472138086322,0.0653369960395674,0.3611111111111111,0.0,,,,0,14,126,42
h5_d03,VIXPercentileCalibrated,3,1222,126,0.7002551020408164,0.1899825783972125,0.0980472138086322,0.0653369960395674,0.3611111111111111,0.0,,,,0,14,126,43
h5_d03,VIXPercentileCalibrated,3,1222,126,0.7002551020408164,0.1899825783972125,0.0980472138086322,0.0653369960395674,0.3611111111111111,0.0,,,,0,14,126,44
h5_d03,VIXPercentileCalibrated,3,1222,126,0.7002551020408164,0.1899825783972125,0.0980472138086322,0.0653369960395674,0.3611111111111111,0.0,,,,0,14,126,45
h5_d03,VIXPercentileCalibrated,3,1222,126,0.7002551020408164,0.1899825783972125,0.0980472138086322,0.0653369960395674,0.3611111111111111,0.0,,,,0,14,126,46
h5_d03,HarRvThreshold,3,1222,126,0.4132653061224489,0.0916816120387548,0.0564753137273159,0.0260477799913989,0.1915863272823548,0.0192307692307692,0.0,0.3171457259640278,,2,6,104,42
h5_d03,HarRvThreshold,3,1222,126,0.4132653061224489,0.0916816120387548,0.0564753137273159,0.0260477799913989,0.1915863272823548,0.0192307692307692,0.0,0.3171457259640278,,2,6,104,43
h5_d03,HarRvThreshold,3,1222,126,0.4132653061224489,0.0916816120387548,0.0564753137273159,0.0260477799913989,0.1915863272823548,0.0192307692307692,0.0,0.3171457259640278,,2,6,104,44
h5_d03,HarRvThreshold,3,1222,126,0.4132653061224489,0.0916816120387548,0.0564753137273159,0.0260477799913989,0.1915863272823548,0.0192307692307692,0.0,0.3171457259640278,,2,6,104,45
h5_d03,HarRvThreshold,3,1222,126,0.4132653061224489,0.0916816120387548,0.0564753137273159,0.0260477799913989,0.1915863272823548,0.0192307692307692,0.0,0.3171457259640278,,2,6,104,46
h5_d03,LogisticRegressionL2,3,1222,126,0.6205357142857142,0.195998610020221,0.1843055416830137,0.2306824212351079,0.8627702796252132,0.0555555555555555,0.2857142857142857,2.0109051156221454,0.9951966124599684,7,14,126,42
h5_d03,LogisticRegressionL2,3,1222,126,0.6205357142857142,0.195998610020221,0.1843055416830137,0.2306824212351079,0.8627702796252132,0.0555555555555555,0.2857142857142857,2.0109051156221454,0.9951966124599684,7,14,126,43
h5_d03,LogisticRegressionL2,3,1222,126,0.6205357142857142,0.195998610020221,0.1843055416830137,0.2306824212351079,0.8627702796252132,0.0555555555555555,0.2857142857142857,2.0109051156221454,0.9951966124599684,7,14,126,44
h5_d03,LogisticRegressionL2,3,1222,126,0.6205357142857142,0.195998610020221,0.1843055416830137,0.2306824212351079,0.8627702796252132,0.0555555555555555,0.2857142857142857,2.0109051156221454,0.9951966124599684,7,14,126,45
h5_d03,LogisticRegressionL2,3,1222,126,0.6205357142857142,0.195998610020221,0.1843055416830137,0.2306824212351079,0.8627702796252132,0.0555555555555555,0.2857142857142857,2.0109051156221454,0.9951966124599684,7,14,126,46
h5_d03,LightGbmTuned,3,1222,126,0.5860969387755102,0.19605719484756667,0.11810996887066606,0.12582917779260094,0.9370938853535316,0.007936507936507936,1.0,5.195219397214044,1.04594816903609,1,14,126,42
h5_d03,LightGbmTuned,3,1222,126,0.5860969387755102,0.19605719484756667,0.11810996887066606,0.12582917779260094,0.9370938853535316,0.007936507936507936,1.0,5.195219397214044,1.04594816903609,1,14,126,43
h5_d03,LightGbmTuned,3,1222,126,0.5860969387755102,0.19605719484756667,0.11810996887066606,0.12582917779260094,0.9370938853535316,0.007936507936507936,1.0,5.195219397214044,1.04594816903609,1,14,126,44
h5_d03,LightGbmTuned,3,1222,126,0.5860969387755102,0.19605719484756667,0.11810996887066606,0.12582917779260094,0.9370938853535316,0.007936507936507936,1.0,5.195219397214044,1.04594816903609,1,14,126,45
h5_d03,LightGbmTuned,3,1222,126,0.5860969387755102,0.19605719484756667,0.11810996887066606,0.12582917779260094,0.9370938853535316,0.007936507936507936,1.0,5.195219397214044,1.04594816903609,1,14,126,46
h5_d03,NaiveBaseRate,4,1348,127,,,0.0079246977608326,0.089020771513353,0.0890207715133531,0.0,,,,0,0,127,42
h5_d03,NaiveBaseRate,4,1348,127,,,0.0079246977608326,0.089020771513353,0.0890207715133531,0.0,,,,0,0,127,43
h5_d03,NaiveBaseRate,4,1348,127,,,0.0079246977608326,0.089020771513353,0.0890207715133531,0.0,,,,0,0,127,44
h5_d03,NaiveBaseRate,4,1348,127,,,0.0079246977608326,0.089020771513353,0.0890207715133531,0.0,,,,0,0,127,45
h5_d03,NaiveBaseRate,4,1348,127,,,0.0079246977608326,0.089020771513353,0.0890207715133531,0.0,,,,0,0,127,46
h5_d03,VIXPercentileRaw,4,1348,127,,,0.0962004358861098,0.2272541414519031,0.9500370919881304,0.0,,,,0,0,127,42
h5_d03,VIXPercentileRaw,4,1348,127,,,0.0962004358861098,0.2272541414519031,0.9500370919881304,0.0,,,,0,0,127,43
h5_d03,VIXPercentileRaw,4,1348,127,,,0.0962004358861098,0.2272541414519031,0.9500370919881304,0.0,,,,0,0,127,44
h5_d03,VIXPercentileRaw,4,1348,127,,,0.0962004358861098,0.2272541414519031,0.9500370919881304,0.0,,,,0,0,127,45
h5_d03,VIXPercentileRaw,4,1348,127,,,0.0962004358861098,0.2272541414519031,0.9500370919881304,0.0,,,,0,0,127,46
h5_d03,VIXPercentileCalibrated,4,1348,127,,,0.0022365026115147,0.0386448542279746,0.3611111111111111,0.0,,,,0,0,127,42
h5_d03,VIXPercentileCalibrated,4,1348,127,,,0.0022365026115147,0.0386448542279746,0.3611111111111111,0.0,,,,0,0,127,43
h5_d03,VIXPercentileCalibrated,4,1348,127,,,0.0022365026115147,0.0386448542279746,0.3611111111111111,0.0,,,,0,0,127,44
h5_d03,VIXPercentileCalibrated,4,1348,127,,,0.0022365026115147,0.0386448542279746,0.3611111111111111,0.0,,,,0,0,127,45
h5_d03,VIXPercentileCalibrated,4,1348,127,,,0.0022365026115147,0.0386448542279746,0.3611111111111111,0.0,,,,0,0,127,46
h5_d03,HarRvThreshold,4,1348,127,,,0.0006249709869302,0.015667299280848,0.1850100455040534,0.0,,,,0,0,105,42
h5_d03,HarRvThreshold,4,1348,127,,,0.0006249709869302,0.015667299280848,0.1850100455040534,0.0,,,,0,0,105,43
h5_d03,HarRvThreshold,4,1348,127,,,0.0006249709869302,0.015667299280848,0.1850100455040534,0.0,,,,0,0,105,44
h5_d03,HarRvThreshold,4,1348,127,,,0.0006249709869302,0.015667299280848,0.1850100455040534,0.0,,,,0,0,105,45
h5_d03,HarRvThreshold,4,1348,127,,,0.0006249709869302,0.015667299280848,0.1850100455040534,0.0,,,,0,0,105,46
h5_d03,LogisticRegressionL2,4,1348,127,,,0.1561537375137025,0.3002374279542966,0.834065511635165,0.0551181102362204,0.0,0.599339530878968,,7,0,127,42
h5_d03,LogisticRegressionL2,4,1348,127,,,0.1561537375137025,0.3002374279542966,0.834065511635165,0.0551181102362204,0.0,0.599339530878968,,7,0,127,43
h5_d03,LogisticRegressionL2,4,1348,127,,,0.1561537375137025,0.3002374279542966,0.834065511635165,0.0551181102362204,0.0,0.599339530878968,,7,0,127,44
h5_d03,LogisticRegressionL2,4,1348,127,,,0.1561537375137025,0.3002374279542966,0.834065511635165,0.0551181102362204,0.0,0.599339530878968,,7,0,127,45
h5_d03,LogisticRegressionL2,4,1348,127,,,0.1561537375137025,0.3002374279542966,0.834065511635165,0.0551181102362204,0.0,0.599339530878968,,7,0,127,46
h5_d03,LightGbmTuned,4,1348,127,,,0.06633532385808295,0.2234226941179144,0.7310241237579244,0.0,,,,0,0,127,42
h5_d03,LightGbmTuned,4,1348,127,,,0.06633532385808295,0.2234226941179144,0.7310241237579244,0.0,,,,0,0,127,43
h5_d03,LightGbmTuned,4,1348,127,,,0.06633532385808295,0.2234226941179144,0.7310241237579244,0.0,,,,0,0,127,44
h5_d03,LightGbmTuned,4,1348,127,,,0.06633532385808295,0.2234226941179144,0.7310241237579244,0.0,,,,0,0,127,45
h5_d03,LightGbmTuned,4,1348,127,,,0.06633532385808295,0.2234226941179144,0.7310241237579244,0.0,,,,0,0,127,46
h5_d03,NaiveBaseRate,5,1475,125,,,0.0066187877046825,0.0813559322033898,0.0813559322033898,0.0,,,,0,0,125,42
h5_d03,NaiveBaseRate,5,1475,125,,,0.0066187877046825,0.0813559322033898,0.0813559322033898,0.0,,,,0,0,125,43
h5_d03,NaiveBaseRate,5,1475,125,,,0.0066187877046825,0.0813559322033898,0.0813559322033898,0.0,,,,0,0,125,44
h5_d03,NaiveBaseRate,5,1475,125,,,0.0066187877046825,0.0813559322033898,0.0813559322033898,0.0,,,,0,0,125,45
h5_d03,NaiveBaseRate,5,1475,125,,,0.0066187877046825,0.0813559322033898,0.0813559322033898,0.0,,,,0,0,125,46
h5_d03,VIXPercentileRaw,5,1475,125,,,0.0196717614478598,0.0641681355932203,0.9500338983050848,0.0,,,,0,0,125,42
h5_d03,VIXPercentileRaw,5,1475,125,,,0.0196717614478598,0.0641681355932203,0.9500338983050848,0.0,,,,0,0,125,43
h5_d03,VIXPercentileRaw,5,1475,125,,,0.0196717614478598,0.0641681355932203,0.9500338983050848,0.0,,,,0,0,125,44
h5_d03,VIXPercentileRaw,5,1475,125,,,0.0196717614478598,0.0641681355932203,0.9500338983050848,0.0,,,,0,0,125,45
h5_d03,VIXPercentileRaw,5,1475,125,,,0.0196717614478598,0.0641681355932203,0.9500338983050848,0.0,,,,0,0,125,46
h5_d03,VIXPercentileCalibrated,5,1475,125,,,0.0003504889078099,0.0089371201096521,0.1774193548387097,0.0,,,,0,0,125,42
h5_d03,VIXPercentileCalibrated,5,1475,125,,,0.0003504889078099,0.0089371201096521,0.1774193548387097,0.0,,,,0,0,125,43
h5_d03,VIXPercentileCalibrated,5,1475,125,,,0.0003504889078099,0.0089371201096521,0.1774193548387097,0.0,,,,0,0,125,44
h5_d03,VIXPercentileCalibrated,5,1475,125,,,0.0003504889078099,0.0089371201096521,0.1774193548387097,0.0,,,,0,0,125,45
h5_d03,VIXPercentileCalibrated,5,1475,125,,,0.0003504889078099,0.0089371201096521,0.1774193548387097,0.0,,,,0,0,125,46
h5_d03,HarRvThreshold,5,1475,125,,,0.000132338704257,0.0082677794446149,0.1702645009067781,0.0,,,,0,0,103,42
h5_d03,HarRvThreshold,5,1475,125,,,0.000132338704257,0.0082677794446149,0.1702645009067781,0.0,,,,0,0,103,43
h5_d03,HarRvThreshold,5,1475,125,,,0.000132338704257,0.0082677794446149,0.1702645009067781,0.0,,,,0,0,103,44
h5_d03,HarRvThreshold,5,1475,125,,,0.000132338704257,0.0082677794446149,0.1702645009067781,0.0,,,,0,0,103,45
h5_d03,HarRvThreshold,5,1475,125,,,0.000132338704257,0.0082677794446149,0.1702645009067781,0.0,,,,0,0,103,46
h5_d03,LogisticRegressionL2,5,1475,125,,,0.0489187296912174,0.1727992048780464,0.8261629738143119,0.0,,,,0,0,125,42
h5_d03,LogisticRegressionL2,5,1475,125,,,0.0489187296912174,0.1727992048780464,0.8261629738143119,0.0,,,,0,0,125,43
h5_d03,LogisticRegressionL2,5,1475,125,,,0.0489187296912174,0.1727992048780464,0.8261629738143119,0.0,,,,0,0,125,44
h5_d03,LogisticRegressionL2,5,1475,125,,,0.0489187296912174,0.1727992048780464,0.8261629738143119,0.0,,,,0,0,125,45
h5_d03,LogisticRegressionL2,5,1475,125,,,0.0489187296912174,0.1727992048780464,0.8261629738143119,0.0,,,,0,0,125,46
h5_d03,LightGbmTuned,5,1475,125,,,0.13846005782161083,0.36971074314051194,0.6042548158761762,0.0,,,,0,0,125,42
h5_d03,LightGbmTuned,5,1475,125,,,0.13846005782161083,0.36971074314051194,0.6042548158761762,0.0,,,,0,0,125,43
h5_d03,LightGbmTuned,5,1475,125,,,0.13846005782161083,0.36971074314051194,0.6042548158761762,0.0,,,,0,0,125,44
h5_d03,LightGbmTuned,5,1475,125,,,0.13846005782161083,0.36971074314051194,0.6042548158761762,0.0,,,,0,0,125,45
h5_d03,LightGbmTuned,5,1475,125,,,0.13846005782161083,0.36971074314051194,0.6042548158761762,0.0,,,,0,0,125,46
h5_d03,NaiveBaseRate,6,1600,126,,,0.0056249999999999,0.0749999999999999,0.075,0.0,,,,0,0,126,42
h5_d03,NaiveBaseRate,6,1600,126,,,0.0056249999999999,0.0749999999999999,0.075,0.0,,,,0,0,126,43
h5_d03,NaiveBaseRate,6,1600,126,,,0.0056249999999999,0.0749999999999999,0.075,0.0,,,,0,0,126,44
h5_d03,NaiveBaseRate,6,1600,126,,,0.0056249999999999,0.0749999999999999,0.075,0.0,,,,0,0,126,45
h5_d03,NaiveBaseRate,6,1600,126,,,0.0056249999999999,0.0749999999999999,0.075,0.0,,,,0,0,126,46
h5_d03,VIXPercentileRaw,6,1600,126,,,0.0114819475446428,0.0435565476190476,0.95003125,0.0,,,,0,0,126,42
h5_d03,VIXPercentileRaw,6,1600,126,,,0.0114819475446428,0.0435565476190476,0.95003125,0.0,,,,0,0,126,43
h5_d03,VIXPercentileRaw,6,1600,126,,,0.0114819475446428,0.0435565476190476,0.95003125,0.0,,,,0,0,126,44
h5_d03,VIXPercentileRaw,6,1600,126,,,0.0114819475446428,0.0435565476190476,0.95003125,0.0,,,,0,0,126,45
h5_d03,VIXPercentileRaw,6,1600,126,,,0.0114819475446428,0.0435565476190476,0.95003125,0.0,,,,0,0,126,46
h5_d03,VIXPercentileCalibrated,6,1600,126,,,0.0001627940081068,0.0036882615665519,0.1774193548387097,0.0,,,,0,0,126,42
h5_d03,VIXPercentileCalibrated,6,1600,126,,,0.0001627940081068,0.0036882615665519,0.1774193548387097,0.0,,,,0,0,126,43
h5_d03,VIXPercentileCalibrated,6,1600,126,,,0.0001627940081068,0.0036882615665519,0.1774193548387097,0.0,,,,0,0,126,44
h5_d03,VIXPercentileCalibrated,6,1600,126,,,0.0001627940081068,0.0036882615665519,0.1774193548387097,0.0,,,,0,0,126,45
h5_d03,VIXPercentileCalibrated,6,1600,126,,,0.0001627940081068,0.0036882615665519,0.1774193548387097,0.0,,,,0,0,126,46
h5_d03,HarRvThreshold,6,1600,126,,,0.0001064127608672,0.0068995199809706,0.1612325941763246,0.0,,,,0,0,104,42
h5_d03,HarRvThreshold,6,1600,126,,,0.0001064127608672,0.0068995199809706,0.1612325941763246,0.0,,,,0,0,104,43
h5_d03,HarRvThreshold,6,1600,126,,,0.0001064127608672,0.0068995199809706,0.1612325941763246,0.0,,,,0,0,104,44
h5_d03,HarRvThreshold,6,1600,126,,,0.0001064127608672,0.0068995199809706,0.1612325941763246,0.0,,,,0,0,104,45
h5_d03,HarRvThreshold,6,1600,126,,,0.0001064127608672,0.0068995199809706,0.1612325941763246,0.0,,,,0,0,104,46
h5_d03,LogisticRegressionL2,6,1600,126,,,0.0685156325243276,0.2010975293541798,0.841050215455009,0.0,,,,0,0,126,42
h5_d03,LogisticRegressionL2,6,1600,126,,,0.0685156325243276,0.2010975293541798,0.841050215455009,0.0,,,,0,0,126,43
h5_d03,LogisticRegressionL2,6,1600,126,,,0.0685156325243276,0.2010975293541798,0.841050215455009,0.0,,,,0,0,126,44
h5_d03,LogisticRegressionL2,6,1600,126,,,0.0685156325243276,0.2010975293541798,0.841050215455009,0.0,,,,0,0,126,45
h5_d03,LogisticRegressionL2,6,1600,126,,,0.0685156325243276,0.2010975293541798,0.841050215455009,0.0,,,,0,0,126,46
h5_d03,LightGbmTuned,6,1600,126,,,0.03452171032564194,0.12111631778839893,0.744995330145106,0.0,,,,0,0,126,42
h5_d03,LightGbmTuned,6,1600,126,,,0.03452171032564194,0.12111631778839893,0.744995330145106,0.0,,,,0,0,126,43
h5_d03,LightGbmTuned,6,1600,126,,,0.03452171032564194,0.12111631778839893,0.744995330145106,0.0,,,,0,0,126,44
h5_d03,LightGbmTuned,6,1600,126,,,0.03452171032564194,0.12111631778839893,0.744995330145106,0.0,,,,0,0,126,45
h5_d03,LightGbmTuned,6,1600,126,,,0.03452171032564194,0.12111631778839893,0.744995330145106,0.0,,,,0,0,126,46
h5_d03,NaiveBaseRate,7,1726,125,0.5,0.112,0.1012601330076842,0.0424750869061413,0.0695249130938586,0.0,,,,0,14,125,42
h5_d03,NaiveBaseRate,7,1726,125,0.5,0.112,0.1012601330076842,0.0424750869061413,0.0695249130938586,0.0,,,,0,14,125,43
h5_d03,NaiveBaseRate,7,1726,125,0.5,0.112,0.1012601330076842,0.0424750869061413,0.0695249130938586,0.0,,,,0,14,125,44
h5_d03,NaiveBaseRate,7,1726,125,0.5,0.112,0.1012601330076842,0.0424750869061413,0.0695249130938586,0.0,,,,0,14,125,45
h5_d03,NaiveBaseRate,7,1726,125,0.5,0.112,0.1012601330076842,0.0424750869061413,0.0695249130938586,0.0,,,,0,14,125,46
h5_d03,VIXPercentileRaw,7,1726,125,0.582046332046332,0.1682240416064399,0.3418775190696712,0.4237450753186558,0.9500289687137892,0.032,0.25,0.951071679795944,0.8041470103262685,4,14,125,42
h5_d03,VIXPercentileRaw,7,1726,125,0.582046332046332,0.1682240416064399,0.3418775190696712,0.4237450753186558,0.9500289687137892,0.032,0.25,0.951071679795944,0.8041470103262685,4,14,125,43
h5_d03,VIXPercentileRaw,7,1726,125,0.582046332046332,0.1682240416064399,0.3418775190696712,0.4237450753186558,0.9500289687137892,0.032,0.25,0.951071679795944,0.8041470103262685,4,14,125,44
h5_d03,VIXPercentileRaw,7,1726,125,0.582046332046332,0.1682240416064399,0.3418775190696712,0.4237450753186558,0.9500289687137892,0.032,0.25,0.951071679795944,0.8041470103262685,4,14,125,45
h5_d03,VIXPercentileRaw,7,1726,125,0.582046332046332,0.1682240416064399,0.3418775190696712,0.4237450753186558,0.9500289687137892,0.032,0.25,0.951071679795944,0.8041470103262685,4,14,125,46
h5_d03,VIXPercentileCalibrated,7,1726,125,0.563063063063063,0.1463052994854237,0.1057118401813,0.0813078827760663,0.1774193548387097,0.016,0.0,0.5204803330535552,,2,14,125,42
h5_d03,VIXPercentileCalibrated,7,1726,125,0.563063063063063,0.1463052994854237,0.1057118401813,0.0813078827760663,0.1774193548387097,0.016,0.0,0.5204803330535552,,2,14,125,43
h5_d03,VIXPercentileCalibrated,7,1726,125,0.563063063063063,0.1463052994854237,0.1057118401813,0.0813078827760663,0.1774193548387097,0.016,0.0,0.5204803330535552,,2,14,125,44
h5_d03,VIXPercentileCalibrated,7,1726,125,0.563063063063063,0.1463052994854237,0.1057118401813,0.0813078827760663,0.1774193548387097,0.016,0.0,0.5204803330535552,,2,14,125,45
h5_d03,VIXPercentileCalibrated,7,1726,125,0.563063063063063,0.1463052994854237,0.1057118401813,0.0813078827760663,0.1774193548387097,0.016,0.0,0.5204803330535552,,2,14,125,46
h5_d03,HarRvThreshold,7,1726,125,0.5614657210401891,0.152715999144906,0.0824679020640197,0.073439095467686,0.1508119396893122,0.1262135922330097,0.1538461538461538,0.9772207411675936,0.8594601606539903,13,9,103,42
h5_d03,HarRvThreshold,7,1726,125,0.5614657210401891,0.152715999144906,0.0824679020640197,0.073439095467686,0.1508119396893122,0.1262135922330097,0.1538461538461538,0.9772207411675936,0.8594601606539903,13,9,103,43
h5_d03,HarRvThreshold,7,1726,125,0.5614657210401891,0.152715999144906,0.0824679020640197,0.073439095467686,0.1508119396893122,0.1262135922330097,0.1538461538461538,0.9772207411675936,0.8594601606539903,13,9,103,44
h5_d03,HarRvThreshold,7,1726,125,0.5614657210401891,0.152715999144906,0.0824679020640197,0.073439095467686,0.1508119396893122,0.1262135922330097,0.1538461538461538,0.9772207411675936,0.8594601606539903,13,9,103,45
h5_d03,HarRvThreshold,7,1726,125,0.5614657210401891,0.152715999144906,0.0824679020640197,0.073439095467686,0.1508119396893122,0.1262135922330097,0.1538461538461538,0.9772207411675936,0.8594601606539903,13,9,103,46
h5_d03,LogisticRegressionL2,7,1726,125,0.4877734877734878,0.147751580071408,0.2348303611076858,0.2787138362438972,0.8535754624489618,0.08,0.1,1.9189218725473003,0.8725074545292231,10,14,125,42
h5_d03,LogisticRegressionL2,7,1726,125,0.4877734877734878,0.147751580071408,0.2348303611076858,0.2787138362438972,0.8535754624489618,0.08,0.1,1.9189218725473003,0.8725074545292231,10,14,125,43
h5_d03,LogisticRegressionL2,7,1726,125,0.4877734877734878,0.147751580071408,0.2348303611076858,0.2787138362438972,0.8535754624489618,0.08,0.1,1.9189218725473003,0.8725074545292231,10,14,125,44
h5_d03,LogisticRegressionL2,7,1726,125,0.4877734877734878,0.147751580071408,0.2348303611076858,0.2787138362438972,0.8535754624489618,0.08,0.1,1.9189218725473003,0.8725074545292231,10,14,125,45
h5_d03,LogisticRegressionL2,7,1726,125,0.4877734877734878,0.147751580071408,0.2348303611076858,0.2787138362438972,0.8535754624489618,0.08,0.1,1.9189218725473003,0.8725074545292231,10,14,125,46
h5_d03,LightGbmTuned,7,1726,125,0.48970398970398976,0.10887073104687026,0.2861346593597654,0.3716970990841989,0.7221205635849827,0.16,0.0,0.5066820762317666,,20,14,125,42
h5_d03,LightGbmTuned,7,1726,125,0.48970398970398976,0.10887073104687026,0.2861346593597654,0.3716970990841989,0.7221205635849827,0.16,0.0,0.5066820762317666,,20,14,125,43
h5_d03,LightGbmTuned,7,1726,125,0.48970398970398976,0.10887073104687026,0.2861346593597654,0.3716970990841989,0.7221205635849827,0.16,0.0,0.5066820762317666,,20,14,125,44
h5_d03,LightGbmTuned,7,1726,125,0.48970398970398976,0.10887073104687026,0.2861346593597654,0.3716970990841989,0.7221205635849827,0.16,0.0,0.5066820762317666,,20,14,125,45
h5_d03,LightGbmTuned,7,1726,125,0.48970398970398976,0.10887073104687026,0.2861346593597654,0.3716970990841989,0.7221205635849827,0.16,0.0,0.5066820762317666,,20,14,125,46
h5_d03,NaiveBaseRate,8,1851,125,0.5,0.208,0.1831251768358015,0.1356066990815775,0.0723933009184224,0.0,,,,0,26,125,42
h5_d03,NaiveBaseRate,8,1851,125,0.5,0.208,0.1831251768358015,0.1356066990815775,0.0723933009184224,0.0,,,,0,26,125,43
h5_d03,NaiveBaseRate,8,1851,125,0.5,0.208,0.1831251768358015,0.1356066990815775,0.0723933009184224,0.0,,,,0,26,125,44
h5_d03,NaiveBaseRate,8,1851,125,0.5,0.208,0.1831251768358015,0.1356066990815775,0.0723933009184224,0.0,,,,0,26,125,45
h5_d03,NaiveBaseRate,8,1851,125,0.5,0.208,0.1831251768358015,0.1356066990815775,0.0723933009184224,0.0,,,,0,26,125,46
h5_d03,VIXPercentileRaw,8,1851,125,0.7278554778554779,0.3324783216941297,0.2720920249570879,0.3358962722852512,0.9500270124257156,0.048,0.1666666666666666,0.7726702273982569,0.943086396190346,6,26,125,42
h5_d03,VIXPercentileRaw,8,1851,125,0.7278554778554779,0.3324783216941297,0.2720920249570879,0.3358962722852512,0.9500270124257156,0.048,0.1666666666666666,0.7726702273982569,0.943086396190346,6,26,125,43
h5_d03,VIXPercentileRaw,8,1851,125,0.7278554778554779,0.3324783216941297,0.2720920249570879,0.3358962722852512,0.9500270124257156,0.048,0.1666666666666666,0.7726702273982569,0.943086396190346,6,26,125,44
h5_d03,VIXPercentileRaw,8,1851,125,0.7278554778554779,0.3324783216941297,0.2720920249570879,0.3358962722852512,0.9500270124257156,0.048,0.1666666666666666,0.7726702273982569,0.943086396190346,6,26,125,45
h5_d03,VIXPercentileRaw,8,1851,125,0.7278554778554779,0.3324783216941297,0.2720920249570879,0.3358962722852512,0.9500270124257156,0.048,0.1666666666666666,0.7726702273982569,0.943086396190346,6,26,125,46
h5_d03,VIXPercentileCalibrated,8,1851,125,0.7332944832944833,0.3360292504492547,0.1708435399541142,0.1341464828124841,0.2,0.024,0.0,0.3470202209686588,,3,26,125,42
h5_d03,VIXPercentileCalibrated,8,1851,125,0.7332944832944833,0.3360292504492547,0.1708435399541142,0.1341464828124841,0.2,0.024,0.0,0.3470202209686588,,3,26,125,43
h5_d03,VIXPercentileCalibrated,8,1851,125,0.7332944832944833,0.3360292504492547,0.1708435399541142,0.1341464828124841,0.2,0.024,0.0,0.3470202209686588,,3,26,125,44
h5_d03,VIXPercentileCalibrated,8,1851,125,0.7332944832944833,0.3360292504492547,0.1708435399541142,0.1341464828124841,0.2,0.024,0.0,0.3470202209686588,,3,26,125,45
h5_d03,VIXPercentileCalibrated,8,1851,125,0.7332944832944833,0.3360292504492547,0.1708435399541142,0.1341464828124841,0.2,0.024,0.0,0.3470202209686588,,3,26,125,46
h5_d03,HarRvThreshold,8,1851,125,0.6008991008991009,0.2840702313020702,0.2259586277526938,0.2050371959578921,0.1592258132286761,0.0970873786407767,0.1,0.4975458568265142,0.6960818573642881,10,26,103,42
h5_d03,HarRvThreshold,8,1851,125,0.6008991008991009,0.2840702313020702,0.2259586277526938,0.2050371959578921,0.1592258132286761,0.0970873786407767,0.1,0.4975458568265142,0.6960818573642881,10,26,103,43
h5_d03,HarRvThreshold,8,1851,125,0.6008991008991009,0.2840702313020702,0.2259586277526938,0.2050371959578921,0.1592258132286761,0.0970873786407767,0.1,0.4975458568265142,0.6960818573642881,10,26,103,44
h5_d03,HarRvThreshold,8,1851,125,0.6008991008991009,0.2840702313020702,0.2259586277526938,0.2050371959578921,0.1592258132286761,0.0970873786407767,0.1,0.4975458568265142,0.6960818573642881,10,26,103,45
h5_d03,HarRvThreshold,8,1851,125,0.6008991008991009,0.2840702313020702,0.2259586277526938,0.2050371959578921,0.1592258132286761,0.0970873786407767,0.1,0.4975458568265142,0.6960818573642881,10,26,103,46
h5_d03,LogisticRegressionL2,8,1851,125,0.6732711732711733,0.3115324287748945,0.2550405779002975,0.2783021143783132,0.8364386779670708,0.12,0.4,1.86906662275534,0.8736648784531101,15,26,125,42
h5_d03,LogisticRegressionL2,8,1851,125,0.6732711732711733,0.3115324287748945,0.2550405779002975,0.2783021143783132,0.8364386779670708,0.12,0.4,1.86906662275534,0.8736648784531101,15,26,125,43
h5_d03,LogisticRegressionL2,8,1851,125,0.6732711732711733,0.3115324287748945,0.2550405779002975,0.2783021143783132,0.8364386779670708,0.12,0.4,1.86906662275534,0.8736648784531101,15,26,125,44
h5_d03,LogisticRegressionL2,8,1851,125,0.6732711732711733,0.3115324287748945,0.2550405779002975,0.2783021143783132,0.8364386779670708,0.12,0.4,1.86906662275534,0.8736648784531101,15,26,125,45
h5_d03,LogisticRegressionL2,8,1851,125,0.6732711732711733,0.3115324287748945,0.2550405779002975,0.2783021143783132,0.8364386779670708,0.12,0.4,1.86906662275534,0.8736648784531101,15,26,125,46
h5_d03,LightGbmTuned,8,1851,125,0.6942501942501943,0.30525812335981256,0.21314772025360293,0.2371242853188508,0.7152089718953261,0.016,0.0,1.5310349905615876,,2,26,125,42
h5_d03,LightGbmTuned,8,1851,125,0.6942501942501943,0.30525812335981256,0.21314772025360293,0.2371242853188508,0.7152089718953261,0.016,0.0,1.5310349905615876,,2,26,125,43
h5_d03,LightGbmTuned,8,1851,125,0.6942501942501943,0.30525812335981256,0.21314772025360293,0.2371242853188508,0.7152089718953261,0.016,0.0,1.5310349905615876,,2,26,125,44
h5_d03,LightGbmTuned,8,1851,125,0.6942501942501943,0.30525812335981256,0.21314772025360293,0.2371242853188508,0.7152089718953261,0.016,0.0,1.5310349905615876,,2,26,125,45
h5_d03,LightGbmTuned,8,1851,125,0.6942501942501943,0.30525812335981256,0.21314772025360293,0.2371242853188508,0.7152089718953261,0.016,0.0,1.5310349905615876,,2,26,125,46
h5_d03,NaiveBaseRate,9,1976,125,0.5,0.008,0.0132608631513383,0.0729716599190283,0.0809716599190283,0.0,,,,0,1,125,42
h5_d03,NaiveBaseRate,9,1976,125,0.5,0.008,0.0132608631513383,0.0729716599190283,0.0809716599190283,0.0,,,,0,1,125,43
h5_d03,NaiveBaseRate,9,1976,125,0.5,0.008,0.0132608631513383,0.0729716599190283,0.0809716599190283,0.0,,,,0,1,125,44
h5_d03,NaiveBaseRate,9,1976,125,0.5,0.008,0.0132608631513383,0.0729716599190283,0.0809716599190283,0.0,,,,0,1,125,45
h5_d03,NaiveBaseRate,9,1976,125,0.5,0.008,0.0132608631513383,0.0729716599190283,0.0809716599190283,0.0,,,,0,1,125,46
h5_d03,VIXPercentileRaw,9,1976,125,0.5,0.0158730158730158,0.3421237952597158,0.5460850202429149,0.9500253036437248,0.0,,,,0,1,125,42
h5_d03,VIXPercentileRaw,9,1976,125,0.5,0.0158730158730158,0.3421237952597158,0.5460850202429149,0.9500253036437248,0.0,,,,0,1,125,43
h5_d03,VIXPercentileRaw,9,1976,125,0.5,0.0158730158730158,0.3421237952597158,0.5460850202429149,0.9500253036437248,0.0,,,,0,1,125,44
h5_d03,VIXPercentileRaw,9,1976,125,0.5,0.0158730158730158,0.3421237952597158,0.5460850202429149,0.9500253036437248,0.0,,,,0,1,125,45
h5_d03,VIXPercentileRaw,9,1976,125,0.5,0.0158730158730158,0.3421237952597158,0.5460850202429149,0.9500253036437248,0.0,,,,0,1,125,46
h5_d03,VIXPercentileCalibrated,9,1976,125,0.439516129032258,0.0126582278481012,0.0144334714245936,0.0680331365432428,0.2258064516129032,0.0,,,,0,1,125,42
h5_d03,VIXPercentileCalibrated,9,1976,125,0.439516129032258,0.0126582278481012,0.0144334714245936,0.0680331365432428,0.2258064516129032,0.0,,,,0,1,125,43
h5_d03,VIXPercentileCalibrated,9,1976,125,0.439516129032258,0.0126582278481012,0.0144334714245936,0.0680331365432428,0.2258064516129032,0.0,,,,0,1,125,44
h5_d03,VIXPercentileCalibrated,9,1976,125,0.439516129032258,0.0126582278481012,0.0144334714245936,0.0680331365432428,0.2258064516129032,0.0,,,,0,1,125,45
h5_d03,VIXPercentileCalibrated,9,1976,125,0.439516129032258,0.0126582278481012,0.0144334714245936,0.0680331365432428,0.2258064516129032,0.0,,,,0,1,125,46
h5_d03,HarRvThreshold,9,1976,125,0.3137254901960784,0.0140845070422535,0.0105079590691071,0.017665504185247,0.1678978305159221,0.0,,,,0,1,103,42
h5_d03,HarRvThreshold,9,1976,125,0.3137254901960784,0.0140845070422535,0.0105079590691071,0.017665504185247,0.1678978305159221,0.0,,,,0,1,103,43
h5_d03,HarRvThreshold,9,1976,125,0.3137254901960784,0.0140845070422535,0.0105079590691071,0.017665504185247,0.1678978305159221,0.0,,,,0,1,103,44
h5_d03,HarRvThreshold,9,1976,125,0.3137254901960784,0.0140845070422535,0.0105079590691071,0.017665504185247,0.1678978305159221,0.0,,,,0,1,103,45
h5_d03,HarRvThreshold,9,1976,125,0.3137254901960784,0.0140845070422535,0.0105079590691071,0.017665504185247,0.1678978305159221,0.0,,,,0,1,103,46
h5_d03,LogisticRegressionL2,9,1976,125,0.9193548387096774,0.0909090909090909,0.2743393783284467,0.463733876394667,0.8522260953970533,0.072,0.0,0.1072991532416727,,9,1,125,42
h5_d03,LogisticRegressionL2,9,1976,125,0.9193548387096774,0.0909090909090909,0.2743393783284467,0.463733876394667,0.8522260953970533,0.072,0.0,0.1072991532416727,,9,1,125,43
h5_d03,LogisticRegressionL2,9,1976,125,0.9193548387096774,0.0909090909090909,0.2743393783284467,0.463733876394667,0.8522260953970533,0.072,0.0,0.1072991532416727,,9,1,125,44
h5_d03,LogisticRegressionL2,9,1976,125,0.9193548387096774,0.0909090909090909,0.2743393783284467,0.463733876394667,0.8522260953970533,0.072,0.0,0.1072991532416727,,9,1,125,45
h5_d03,LogisticRegressionL2,9,1976,125,0.9193548387096774,0.0909090909090909,0.2743393783284467,0.463733876394667,0.8522260953970533,0.072,0.0,0.1072991532416727,,9,1,125,46
h5_d03,LightGbmTuned,9,1976,125,0.3145161290322581,0.011627906976744186,0.22998821732110356,0.43774705991789953,0.7010357012059947,0.008,0.0,5.781694119284613,,1,1,125,42
h5_d03,LightGbmTuned,9,1976,125,0.3145161290322581,0.011627906976744186,0.22998821732110356,0.43774705991789953,0.7010357012059947,0.008,0.0,5.781694119284613,,1,1,125,43
h5_d03,LightGbmTuned,9,1976,125,0.3145161290322581,0.011627906976744186,0.22998821732110356,0.43774705991789953,0.7010357012059947,0.008,0.0,5.781694119284613,,1,1,125,44
h5_d03,LightGbmTuned,9,1976,125,0.3145161290322581,0.011627906976744186,0.22998821732110356,0.43774705991789953,0.7010357012059947,0.008,0.0,5.781694119284613,,1,1,125,45
h5_d03,LightGbmTuned,9,1976,125,0.3145161290322581,0.011627906976744186,0.22998821732110356,0.43774705991789953,0.7010357012059947,0.008,0.0,5.781694119284613,,1,1,125,46
h5_d03,NaiveBaseRate,10,2101,127,0.5,0.0629921259842519,0.0592101144593762,0.0136380501223638,0.0766301761066158,0.0,,,,0,8,127,42
h5_d03,NaiveBaseRate,10,2101,127,0.5,0.0629921259842519,0.0592101144593762,0.0136380501223638,0.0766301761066158,0.0,,,,0,8,127,43
h5_d03,NaiveBaseRate,10,2101,127,0.5,0.0629921259842519,0.0592101144593762,0.0136380501223638,0.0766301761066158,0.0,,,,0,8,127,44
h5_d03,NaiveBaseRate,10,2101,127,0.5,0.0629921259842519,0.0592101144593762,0.0136380501223638,0.0766301761066158,0.0,,,,0,8,127,45
h5_d03,NaiveBaseRate,10,2101,127,0.5,0.0629921259842519,0.0592101144593762,0.0136380501223638,0.0766301761066158,0.0,,,,0,8,127,46
h5_d03,VIXPercentileRaw,10,2101,127,0.5672268907563025,0.0820799582180473,0.261058368261033,0.3957095796152563,0.9500237981913374,0.0,,,,0,8,127,42
h5_d03,VIXPercentileRaw,10,2101,127,0.5672268907563025,0.0820799582180473,0.261058368261033,0.3957095796152563,0.9500237981913374,0.0,,,,0,8,127,43
h5_d03,VIXPercentileRaw,10,2101,127,0.5672268907563025,0.0820799582180473,0.261058368261033,0.3957095796152563,0.9500237981913374,0.0,,,,0,8,127,44
h5_d03,VIXPercentileRaw,10,2101,127,0.5672268907563025,0.0820799582180473,0.261058368261033,0.3957095796152563,0.9500237981913374,0.0,,,,0,8,127,45
h5_d03,VIXPercentileRaw,10,2101,127,0.5672268907563025,0.0820799582180473,0.261058368261033,0.3957095796152563,0.9500237981913374,0.0,,,,0,8,127,46
h5_d03,VIXPercentileCalibrated,10,2101,127,0.569327731092437,0.0818013158450241,0.0603358858804991,0.0324450586209347,0.2241379310344827,0.0,,,,0,8,127,42
h5_d03,VIXPercentileCalibrated,10,2101,127,0.569327731092437,0.0818013158450241,0.0603358858804991,0.0324450586209347,0.2241379310344827,0.0,,,,0,8,127,43
h5_d03,VIXPercentileCalibrated,10,2101,127,0.569327731092437,0.0818013158450241,0.0603358858804991,0.0324450586209347,0.2241379310344827,0.0,,,,0,8,127,44
h5_d03,VIXPercentileCalibrated,10,2101,127,0.569327731092437,0.0818013158450241,0.0603358858804991,0.0324450586209347,0.2241379310344827,0.0,,,,0,8,127,45
h5_d03,VIXPercentileCalibrated,10,2101,127,0.569327731092437,0.0818013158450241,0.0603358858804991,0.0324450586209347,0.2241379310344827,0.0,,,,0,8,127,46
h5_d03,HarRvThreshold,10,2101,127,0.5841584158415842,0.0884942897214987,0.0375459430179626,0.0097674632273018,0.1687797523336607,0.0095238095238095,0.0,0.5213614132288229,,1,4,105,42
h5_d03,HarRvThreshold,10,2101,127,0.5841584158415842,0.0884942897214987,0.0375459430179626,0.0097674632273018,0.1687797523336607,0.0095238095238095,0.0,0.5213614132288229,,1,4,105,43
h5_d03,HarRvThreshold,10,2101,127,0.5841584158415842,0.0884942897214987,0.0375459430179626,0.0097674632273018,0.1687797523336607,0.0095238095238095,0.0,0.5213614132288229,,1,4,105,44
h5_d03,HarRvThreshold,10,2101,127,0.5841584158415842,0.0884942897214987,0.0375459430179626,0.0097674632273018,0.1687797523336607,0.0095238095238095,0.0,0.5213614132288229,,1,4,105,45
h5_d03,HarRvThreshold,10,2101,127,0.5841584158415842,0.0884942897214987,0.0375459430179626,0.0097674632273018,0.1687797523336607,0.0095238095238095,0.0,0.5213614132288229,,1,4,105,46
h5_d03,LogisticRegressionL2,10,2101,127,,,0.0201488491345987,0.1147780375972194,0.8458462711654263,0.0,,,,0,0,3,42
h5_d03,LogisticRegressionL2,10,2101,127,,,0.0201488491345987,0.1147780375972194,0.8458462711654263,0.0,,,,0,0,3,43
h5_d03,LogisticRegressionL2,10,2101,127,,,0.0201488491345987,0.1147780375972194,0.8458462711654263,0.0,,,,0,0,3,44
h5_d03,LogisticRegressionL2,10,2101,127,,,0.0201488491345987,0.1147780375972194,0.8458462711654263,0.0,,,,0,0,3,45
h5_d03,LogisticRegressionL2,10,2101,127,,,0.0201488491345987,0.1147780375972194,0.8458462711654263,0.0,,,,0,0,3,46
h5_d03,LightGbmTuned,10,2101,127,,,0.033324790184770976,0.16858891949629323,0.7234929063828812,0.0,,,,0,0,3,42
h5_d03,LightGbmTuned,10,2101,127,,,0.033324790184770976,0.16858891949629323,0.7234929063828812,0.0,,,,0,0,3,43
h5_d03,LightGbmTuned,10,2101,127,,,0.033324790184770976,0.16858891949629323,0.7234929063828812,0.0,,,,0,0,3,44
h5_d03,LightGbmTuned,10,2101,127,,,0.033324790184770976,0.16858891949629323,0.7234929063828812,0.0,,,,0,0,3,45
h5_d03,LightGbmTuned,10,2101,127,,,0.033324790184770976,0.16858891949629323,0.7234929063828812,0.0,,,,0,0,3,46
h5_d03,NaiveBaseRate,11,2228,126,0.5,0.3015873015873015,0.2615884740966129,0.22573451882249,0.0758527827648114,0.0,,,,0,38,126,42
h5_d03,NaiveBaseRate,11,2228,126,0.5,0.3015873015873015,0.2615884740966129,0.22573451882249,0.0758527827648114,0.0,,,,0,38,126,43
h5_d03,NaiveBaseRate,11,2228,126,0.5,0.3015873015873015,0.2615884740966129,0.22573451882249,0.0758527827648114,0.0,,,,0,38,126,44
h5_d03,NaiveBaseRate,11,2228,126,0.5,0.3015873015873015,0.2615884740966129,0.22573451882249,0.0758527827648114,0.0,,,,0,38,126,45
h5_d03,NaiveBaseRate,11,2228,126,0.5,0.3015873015873015,0.2615884740966129,0.22573451882249,0.0758527827648114,0.0,,,,0,38,126,46
h5_d03,VIXPercentileRaw,11,2228,126,0.6272428229665071,0.4457697108010964,0.497469224284621,0.5221495540166996,0.9500224416517056,0.6746031746031746,0.3411764705882353,1.083362010109837,1.0114595533944628,85,38,126,42
h5_d03,VIXPercentileRaw,11,2228,126,0.6272428229665071,0.4457697108010964,0.497469224284621,0.5221495540166996,0.9500224416517056,0.6746031746031746,0.3411764705882353,1.083362010109837,1.0114595533944628,85,38,126,43
h5_d03,VIXPercentileRaw,11,2228,126,0.6272428229665071,0.4457697108010964,0.497469224284621,0.5221495540166996,0.9500224416517056,0.6746031746031746,0.3411764705882353,1.083362010109837,1.0114595533944628,85,38,126,44
h5_d03,VIXPercentileRaw,11,2228,126,0.6272428229665071,0.4457697108010964,0.497469224284621,0.5221495540166996,0.9500224416517056,0.6746031746031746,0.3411764705882353,1.083362010109837,1.0114595533944628,85,38,126,45
h5_d03,VIXPercentileRaw,11,2228,126,0.6272428229665071,0.4457697108010964,0.497469224284621,0.5221495540166996,0.9500224416517056,0.6746031746031746,0.3411764705882353,1.083362010109837,1.0114595533944628,85,38,126,46
h5_d03,VIXPercentileCalibrated,11,2228,126,0.5916566985645932,0.3457613195638132,0.210016507953814,0.0662897502828167,0.2241379310344827,0.5317460317460317,0.3432835820895522,1.2164291801280749,1.1059215257073003,67,38,126,42
h5_d03,VIXPercentileCalibrated,11,2228,126,0.5916566985645932,0.3457613195638132,0.210016507953814,0.0662897502828167,0.2241379310344827,0.5317460317460317,0.3432835820895522,1.2164291801280749,1.1059215257073003,67,38,126,43
h5_d03,VIXPercentileCalibrated,11,2228,126,0.5916566985645932,0.3457613195638132,0.210016507953814,0.0662897502828167,0.2241379310344827,0.5317460317460317,0.3432835820895522,1.2164291801280749,1.1059215257073003,67,38,126,44
h5_d03,VIXPercentileCalibrated,11,2228,126,0.5916566985645932,0.3457613195638132,0.210016507953814,0.0662897502828167,0.2241379310344827,0.5317460317460317,0.3432835820895522,1.2164291801280749,1.1059215257073003,67,38,126,45
h5_d03,VIXPercentileCalibrated,11,2228,126,0.5916566985645932,0.3457613195638132,0.210016507953814,0.0662897502828167,0.2241379310344827,0.5317460317460317,0.3432835820895522,1.2164291801280749,1.1059215257073003,67,38,126,46
h5_d03,HarRvThreshold,11,2228,126,0.5665869218500797,0.4669219733417934,0.310732323613868,0.2669949350202384,0.1618621089281808,0.6057692307692307,0.3809523809523809,1.144561469291895,1.1224848805967225,63,38,104,42
h5_d03,HarRvThreshold,11,2228,126,0.5665869218500797,0.4669219733417934,0.310732323613868,0.2669949350202384,0.1618621089281808,0.6057692307692307,0.3809523809523809,1.144561469291895,1.1224848805967225,63,38,104,43
h5_d03,HarRvThreshold,11,2228,126,0.5665869218500797,0.4669219733417934,0.310732323613868,0.2669949350202384,0.1618621089281808,0.6057692307692307,0.3809523809523809,1.144561469291895,1.1224848805967225,63,38,104,44
h5_d03,HarRvThreshold,11,2228,126,0.5665869218500797,0.4669219733417934,0.310732323613868,0.2669949350202384,0.1618621089281808,0.6057692307692307,0.3809523809523809,1.144561469291895,1.1224848805967225,63,38,104,45
h5_d03,HarRvThreshold,11,2228,126,0.5665869218500797,0.4669219733417934,0.310732323613868,0.2669949350202384,0.1618621089281808,0.6057692307692307,0.3809523809523809,1.144561469291895,1.1224848805967225,63,38,104,46
h5_d03,LogisticRegressionL2,11,2228,126,,,,,0.8465133742679907,,,,,0,0,0,42
h5_d03,LogisticRegressionL2,11,2228,126,,,,,0.8465133742679907,,,,,0,0,0,43
h5_d03,LogisticRegressionL2,11,2228,126,,,,,0.8465133742679907,,,,,0,0,0,44
h5_d03,LogisticRegressionL2,11,2228,126,,,,,0.8465133742679907,,,,,0,0,0,45
h5_d03,LogisticRegressionL2,11,2228,126,,,,,0.8465133742679907,,,,,0,0,0,46
h5_d03,LightGbmTuned,11,2228,126,,,,,0.7277387593072778,,,,,0,0,0,42
h5_d03,LightGbmTuned,11,2228,126,,,,,0.7277387593072778,,,,,0,0,0,43
h5_d03,LightGbmTuned,11,2228,126,,,,,0.7277387593072778,,,,,0,0,0,44
h5_d03,LightGbmTuned,11,2228,126,,,,,0.7277387593072778,,,,,0,0,0,45
h5_d03,LightGbmTuned,11,2228,126,,,,,0.7277387593072778,,,,,0,0,0,46
h5_d03,NaiveBaseRate,12,2354,127,0.5,0.1102362204724409,0.0985815214661507,0.0223007914155165,0.0879354290569243,0.0,,,,0,14,127,42
h5_d03,NaiveBaseRate,12,2354,127,0.5,0.1102362204724409,0.0985815214661507,0.0223007914155165,0.0879354290569243,0.0,,,,0,14,127,43
h5_d03,NaiveBaseRate,12,2354,127,0.5,0.1102362204724409,0.0985815214661507,0.0223007914155165,0.0879354290569243,0.0,,,,0,14,127,44
h5_d03,NaiveBaseRate,12,2354,127,0.5,0.1102362204724409,0.0985815214661507,0.0223007914155165,0.0879354290569243,0.0,,,,0,14,127,45
h5_d03,NaiveBaseRate,12,2354,127,0.5,0.1102362204724409,0.0985815214661507,0.0223007914155165,0.0879354290569243,0.0,,,,0,14,127,46
h5_d03,VIXPercentileRaw,12,2354,127,0.7326169405815424,0.2096088586174618,0.7189909201647732,0.7905391392770891,0.9501699235344094,0.0629921259842519,0.375,1.2730262779235804,0.8324857213347446,8,14,127,42
h5_d03,VIXPercentileRaw,12,2354,127,0.7326169405815424,0.2096088586174618,0.7189909201647732,0.7905391392770891,0.9501699235344094,0.0629921259842519,0.375,1.2730262779235804,0.8324857213347446,8,14,127,43
h5_d03,VIXPercentileRaw,12,2354,127,0.7326169405815424,0.2096088586174618,0.7189909201647732,0.7905391392770891,0.9501699235344094,0.0629921259842519,0.375,1.2730262779235804,0.8324857213347446,8,14,127,44
h5_d03,VIXPercentileRaw,12,2354,127,0.7326169405815424,0.2096088586174618,0.7189909201647732,0.7905391392770891,0.9501699235344094,0.0629921259842519,0.375,1.2730262779235804,0.8324857213347446,8,14,127,45
h5_d03,VIXPercentileRaw,12,2354,127,0.7326169405815424,0.2096088586174618,0.7189909201647732,0.7905391392770891,0.9501699235344094,0.0629921259842519,0.375,1.2730262779235804,0.8324857213347446,8,14,127,46
h5_d03,VIXPercentileCalibrated,12,2354,127,0.7860303413400759,0.230399427530575,0.1029572015259662,0.1133912452198066,0.3032786885245901,0.0,,,,0,14,127,42
h5_d03,VIXPercentileCalibrated,12,2354,127,0.7860303413400759,0.230399427530575,0.1029572015259662,0.1133912452198066,0.3032786885245901,0.0,,,,0,14,127,43
h5_d03,VIXPercentileCalibrated,12,2354,127,0.7860303413400759,0.230399427530575,0.1029572015259662,0.1133912452198066,0.3032786885245901,0.0,,,,0,14,127,44
h5_d03,VIXPercentileCalibrated,12,2354,127,0.7860303413400759,0.230399427530575,0.1029572015259662,0.1133912452198066,0.3032786885245901,0.0,,,,0,14,127,45
h5_d03,VIXPercentileCalibrated,12,2354,127,0.7860303413400759,0.230399427530575,0.1029572015259662,0.1133912452198066,0.3032786885245901,0.0,,,,0,14,127,46
h5_d03,HarRvThreshold,12,2354,127,0.5753532182103611,0.1841670823496297,0.1298968887056806,0.1210389525858385,0.0397081622762821,0.0476190476190476,0.2,1.2679985387861843,0.8112726696274569,5,14,105,42
h5_d03,HarRvThreshold,12,2354,127,0.5753532182103611,0.1841670823496297,0.1298968887056806,0.1210389525858385,0.0397081622762821,0.0476190476190476,0.2,1.2679985387861843,0.8112726696274569,5,14,105,43
h5_d03,HarRvThreshold,12,2354,127,0.5753532182103611,0.1841670823496297,0.1298968887056806,0.1210389525858385,0.0397081622762821,0.0476190476190476,0.2,1.2679985387861843,0.8112726696274569,5,14,105,44
h5_d03,HarRvThreshold,12,2354,127,0.5753532182103611,0.1841670823496297,0.1298968887056806,0.1210389525858385,0.0397081622762821,0.0476190476190476,0.2,1.2679985387861843,0.8112726696274569,5,14,105,45
h5_d03,HarRvThreshold,12,2354,127,0.5753532182103611,0.1841670823496297,0.1298968887056806,0.1210389525858385,0.0397081622762821,0.0476190476190476,0.2,1.2679985387861843,0.8112726696274569,5,14,105,46
h5_d03,LogisticRegressionL2,12,2354,127,,,,,0.8465133742679907,,,,,0,0,0,42
h5_d03,LogisticRegressionL2,12,2354,127,,,,,0.8465133742679907,,,,,0,0,0,43
h5_d03,LogisticRegressionL2,12,2354,127,,,,,0.8465133742679907,,,,,0,0,0,44
h5_d03,LogisticRegressionL2,12,2354,127,,,,,0.8465133742679907,,,,,0,0,0,45
h5_d03,LogisticRegressionL2,12,2354,127,,,,,0.8465133742679907,,,,,0,0,0,46
h5_d03,LightGbmTuned,12,2354,127,,,,,0.7277387593072778,,,,,0,0,0,42
h5_d03,LightGbmTuned,12,2354,127,,,,,0.7277387593072778,,,,,0,0,0,43
h5_d03,LightGbmTuned,12,2354,127,,,,,0.7277387593072778,,,,,0,0,0,44
h5_d03,LightGbmTuned,12,2354,127,,,,,0.7277387593072778,,,,,0,0,0,45
h5_d03,LightGbmTuned,12,2354,127,,,,,0.7277387593072778,,,,,0,0,0,46
h5_d03,NaiveBaseRate,13,2481,125,0.5,0.048,0.0473833187038095,0.0410769850866585,0.0890769850866586,0.0,,,,0,6,125,42
h5_d03,NaiveBaseRate,13,2481,125,0.5,0.048,0.0473833187038095,0.0410769850866585,0.0890769850866586,0.0,,,,0,6,125,43
h5_d03,NaiveBaseRate,13,2481,125,0.5,0.048,0.0473833187038095,0.0410769850866585,0.0890769850866586,0.0,,,,0,6,125,44
h5_d03,NaiveBaseRate,13,2481,125,0.5,0.048,0.0473833187038095,0.0410769850866585,0.0890769850866586,0.0,,,,0,6,125,45
h5_d03,NaiveBaseRate,13,2481,125,0.5,0.048,0.0473833187038095,0.0410769850866585,0.0890769850866586,0.0,,,,0,6,125,46
h5_d03,VIXPercentileRaw,13,2481,125,0.603641456582633,0.074612321834544,0.5538038857509738,0.7066666666666667,0.9500201531640468,0.016,0.0,0.5683926449457564,,2,6,125,42
h5_d03,VIXPercentileRaw,13,2481,125,0.603641456582633,0.074612321834544,0.5538038857509738,0.7066666666666667,0.9500201531640468,0.016,0.0,0.5683926449457564,,2,6,125,43
h5_d03,VIXPercentileRaw,13,2481,125,0.603641456582633,0.074612321834544,0.5538038857509738,0.7066666666666667,0.9500201531640468,0.016,0.0,0.5683926449457564,,2,6,125,44
h5_d03,VIXPercentileRaw,13,2481,125,0.603641456582633,0.074612321834544,0.5538038857509738,0.7066666666666667,0.9500201531640468,0.016,0.0,0.5683926449457564,,2,6,125,45
h5_d03,VIXPercentileRaw,13,2481,125,0.603641456582633,0.074612321834544,0.5538038857509738,0.7066666666666667,0.9500201531640468,0.016,0.0,0.5683926449457564,,2,6,125,46
h5_d03,VIXPercentileCalibrated,13,2481,125,0.5448179271708683,0.0576581378820184,0.0546805944754247,0.0784464818810312,0.303030303030303,0.0,,,,0,6,125,42
h5_d03,VIXPercentileCalibrated,13,2481,125,0.5448179271708683,0.0576581378820184,0.0546805944754247,0.0784464818810312,0.303030303030303,0.0,,,,0,6,125,43
h5_d03,VIXPercentileCalibrated,13,2481,125,0.5448179271708683,0.0576581378820184,0.0546805944754247,0.0784464818810312,0.303030303030303,0.0,,,,0,6,125,44
h5_d03,VIXPercentileCalibrated,13,2481,125,0.5448179271708683,0.0576581378820184,0.0546805944754247,0.0784464818810312,0.303030303030303,0.0,,,,0,6,125,45
h5_d03,VIXPercentileCalibrated,13,2481,125,0.5448179271708683,0.0576581378820184,0.0546805944754247,0.0784464818810312,0.303030303030303,0.0,,,,0,6,125,46
h5_d03,HarRvThreshold,13,2481,125,0.6366666666666666,0.3624036979969183,0.0283937702799971,0.0221105547738866,0.0396508095519004,0.0,,,,0,3,103,42
h5_d03,HarRvThreshold,13,2481,125,0.6366666666666666,0.3624036979969183,0.0283937702799971,0.0221105547738866,0.0396508095519004,0.0,,,,0,3,103,43
h5_d03,HarRvThreshold,13,2481,125,0.6366666666666666,0.3624036979969183,0.0283937702799971,0.0221105547738866,0.0396508095519004,0.0,,,,0,3,103,44
h5_d03,HarRvThreshold,13,2481,125,0.6366666666666666,0.3624036979969183,0.0283937702799971,0.0221105547738866,0.0396508095519004,0.0,,,,0,3,103,45
h5_d03,HarRvThreshold,13,2481,125,0.6366666666666666,0.3624036979969183,0.0283937702799971,0.0221105547738866,0.0396508095519004,0.0,,,,0,3,103,46
h5_d03,LogisticRegressionL2,13,2481,125,,,,,0.8465133742679907,,,,,0,0,0,42
h5_d03,LogisticRegressionL2,13,2481,125,,,,,0.8465133742679907,,,,,0,0,0,43
h5_d03,LogisticRegressionL2,13,2481,125,,,,,0.8465133742679907,,,,,0,0,0,44
h5_d03,LogisticRegressionL2,13,2481,125,,,,,0.8465133742679907,,,,,0,0,0,45
h5_d03,LogisticRegressionL2,13,2481,125,,,,,0.8465133742679907,,,,,0,0,0,46
h5_d03,LightGbmTuned,13,2481,125,,,,,0.7277387593072778,,,,,0,0,0,42
h5_d03,LightGbmTuned,13,2481,125,,,,,0.7277387593072778,,,,,0,0,0,43
h5_d03,LightGbmTuned,13,2481,125,,,,,0.7277387593072778,,,,,0,0,0,44
h5_d03,LightGbmTuned,13,2481,125,,,,,0.7277387593072778,,,,,0,0,0,45
h5_d03,LightGbmTuned,13,2481,125,,,,,0.7277387593072778,,,,,0,0,0,46
h5_d03,NaiveBaseRate,14,2606,127,0.5,0.0551181102362204,0.053103372557377,0.0319885666632423,0.0871066768994627,0.0,,,,0,7,127,42
h5_d03,NaiveBaseRate,14,2606,127,0.5,0.0551181102362204,0.053103372557377,0.0319885666632423,0.0871066768994627,0.0,,,,0,7,127,43
h5_d03,NaiveBaseRate,14,2606,127,0.5,0.0551181102362204,0.053103372557377,0.0319885666632423,0.0871066768994627,0.0,,,,0,7,127,44
h5_d03,NaiveBaseRate,14,2606,127,0.5,0.0551181102362204,0.053103372557377,0.0319885666632423,0.0871066768994627,0.0,,,,0,7,127,45
h5_d03,NaiveBaseRate,14,2606,127,0.5,0.0551181102362204,0.053103372557377,0.0319885666632423,0.0871066768994627,0.0,,,,0,7,127,46
h5_d03,VIXPercentileRaw,14,2606,127,0.6613095238095238,0.0858774337259545,0.4457893805728117,0.6208416676234734,0.9501151189562548,0.0,,,,0,7,127,42
h5_d03,VIXPercentileRaw,14,2606,127,0.6613095238095238,0.0858774337259545,0.4457893805728117,0.6208416676234734,0.9501151189562548,0.0,,,,0,7,127,43
h5_d03,VIXPercentileRaw,14,2606,127,0.6613095238095238,0.0858774337259545,0.4457893805728117,0.6208416676234734,0.9501151189562548,0.0,,,,0,7,127,44
h5_d03,VIXPercentileRaw,14,2606,127,0.6613095238095238,0.0858774337259545,0.4457893805728117,0.6208416676234734,0.9501151189562548,0.0,,,,0,7,127,45
h5_d03,VIXPercentileRaw,14,2606,127,0.6613095238095238,0.0858774337259545,0.4457893805728117,0.6208416676234734,0.9501151189562548,0.0,,,,0,7,127,46
h5_d03,VIXPercentileCalibrated,14,2606,127,0.5589285714285714,0.0702630702630702,0.0565437505839634,0.0472943506009522,0.2985074626865671,0.0,,,,0,7,127,42
h5_d03,VIXPercentileCalibrated,14,2606,127,0.5589285714285714,0.0702630702630702,0.0565437505839634,0.0472943506009522,0.2985074626865671,0.0,,,,0,7,127,43
h5_d03,VIXPercentileCalibrated,14,2606,127,0.5589285714285714,0.0702630702630702,0.0565437505839634,0.0472943506009522,0.2985074626865671,0.0,,,,0,7,127,44
h5_d03,VIXPercentileCalibrated,14,2606,127,0.5589285714285714,0.0702630702630702,0.0565437505839634,0.0472943506009522,0.2985074626865671,0.0,,,,0,7,127,45
h5_d03,VIXPercentileCalibrated,14,2606,127,0.5589285714285714,0.0702630702630702,0.0565437505839634,0.0472943506009522,0.2985074626865671,0.0,,,,0,7,127,46
h5_d03,HarRvThreshold,14,2606,127,0.5481049562682215,0.1022147612920555,0.0657075305795255,0.059960615107231,0.0380592007859415,0.0,,,,0,7,105,42
h5_d03,HarRvThreshold,14,2606,127,0.5481049562682215,0.1022147612920555,0.0657075305795255,0.059960615107231,0.0380592007859415,0.0,,,,0,7,105,43
h5_d03,HarRvThreshold,14,2606,127,0.5481049562682215,0.1022147612920555,0.0657075305795255,0.059960615107231,0.0380592007859415,0.0,,,,0,7,105,44
h5_d03,HarRvThreshold,14,2606,127,0.5481049562682215,0.1022147612920555,0.0657075305795255,0.059960615107231,0.0380592007859415,0.0,,,,0,7,105,45
h5_d03,HarRvThreshold,14,2606,127,0.5481049562682215,0.1022147612920555,0.0657075305795255,0.059960615107231,0.0380592007859415,0.0,,,,0,7,105,46
h5_d03,LogisticRegressionL2,14,2606,127,,,,,0.8465133742679907,,,,,0,0,0,42
h5_d03,LogisticRegressionL2,14,2606,127,,,,,0.8465133742679907,,,,,0,0,0,43
h5_d03,LogisticRegressionL2,14,2606,127,,,,,0.8465133742679907,,,,,0,0,0,44
h5_d03,LogisticRegressionL2,14,2606,127,,,,,0.8465133742679907,,,,,0,0,0,45
h5_d03,LogisticRegressionL2,14,2606,127,,,,,0.8465133742679907,,,,,0,0,0,46
h5_d03,LightGbmTuned,14,2606,127,,,,,0.7277387593072778,,,,,0,0,0,42
h5_d03,LightGbmTuned,14,2606,127,,,,,0.7277387593072778,,,,,0,0,0,43
h5_d03,LightGbmTuned,14,2606,127,,,,,0.7277387593072778,,,,,0,0,0,44
h5_d03,LightGbmTuned,14,2606,127,,,,,0.7277387593072778,,,,,0,0,0,45
h5_d03,LightGbmTuned,14,2606,127,,,,,0.7277387593072778,,,,,0,0,0,46
h5_d03,NaiveBaseRate,15,2733,125,0.5,0.312,0.2659038149414222,0.2263798024149286,0.0856201975850713,0.0,,,,0,39,125,42
h5_d03,NaiveBaseRate,15,2733,125,0.5,0.312,0.2659038149414222,0.2263798024149286,0.0856201975850713,0.0,,,,0,39,125,43
h5_d03,NaiveBaseRate,15,2733,125,0.5,0.312,0.2659038149414222,0.2263798024149286,0.0856201975850713,0.0,,,,0,39,125,44
h5_d03,NaiveBaseRate,15,2733,125,0.5,0.312,0.2659038149414222,0.2263798024149286,0.0856201975850713,0.0,,,,0,39,125,45
h5_d03,NaiveBaseRate,15,2733,125,0.5,0.312,0.2659038149414222,0.2263798024149286,0.0856201975850713,0.0,,,,0,39,125,46
h5_d03,VIXPercentileRaw,15,2733,125,0.4567680381633869,0.2794003208629866,0.5413334972043524,0.5691328210757409,0.950018294914014,0.12,0.2,0.7186617188395856,0.7111657550182547,15,39,125,42
h5_d03,VIXPercentileRaw,15,2733,125,0.4567680381633869,0.2794003208629866,0.5413334972043524,0.5691328210757409,0.950018294914014,0.12,0.2,0.7186617188395856,0.7111657550182547,15,39,125,43
h5_d03,VIXPercentileRaw,15,2733,125,0.4567680381633869,0.2794003208629866,0.5413334972043524,0.5691328210757409,0.950018294914014,0.12,0.2,0.7186617188395856,0.7111657550182547,15,39,125,44
h5_d03,VIXPercentileRaw,15,2733,125,0.4567680381633869,0.2794003208629866,0.5413334972043524,0.5691328210757409,0.950018294914014,0.12,0.2,0.7186617188395856,0.7111657550182547,15,39,125,45
h5_d03,VIXPercentileRaw,15,2733,125,0.4567680381633869,0.2794003208629866,0.5413334972043524,0.5691328210757409,0.950018294914014,0.12,0.2,0.7186617188395856,0.7111657550182547,15,39,125,46
h5_d03,VIXPercentileCalibrated,15,2733,125,0.4677996422182469,0.2928275461911825,0.2388196453472172,0.1260170624296287,0.2962962962962963,0.0,,,,0,39,125,42
h5_d03,VIXPercentileCalibrated,15,2733,125,0.4677996422182469,0.2928275461911825,0.2388196453472172,0.1260170624296287,0.2962962962962963,0.0,,,,0,39,125,43
h5_d03,VIXPercentileCalibrated,15,2733,125,0.4677996422182469,0.2928275461911825,0.2388196453472172,0.1260170624296287,0.2962962962962963,0.0,,,,0,39,125,44
h5_d03,VIXPercentileCalibrated,15,2733,125,0.4677996422182469,0.2928275461911825,0.2388196453472172,0.1260170624296287,0.2962962962962963,0.0,,,,0,39,125,45
h5_d03,VIXPercentileCalibrated,15,2733,125,0.4677996422182469,0.2928275461911825,0.2388196453472172,0.1260170624296287,0.2962962962962963,0.0,,,,0,39,125,46
h5_d03,HarRvThreshold,15,2733,125,0.5620598591549296,0.3606560653016543,0.2931080791661565,0.2820834997502575,0.0367300655629367,0.2524271844660194,0.3461538461538461,0.941237993884998,0.8699164581687722,26,32,103,42
h5_d03,HarRvThreshold,15,2733,125,0.5620598591549296,0.3606560653016543,0.2931080791661565,0.2820834997502575,0.0367300655629367,0.2524271844660194,0.3461538461538461,0.941237993884998,0.8699164581687722,26,32,103,43
h5_d03,HarRvThreshold,15,2733,125,0.5620598591549296,0.3606560653016543,0.2931080791661565,0.2820834997502575,0.0367300655629367,0.2524271844660194,0.3461538461538461,0.941237993884998,0.8699164581687722,26,32,103,44
h5_d03,HarRvThreshold,15,2733,125,0.5620598591549296,0.3606560653016543,0.2931080791661565,0.2820834997502575,0.0367300655629367,0.2524271844660194,0.3461538461538461,0.941237993884998,0.8699164581687722,26,32,103,45
h5_d03,HarRvThreshold,15,2733,125,0.5620598591549296,0.3606560653016543,0.2931080791661565,0.2820834997502575,0.0367300655629367,0.2524271844660194,0.3461538461538461,0.941237993884998,0.8699164581687722,26,32,103,46
h5_d03,LogisticRegressionL2,15,2733,125,0.5163398692810457,0.4317521864241925,0.2674989871749009,0.2489317854355335,0.8465133742679907,0.0,,,,0,9,26,42
h5_d03,LogisticRegressionL2,15,2733,125,0.5163398692810457,0.4317521864241925,0.2674989871749009,0.2489317854355335,0.8465133742679907,0.0,,,,0,9,26,43
h5_d03,LogisticRegressionL2,15,2733,125,0.5163398692810457,0.4317521864241925,0.2674989871749009,0.2489317854355335,0.8465133742679907,0.0,,,,0,9,26,44
h5_d03,LogisticRegressionL2,15,2733,125,0.5163398692810457,0.4317521864241925,0.2674989871749009,0.2489317854355335,0.8465133742679907,0.0,,,,0,9,26,45
h5_d03,LogisticRegressionL2,15,2733,125,0.5163398692810457,0.4317521864241925,0.2674989871749009,0.2489317854355335,0.8465133742679907,0.0,,,,0,9,26,46
h5_d03,LightGbmTuned,15,2733,125,0.3529411764705882,0.2878740611477184,0.32987626965549993,0.3011297167626286,0.7277387593072778,0.15384615384615385,0.0,0.08391476974734224,,4,9,26,42
h5_d03,LightGbmTuned,15,2733,125,0.3529411764705882,0.2878740611477184,0.32987626965549993,0.3011297167626286,0.7277387593072778,0.15384615384615385,0.0,0.08391476974734224,,4,9,26,43
h5_d03,LightGbmTuned,15,2733,125,0.3529411764705882,0.2878740611477184,0.32987626965549993,0.3011297167626286,0.7277387593072778,0.15384615384615385,0.0,0.08391476974734224,,4,9,26,44
h5_d03,LightGbmTuned,15,2733,125,0.3529411764705882,0.2878740611477184,0.32987626965549993,0.3011297167626286,0.7277387593072778,0.15384615384615385,0.0,0.08391476974734224,,4,9,26,45
h5_d03,LightGbmTuned,15,2733,125,0.3529411764705882,0.2878740611477184,0.32987626965549993,0.3011297167626286,0.7277387593072778,0.15384615384615385,0.0,0.08391476974734224,,4,9,26,46
h5_d03,NaiveBaseRate,16,2858,127,0.5,0.2519685039370078,0.2129560909392307,0.1564471603400869,0.0955213435969209,0.0,,,,0,32,127,42
h5_d03,NaiveBaseRate,16,2858,127,0.5,0.2519685039370078,0.2129560909392307,0.1564471603400869,0.0955213435969209,0.0,,,,0,32,127,43
h5_d03,NaiveBaseRate,16,2858,127,0.5,0.2519685039370078,0.2129560909392307,0.1564471603400869,0.0955213435969209,0.0,,,,0,32,127,44
h5_d03,NaiveBaseRate,16,2858,127,0.5,0.2519685039370078,0.2129560909392307,0.1564471603400869,0.0955213435969209,0.0,,,,0,32,127,45
h5_d03,NaiveBaseRate,16,2858,127,0.5,0.2519685039370078,0.2129560909392307,0.1564471603400869,0.0955213435969209,0.0,,,,0,32,127,46
h5_d03,VIXPercentileRaw,16,2858,127,0.4560855263157894,0.2333233923184912,0.5519253062650107,0.5988963153573612,0.9500174947515744,0.0393700787401574,0.0,0.6102418132065695,,5,32,127,42
h5_d03,VIXPercentileRaw,16,2858,127,0.4560855263157894,0.2333233923184912,0.5519253062650107,0.5988963153573612,0.9500174947515744,0.0393700787401574,0.0,0.6102418132065695,,5,32,127,43
h5_d03,VIXPercentileRaw,16,2858,127,0.4560855263157894,0.2333233923184912,0.5519253062650107,0.5988963153573612,0.9500174947515744,0.0393700787401574,0.0,0.6102418132065695,,5,32,127,44
h5_d03,VIXPercentileRaw,16,2858,127,0.4560855263157894,0.2333233923184912,0.5519253062650107,0.5988963153573612,0.9500174947515744,0.0393700787401574,0.0,0.6102418132065695,,5,32,127,45
h5_d03,VIXPercentileRaw,16,2858,127,0.4560855263157894,0.2333233923184912,0.5519253062650107,0.5988963153573612,0.9500174947515744,0.0393700787401574,0.0,0.6102418132065695,,5,32,127,46
h5_d03,VIXPercentileCalibrated,16,2858,127,0.478453947368421,0.2554985175105065,0.1961376546255215,0.0612164523144687,0.2802547770700637,0.0,,,,0,32,127,42
h5_d03,VIXPercentileCalibrated,16,2858,127,0.478453947368421,0.2554985175105065,0.1961376546255215,0.0612164523144687,0.2802547770700637,0.0,,,,0,32,127,43
h5_d03,VIXPercentileCalibrated,16,2858,127,0.478453947368421,0.2554985175105065,0.1961376546255215,0.0612164523144687,0.2802547770700637,0.0,,,,0,32,127,44
h5_d03,VIXPercentileCalibrated,16,2858,127,0.478453947368421,0.2554985175105065,0.1961376546255215,0.0612164523144687,0.2802547770700637,0.0,,,,0,32,127,45
h5_d03,VIXPercentileCalibrated,16,2858,127,0.478453947368421,0.2554985175105065,0.1961376546255215,0.0612164523144687,0.2802547770700637,0.0,,,,0,32,127,46
h5_d03,HarRvThreshold,16,2858,127,0.4867294520547945,0.3119592935392454,0.2921182786397732,0.2837344412391718,0.0411962562486944,0.1238095238095238,0.2307692307692307,1.0084982909661413,0.9601219801456368,13,32,105,42
h5_d03,HarRvThreshold,16,2858,127,0.4867294520547945,0.3119592935392454,0.2921182786397732,0.2837344412391718,0.0411962562486944,0.1238095238095238,0.2307692307692307,1.0084982909661413,0.9601219801456368,13,32,105,43
h5_d03,HarRvThreshold,16,2858,127,0.4867294520547945,0.3119592935392454,0.2921182786397732,0.2837344412391718,0.0411962562486944,0.1238095238095238,0.2307692307692307,1.0084982909661413,0.9601219801456368,13,32,105,44
h5_d03,HarRvThreshold,16,2858,127,0.4867294520547945,0.3119592935392454,0.2921182786397732,0.2837344412391718,0.0411962562486944,0.1238095238095238,0.2307692307692307,1.0084982909661413,0.9601219801456368,13,32,105,45
h5_d03,HarRvThreshold,16,2858,127,0.4867294520547945,0.3119592935392454,0.2921182786397732,0.2837344412391718,0.0411962562486944,0.1238095238095238,0.2307692307692307,1.0084982909661413,0.9601219801456368,13,32,105,46
h5_d03,LogisticRegressionL2,16,2858,127,0.4542763157894737,0.2692619614131006,0.3110965810472764,0.2709691811736531,0.8479765699555886,0.0787401574803149,0.3,0.9632157135101468,1.1129326119570069,10,32,127,42
h5_d03,LogisticRegressionL2,16,2858,127,0.4542763157894737,0.2692619614131006,0.3110965810472764,0.2709691811736531,0.8479765699555886,0.0787401574803149,0.3,0.9632157135101468,1.1129326119570069,10,32,127,43
h5_d03,LogisticRegressionL2,16,2858,127,0.4542763157894737,0.2692619614131006,0.3110965810472764,0.2709691811736531,0.8479765699555886,0.0787401574803149,0.3,0.9632157135101468,1.1129326119570069,10,32,127,44
h5_d03,LogisticRegressionL2,16,2858,127,0.4542763157894737,0.2692619614131006,0.3110965810472764,0.2709691811736531,0.8479765699555886,0.0787401574803149,0.3,0.9632157135101468,1.1129326119570069,10,32,127,45
h5_d03,LogisticRegressionL2,16,2858,127,0.4542763157894737,0.2692619614131006,0.3110965810472764,0.2709691811736531,0.8479765699555886,0.0787401574803149,0.3,0.9632157135101468,1.1129326119570069,10,32,127,46
h5_d03,LightGbmTuned,16,2858,127,0.4894736842105264,0.27337419620552106,0.25011363329276026,0.18120371656050657,0.725973682665371,0.047244094488188976,0.16666666666666666,0.850501359483568,0.8468860072165553,6,32,127,42
h5_d03,LightGbmTuned,16,2858,127,0.4894736842105264,0.27337419620552106,0.25011363329276026,0.18120371656050657,0.725973682665371,0.047244094488188976,0.16666666666666666,0.850501359483568,0.8468860072165553,6,32,127,43
h5_d03,LightGbmTuned,16,2858,127,0.4894736842105264,0.27337419620552106,0.25011363329276026,0.18120371656050657,0.725973682665371,0.047244094488188976,0.16666666666666666,0.850501359483568,0.8468860072165553,6,32,127,44
h5_d03,LightGbmTuned,16,2858,127,0.4894736842105264,0.27337419620552106,0.25011363329276026,0.18120371656050657,0.725973682665371,0.047244094488188976,0.16666666666666666,0.850501359483568,0.8468860072165553,6,32,127,45
h5_d03,LightGbmTuned,16,2858,127,0.4894736842105264,0.27337419620552106,0.25011363329276026,0.18120371656050657,0.725973682665371,0.047244094488188976,0.16666666666666666,0.850501359483568,0.8468860072165553,6,32,127,46
h5_d03,NaiveBaseRate,17,2985,124,0.5,0.0564516129032258,0.0553556900331704,0.0457259415356351,0.1021775544388609,0.0,,,,0,7,124,42
h5_d03,NaiveBaseRate,17,2985,124,0.5,0.0564516129032258,0.0553556900331704,0.0457259415356351,0.1021775544388609,0.0,,,,0,7,124,43
h5_d03,NaiveBaseRate,17,2985,124,0.5,0.0564516129032258,0.0553556900331704,0.0457259415356351,0.1021775544388609,0.0,,,,0,7,124,44
h5_d03,NaiveBaseRate,17,2985,124,0.5,0.0564516129032258,0.0553556900331704,0.0457259415356351,0.1021775544388609,0.0,,,,0,7,124,45
h5_d03,NaiveBaseRate,17,2985,124,0.5,0.0564516129032258,0.0553556900331704,0.0457259415356351,0.1021775544388609,0.0,,,,0,7,124,46
h5_d03,VIXPercentileRaw,17,2985,124,0.554945054945055,0.0659331914219358,0.3752721931735007,0.5498622142972929,0.9500837520938024,0.0,,,,0,7,124,42
h5_d03,VIXPercentileRaw,17,2985,124,0.554945054945055,0.0659331914219358,0.3752721931735007,0.5498622142972929,0.9500837520938024,0.0,,,,0,7,124,43
h5_d03,VIXPercentileRaw,17,2985,124,0.554945054945055,0.0659331914219358,0.3752721931735007,0.5498622142972929,0.9500837520938024,0.0,,,,0,7,124,44
h5_d03,VIXPercentileRaw,17,2985,124,0.554945054945055,0.0659331914219358,0.3752721931735007,0.5498622142972929,0.9500837520938024,0.0,,,,0,7,124,45
h5_d03,VIXPercentileRaw,17,2985,124,0.554945054945055,0.0659331914219358,0.3752721931735007,0.5498622142972929,0.9500837520938024,0.0,,,,0,7,124,46
h5_d03,VIXPercentileCalibrated,17,2985,124,0.5659340659340659,0.0759817943807422,0.0569373996927113,0.0501033955088517,0.2655086848635235,0.0,,,,0,7,124,42
h5_d03,VIXPercentileCalibrated,17,2985,124,0.5659340659340659,0.0759817943807422,0.0569373996927113,0.0501033955088517,0.2655086848635235,0.0,,,,0,7,124,43
h5_d03,VIXPercentileCalibrated,17,2985,124,0.5659340659340659,0.0759817943807422,0.0569373996927113,0.0501033955088517,0.2655086848635235,0.0,,,,0,7,124,44
h5_d03,VIXPercentileCalibrated,17,2985,124,0.5659340659340659,0.0759817943807422,0.0569373996927113,0.0501033955088517,0.2655086848635235,0.0,,,,0,7,124,45
h5_d03,VIXPercentileCalibrated,17,2985,124,0.5659340659340659,0.0759817943807422,0.0569373996927113,0.0501033955088517,0.2655086848635235,0.0,,,,0,7,124,46
h5_d03,HarRvThreshold,17,2985,124,0.5894736842105263,0.0979015714053914,0.0674757568495989,0.0603910991828425,0.0427816737769842,0.0,,,,0,7,102,42
h5_d03,HarRvThreshold,17,2985,124,0.5894736842105263,0.0979015714053914,0.0674757568495989,0.0603910991828425,0.0427816737769842,0.0,,,,0,7,102,43
h5_d03,HarRvThreshold,17,2985,124,0.5894736842105263,0.0979015714053914,0.0674757568495989,0.0603910991828425,0.0427816737769842,0.0,,,,0,7,102,44
h5_d03,HarRvThreshold,17,2985,124,0.5894736842105263,0.0979015714053914,0.0674757568495989,0.0603910991828425,0.0427816737769842,0.0,,,,0,7,102,45
h5_d03,HarRvThreshold,17,2985,124,0.5894736842105263,0.0979015714053914,0.0674757568495989,0.0603910991828425,0.0427816737769842,0.0,,,,0,7,102,46
h5_d03,LogisticRegressionL2,17,2985,124,0.4578754578754578,0.0736630275990758,0.3197985289511856,0.4652526872502428,0.8490008566994871,0.0564516129032258,0.1428571428571428,1.2294099536547696,0.8880852452724499,7,7,124,42
h5_d03,LogisticRegressionL2,17,2985,124,0.4578754578754578,0.0736630275990758,0.3197985289511856,0.4652526872502428,0.8490008566994871,0.0564516129032258,0.1428571428571428,1.2294099536547696,0.8880852452724499,7,7,124,43
h5_d03,LogisticRegressionL2,17,2985,124,0.4578754578754578,0.0736630275990758,0.3197985289511856,0.4652526872502428,0.8490008566994871,0.0564516129032258,0.1428571428571428,1.2294099536547696,0.8880852452724499,7,7,124,44
h5_d03,LogisticRegressionL2,17,2985,124,0.4578754578754578,0.0736630275990758,0.3197985289511856,0.4652526872502428,0.8490008566994871,0.0564516129032258,0.1428571428571428,1.2294099536547696,0.8880852452724499,7,7,124,45
h5_d03,LogisticRegressionL2,17,2985,124,0.4578754578754578,0.0736630275990758,0.3197985289511856,0.4652526872502428,0.8490008566994871,0.0564516129032258,0.1428571428571428,1.2294099536547696,0.8880852452724499,7,7,124,46
h5_d03,LightGbmTuned,17,2985,124,0.6825396825396826,0.1259982271601462,0.1935044025918381,0.30880484913925793,0.7930553828643184,0.06451612903225806,0.125,0.6832074848009759,0.8880852452724499,8,7,124,42
h5_d03,LightGbmTuned,17,2985,124,0.6825396825396826,0.1259982271601462,0.1935044025918381,0.30880484913925793,0.7930553828643184,0.06451612903225806,0.125,0.6832074848009759,0.8880852452724499,8,7,124,43
h5_d03,LightGbmTuned,17,2985,124,0.6825396825396826,0.1259982271601462,0.1935044025918381,0.30880484913925793,0.7930553828643184,0.06451612903225806,0.125,0.6832074848009759,0.8880852452724499,8,7,124,44
h5_d03,LightGbmTuned,17,2985,124,0.6825396825396826,0.1259982271601462,0.1935044025918381,0.30880484913925793,0.7930553828643184,0.06451612903225806,0.125,0.6832074848009759,0.8880852452724499,8,7,124,45
h5_d03,LightGbmTuned,17,2985,124,0.6825396825396826,0.1259982271601462,0.1935044025918381,0.30880484913925793,0.7930553828643184,0.06451612903225806,0.125,0.6832074848009759,0.8880852452724499,8,7,124,46
h5_d03,NaiveBaseRate,18,3109,126,0.5,0.0476190476190476,0.0481324292460597,0.0527347638959089,0.1003538115149565,0.0,,,,0,6,126,42
h5_d03,NaiveBaseRate,18,3109,126,0.5,0.0476190476190476,0.0481324292460597,0.0527347638959089,0.1003538115149565,0.0,,,,0,6,126,43
h5_d03,NaiveBaseRate,18,3109,126,0.5,0.0476190476190476,0.0481324292460597,0.0527347638959089,0.1003538115149565,0.0,,,,0,6,126,44
h5_d03,NaiveBaseRate,18,3109,126,0.5,0.0476190476190476,0.0481324292460597,0.0527347638959089,0.1003538115149565,0.0,,,,0,6,126,45
h5_d03,NaiveBaseRate,18,3109,126,0.5,0.0476190476190476,0.0481324292460597,0.0527347638959089,0.1003538115149565,0.0,,,,0,6,126,46
h5_d03,VIXPercentileRaw,18,3109,126,0.6958333333333333,0.1876382501382501,0.1743235147635636,0.3330270030173535,0.950016082341589,0.0,,,,0,6,126,42
h5_d03,VIXPercentileRaw,18,3109,126,0.6958333333333333,0.1876382501382501,0.1743235147635636,0.3330270030173535,0.950016082341589,0.0,,,,0,6,126,43
h5_d03,VIXPercentileRaw,18,3109,126,0.6958333333333333,0.1876382501382501,0.1743235147635636,0.3330270030173535,0.950016082341589,0.0,,,,0,6,126,44
h5_d03,VIXPercentileRaw,18,3109,126,0.6958333333333333,0.1876382501382501,0.1743235147635636,0.3330270030173535,0.950016082341589,0.0,,,,0,6,126,45
h5_d03,VIXPercentileRaw,18,3109,126,0.6958333333333333,0.1876382501382501,0.1743235147635636,0.3330270030173535,0.950016082341589,0.0,,,,0,6,126,46
h5_d03,VIXPercentileCalibrated,18,3109,126,0.6770833333333333,0.1012015363039459,0.0445172440264994,0.0131176861755494,0.2641975308641975,0.0,,,,0,6,126,42
h5_d03,VIXPercentileCalibrated,18,3109,126,0.6770833333333333,0.1012015363039459,0.0445172440264994,0.0131176861755494,0.2641975308641975,0.0,,,,0,6,126,43
h5_d03,VIXPercentileCalibrated,18,3109,126,0.6770833333333333,0.1012015363039459,0.0445172440264994,0.0131176861755494,0.2641975308641975,0.0,,,,0,6,126,44
h5_d03,VIXPercentileCalibrated,18,3109,126,0.6770833333333333,0.1012015363039459,0.0445172440264994,0.0131176861755494,0.2641975308641975,0.0,,,,0,6,126,45
h5_d03,VIXPercentileCalibrated,18,3109,126,0.6770833333333333,0.1012015363039459,0.0445172440264994,0.0131176861755494,0.2641975308641975,0.0,,,,0,6,126,46
h5_d03,HarRvThreshold,18,3109,126,0.5153061224489796,0.0661402025588895,0.057084262961377,0.051594402838979,0.0419202229323183,0.0,,,,0,6,104,42
h5_d03,HarRvThreshold,18,3109,126,0.5153061224489796,0.0661402025588895,0.057084262961377,0.051594402838979,0.0419202229323183,0.0,,,,0,6,104,43
h5_d03,HarRvThreshold,18,3109,126,0.5153061224489796,0.0661402025588895,0.057084262961377,0.051594402838979,0.0419202229323183,0.0,,,,0,6,104,44
h5_d03,HarRvThreshold,18,3109,126,0.5153061224489796,0.0661402025588895,0.057084262961377,0.051594402838979,0.0419202229323183,0.0,,,,0,6,104,45
h5_d03,HarRvThreshold,18,3109,126,0.5153061224489796,0.0661402025588895,0.057084262961377,0.051594402838979,0.0419202229323183,0.0,,,,0,6,104,46
h5_d03,LogisticRegressionL2,18,3109,126,0.7194444444444444,0.1610737508061644,0.0999212731734724,0.2175964715600551,0.8381502249847974,0.0,,,,0,6,126,42
h5_d03,LogisticRegressionL2,18,3109,126,0.7194444444444444,0.1610737508061644,0.0999212731734724,0.2175964715600551,0.8381502249847974,0.0,,,,0,6,126,43
h5_d03,LogisticRegressionL2,18,3109,126,0.7194444444444444,0.1610737508061644,0.0999212731734724,0.2175964715600551,0.8381502249847974,0.0,,,,0,6,126,44
h5_d03,LogisticRegressionL2,18,3109,126,0.7194444444444444,0.1610737508061644,0.0999212731734724,0.2175964715600551,0.8381502249847974,0.0,,,,0,6,126,45
h5_d03,LogisticRegressionL2,18,3109,126,0.7194444444444444,0.1610737508061644,0.0999212731734724,0.2175964715600551,0.8381502249847974,0.0,,,,0,6,126,46
h5_d03,LightGbmTuned,18,3109,126,0.5944444444444444,0.0708168859089035,0.06546042419389339,0.08809179717807757,0.8001223441839297,0.0,,,,0,6,126,42
h5_d03,LightGbmTuned,18,3109,126,0.5944444444444444,0.0708168859089035,0.06546042419389339,0.08809179717807757,0.8001223441839297,0.0,,,,0,6,126,43
h5_d03,LightGbmTuned,18,3109,126,0.5944444444444444,0.0708168859089035,0.06546042419389339,0.08809179717807757,0.8001223441839297,0.0,,,,0,6,126,44
h5_d03,LightGbmTuned,18,3109,126,0.5944444444444444,0.0708168859089035,0.06546042419389339,0.08809179717807757,0.8001223441839297,0.0,,,,0,6,126,45
h5_d03,LightGbmTuned,18,3109,126,0.5944444444444444,0.0708168859089035,0.06546042419389339,0.08809179717807757,0.8001223441839297,0.0,,,,0,6,126,46
h5_d03,NaiveBaseRate,19,3235,124,0.5,0.0241935483870967,0.0290999638665044,0.0741062970533978,0.0982998454404946,0.0,,,,0,3,124,42
h5_d03,NaiveBaseRate,19,3235,124,0.5,0.0241935483870967,0.0290999638665044,0.0741062970533978,0.0982998454404946,0.0,,,,0,3,124,43
h5_d03,NaiveBaseRate,19,3235,124,0.5,0.0241935483870967,0.0290999638665044,0.0741062970533978,0.0982998454404946,0.0,,,,0,3,124,44
h5_d03,NaiveBaseRate,19,3235,124,0.5,0.0241935483870967,0.0290999638665044,0.0741062970533978,0.0982998454404946,0.0,,,,0,3,124,45
h5_d03,NaiveBaseRate,19,3235,124,0.5,0.0241935483870967,0.0290999638665044,0.0741062970533978,0.0982998454404946,0.0,,,,0,3,124,46
h5_d03,VIXPercentileRaw,19,3235,124,0.8760330578512396,0.129336846728151,0.0972890500096363,0.2558932043675525,0.9500154559505408,0.0,,,,0,3,124,42
h5_d03,VIXPercentileRaw,19,3235,124,0.8760330578512396,0.129336846728151,0.0972890500096363,0.2558932043675525,0.9500154559505408,0.0,,,,0,3,124,43
h5_d03,VIXPercentileRaw,19,3235,124,0.8760330578512396,0.129336846728151,0.0972890500096363,0.2558932043675525,0.9500154559505408,0.0,,,,0,3,124,44
h5_d03,VIXPercentileRaw,19,3235,124,0.8760330578512396,0.129336846728151,0.0972890500096363,0.2558932043675525,0.9500154559505408,0.0,,,,0,3,124,45
h5_d03,VIXPercentileRaw,19,3235,124,0.8760330578512396,0.129336846728151,0.0972890500096363,0.2558932043675525,0.9500154559505408,0.0,,,,0,3,124,46
h5_d03,VIXPercentileCalibrated,19,3235,124,0.8939393939393939,0.1388888888888889,0.0225915561313904,0.014868359153095,0.2641975308641975,0.0,,,,0,3,124,42
h5_d03,VIXPercentileCalibrated,19,3235,124,0.8939393939393939,0.1388888888888889,0.0225915561313904,0.014868359153095,0.2641975308641975,0.0,,,,0,3,124,43
h5_d03,VIXPercentileCalibrated,19,3235,124,0.8939393939393939,0.1388888888888889,0.0225915561313904,0.014868359153095,0.2641975308641975,0.0,,,,0,3,124,44
h5_d03,VIXPercentileCalibrated,19,3235,124,0.8939393939393939,0.1388888888888889,0.0225915561313904,0.014868359153095,0.2641975308641975,0.0,,,,0,3,124,45
h5_d03,VIXPercentileCalibrated,19,3235,124,0.8939393939393939,0.1388888888888889,0.0225915561313904,0.014868359153095,0.2641975308641975,0.0,,,,0,3,124,46
h5_d03,HarRvThreshold,19,3235,124,0.6868686868686869,0.0836814257866889,0.0290390220413689,0.0244827080772938,0.041088936578104,0.0,,,,0,3,102,42
h5_d03,HarRvThreshold,19,3235,124,0.6868686868686869,0.0836814257866889,0.0290390220413689,0.0244827080772938,0.041088936578104,0.0,,,,0,3,102,43
h5_d03,HarRvThreshold,19,3235,124,0.6868686868686869,0.0836814257866889,0.0290390220413689,0.0244827080772938,0.041088936578104,0.0,,,,0,3,102,44
h5_d03,HarRvThreshold,19,3235,124,0.6868686868686869,0.0836814257866889,0.0290390220413689,0.0244827080772938,0.041088936578104,0.0,,,,0,3,102,45
h5_d03,HarRvThreshold,19,3235,124,0.6868686868686869,0.0836814257866889,0.0290390220413689,0.0244827080772938,0.041088936578104,0.0,,,,0,3,102,46
h5_d03,LogisticRegressionL2,19,3235,124,0.8870523415977962,0.1267543859649123,0.0751332509043467,0.1973770333512993,0.8353074001672411,0.0,,,,0,3,124,42
h5_d03,LogisticRegressionL2,19,3235,124,0.8870523415977962,0.1267543859649123,0.0751332509043467,0.1973770333512993,0.8353074001672411,0.0,,,,0,3,124,43
h5_d03,LogisticRegressionL2,19,3235,124,0.8870523415977962,0.1267543859649123,0.0751332509043467,0.1973770333512993,0.8353074001672411,0.0,,,,0,3,124,44
h5_d03,LogisticRegressionL2,19,3235,124,0.8870523415977962,0.1267543859649123,0.0751332509043467,0.1973770333512993,0.8353074001672411,0.0,,,,0,3,124,45
h5_d03,LogisticRegressionL2,19,3235,124,0.8870523415977962,0.1267543859649123,0.0751332509043467,0.1973770333512993,0.8353074001672411,0.0,,,,0,3,124,46
h5_d03,LightGbmTuned,19,3235,124,0.512396694214876,0.035101010101010105,0.0974701705457579,0.2373403443382277,0.7228581938677583,0.0,,,,0,3,124,42
h5_d03,LightGbmTuned,19,3235,124,0.512396694214876,0.035101010101010105,0.0974701705457579,0.2373403443382277,0.7228581938677583,0.0,,,,0,3,124,43
h5_d03,LightGbmTuned,19,3235,124,0.512396694214876,0.035101010101010105,0.0974701705457579,0.2373403443382277,0.7228581938677583,0.0,,,,0,3,124,44
h5_d03,LightGbmTuned,19,3235,124,0.512396694214876,0.035101010101010105,0.0974701705457579,0.2373403443382277,0.7228581938677583,0.0,,,,0,3,124,45
h5_d03,LightGbmTuned,19,3235,124,0.512396694214876,0.035101010101010105,0.0974701705457579,0.2373403443382277,0.7228581938677583,0.0,,,,0,3,124,46
h5_d03,NaiveBaseRate,20,3359,127,0.5,0.0866141732283464,0.079192260415908,0.0089499827704627,0.0955641559988091,0.0,,,,0,11,127,42
h5_d03,NaiveBaseRate,20,3359,127,0.5,0.0866141732283464,0.079192260415908,0.0089499827704627,0.0955641559988091,0.0,,,,0,11,127,43
h5_d03,NaiveBaseRate,20,3359,127,0.5,0.0866141732283464,0.079192260415908,0.0089499827704627,0.0955641559988091,0.0,,,,0,11,127,44
h5_d03,NaiveBaseRate,20,3359,127,0.5,0.0866141732283464,0.079192260415908,0.0089499827704627,0.0955641559988091,0.0,,,,0,11,127,45
h5_d03,NaiveBaseRate,20,3359,127,0.5,0.0866141732283464,0.079192260415908,0.0089499827704627,0.0955641559988091,0.0,,,,0,11,127,46
h5_d03,VIXPercentileRaw,20,3359,127,0.3585423197492163,0.0684073700434805,0.3273725133001243,0.4397001357265591,0.9500446561476628,0.0078740157480314,0.0,0.3140577564847754,,1,11,127,42
h5_d03,VIXPercentileRaw,20,3359,127,0.3585423197492163,0.0684073700434805,0.3273725133001243,0.4397001357265591,0.9500446561476628,0.0078740157480314,0.0,0.3140577564847754,,1,11,127,43
h5_d03,VIXPercentileRaw,20,3359,127,0.3585423197492163,0.0684073700434805,0.3273725133001243,0.4397001357265591,0.9500446561476628,0.0078740157480314,0.0,0.3140577564847754,,1,11,127,44
h5_d03,VIXPercentileRaw,20,3359,127,0.3585423197492163,0.0684073700434805,0.3273725133001243,0.4397001357265591,0.9500446561476628,0.0078740157480314,0.0,0.3140577564847754,,1,11,127,45
h5_d03,VIXPercentileRaw,20,3359,127,0.3585423197492163,0.0684073700434805,0.3273725133001243,0.4397001357265591,0.9500446561476628,0.0078740157480314,0.0,0.3140577564847754,,1,11,127,46
h5_d03,VIXPercentileCalibrated,20,3359,127,0.3726489028213166,0.0715046384147713,0.0852506556800983,0.0817935566761465,0.2641975308641975,0.0,,,,0,11,127,42
h5_d03,VIXPercentileCalibrated,20,3359,127,0.3726489028213166,0.0715046384147713,0.0852506556800983,0.0817935566761465,0.2641975308641975,0.0,,,,0,11,127,43
h5_d03,VIXPercentileCalibrated,20,3359,127,0.3726489028213166,0.0715046384147713,0.0852506556800983,0.0817935566761465,0.2641975308641975,0.0,,,,0,11,127,44
h5_d03,VIXPercentileCalibrated,20,3359,127,0.3726489028213166,0.0715046384147713,0.0852506556800983,0.0817935566761465,0.2641975308641975,0.0,,,,0,11,127,45
h5_d03,VIXPercentileCalibrated,20,3359,127,0.3726489028213166,0.0715046384147713,0.0852506556800983,0.0817935566761465,0.2641975308641975,0.0,,,,0,11,127,46
h5_d03,HarRvThreshold,20,3359,127,0.3646907216494845,0.0644941268036697,0.0756233157924742,0.0675066875103926,0.0395483499640831,0.019047619047619,0.0,0.5810554858954826,,2,8,105,42
h5_d03,HarRvThreshold,20,3359,127,0.3646907216494845,0.0644941268036697,0.0756233157924742,0.0675066875103926,0.0395483499640831,0.019047619047619,0.0,0.5810554858954826,,2,8,105,43
h5_d03,HarRvThreshold,20,3359,127,0.3646907216494845,0.0644941268036697,0.0756233157924742,0.0675066875103926,0.0395483499640831,0.019047619047619,0.0,0.5810554858954826,,2,8,105,44
h5_d03,HarRvThreshold,20,3359,127,0.3646907216494845,0.0644941268036697,0.0756233157924742,0.0675066875103926,0.0395483499640831,0.019047619047619,0.0,0.5810554858954826,,2,8,105,45
h5_d03,HarRvThreshold,20,3359,127,0.3646907216494845,0.0644941268036697,0.0756233157924742,0.0675066875103926,0.0395483499640831,0.019047619047619,0.0,0.5810554858954826,,2,8,105,46
h5_d03,LogisticRegressionL2,20,3359,127,0.6050156739811912,0.1217064110368033,0.2550014879171176,0.3679467493294528,0.835304841563404,0.0157480314960629,0.0,1.853141207792492,,2,11,127,42
h5_d03,LogisticRegressionL2,20,3359,127,0.6050156739811912,0.1217064110368033,0.2550014879171176,0.3679467493294528,0.835304841563404,0.0157480314960629,0.0,1.853141207792492,,2,11,127,43
h5_d03,LogisticRegressionL2,20,3359,127,0.6050156739811912,0.1217064110368033,0.2550014879171176,0.3679467493294528,0.835304841563404,0.0157480314960629,0.0,1.853141207792492,,2,11,127,44
h5_d03,LogisticRegressionL2,20,3359,127,0.6050156739811912,0.1217064110368033,0.2550014879171176,0.3679467493294528,0.835304841563404,0.0157480314960629,0.0,1.853141207792492,,2,11,127,45
h5_d03,LogisticRegressionL2,20,3359,127,0.6050156739811912,0.1217064110368033,0.2550014879171176,0.3679467493294528,0.835304841563404,0.0157480314960629,0.0,1.853141207792492,,2,11,127,46
h5_d03,LightGbmTuned,20,3359,127,0.4231974921630094,0.07955342780800452,0.28720494667826524,0.4089514249046567,0.6963904159566376,0.023622047244094488,0.0,0.625832268720337,,3,11,127,42
h5_d03,LightGbmTuned,20,3359,127,0.4231974921630094,0.07955342780800452,0.28720494667826524,0.4089514249046567,0.6963904159566376,0.023622047244094488,0.0,0.625832268720337,,3,11,127,43
h5_d03,LightGbmTuned,20,3359,127,0.4231974921630094,0.07955342780800452,0.28720494667826524,0.4089514249046567,0.6963904159566376,0.023622047244094488,0.0,0.625832268720337,,3,11,127,44
h5_d03,LightGbmTuned,20,3359,127,0.4231974921630094,0.07955342780800452,0.28720494667826524,0.4089514249046567,0.6963904159566376,0.023622047244094488,0.0,0.625832268720337,,3,11,127,45
h5_d03,LightGbmTuned,20,3359,127,0.4231974921630094,0.07955342780800452,0.28720494667826524,0.4089514249046567,0.6963904159566376,0.023622047244094488,0.0,0.625832268720337,,3,11,127,46
h5_d03,NaiveBaseRate,21,3486,123,0.5,0.1626016260162601,0.1407001825120292,0.0673635307781649,0.0952380952380952,0.0,,,,0,20,123,42
h5_d03,NaiveBaseRate,21,3486,123,0.5,0.1626016260162601,0.1407001825120292,0.0673635307781649,0.0952380952380952,0.0,,,,0,20,123,43
h5_d03,NaiveBaseRate,21,3486,123,0.5,0.1626016260162601,0.1407001825120292,0.0673635307781649,0.0952380952380952,0.0,,,,0,20,123,44
h5_d03,NaiveBaseRate,21,3486,123,0.5,0.1626016260162601,0.1407001825120292,0.0673635307781649,0.0952380952380952,0.0,,,,0,20,123,45
h5_d03,NaiveBaseRate,21,3486,123,0.5,0.1626016260162601,0.1407001825120292,0.0673635307781649,0.0952380952380952,0.0,,,,0,20,123,46
h5_d03,VIXPercentileRaw,21,3486,123,0.6762135922330097,0.2750942469745208,0.4152894094872241,0.5291386218509345,0.9500143430866322,0.065040650406504,0.25,0.4524640591446059,0.6651388056538915,8,20,123,42
h5_d03,VIXPercentileRaw,21,3486,123,0.6762135922330097,0.2750942469745208,0.4152894094872241,0.5291386218509345,0.9500143430866322,0.065040650406504,0.25,0.4524640591446059,0.6651388056538915,8,20,123,43
h5_d03,VIXPercentileRaw,21,3486,123,0.6762135922330097,0.2750942469745208,0.4152894094872241,0.5291386218509345,0.9500143430866322,0.065040650406504,0.25,0.4524640591446059,0.6651388056538915,8,20,123,44
h5_d03,VIXPercentileRaw,21,3486,123,0.6762135922330097,0.2750942469745208,0.4152894094872241,0.5291386218509345,0.9500143430866322,0.065040650406504,0.25,0.4524640591446059,0.6651388056538915,8,20,123,45
h5_d03,VIXPercentileRaw,21,3486,123,0.6762135922330097,0.2750942469745208,0.4152894094872241,0.5291386218509345,0.9500143430866322,0.065040650406504,0.25,0.4524640591446059,0.6651388056538915,8,20,123,46
h5_d03,VIXPercentileCalibrated,21,3486,123,0.6759708737864077,0.2862075128053119,0.1334172460124207,0.0429053217261645,0.2623762376237623,0.008130081300813,0.0,4.604846972894796,,1,20,123,42
h5_d03,VIXPercentileCalibrated,21,3486,123,0.6759708737864077,0.2862075128053119,0.1334172460124207,0.0429053217261645,0.2623762376237623,0.008130081300813,0.0,4.604846972894796,,1,20,123,43
h5_d03,VIXPercentileCalibrated,21,3486,123,0.6759708737864077,0.2862075128053119,0.1334172460124207,0.0429053217261645,0.2623762376237623,0.008130081300813,0.0,4.604846972894796,,1,20,123,44
h5_d03,VIXPercentileCalibrated,21,3486,123,0.6759708737864077,0.2862075128053119,0.1334172460124207,0.0429053217261645,0.2623762376237623,0.008130081300813,0.0,4.604846972894796,,1,20,123,45
h5_d03,VIXPercentileCalibrated,21,3486,123,0.6759708737864077,0.2862075128053119,0.1334172460124207,0.0429053217261645,0.2623762376237623,0.008130081300813,0.0,4.604846972894796,,1,20,123,46
h5_d03,HarRvThreshold,21,3486,123,0.6604938271604939,0.3847050978310579,0.1784357944974246,0.1740262250009372,0.038893497918894,0.1584158415841584,0.3125,0.8035969955739662,0.8747203117717907,16,20,101,42
h5_d03,HarRvThreshold,21,3486,123,0.6604938271604939,0.3847050978310579,0.1784357944974246,0.1740262250009372,0.038893497918894,0.1584158415841584,0.3125,0.8035969955739662,0.8747203117717907,16,20,101,43
h5_d03,HarRvThreshold,21,3486,123,0.6604938271604939,0.3847050978310579,0.1784357944974246,0.1740262250009372,0.038893497918894,0.1584158415841584,0.3125,0.8035969955739662,0.8747203117717907,16,20,101,44
h5_d03,HarRvThreshold,21,3486,123,0.6604938271604939,0.3847050978310579,0.1784357944974246,0.1740262250009372,0.038893497918894,0.1584158415841584,0.3125,0.8035969955739662,0.8747203117717907,16,20,101,45
h5_d03,HarRvThreshold,21,3486,123,0.6604938271604939,0.3847050978310579,0.1784357944974246,0.1740262250009372,0.038893497918894,0.1584158415841584,0.3125,0.8035969955739662,0.8747203117717907,16,20,101,46
h5_d03,LogisticRegressionL2,21,3486,123,0.687864077669903,0.3620990853920691,0.2945159607951897,0.4083097653531313,0.8348587533770517,0.089430894308943,0.4545454545454545,2.8767738873664443,1.6286616383813546,11,20,123,42
h5_d03,LogisticRegressionL2,21,3486,123,0.687864077669903,0.3620990853920691,0.2945159607951897,0.4083097653531313,0.8348587533770517,0.089430894308943,0.4545454545454545,2.8767738873664443,1.6286616383813546,11,20,123,43
h5_d03,LogisticRegressionL2,21,3486,123,0.687864077669903,0.3620990853920691,0.2945159607951897,0.4083097653531313,0.8348587533770517,0.089430894308943,0.4545454545454545,2.8767738873664443,1.6286616383813546,11,20,123,44
h5_d03,LogisticRegressionL2,21,3486,123,0.687864077669903,0.3620990853920691,0.2945159607951897,0.4083097653531313,0.8348587533770517,0.089430894308943,0.4545454545454545,2.8767738873664443,1.6286616383813546,11,20,123,45
h5_d03,LogisticRegressionL2,21,3486,123,0.687864077669903,0.3620990853920691,0.2945159607951897,0.4083097653531313,0.8348587533770517,0.089430894308943,0.4545454545454545,2.8767738873664443,1.6286616383813546,11,20,123,46
h5_d03,LightGbmTuned,21,3486,123,0.6041262135922331,0.2915316465606189,0.2550246524652244,0.347344030623417,0.6031343955944167,0.13821138211382114,0.17647058823529413,1.6192040762372686,1.572584700737132,17,20,123,42
h5_d03,LightGbmTuned,21,3486,123,0.6041262135922331,0.2915316465606189,0.2550246524652244,0.347344030623417,0.6031343955944167,0.13821138211382114,0.17647058823529413,1.6192040762372686,1.572584700737132,17,20,123,43
h5_d03,LightGbmTuned,21,3486,123,0.6041262135922331,0.2915316465606189,0.2550246524652244,0.347344030623417,0.6031343955944167,0.13821138211382114,0.17647058823529413,1.6192040762372686,1.572584700737132,17,20,123,44
h5_d03,LightGbmTuned,21,3486,123,0.6041262135922331,0.2915316465606189,0.2550246524652244,0.347344030623417,0.6031343955944167,0.13821138211382114,0.17647058823529413,1.6192040762372686,1.572584700737132,17,20,123,45
h5_d03,LightGbmTuned,21,3486,123,0.6041262135922331,0.2915316465606189,0.2550246524652244,0.347344030623417,0.6031343955944167,0.13821138211382114,0.17647058823529413,1.6192040762372686,1.572584700737132,17,20,123,46
h5_d03,NaiveBaseRate,22,3609,127,0.5,0.0157480314960629,0.022188966307584,0.0817859114244135,0.0975339429204765,0.0,,,,0,2,127,42
h5_d03,NaiveBaseRate,22,3609,127,0.5,0.0157480314960629,0.022188966307584,0.0817859114244135,0.0975339429204765,0.0,,,,0,2,127,43
h5_d03,NaiveBaseRate,22,3609,127,0.5,0.0157480314960629,0.022188966307584,0.0817859114244135,0.0975339429204765,0.0,,,,0,2,127,44
h5_d03,NaiveBaseRate,22,3609,127,0.5,0.0157480314960629,0.022188966307584,0.0817859114244135,0.0975339429204765,0.0,,,,0,2,127,45
h5_d03,NaiveBaseRate,22,3609,127,0.5,0.0157480314960629,0.022188966307584,0.0817859114244135,0.0975339429204765,0.0,,,,0,2,127,46
h5_d03,VIXPercentileRaw,22,3609,127,0.764,0.0475444096133751,0.2845064589575554,0.503889008886358,0.9500138542532556,0.0,,,,0,2,127,42
h5_d03,VIXPercentileRaw,22,3609,127,0.764,0.0475444096133751,0.2845064589575554,0.503889008886358,0.9500138542532556,0.0,,,,0,2,127,43
h5_d03,VIXPercentileRaw,22,3609,127,0.764,0.0475444096133751,0.2845064589575554,0.503889008886358,0.9500138542532556,0.0,,,,0,2,127,44
h5_d03,VIXPercentileRaw,22,3609,127,0.764,0.0475444096133751,0.2845064589575554,0.503889008886358,0.9500138542532556,0.0,,,,0,2,127,45
h5_d03,VIXPercentileRaw,22,3609,127,0.764,0.0475444096133751,0.2845064589575554,0.503889008886358,0.9500138542532556,0.0,,,,0,2,127,46
h5_d03,VIXPercentileCalibrated,22,3609,127,0.768,0.05,0.0211133050386916,0.0699482483030345,0.271889400921659,0.0,,,,0,2,127,42
h5_d03,VIXPercentileCalibrated,22,3609,127,0.768,0.05,0.0211133050386916,0.0699482483030345,0.271889400921659,0.0,,,,0,2,127,43
h5_d03,VIXPercentileCalibrated,22,3609,127,0.768,0.05,0.0211133050386916,0.0699482483030345,0.271889400921659,0.0,,,,0,2,127,44
h5_d03,VIXPercentileCalibrated,22,3609,127,0.768,0.05,0.0211133050386916,0.0699482483030345,0.271889400921659,0.0,,,,0,2,127,45
h5_d03,VIXPercentileCalibrated,22,3609,127,0.768,0.05,0.0211133050386916,0.0699482483030345,0.271889400921659,0.0,,,,0,2,127,46
h5_d03,HarRvThreshold,22,3609,127,0.6359223300970873,0.0379037574159525,0.0188788296057601,0.0134112475082757,0.0418659942998136,0.0,,,,0,2,105,42
h5_d03,HarRvThreshold,22,3609,127,0.6359223300970873,0.0379037574159525,0.0188788296057601,0.0134112475082757,0.0418659942998136,0.0,,,,0,2,105,43
h5_d03,HarRvThreshold,22,3609,127,0.6359223300970873,0.0379037574159525,0.0188788296057601,0.0134112475082757,0.0418659942998136,0.0,,,,0,2,105,44
h5_d03,HarRvThreshold,22,3609,127,0.6359223300970873,0.0379037574159525,0.0188788296057601,0.0134112475082757,0.0418659942998136,0.0,,,,0,2,105,45
h5_d03,HarRvThreshold,22,3609,127,0.6359223300970873,0.0379037574159525,0.0188788296057601,0.0134112475082757,0.0418659942998136,0.0,,,,0,2,105,46
h5_d03,LogisticRegressionL2,22,3609,127,0.8240000000000001,0.066017316017316,0.160334901351656,0.3485619300315848,0.8345157724806107,0.0,,,,0,2,127,42
h5_d03,LogisticRegressionL2,22,3609,127,0.8240000000000001,0.066017316017316,0.160334901351656,0.3485619300315848,0.8345157724806107,0.0,,,,0,2,127,43
h5_d03,LogisticRegressionL2,22,3609,127,0.8240000000000001,0.066017316017316,0.160334901351656,0.3485619300315848,0.8345157724806107,0.0,,,,0,2,127,44
h5_d03,LogisticRegressionL2,22,3609,127,0.8240000000000001,0.066017316017316,0.160334901351656,0.3485619300315848,0.8345157724806107,0.0,,,,0,2,127,45
h5_d03,LogisticRegressionL2,22,3609,127,0.8240000000000001,0.066017316017316,0.160334901351656,0.3485619300315848,0.8345157724806107,0.0,,,,0,2,127,46
h5_d03,LightGbmTuned,22,3609,127,0.7400000000000001,0.04288240495137047,0.14529858163816864,0.3367109182922766,0.72368517033896,0.0,,,,0,2,127,42
h5_d03,LightGbmTuned,22,3609,127,0.7400000000000001,0.04288240495137047,0.14529858163816864,0.3367109182922766,0.72368517033896,0.0,,,,0,2,127,43
h5_d03,LightGbmTuned,22,3609,127,0.7400000000000001,0.04288240495137047,0.14529858163816864,0.3367109182922766,0.72368517033896,0.0,,,,0,2,127,44
h5_d03,LightGbmTuned,22,3609,127,0.7400000000000001,0.04288240495137047,0.14529858163816864,0.3367109182922766,0.72368517033896,0.0,,,,0,2,127,45
h5_d03,LightGbmTuned,22,3609,127,0.7400000000000001,0.04288240495137047,0.14529858163816864,0.3367109182922766,0.72368517033896,0.0,,,,0,2,127,46
h10_d05,NaiveBaseRate,1,971,124,,,0.0029792934333572,0.054582904222451,0.054582904222451,0.0,,,,0,0,124,42
h10_d05,NaiveBaseRate,1,971,124,,,0.0029792934333572,0.054582904222451,0.054582904222451,0.0,,,,0,0,124,43
h10_d05,NaiveBaseRate,1,971,124,,,0.0029792934333572,0.054582904222451,0.054582904222451,0.0,,,,0,0,124,44
h10_d05,NaiveBaseRate,1,971,124,,,0.0029792934333572,0.054582904222451,0.054582904222451,0.0,,,,0,0,124,45
h10_d05,NaiveBaseRate,1,971,124,,,0.0029792934333572,0.054582904222451,0.054582904222451,0.0,,,,0,0,124,46
h10_d05,VIXPercentileRaw,1,971,124,,,0.2039983839508259,0.3935334374273279,0.95005149330587,0.0,,,,0,0,124,42
h10_d05,VIXPercentileRaw,1,971,124,,,0.2039983839508259,0.3935334374273279,0.95005149330587,0.0,,,,0,0,124,43
h10_d05,VIXPercentileRaw,1,971,124,,,0.2039983839508259,0.3935334374273279,0.95005149330587,0.0,,,,0,0,124,44
h10_d05,VIXPercentileRaw,1,971,124,,,0.2039983839508259,0.3935334374273279,0.95005149330587,0.0,,,,0,0,124,45
h10_d05,VIXPercentileRaw,1,971,124,,,0.2039983839508259,0.3935334374273279,0.95005149330587,0.0,,,,0,0,124,46
h10_d05,VIXPercentileCalibrated,1,971,124,,,0.0008517247603876,0.0232692425897492,0.2753623188405797,0.0,,,,0,0,124,42
h10_d05,VIXPercentileCalibrated,1,971,124,,,0.0008517247603876,0.0232692425897492,0.2753623188405797,0.0,,,,0,0,124,43
h10_d05,VIXPercentileCalibrated,1,971,124,,,0.0008517247603876,0.0232692425897492,0.2753623188405797,0.0,,,,0,0,124,44
h10_d05,VIXPercentileCalibrated,1,971,124,,,0.0008517247603876,0.0232692425897492,0.2753623188405797,0.0,,,,0,0,124,45
h10_d05,VIXPercentileCalibrated,1,971,124,,,0.0008517247603876,0.0232692425897492,0.2753623188405797,0.0,,,,0,0,124,46
h10_d05,HarRvThreshold,1,971,124,,,0.0007105973380589,0.0226723882959157,0.2065273331248641,0.0,,,,0,0,102,42
h10_d05,HarRvThreshold,1,971,124,,,0.0007105973380589,0.0226723882959157,0.2065273331248641,0.0,,,,0,0,102,43
h10_d05,HarRvThreshold,1,971,124,,,0.0007105973380589,0.0226723882959157,0.2065273331248641,0.0,,,,0,0,102,44
h10_d05,HarRvThreshold,1,971,124,,,0.0007105973380589,0.0226723882959157,0.2065273331248641,0.0,,,,0,0,102,45
h10_d05,HarRvThreshold,1,971,124,,,0.0007105973380589,0.0226723882959157,0.2065273331248641,0.0,,,,0,0,102,46
h10_d05,LogisticRegressionL2,1,971,124,,,0.1824443532392104,0.3011877758586652,0.7743134695780106,0.1129032258064516,0.0,0.6424673306910303,,14,0,124,42
h10_d05,LogisticRegressionL2,1,971,124,,,0.1824443532392104,0.3011877758586652,0.7743134695780106,0.1129032258064516,0.0,0.6424673306910303,,14,0,124,43
h10_d05,LogisticRegressionL2,1,971,124,,,0.1824443532392104,0.3011877758586652,0.7743134695780106,0.1129032258064516,0.0,0.6424673306910303,,14,0,124,44
h10_d05,LogisticRegressionL2,1,971,124,,,0.1824443532392104,0.3011877758586652,0.7743134695780106,0.1129032258064516,0.0,0.6424673306910303,,14,0,124,45
h10_d05,LogisticRegressionL2,1,971,124,,,0.1824443532392104,0.3011877758586652,0.7743134695780106,0.1129032258064516,0.0,0.6424673306910303,,14,0,124,46
h10_d05,LightGbmTuned,1,971,124,,,0.07966598713772831,0.218223174687641,0.36972011129173843,0.1532258064516129,0.0,0.5076095346591294,,19,0,124,42
h10_d05,LightGbmTuned,1,971,124,,,0.07966598713772831,0.218223174687641,0.36972011129173843,0.1532258064516129,0.0,0.5076095346591294,,19,0,124,43
h10_d05,LightGbmTuned,1,971,124,,,0.07966598713772831,0.218223174687641,0.36972011129173843,0.1532258064516129,0.0,0.5076095346591294,,19,0,124,44
h10_d05,LightGbmTuned,1,971,124,,,0.07966598713772831,0.218223174687641,0.36972011129173843,0.1532258064516129,0.0,0.5076095346591294,,19,0,124,45
h10_d05,LightGbmTuned,1,971,124,,,0.07966598713772831,0.218223174687641,0.36972011129173843,0.1532258064516129,0.0,0.5076095346591294,,19,0,124,46
h10_d05,NaiveBaseRate,2,1095,127,0.5,0.1417322834645669,0.1303548174886846,0.0933304569805486,0.0484018264840182,0.0,,,,0,18,127,42
h10_d05,NaiveBaseRate,2,1095,127,0.5,0.1417322834645669,0.1303548174886846,0.0933304569805486,0.0484018264840182,0.0,,,,0,18,127,43
h10_d05,NaiveBaseRate,2,1095,127,0.5,0.1417322834645669,0.1303548174886846,0.0933304569805486,0.0484018264840182,0.0,,,,0,18,127,44
h10_d05,NaiveBaseRate,2,1095,127,0.5,0.1417322834645669,0.1303548174886846,0.0933304569805486,0.0484018264840182,0.0,,,,0,18,127,45
h10_d05,NaiveBaseRate,2,1095,127,0.5,0.1417322834645669,0.1303548174886846,0.0933304569805486,0.0484018264840182,0.0,,,,0,18,127,46
h10_d05,VIXPercentileRaw,2,1095,127,0.3651885830784913,0.1167678363129315,0.4212861467002307,0.4996440513428971,0.9506849315068492,0.0157480314960629,0.0,0.2274348676271533,,2,18,127,42
h10_d05,VIXPercentileRaw,2,1095,127,0.3651885830784913,0.1167678363129315,0.4212861467002307,0.4996440513428971,0.9506849315068492,0.0157480314960629,0.0,0.2274348676271533,,2,18,127,43
h10_d05,VIXPercentileRaw,2,1095,127,0.3651885830784913,0.1167678363129315,0.4212861467002307,0.4996440513428971,0.9506849315068492,0.0157480314960629,0.0,0.2274348676271533,,2,18,127,44
h10_d05,VIXPercentileRaw,2,1095,127,0.3651885830784913,0.1167678363129315,0.4212861467002307,0.4996440513428971,0.9506849315068492,0.0157480314960629,0.0,0.2274348676271533,,2,18,127,45
h10_d05,VIXPercentileRaw,2,1095,127,0.3651885830784913,0.1167678363129315,0.4212861467002307,0.4996440513428971,0.9506849315068492,0.0157480314960629,0.0,0.2274348676271533,,2,18,127,46
h10_d05,VIXPercentileCalibrated,2,1095,127,0.3672273190621814,0.116481180704459,0.141331510963366,0.1402216719336294,0.2753623188405797,0.0,,,,0,18,127,42
h10_d05,VIXPercentileCalibrated,2,1095,127,0.3672273190621814,0.116481180704459,0.141331510963366,0.1402216719336294,0.2753623188405797,0.0,,,,0,18,127,43
h10_d05,VIXPercentileCalibrated,2,1095,127,0.3672273190621814,0.116481180704459,0.141331510963366,0.1402216719336294,0.2753623188405797,0.0,,,,0,18,127,44
h10_d05,VIXPercentileCalibrated,2,1095,127,0.3672273190621814,0.116481180704459,0.141331510963366,0.1402216719336294,0.2753623188405797,0.0,,,,0,18,127,45
h10_d05,VIXPercentileCalibrated,2,1095,127,0.3672273190621814,0.116481180704459,0.141331510963366,0.1402216719336294,0.2753623188405797,0.0,,,,0,18,127,46
h10_d05,HarRvThreshold,2,1095,127,0.3339719029374202,0.1291917005112528,0.1688591711125713,0.153106301198174,0.1928010255474082,0.0857142857142857,0.0,0.5374682744562279,,9,18,105,42
h10_d05,HarRvThreshold,2,1095,127,0.3339719029374202,0.1291917005112528,0.1688591711125713,0.153106301198174,0.1928010255474082,0.0857142857142857,0.0,0.5374682744562279,,9,18,105,43
h10_d05,HarRvThreshold,2,1095,127,0.3339719029374202,0.1291917005112528,0.1688591711125713,0.153106301198174,0.1928010255474082,0.0857142857142857,0.0,0.5374682744562279,,9,18,105,44
h10_d05,HarRvThreshold,2,1095,127,0.3339719029374202,0.1291917005112528,0.1688591711125713,0.153106301198174,0.1928010255474082,0.0857142857142857,0.0,0.5374682744562279,,9,18,105,45
h10_d05,HarRvThreshold,2,1095,127,0.3339719029374202,0.1291917005112528,0.1688591711125713,0.153106301198174,0.1928010255474082,0.0857142857142857,0.0,0.5374682744562279,,9,18,105,46
h10_d05,LogisticRegressionL2,2,1095,127,0.6595310907237512,0.3245417809324262,0.130653842595902,0.1242980805722478,0.7874765110192928,0.0236220472440944,0.6666666666666666,2.3966655435247968,0.9740003150022856,3,18,127,42
h10_d05,LogisticRegressionL2,2,1095,127,0.6595310907237512,0.3245417809324262,0.130653842595902,0.1242980805722478,0.7874765110192928,0.0236220472440944,0.6666666666666666,2.3966655435247968,0.9740003150022856,3,18,127,43
h10_d05,LogisticRegressionL2,2,1095,127,0.6595310907237512,0.3245417809324262,0.130653842595902,0.1242980805722478,0.7874765110192928,0.0236220472440944,0.6666666666666666,2.3966655435247968,0.9740003150022856,3,18,127,44
h10_d05,LogisticRegressionL2,2,1095,127,0.6595310907237512,0.3245417809324262,0.130653842595902,0.1242980805722478,0.7874765110192928,0.0236220472440944,0.6666666666666666,2.3966655435247968,0.9740003150022856,3,18,127,45
h10_d05,LogisticRegressionL2,2,1095,127,0.6595310907237512,0.3245417809324262,0.130653842595902,0.1242980805722478,0.7874765110192928,0.0236220472440944,0.6666666666666666,2.3966655435247968,0.9740003150022856,3,18,127,46
h10_d05,LightGbmTuned,2,1095,127,0.5471457696228338,0.25546125827289157,0.13424397566343532,0.11870605744347885,0.41756755553646513,0.06299212598425197,0.5,2.6901023191249154,1.2763055904484109,8,18,127,42
h10_d05,LightGbmTuned,2,1095,127,0.5471457696228338,0.25546125827289157,0.13424397566343532,0.11870605744347885,0.41756755553646513,0.06299212598425197,0.5,2.6901023191249154,1.2763055904484109,8,18,127,43
h10_d05,LightGbmTuned,2,1095,127,0.5471457696228338,0.25546125827289157,0.13424397566343532,0.11870605744347885,0.41756755553646513,0.06299212598425197,0.5,2.6901023191249154,1.2763055904484109,8,18,127,44
h10_d05,LightGbmTuned,2,1095,127,0.5471457696228338,0.25546125827289157,0.13424397566343532,0.11870605744347885,0.41756755553646513,0.06299212598425197,0.5,2.6901023191249154,1.2763055904484109,8,18,127,45
h10_d05,LightGbmTuned,2,1095,127,0.5471457696228338,0.25546125827289157,0.13424397566343532,0.11870605744347885,0.41756755553646513,0.06299212598425197,0.5,2.6901023191249154,1.2763055904484109,8,18,127,46
h10_d05,NaiveBaseRate,3,1222,126,0.5,0.0555555555555555,0.052475617498078,0.0025459174395344,0.05810147299509,0.0,,,,0,7,126,42
h10_d05,NaiveBaseRate,3,1222,126,0.5,0.0555555555555555,0.052475617498078,0.0025459174395344,0.05810147299509,0.0,,,,0,7,126,43
h10_d05,NaiveBaseRate,3,1222,126,0.5,0.0555555555555555,0.052475617498078,0.0025459174395344,0.05810147299509,0.0,,,,0,7,126,44
h10_d05,NaiveBaseRate,3,1222,126,0.5,0.0555555555555555,0.052475617498078,0.0025459174395344,0.05810147299509,0.0,,,,0,7,126,45
h10_d05,NaiveBaseRate,3,1222,126,0.5,0.0555555555555555,0.052475617498078,0.0025459174395344,0.05810147299509,0.0,,,,0,7,126,46
h10_d05,VIXPercentileRaw,3,1222,126,0.6674669867947179,0.0862608306208685,0.3788963659641306,0.5336489751383369,0.9500409165302784,0.0,,,,0,7,126,42
h10_d05,VIXPercentileRaw,3,1222,126,0.6674669867947179,0.0862608306208685,0.3788963659641306,0.5336489751383369,0.9500409165302784,0.0,,,,0,7,126,43
h10_d05,VIXPercentileRaw,3,1222,126,0.6674669867947179,0.0862608306208685,0.3788963659641306,0.5336489751383369,0.9500409165302784,0.0,,,,0,7,126,44
h10_d05,VIXPercentileRaw,3,1222,126,0.6674669867947179,0.0862608306208685,0.3788963659641306,0.5336489751383369,0.9500409165302784,0.0,,,,0,7,126,45
h10_d05,VIXPercentileRaw,3,1222,126,0.6674669867947179,0.0862608306208685,0.3788963659641306,0.5336489751383369,0.9500409165302784,0.0,,,,0,7,126,46
h10_d05,VIXPercentileCalibrated,3,1222,126,0.695078031212485,0.1072378419452887,0.0546277425209349,0.0448317679791261,0.2638888888888889,0.0,,,,0,7,126,42
h10_d05,VIXPercentileCalibrated,3,1222,126,0.695078031212485,0.1072378419452887,0.0546277425209349,0.0448317679791261,0.2638888888888889,0.0,,,,0,7,126,43
h10_d05,VIXPercentileCalibrated,3,1222,126,0.695078031212485,0.1072378419452887,0.0546277425209349,0.0448317679791261,0.2638888888888889,0.0,,,,0,7,126,44
h10_d05,VIXPercentileCalibrated,3,1222,126,0.695078031212485,0.1072378419452887,0.0546277425209349,0.0448317679791261,0.2638888888888889,0.0,,,,0,7,126,45
h10_d05,VIXPercentileCalibrated,3,1222,126,0.695078031212485,0.1072378419452887,0.0546277425209349,0.0448317679791261,0.2638888888888889,0.0,,,,0,7,126,46
h10_d05,HarRvThreshold,3,1222,126,0.4757281553398058,0.0181818181818181,0.0126344570193498,0.0300487422881049,0.1915863272823548,0.0192307692307692,0.0,0.1959971343171354,,2,1,104,42
h10_d05,HarRvThreshold,3,1222,126,0.4757281553398058,0.0181818181818181,0.0126344570193498,0.0300487422881049,0.1915863272823548,0.0192307692307692,0.0,0.1959971343171354,,2,1,104,43
h10_d05,HarRvThreshold,3,1222,126,0.4757281553398058,0.0181818181818181,0.0126344570193498,0.0300487422881049,0.1915863272823548,0.0192307692307692,0.0,0.1959971343171354,,2,1,104,44
h10_d05,HarRvThreshold,3,1222,126,0.4757281553398058,0.0181818181818181,0.0126344570193498,0.0300487422881049,0.1915863272823548,0.0192307692307692,0.0,0.1959971343171354,,2,1,104,45
h10_d05,HarRvThreshold,3,1222,126,0.4757281553398058,0.0181818181818181,0.0126344570193498,0.0300487422881049,0.1915863272823548,0.0192307692307692,0.0,0.1959971343171354,,2,1,104,46
h10_d05,LogisticRegressionL2,3,1222,126,0.8067226890756303,0.3833103562576747,0.181095899831511,0.2391323738099719,0.8097701252612397,0.1349206349206349,0.1764705882352941,1.6121217868265276,0.9912742202452364,17,7,126,42
h10_d05,LogisticRegressionL2,3,1222,126,0.8067226890756303,0.3833103562576747,0.181095899831511,0.2391323738099719,0.8097701252612397,0.1349206349206349,0.1764705882352941,1.6121217868265276,0.9912742202452364,17,7,126,43
h10_d05,LogisticRegressionL2,3,1222,126,0.8067226890756303,0.3833103562576747,0.181095899831511,0.2391323738099719,0.8097701252612397,0.1349206349206349,0.1764705882352941,1.6121217868265276,0.9912742202452364,17,7,126,44
h10_d05,LogisticRegressionL2,3,1222,126,0.8067226890756303,0.3833103562576747,0.181095899831511,0.2391323738099719,0.8097701252612397,0.1349206349206349,0.1764705882352941,1.6121217868265276,0.9912742202452364,17,7,126,45
h10_d05,LogisticRegressionL2,3,1222,126,0.8067226890756303,0.3833103562576747,0.181095899831511,0.2391323738099719,0.8097701252612397,0.1349206349206349,0.1764705882352941,1.6121217868265276,0.9912742202452364,17,7,126,46
h10_d05,LightGbmTuned,3,1222,126,0.7815126050420168,0.13695454471232904,0.12217982137209736,0.19041910669526763,0.7241560397890671,0.047619047619047616,0.0,0.6448815424157954,,6,7,126,42
h10_d05,LightGbmTuned,3,1222,126,0.7815126050420168,0.13695454471232904,0.12217982137209736,0.19041910669526763,0.7241560397890671,0.047619047619047616,0.0,0.6448815424157954,,6,7,126,43
h10_d05,LightGbmTuned,3,1222,126,0.7815126050420168,0.13695454471232904,0.12217982137209736,0.19041910669526763,0.7241560397890671,0.047619047619047616,0.0,0.6448815424157954,,6,7,126,44
h10_d05,LightGbmTuned,3,1222,126,0.7815126050420168,0.13695454471232904,0.12217982137209736,0.19041910669526763,0.7241560397890671,0.047619047619047616,0.0,0.6448815424157954,,6,7,126,45
h10_d05,LightGbmTuned,3,1222,126,0.7815126050420168,0.13695454471232904,0.12217982137209736,0.19041910669526763,0.7241560397890671,0.047619047619047616,0.0,0.6448815424157954,,6,7,126,46
h10_d05,NaiveBaseRate,4,1348,127,,,0.0033481848039517,0.0578635014836795,0.0578635014836795,0.0,,,,0,0,127,42
h10_d05,NaiveBaseRate,4,1348,127,,,0.0033481848039517,0.0578635014836795,0.0578635014836795,0.0,,,,0,0,127,43
h10_d05,NaiveBaseRate,4,1348,127,,,0.0033481848039517,0.0578635014836795,0.0578635014836795,0.0,,,,0,0,127,44
h10_d05,NaiveBaseRate,4,1348,127,,,0.0033481848039517,0.0578635014836795,0.0578635014836795,0.0,,,,0,0,127,45
h10_d05,NaiveBaseRate,4,1348,127,,,0.0033481848039517,0.0578635014836795,0.0578635014836795,0.0,,,,0,0,127,46
h10_d05,VIXPercentileRaw,4,1348,127,,,0.0962004358861098,0.2272541414519031,0.9500370919881304,0.0,,,,0,0,127,42
h10_d05,VIXPercentileRaw,4,1348,127,,,0.0962004358861098,0.2272541414519031,0.9500370919881304,0.0,,,,0,0,127,43
h10_d05,VIXPercentileRaw,4,1348,127,,,0.0962004358861098,0.2272541414519031,0.9500370919881304,0.0,,,,0,0,127,44
h10_d05,VIXPercentileRaw,4,1348,127,,,0.0962004358861098,0.2272541414519031,0.9500370919881304,0.0,,,,0,0,127,45
h10_d05,VIXPercentileRaw,4,1348,127,,,0.0962004358861098,0.2272541414519031,0.9500370919881304,0.0,,,,0,0,127,46
h10_d05,VIXPercentileCalibrated,4,1348,127,,,0.0008376672627121,0.0232521198331237,0.2638888888888889,0.0,,,,0,0,127,42
h10_d05,VIXPercentileCalibrated,4,1348,127,,,0.0008376672627121,0.0232521198331237,0.2638888888888889,0.0,,,,0,0,127,43
h10_d05,VIXPercentileCalibrated,4,1348,127,,,0.0008376672627121,0.0232521198331237,0.2638888888888889,0.0,,,,0,0,127,44
h10_d05,VIXPercentileCalibrated,4,1348,127,,,0.0008376672627121,0.0232521198331237,0.2638888888888889,0.0,,,,0,0,127,45
h10_d05,VIXPercentileCalibrated,4,1348,127,,,0.0008376672627121,0.0232521198331237,0.2638888888888889,0.0,,,,0,0,127,46
h10_d05,HarRvThreshold,4,1348,127,,,0.0006249709869302,0.015667299280848,0.1850100455040534,0.0,,,,0,0,105,42
h10_d05,HarRvThreshold,4,1348,127,,,0.0006249709869302,0.015667299280848,0.1850100455040534,0.0,,,,0,0,105,43
h10_d05,HarRvThreshold,4,1348,127,,,0.0006249709869302,0.015667299280848,0.1850100455040534,0.0,,,,0,0,105,44
h10_d05,HarRvThreshold,4,1348,127,,,0.0006249709869302,0.015667299280848,0.1850100455040534,0.0,,,,0,0,105,45
h10_d05,HarRvThreshold,4,1348,127,,,0.0006249709869302,0.015667299280848,0.1850100455040534,0.0,,,,0,0,105,46
h10_d05,LogisticRegressionL2,4,1348,127,,,0.3557160741981258,0.4796431953110933,0.8232725660733939,0.2755905511811024,0.0,0.9966384999147386,,35,0,127,42
h10_d05,LogisticRegressionL2,4,1348,127,,,0.3557160741981258,0.4796431953110933,0.8232725660733939,0.2755905511811024,0.0,0.9966384999147386,,35,0,127,43
h10_d05,LogisticRegressionL2,4,1348,127,,,0.3557160741981258,0.4796431953110933,0.8232725660733939,0.2755905511811024,0.0,0.9966384999147386,,35,0,127,44
h10_d05,LogisticRegressionL2,4,1348,127,,,0.3557160741981258,0.4796431953110933,0.8232725660733939,0.2755905511811024,0.0,0.9966384999147386,,35,0,127,45
h10_d05,LogisticRegressionL2,4,1348,127,,,0.3557160741981258,0.4796431953110933,0.8232725660733939,0.2755905511811024,0.0,0.9966384999147386,,35,0,127,46
h10_d05,LightGbmTuned,4,1348,127,,,0.13942064994398376,0.33518428621544016,0.7409255137911879,0.05511811023622047,0.0,0.6930923292817907,,7,0,127,42
h10_d05,LightGbmTuned,4,1348,127,,,0.13942064994398376,0.33518428621544016,0.7409255137911879,0.05511811023622047,0.0,0.6930923292817907,,7,0,127,43
h10_d05,LightGbmTuned,4,1348,127,,,0.13942064994398376,0.33518428621544016,0.7409255137911879,0.05511811023622047,0.0,0.6930923292817907,,7,0,127,44
h10_d05,LightGbmTuned,4,1348,127,,,0.13942064994398376,0.33518428621544016,0.7409255137911879,0.05511811023622047,0.0,0.6930923292817907,,7,0,127,45
h10_d05,LightGbmTuned,4,1348,127,,,0.13942064994398376,0.33518428621544016,0.7409255137911879,0.05511811023622047,0.0,0.6930923292817907,,7,0,127,46
h10_d05,NaiveBaseRate,5,1475,125,,,0.0027964378052283,0.0528813559322033,0.0528813559322033,0.0,,,,0,0,125,42
h10_d05,NaiveBaseRate,5,1475,125,,,0.0027964378052283,0.0528813559322033,0.0528813559322033,0.0,,,,0,0,125,43
h10_d05,NaiveBaseRate,5,1475,125,,,0.0027964378052283,0.0528813559322033,0.0528813559322033,0.0,,,,0,0,125,44
h10_d05,NaiveBaseRate,5,1475,125,,,0.0027964378052283,0.0528813559322033,0.0528813559322033,0.0,,,,0,0,125,45
h10_d05,NaiveBaseRate,5,1475,125,,,0.0027964378052283,0.0528813559322033,0.0528813559322033,0.0,,,,0,0,125,46
h10_d05,VIXPercentileRaw,5,1475,125,,,0.0196717614478598,0.0641681355932203,0.9500338983050848,0.0,,,,0,0,125,42
h10_d05,VIXPercentileRaw,5,1475,125,,,0.0196717614478598,0.0641681355932203,0.9500338983050848,0.0,,,,0,0,125,43
h10_d05,VIXPercentileRaw,5,1475,125,,,0.0196717614478598,0.0641681355932203,0.9500338983050848,0.0,,,,0,0,125,44
h10_d05,VIXPercentileRaw,5,1475,125,,,0.0196717614478598,0.0641681355932203,0.9500338983050848,0.0,,,,0,0,125,45
h10_d05,VIXPercentileRaw,5,1475,125,,,0.0196717614478598,0.0641681355932203,0.9500338983050848,0.0,,,,0,0,125,46
h10_d05,VIXPercentileCalibrated,5,1475,125,,,0.0001162583770215,0.0049398644075941,0.2,0.0,,,,0,0,125,42
h10_d05,VIXPercentileCalibrated,5,1475,125,,,0.0001162583770215,0.0049398644075941,0.2,0.0,,,,0,0,125,43
h10_d05,VIXPercentileCalibrated,5,1475,125,,,0.0001162583770215,0.0049398644075941,0.2,0.0,,,,0,0,125,44
h10_d05,VIXPercentileCalibrated,5,1475,125,,,0.0001162583770215,0.0049398644075941,0.2,0.0,,,,0,0,125,45
h10_d05,VIXPercentileCalibrated,5,1475,125,,,0.0001162583770215,0.0049398644075941,0.2,0.0,,,,0,0,125,46
h10_d05,HarRvThreshold,5,1475,125,,,0.000132338704257,0.0082677794446149,0.1702645009067781,0.0,,,,0,0,103,42
h10_d05,HarRvThreshold,5,1475,125,,,0.000132338704257,0.0082677794446149,0.1702645009067781,0.0,,,,0,0,103,43
h10_d05,HarRvThreshold,5,1475,125,,,0.000132338704257,0.0082677794446149,0.1702645009067781,0.0,,,,0,0,103,44
h10_d05,HarRvThreshold,5,1475,125,,,0.000132338704257,0.0082677794446149,0.1702645009067781,0.0,,,,0,0,103,45
h10_d05,HarRvThreshold,5,1475,125,,,0.000132338704257,0.0082677794446149,0.1702645009067781,0.0,,,,0,0,103,46
h10_d05,LogisticRegressionL2,5,1475,125,,,0.1167002013296477,0.2731158149694472,0.8012461443094991,0.016,0.0,1.0642152376518614,,2,0,125,42
h10_d05,LogisticRegressionL2,5,1475,125,,,0.1167002013296477,0.2731158149694472,0.8012461443094991,0.016,0.0,1.0642152376518614,,2,0,125,43
h10_d05,LogisticRegressionL2,5,1475,125,,,0.1167002013296477,0.2731158149694472,0.8012461443094991,0.016,0.0,1.0642152376518614,,2,0,125,44
h10_d05,LogisticRegressionL2,5,1475,125,,,0.1167002013296477,0.2731158149694472,0.8012461443094991,0.016,0.0,1.0642152376518614,,2,0,125,45
h10_d05,LogisticRegressionL2,5,1475,125,,,0.1167002013296477,0.2731158149694472,0.8012461443094991,0.016,0.0,1.0642152376518614,,2,0,125,46
h10_d05,LightGbmTuned,5,1475,125,,,0.029733616268559693,0.09233955835853824,0.6066774784756381,0.016,0.0,1.0642152376518614,,2,0,125,42
h10_d05,LightGbmTuned,5,1475,125,,,0.029733616268559693,0.09233955835853824,0.6066774784756381,0.016,0.0,1.0642152376518614,,2,0,125,43
h10_d05,LightGbmTuned,5,1475,125,,,0.029733616268559693,0.09233955835853824,0.6066774784756381,0.016,0.0,1.0642152376518614,,2,0,125,44
h10_d05,LightGbmTuned,5,1475,125,,,0.029733616268559693,0.09233955835853824,0.6066774784756381,0.016,0.0,1.0642152376518614,,2,0,125,45
h10_d05,LightGbmTuned,5,1475,125,,,0.029733616268559693,0.09233955835853824,0.6066774784756381,0.016,0.0,1.0642152376518614,,2,0,125,46
h10_d05,NaiveBaseRate,6,1600,126,,,0.0023765624999999,0.04875,0.04875,0.0,,,,0,0,126,42
h10_d05,NaiveBaseRate,6,1600,126,,,0.0023765624999999,0.04875,0.04875,0.0,,,,0,0,126,43
h10_d05,NaiveBaseRate,6,1600,126,,,0.0023765624999999,0.04875,0.04875,0.0,,,,0,0,126,44
h10_d05,NaiveBaseRate,6,1600,126,,,0.0023765624999999,0.04875,0.04875,0.0,,,,0,0,126,45
h10_d05,NaiveBaseRate,6,1600,126,,,0.0023765624999999,0.04875,0.04875,0.0,,,,0,0,126,46
h10_d05,VIXPercentileRaw,6,1600,126,,,0.0114819475446428,0.0435565476190476,0.95003125,0.0,,,,0,0,126,42
h10_d05,VIXPercentileRaw,6,1600,126,,,0.0114819475446428,0.0435565476190476,0.95003125,0.0,,,,0,0,126,43
h10_d05,VIXPercentileRaw,6,1600,126,,,0.0114819475446428,0.0435565476190476,0.95003125,0.0,,,,0,0,126,44
h10_d05,VIXPercentileRaw,6,1600,126,,,0.0114819475446428,0.0435565476190476,0.95003125,0.0,,,,0,0,126,45
h10_d05,VIXPercentileRaw,6,1600,126,,,0.0114819475446428,0.0435565476190476,0.95003125,0.0,,,,0,0,126,46
h10_d05,VIXPercentileCalibrated,6,1600,126,,,5.451108757205361e-05,0.0020467943003611,0.2,0.0,,,,0,0,126,42
h10_d05,VIXPercentileCalibrated,6,1600,126,,,5.451108757205361e-05,0.0020467943003611,0.2,0.0,,,,0,0,126,43
h10_d05,VIXPercentileCalibrated,6,1600,126,,,5.451108757205361e-05,0.0020467943003611,0.2,0.0,,,,0,0,126,44
h10_d05,VIXPercentileCalibrated,6,1600,126,,,5.451108757205361e-05,0.0020467943003611,0.2,0.0,,,,0,0,126,45
h10_d05,VIXPercentileCalibrated,6,1600,126,,,5.451108757205361e-05,0.0020467943003611,0.2,0.0,,,,0,0,126,46
h10_d05,HarRvThreshold,6,1600,126,,,0.0001064127608672,0.0068995199809706,0.1612325941763246,0.0,,,,0,0,104,42
h10_d05,HarRvThreshold,6,1600,126,,,0.0001064127608672,0.0068995199809706,0.1612325941763246,0.0,,,,0,0,104,43
h10_d05,HarRvThreshold,6,1600,126,,,0.0001064127608672,0.0068995199809706,0.1612325941763246,0.0,,,,0,0,104,44
h10_d05,HarRvThreshold,6,1600,126,,,0.0001064127608672,0.0068995199809706,0.1612325941763246,0.0,,,,0,0,104,45
h10_d05,HarRvThreshold,6,1600,126,,,0.0001064127608672,0.0068995199809706,0.1612325941763246,0.0,,,,0,0,104,46
h10_d05,LogisticRegressionL2,6,1600,126,,,0.1733280832845473,0.3082018530609529,0.7987852020408468,0.1031746031746031,0.0,1.2860992932462103,,13,0,126,42
h10_d05,LogisticRegressionL2,6,1600,126,,,0.1733280832845473,0.3082018530609529,0.7987852020408468,0.1031746031746031,0.0,1.2860992932462103,,13,0,126,43
h10_d05,LogisticRegressionL2,6,1600,126,,,0.1733280832845473,0.3082018530609529,0.7987852020408468,0.1031746031746031,0.0,1.2860992932462103,,13,0,126,44
h10_d05,LogisticRegressionL2,6,1600,126,,,0.1733280832845473,0.3082018530609529,0.7987852020408468,0.1031746031746031,0.0,1.2860992932462103,,13,0,126,45
h10_d05,LogisticRegressionL2,6,1600,126,,,0.1733280832845473,0.3082018530609529,0.7987852020408468,0.1031746031746031,0.0,1.2860992932462103,,13,0,126,46
h10_d05,LightGbmTuned,6,1600,126,,,0.03596330084185472,0.1249050091261072,0.7067986071022384,0.007936507936507936,0.0,1.7066325078447944,,1,0,126,42
h10_d05,LightGbmTuned,6,1600,126,,,0.03596330084185472,0.1249050091261072,0.7067986071022384,0.007936507936507936,0.0,1.7066325078447944,,1,0,126,43
h10_d05,LightGbmTuned,6,1600,126,,,0.03596330084185472,0.1249050091261072,0.7067986071022384,0.007936507936507936,0.0,1.7066325078447944,,1,0,126,44
h10_d05,LightGbmTuned,6,1600,126,,,0.03596330084185472,0.1249050091261072,0.7067986071022384,0.007936507936507936,0.0,1.7066325078447944,,1,0,126,45
h10_d05,LightGbmTuned,6,1600,126,,,0.03596330084185472,0.1249050091261072,0.7067986071022384,0.007936507936507936,0.0,1.7066325078447944,,1,0,126,46
h10_d05,NaiveBaseRate,7,1726,125,0.5,0.128,0.1184732984321313,0.0828088064889919,0.0451911935110081,0.0,,,,0,16,125,42
h10_d05,NaiveBaseRate,7,1726,125,0.5,0.128,0.1184732984321313,0.0828088064889919,0.0451911935110081,0.0,,,,0,16,125,43
h10_d05,NaiveBaseRate,7,1726,125,0.5,0.128,0.1184732984321313,0.0828088064889919,0.0451911935110081,0.0,,,,0,16,125,44
h10_d05,NaiveBaseRate,7,1726,125,0.5,0.128,0.1184732984321313,0.0828088064889919,0.0451911935110081,0.0,,,,0,16,125,45
h10_d05,NaiveBaseRate,7,1726,125,0.5,0.128,0.1184732984321313,0.0828088064889919,0.0451911935110081,0.0,,,,0,16,125,46
h10_d05,VIXPercentileRaw,7,1726,125,0.3491972477064219,0.0987503070335336,0.3891266500082576,0.4397450753186558,0.9500289687137892,0.032,0.0,0.5362847101343831,,4,16,125,42
h10_d05,VIXPercentileRaw,7,1726,125,0.3491972477064219,0.0987503070335336,0.3891266500082576,0.4397450753186558,0.9500289687137892,0.032,0.0,0.5362847101343831,,4,16,125,43
h10_d05,VIXPercentileRaw,7,1726,125,0.3491972477064219,0.0987503070335336,0.3891266500082576,0.4397450753186558,0.9500289687137892,0.032,0.0,0.5362847101343831,,4,16,125,44
h10_d05,VIXPercentileRaw,7,1726,125,0.3491972477064219,0.0987503070335336,0.3891266500082576,0.4397450753186558,0.9500289687137892,0.032,0.0,0.5362847101343831,,4,16,125,45
h10_d05,VIXPercentileRaw,7,1726,125,0.3491972477064219,0.0987503070335336,0.3891266500082576,0.4397450753186558,0.9500289687137892,0.032,0.0,0.5362847101343831,,4,16,125,46
h10_d05,VIXPercentileCalibrated,7,1726,125,0.3377293577981651,0.1037696673322102,0.1265655753634751,0.1086613539908262,0.1333333333333333,0.024,0.0,0.9692018597777808,,3,16,125,42
h10_d05,VIXPercentileCalibrated,7,1726,125,0.3377293577981651,0.1037696673322102,0.1265655753634751,0.1086613539908262,0.1333333333333333,0.024,0.0,0.9692018597777808,,3,16,125,43
h10_d05,VIXPercentileCalibrated,7,1726,125,0.3377293577981651,0.1037696673322102,0.1265655753634751,0.1086613539908262,0.1333333333333333,0.024,0.0,0.9692018597777808,,3,16,125,44
h10_d05,VIXPercentileCalibrated,7,1726,125,0.3377293577981651,0.1037696673322102,0.1265655753634751,0.1086613539908262,0.1333333333333333,0.024,0.0,0.9692018597777808,,3,16,125,45
h10_d05,VIXPercentileCalibrated,7,1726,125,0.3377293577981651,0.1037696673322102,0.1265655753634751,0.1086613539908262,0.1333333333333333,0.024,0.0,0.9692018597777808,,3,16,125,46
h10_d05,HarRvThreshold,7,1726,125,0.4985119047619047,0.0723229994892011,0.0708362497727173,0.0710183302174088,0.1508119396893122,0.1262135922330097,0.0,0.6695649985579378,,13,7,103,42
h10_d05,HarRvThreshold,7,1726,125,0.4985119047619047,0.0723229994892011,0.0708362497727173,0.0710183302174088,0.1508119396893122,0.1262135922330097,0.0,0.6695649985579378,,13,7,103,43
h10_d05,HarRvThreshold,7,1726,125,0.4985119047619047,0.0723229994892011,0.0708362497727173,0.0710183302174088,0.1508119396893122,0.1262135922330097,0.0,0.6695649985579378,,13,7,103,44
h10_d05,HarRvThreshold,7,1726,125,0.4985119047619047,0.0723229994892011,0.0708362497727173,0.0710183302174088,0.1508119396893122,0.1262135922330097,0.0,0.6695649985579378,,13,7,103,45
h10_d05,HarRvThreshold,7,1726,125,0.4985119047619047,0.0723229994892011,0.0708362497727173,0.0710183302174088,0.1508119396893122,0.1262135922330097,0.0,0.6695649985579378,,13,7,103,46
h10_d05,LogisticRegressionL2,7,1726,125,0.180045871559633,0.0797901636854847,0.1555944662309535,0.1639555613497459,0.8023250860076561,0.008,0.0,2.646779070837535,,1,16,125,42
h10_d05,LogisticRegressionL2,7,1726,125,0.180045871559633,0.0797901636854847,0.1555944662309535,0.1639555613497459,0.8023250860076561,0.008,0.0,2.646779070837535,,1,16,125,43
h10_d05,LogisticRegressionL2,7,1726,125,0.180045871559633,0.0797901636854847,0.1555944662309535,0.1639555613497459,0.8023250860076561,0.008,0.0,2.646779070837535,,1,16,125,44
h10_d05,LogisticRegressionL2,7,1726,125,0.180045871559633,0.0797901636854847,0.1555944662309535,0.1639555613497459,0.8023250860076561,0.008,0.0,2.646779070837535,,1,16,125,45
h10_d05,LogisticRegressionL2,7,1726,125,0.180045871559633,0.0797901636854847,0.1555944662309535,0.1639555613497459,0.8023250860076561,0.008,0.0,2.646779070837535,,1,16,125,46
h10_d05,LightGbmTuned,7,1726,125,0.37643348623853207,0.10237538709388024,0.197430618353059,0.20615947724082828,0.7417450982671447,0.024,0.0,0.6464843523657713,,3,16,125,42
h10_d05,LightGbmTuned,7,1726,125,0.37643348623853207,0.10237538709388024,0.197430618353059,0.20615947724082828,0.7417450982671447,0.024,0.0,0.6464843523657713,,3,16,125,43
h10_d05,LightGbmTuned,7,1726,125,0.37643348623853207,0.10237538709388024,0.197430618353059,0.20615947724082828,0.7417450982671447,0.024,0.0,0.6464843523657713,,3,16,125,44
h10_d05,LightGbmTuned,7,1726,125,0.37643348623853207,0.10237538709388024,0.197430618353059,0.20615947724082828,0.7417450982671447,0.024,0.0,0.6464843523657713,,3,16,125,45
h10_d05,LightGbmTuned,7,1726,125,0.37643348623853207,0.10237538709388024,0.197430618353059,0.20615947724082828,0.7417450982671447,0.024,0.0,0.6464843523657713,,3,16,125,46
h10_d05,NaiveBaseRate,8,1851,125,0.5,0.224,0.2038280042531072,0.1732166396542409,0.050783360345759,0.0,,,,0,28,125,42
h10_d05,NaiveBaseRate,8,1851,125,0.5,0.224,0.2038280042531072,0.1732166396542409,0.050783360345759,0.0,,,,0,28,125,43
h10_d05,NaiveBaseRate,8,1851,125,0.5,0.224,0.2038280042531072,0.1732166396542409,0.050783360345759,0.0,,,,0,28,125,44
h10_d05,NaiveBaseRate,8,1851,125,0.5,0.224,0.2038280042531072,0.1732166396542409,0.050783360345759,0.0,,,,0,28,125,45
h10_d05,NaiveBaseRate,8,1851,125,0.5,0.224,0.2038280042531072,0.1732166396542409,0.050783360345759,0.0,,,,0,28,125,46
h10_d05,VIXPercentileRaw,8,1851,125,0.6235272459499264,0.2941268669057637,0.3060196316561696,0.3281080497028633,0.9500270124257156,0.048,0.0,0.4945509233305439,,6,28,125,42
h10_d05,VIXPercentileRaw,8,1851,125,0.6235272459499264,0.2941268669057637,0.3060196316561696,0.3281080497028633,0.9500270124257156,0.048,0.0,0.4945509233305439,,6,28,125,43
h10_d05,VIXPercentileRaw,8,1851,125,0.6235272459499264,0.2941268669057637,0.3060196316561696,0.3281080497028633,0.9500270124257156,0.048,0.0,0.4945509233305439,,6,28,125,44
h10_d05,VIXPercentileRaw,8,1851,125,0.6235272459499264,0.2941268669057637,0.3060196316561696,0.3281080497028633,0.9500270124257156,0.048,0.0,0.4945509233305439,,6,28,125,45
h10_d05,VIXPercentileRaw,8,1851,125,0.6235272459499264,0.2941268669057637,0.3060196316561696,0.3281080497028633,0.9500270124257156,0.048,0.0,0.4945509233305439,,6,28,125,46
h10_d05,VIXPercentileCalibrated,8,1851,125,0.6181885125184093,0.2794530886688585,0.2014188814371782,0.1743267754695667,0.1176470588235294,0.032,0.0,0.1062095494289779,,4,28,125,42
h10_d05,VIXPercentileCalibrated,8,1851,125,0.6181885125184093,0.2794530886688585,0.2014188814371782,0.1743267754695667,0.1176470588235294,0.032,0.0,0.1062095494289779,,4,28,125,43
h10_d05,VIXPercentileCalibrated,8,1851,125,0.6181885125184093,0.2794530886688585,0.2014188814371782,0.1743267754695667,0.1176470588235294,0.032,0.0,0.1062095494289779,,4,28,125,44
h10_d05,VIXPercentileCalibrated,8,1851,125,0.6181885125184093,0.2794530886688585,0.2014188814371782,0.1743267754695667,0.1176470588235294,0.032,0.0,0.1062095494289779,,4,28,125,45
h10_d05,VIXPercentileCalibrated,8,1851,125,0.6181885125184093,0.2794530886688585,0.2014188814371782,0.1743267754695667,0.1176470588235294,0.032,0.0,0.1062095494289779,,4,28,125,46
h10_d05,HarRvThreshold,8,1851,125,0.5571428571428572,0.3300121345380805,0.2407727628552015,0.2244546716860475,0.1592258132286761,0.0970873786407767,0.4,1.0739472958483531,1.098636807216599,10,28,103,42
h10_d05,HarRvThreshold,8,1851,125,0.5571428571428572,0.3300121345380805,0.2407727628552015,0.2244546716860475,0.1592258132286761,0.0970873786407767,0.4,1.0739472958483531,1.098636807216599,10,28,103,43
h10_d05,HarRvThreshold,8,1851,125,0.5571428571428572,0.3300121345380805,0.2407727628552015,0.2244546716860475,0.1592258132286761,0.0970873786407767,0.4,1.0739472958483531,1.098636807216599,10,28,103,44
h10_d05,HarRvThreshold,8,1851,125,0.5571428571428572,0.3300121345380805,0.2407727628552015,0.2244546716860475,0.1592258132286761,0.0970873786407767,0.4,1.0739472958483531,1.098636807216599,10,28,103,45
h10_d05,HarRvThreshold,8,1851,125,0.5571428571428572,0.3300121345380805,0.2407727628552015,0.2244546716860475,0.1592258132286761,0.0970873786407767,0.4,1.0739472958483531,1.098636807216599,10,28,103,46
h10_d05,LogisticRegressionL2,8,1851,125,0.5338733431516937,0.2757992714906654,0.2817081219130994,0.2909787235927584,0.8319645265350708,0.088,0.1818181818181818,0.7983666763312678,0.8942868002830718,11,28,125,42
h10_d05,LogisticRegressionL2,8,1851,125,0.5338733431516937,0.2757992714906654,0.2817081219130994,0.2909787235927584,0.8319645265350708,0.088,0.1818181818181818,0.7983666763312678,0.8942868002830718,11,28,125,43
h10_d05,LogisticRegressionL2,8,1851,125,0.5338733431516937,0.2757992714906654,0.2817081219130994,0.2909787235927584,0.8319645265350708,0.088,0.1818181818181818,0.7983666763312678,0.8942868002830718,11,28,125,44
h10_d05,LogisticRegressionL2,8,1851,125,0.5338733431516937,0.2757992714906654,0.2817081219130994,0.2909787235927584,0.8319645265350708,0.088,0.1818181818181818,0.7983666763312678,0.8942868002830718,11,28,125,45
h10_d05,LogisticRegressionL2,8,1851,125,0.5338733431516937,0.2757992714906654,0.2817081219130994,0.2909787235927584,0.8319645265350708,0.088,0.1818181818181818,0.7983666763312678,0.8942868002830718,11,28,125,46
h10_d05,LightGbmTuned,8,1851,125,0.6049337260677468,0.26213329089542814,0.19971806350242066,0.1009081469395971,0.689384872679859,0.016,0.0,1.3712734271898526,,2,28,125,42
h10_d05,LightGbmTuned,8,1851,125,0.6049337260677468,0.26213329089542814,0.19971806350242066,0.1009081469395971,0.689384872679859,0.016,0.0,1.3712734271898526,,2,28,125,43
h10_d05,LightGbmTuned,8,1851,125,0.6049337260677468,0.26213329089542814,0.19971806350242066,0.1009081469395971,0.689384872679859,0.016,0.0,1.3712734271898526,,2,28,125,44
h10_d05,LightGbmTuned,8,1851,125,0.6049337260677468,0.26213329089542814,0.19971806350242066,0.1009081469395971,0.689384872679859,0.016,0.0,1.3712734271898526,,2,28,125,45
h10_d05,LightGbmTuned,8,1851,125,0.6049337260677468,0.26213329089542814,0.19971806350242066,0.1009081469395971,0.689384872679859,0.016,0.0,1.3712734271898526,,2,28,125,46
h10_d05,NaiveBaseRate,9,1976,125,,,0.0038119375829795,0.0617408906882591,0.0617408906882591,0.0,,,,0,0,125,42
h10_d05,NaiveBaseRate,9,1976,125,,,0.0038119375829795,0.0617408906882591,0.0617408906882591,0.0,,,,0,0,125,43
h10_d05,NaiveBaseRate,9,1976,125,,,0.0038119375829795,0.0617408906882591,0.0617408906882591,0.0,,,,0,0,125,44
h10_d05,NaiveBaseRate,9,1976,125,,,0.0038119375829795,0.0617408906882591,0.0617408906882591,0.0,,,,0,0,125,45
h10_d05,NaiveBaseRate,9,1976,125,,,0.0038119375829795,0.0617408906882591,0.0617408906882591,0.0,,,,0,0,125,46
h10_d05,VIXPercentileRaw,9,1976,125,,,0.3430468721827927,0.554085020242915,0.9500253036437248,0.0,,,,0,0,125,42
h10_d05,VIXPercentileRaw,9,1976,125,,,0.3430468721827927,0.554085020242915,0.9500253036437248,0.0,,,,0,0,125,43
h10_d05,VIXPercentileRaw,9,1976,125,,,0.3430468721827927,0.554085020242915,0.9500253036437248,0.0,,,,0,0,125,44
h10_d05,VIXPercentileRaw,9,1976,125,,,0.3430468721827927,0.554085020242915,0.9500253036437248,0.0,,,,0,0,125,45
h10_d05,VIXPercentileRaw,9,1976,125,,,0.3430468721827927,0.554085020242915,0.9500253036437248,0.0,,,,0,0,125,46
h10_d05,VIXPercentileCalibrated,9,1976,125,,,0.0039904578793158,0.0572581524217358,0.1386138613861386,0.0,,,,0,0,125,42
h10_d05,VIXPercentileCalibrated,9,1976,125,,,0.0039904578793158,0.0572581524217358,0.1386138613861386,0.0,,,,0,0,125,43
h10_d05,VIXPercentileCalibrated,9,1976,125,,,0.0039904578793158,0.0572581524217358,0.1386138613861386,0.0,,,,0,0,125,44
h10_d05,VIXPercentileCalibrated,9,1976,125,,,0.0039904578793158,0.0572581524217358,0.1386138613861386,0.0,,,,0,0,125,45
h10_d05,VIXPercentileCalibrated,9,1976,125,,,0.0039904578793158,0.0572581524217358,0.1386138613861386,0.0,,,,0,0,125,46
h10_d05,HarRvThreshold,9,1976,125,,,0.0010958518548863,0.0273742420493247,0.1678978305159221,0.0,,,,0,0,103,42
h10_d05,HarRvThreshold,9,1976,125,,,0.0010958518548863,0.0273742420493247,0.1678978305159221,0.0,,,,0,0,103,43
h10_d05,HarRvThreshold,9,1976,125,,,0.0010958518548863,0.0273742420493247,0.1678978305159221,0.0,,,,0,0,103,44
h10_d05,HarRvThreshold,9,1976,125,,,0.0010958518548863,0.0273742420493247,0.1678978305159221,0.0,,,,0,0,103,45
h10_d05,HarRvThreshold,9,1976,125,,,0.0010958518548863,0.0273742420493247,0.1678978305159221,0.0,,,,0,0,103,46
h10_d05,LogisticRegressionL2,9,1976,125,,,0.2323897249551087,0.4160901022875201,0.8396719366324326,0.048,0.0,0.2088110534702478,,6,0,125,42
h10_d05,LogisticRegressionL2,9,1976,125,,,0.2323897249551087,0.4160901022875201,0.8396719366324326,0.048,0.0,0.2088110534702478,,6,0,125,43
h10_d05,LogisticRegressionL2,9,1976,125,,,0.2323897249551087,0.4160901022875201,0.8396719366324326,0.048,0.0,0.2088110534702478,,6,0,125,44
h10_d05,LogisticRegressionL2,9,1976,125,,,0.2323897249551087,0.4160901022875201,0.8396719366324326,0.048,0.0,0.2088110534702478,,6,0,125,45
h10_d05,LogisticRegressionL2,9,1976,125,,,0.2323897249551087,0.4160901022875201,0.8396719366324326,0.048,0.0,0.2088110534702478,,6,0,125,46
h10_d05,LightGbmTuned,9,1976,125,,,0.10199387274521146,0.23739287636478373,0.7655049561566456,0.064,0.0,0.3532045849702078,,8,0,125,42
h10_d05,LightGbmTuned,9,1976,125,,,0.10199387274521146,0.23739287636478373,0.7655049561566456,0.064,0.0,0.3532045849702078,,8,0,125,43
h10_d05,LightGbmTuned,9,1976,125,,,0.10199387274521146,0.23739287636478373,0.7655049561566456,0.064,0.0,0.3532045849702078,,8,0,125,44
h10_d05,LightGbmTuned,9,1976,125,,,0.10199387274521146,0.23739287636478373,0.7655049561566456,0.064,0.0,0.3532045849702078,,8,0,125,45
h10_d05,LightGbmTuned,9,1976,125,,,0.10199387274521146,0.23739287636478373,0.7655049561566456,0.064,0.0,0.3532045849702078,,8,0,125,46
h10_d05,NaiveBaseRate,10,2101,127,0.5,0.0472440944881889,0.0451292380113762,0.0108234923752094,0.0580675868633983,0.0,,,,0,6,127,42
h10_d05,NaiveBaseRate,10,2101,127,0.5,0.0472440944881889,0.0451292380113762,0.0108234923752094,0.0580675868633983,0.0,,,,0,6,127,43
h10_d05,NaiveBaseRate,10,2101,127,0.5,0.0472440944881889,0.0451292380113762,0.0108234923752094,0.0580675868633983,0.0,,,,0,6,127,44
h10_d05,NaiveBaseRate,10,2101,127,0.5,0.0472440944881889,0.0451292380113762,0.0108234923752094,0.0580675868633983,0.0,,,,0,6,127,45
h10_d05,NaiveBaseRate,10,2101,127,0.5,0.0472440944881889,0.0451292380113762,0.0108234923752094,0.0580675868633983,0.0,,,,0,6,127,46
h10_d05,VIXPercentileRaw,10,2101,127,0.1845730027548209,0.0322015626417856,0.2871801625322275,0.4114576111113193,0.9500237981913374,0.0,,,,0,6,127,42
h10_d05,VIXPercentileRaw,10,2101,127,0.1845730027548209,0.0322015626417856,0.2871801625322275,0.4114576111113193,0.9500237981913374,0.0,,,,0,6,127,43
h10_d05,VIXPercentileRaw,10,2101,127,0.1845730027548209,0.0322015626417856,0.2871801625322275,0.4114576111113193,0.9500237981913374,0.0,,,,0,6,127,44
h10_d05,VIXPercentileRaw,10,2101,127,0.1845730027548209,0.0322015626417856,0.2871801625322275,0.4114576111113193,0.9500237981913374,0.0,,,,0,6,127,45
h10_d05,VIXPercentileRaw,10,2101,127,0.1845730027548209,0.0322015626417856,0.2871801625322275,0.4114576111113193,0.9500237981913374,0.0,,,,0,6,127,46
h10_d05,VIXPercentileCalibrated,10,2101,127,0.2190082644628099,0.0414534120734908,0.0470650404387626,0.0032144881842827,0.1346153846153846,0.0,,,,0,6,127,42
h10_d05,VIXPercentileCalibrated,10,2101,127,0.2190082644628099,0.0414534120734908,0.0470650404387626,0.0032144881842827,0.1346153846153846,0.0,,,,0,6,127,43
h10_d05,VIXPercentileCalibrated,10,2101,127,0.2190082644628099,0.0414534120734908,0.0470650404387626,0.0032144881842827,0.1346153846153846,0.0,,,,0,6,127,44
h10_d05,VIXPercentileCalibrated,10,2101,127,0.2190082644628099,0.0414534120734908,0.0470650404387626,0.0032144881842827,0.1346153846153846,0.0,,,,0,6,127,45
h10_d05,VIXPercentileCalibrated,10,2101,127,0.2190082644628099,0.0414534120734908,0.0470650404387626,0.0032144881842827,0.1346153846153846,0.0,,,,0,6,127,46
h10_d05,HarRvThreshold,10,2101,127,,,0.0031214292545083,0.0388828282276888,0.1687797523336607,0.0095238095238095,0.0,0.3229276009456118,,1,0,105,42
h10_d05,HarRvThreshold,10,2101,127,,,0.0031214292545083,0.0388828282276888,0.1687797523336607,0.0095238095238095,0.0,0.3229276009456118,,1,0,105,43
h10_d05,HarRvThreshold,10,2101,127,,,0.0031214292545083,0.0388828282276888,0.1687797523336607,0.0095238095238095,0.0,0.3229276009456118,,1,0,105,44
h10_d05,HarRvThreshold,10,2101,127,,,0.0031214292545083,0.0388828282276888,0.1687797523336607,0.0095238095238095,0.0,0.3229276009456118,,1,0,105,45
h10_d05,HarRvThreshold,10,2101,127,,,0.0031214292545083,0.0388828282276888,0.1687797523336607,0.0095238095238095,0.0,0.3229276009456118,,1,0,105,46
h10_d05,LogisticRegressionL2,10,2101,127,,,0.0187805622812638,0.1093160813352703,0.8377969689512876,0.0,,,,0,0,3,42
h10_d05,LogisticRegressionL2,10,2101,127,,,0.0187805622812638,0.1093160813352703,0.8377969689512876,0.0,,,,0,0,3,43
h10_d05,LogisticRegressionL2,10,2101,127,,,0.0187805622812638,0.1093160813352703,0.8377969689512876,0.0,,,,0,0,3,44
h10_d05,LogisticRegressionL2,10,2101,127,,,0.0187805622812638,0.1093160813352703,0.8377969689512876,0.0,,,,0,0,3,45
h10_d05,LogisticRegressionL2,10,2101,127,,,0.0187805622812638,0.1093160813352703,0.8377969689512876,0.0,,,,0,0,3,46
h10_d05,LightGbmTuned,10,2101,127,,,0.0013600828481142434,0.03292521969554448,0.7143250840216957,0.0,,,,0,0,3,42
h10_d05,LightGbmTuned,10,2101,127,,,0.0013600828481142434,0.03292521969554448,0.7143250840216957,0.0,,,,0,0,3,43
h10_d05,LightGbmTuned,10,2101,127,,,0.0013600828481142434,0.03292521969554448,0.7143250840216957,0.0,,,,0,0,3,44
h10_d05,LightGbmTuned,10,2101,127,,,0.0013600828481142434,0.03292521969554448,0.7143250840216957,0.0,,,,0,0,3,45
h10_d05,LightGbmTuned,10,2101,127,,,0.0013600828481142434,0.03292521969554448,0.7143250840216957,0.0,,,,0,0,3,46
h10_d05,NaiveBaseRate,11,2228,126,0.5,0.2698412698412698,0.2421367435178921,0.212390641475022,0.0574506283662477,0.0,,,,0,34,126,42
h10_d05,NaiveBaseRate,11,2228,126,0.5,0.2698412698412698,0.2421367435178921,0.212390641475022,0.0574506283662477,0.0,,,,0,34,126,43
h10_d05,NaiveBaseRate,11,2228,126,0.5,0.2698412698412698,0.2421367435178921,0.212390641475022,0.0574506283662477,0.0,,,,0,34,126,44
h10_d05,NaiveBaseRate,11,2228,126,0.5,0.2698412698412698,0.2421367435178921,0.212390641475022,0.0574506283662477,0.0,,,,0,34,126,45
h10_d05,NaiveBaseRate,11,2228,126,0.5,0.2698412698412698,0.2421367435178921,0.212390641475022,0.0574506283662477,0.0,,,,0,34,126,46
h10_d05,VIXPercentileRaw,11,2228,126,0.5724104859335039,0.3863674883930451,0.5591517069724897,0.5574363796984982,0.9500224416517056,0.6746031746031746,0.2588235294117647,1.0264032992593808,1.0945191301680006,85,34,126,42
h10_d05,VIXPercentileRaw,11,2228,126,0.5724104859335039,0.3863674883930451,0.5591517069724897,0.5574363796984982,0.9500224416517056,0.6746031746031746,0.2588235294117647,1.0264032992593808,1.0945191301680006,85,34,126,43
h10_d05,VIXPercentileRaw,11,2228,126,0.5724104859335039,0.3863674883930451,0.5591517069724897,0.5574363796984982,0.9500224416517056,0.6746031746031746,0.2588235294117647,1.0264032992593808,1.0945191301680006,85,34,126,44
h10_d05,VIXPercentileRaw,11,2228,126,0.5724104859335039,0.3863674883930451,0.5591517069724897,0.5574363796984982,0.9500224416517056,0.6746031746031746,0.2588235294117647,1.0264032992593808,1.0945191301680006,85,34,126,45
h10_d05,VIXPercentileRaw,11,2228,126,0.5724104859335039,0.3863674883930451,0.5591517069724897,0.5574363796984982,0.9500224416517056,0.6746031746031746,0.2588235294117647,1.0264032992593808,1.0945191301680006,85,34,126,46
h10_d05,VIXPercentileCalibrated,11,2228,126,0.5,0.2709658364524128,0.2149501526736862,0.0987876663085074,0.1333333333333333,0.5476190476190477,0.2608695652173913,1.0920802566694037,1.1802004648402038,69,34,126,42
h10_d05,VIXPercentileCalibrated,11,2228,126,0.5,0.2709658364524128,0.2149501526736862,0.0987876663085074,0.1333333333333333,0.5476190476190477,0.2608695652173913,1.0920802566694037,1.1802004648402038,69,34,126,43
h10_d05,VIXPercentileCalibrated,11,2228,126,0.5,0.2709658364524128,0.2149501526736862,0.0987876663085074,0.1333333333333333,0.5476190476190477,0.2608695652173913,1.0920802566694037,1.1802004648402038,69,34,126,44
h10_d05,VIXPercentileCalibrated,11,2228,126,0.5,0.2709658364524128,0.2149501526736862,0.0987876663085074,0.1333333333333333,0.5476190476190477,0.2608695652173913,1.0920802566694037,1.1802004648402038,69,34,126,45
h10_d05,VIXPercentileCalibrated,11,2228,126,0.5,0.2709658364524128,0.2149501526736862,0.0987876663085074,0.1333333333333333,0.5476190476190477,0.2608695652173913,1.0920802566694037,1.1802004648402038,69,34,126,46
h10_d05,HarRvThreshold,11,2228,126,0.5289915966386555,0.4116491178432413,0.3146390450055862,0.2756045542713567,0.1618621089281808,0.6057692307692307,0.3333333333333333,1.1148741718544397,1.1561415604536271,63,34,104,42
h10_d05,HarRvThreshold,11,2228,126,0.5289915966386555,0.4116491178432413,0.3146390450055862,0.2756045542713567,0.1618621089281808,0.6057692307692307,0.3333333333333333,1.1148741718544397,1.1561415604536271,63,34,104,43
h10_d05,HarRvThreshold,11,2228,126,0.5289915966386555,0.4116491178432413,0.3146390450055862,0.2756045542713567,0.1618621089281808,0.6057692307692307,0.3333333333333333,1.1148741718544397,1.1561415604536271,63,34,104,44
h10_d05,HarRvThreshold,11,2228,126,0.5289915966386555,0.4116491178432413,0.3146390450055862,0.2756045542713567,0.1618621089281808,0.6057692307692307,0.3333333333333333,1.1148741718544397,1.1561415604536271,63,34,104,45
h10_d05,HarRvThreshold,11,2228,126,0.5289915966386555,0.4116491178432413,0.3146390450055862,0.2756045542713567,0.1618621089281808,0.6057692307692307,0.3333333333333333,1.1148741718544397,1.1561415604536271,63,34,104,46
h10_d05,LogisticRegressionL2,11,2228,126,,,,,0.8383286489778837,,,,,0,0,0,42
h10_d05,LogisticRegressionL2,11,2228,126,,,,,0.8383286489778837,,,,,0,0,0,43
h10_d05,LogisticRegressionL2,11,2228,126,,,,,0.8383286489778837,,,,,0,0,0,44
h10_d05,LogisticRegressionL2,11,2228,126,,,,,0.8383286489778837,,,,,0,0,0,45
h10_d05,LogisticRegressionL2,11,2228,126,,,,,0.8383286489778837,,,,,0,0,0,46
h10_d05,LightGbmTuned,11,2228,126,,,,,0.7110504220722635,,,,,0,0,0,42
h10_d05,LightGbmTuned,11,2228,126,,,,,0.7110504220722635,,,,,0,0,0,43
h10_d05,LightGbmTuned,11,2228,126,,,,,0.7110504220722635,,,,,0,0,0,44
h10_d05,LightGbmTuned,11,2228,126,,,,,0.7110504220722635,,,,,0,0,0,45
h10_d05,LightGbmTuned,11,2228,126,,,,,0.7110504220722635,,,,,0,0,0,46
h10_d05,NaiveBaseRate,12,2354,127,0.5,0.0708661417322834,0.0658483223488291,0.0020471102964295,0.0688190314358538,0.0,,,,0,9,127,42
h10_d05,NaiveBaseRate,12,2354,127,0.5,0.0708661417322834,0.0658483223488291,0.0020471102964295,0.0688190314358538,0.0,,,,0,9,127,43
h10_d05,NaiveBaseRate,12,2354,127,0.5,0.0708661417322834,0.0658483223488291,0.0020471102964295,0.0688190314358538,0.0,,,,0,9,127,44
h10_d05,NaiveBaseRate,12,2354,127,0.5,0.0708661417322834,0.0658483223488291,0.0020471102964295,0.0688190314358538,0.0,,,,0,9,127,45
h10_d05,NaiveBaseRate,12,2354,127,0.5,0.0708661417322834,0.0658483223488291,0.0020471102964295,0.0688190314358538,0.0,,,,0,9,127,46
h10_d05,VIXPercentileRaw,12,2354,127,0.6770244821092279,0.1096037287973163,0.7535844082132614,0.8299092180172465,0.9501699235344094,0.0629921259842519,0.0,0.7794357517742964,,8,9,127,42
h10_d05,VIXPercentileRaw,12,2354,127,0.6770244821092279,0.1096037287973163,0.7535844082132614,0.8299092180172465,0.9501699235344094,0.0629921259842519,0.0,0.7794357517742964,,8,9,127,43
h10_d05,VIXPercentileRaw,12,2354,127,0.6770244821092279,0.1096037287973163,0.7535844082132614,0.8299092180172465,0.9501699235344094,0.0629921259842519,0.0,0.7794357517742964,,8,9,127,44
h10_d05,VIXPercentileRaw,12,2354,127,0.6770244821092279,0.1096037287973163,0.7535844082132614,0.8299092180172465,0.9501699235344094,0.0629921259842519,0.0,0.7794357517742964,,8,9,127,45
h10_d05,VIXPercentileRaw,12,2354,127,0.6770244821092279,0.1096037287973163,0.7535844082132614,0.8299092180172465,0.9501699235344094,0.0629921259842519,0.0,0.7794357517742964,,8,9,127,46
h10_d05,VIXPercentileCalibrated,12,2354,127,0.6403013182674199,0.1089695137314185,0.0708310112061526,0.077182509571731,0.2131147540983606,0.0,,,,0,9,127,42
h10_d05,VIXPercentileCalibrated,12,2354,127,0.6403013182674199,0.1089695137314185,0.0708310112061526,0.077182509571731,0.2131147540983606,0.0,,,,0,9,127,43
h10_d05,VIXPercentileCalibrated,12,2354,127,0.6403013182674199,0.1089695137314185,0.0708310112061526,0.077182509571731,0.2131147540983606,0.0,,,,0,9,127,44
h10_d05,VIXPercentileCalibrated,12,2354,127,0.6403013182674199,0.1089695137314185,0.0708310112061526,0.077182509571731,0.2131147540983606,0.0,,,,0,9,127,45
h10_d05,VIXPercentileCalibrated,12,2354,127,0.6403013182674199,0.1089695137314185,0.0708310112061526,0.077182509571731,0.2131147540983606,0.0,,,,0,9,127,46
h10_d05,HarRvThreshold,12,2354,127,0.4305555555555556,0.0784570901076778,0.0848623850174989,0.0734199049667909,0.0397081622762821,0.0476190476190476,0.0,1.9075121690477,,5,9,105,42
h10_d05,HarRvThreshold,12,2354,127,0.4305555555555556,0.0784570901076778,0.0848623850174989,0.0734199049667909,0.0397081622762821,0.0476190476190476,0.0,1.9075121690477,,5,9,105,43
h10_d05,HarRvThreshold,12,2354,127,0.4305555555555556,0.0784570901076778,0.0848623850174989,0.0734199049667909,0.0397081622762821,0.0476190476190476,0.0,1.9075121690477,,5,9,105,44
h10_d05,HarRvThreshold,12,2354,127,0.4305555555555556,0.0784570901076778,0.0848623850174989,0.0734199049667909,0.0397081622762821,0.0476190476190476,0.0,1.9075121690477,,5,9,105,45
h10_d05,HarRvThreshold,12,2354,127,0.4305555555555556,0.0784570901076778,0.0848623850174989,0.0734199049667909,0.0397081622762821,0.0476190476190476,0.0,1.9075121690477,,5,9,105,46
h10_d05,LogisticRegressionL2,12,2354,127,,,,,0.8383286489778837,,,,,0,0,0,42
h10_d05,LogisticRegressionL2,12,2354,127,,,,,0.8383286489778837,,,,,0,0,0,43
h10_d05,LogisticRegressionL2,12,2354,127,,,,,0.8383286489778837,,,,,0,0,0,44
h10_d05,LogisticRegressionL2,12,2354,127,,,,,0.8383286489778837,,,,,0,0,0,45
h10_d05,LogisticRegressionL2,12,2354,127,,,,,0.8383286489778837,,,,,0,0,0,46
h10_d05,LightGbmTuned,12,2354,127,,,,,0.7110504220722635,,,,,0,0,0,42
h10_d05,LightGbmTuned,12,2354,127,,,,,0.7110504220722635,,,,,0,0,0,43
h10_d05,LightGbmTuned,12,2354,127,,,,,0.7110504220722635,,,,,0,0,0,44
h10_d05,LightGbmTuned,12,2354,127,,,,,0.7110504220722635,,,,,0,0,0,45
h10_d05,LightGbmTuned,12,2354,127,,,,,0.7110504220722635,,,,,0,0,0,46
h10_d05,NaiveBaseRate,13,2481,125,,,0.0047504931067406,0.0689238210399032,0.0689238210399032,0.0,,,,0,0,125,42
h10_d05,NaiveBaseRate,13,2481,125,,,0.0047504931067406,0.0689238210399032,0.0689238210399032,0.0,,,,0,0,125,43
h10_d05,NaiveBaseRate,13,2481,125,,,0.0047504931067406,0.0689238210399032,0.0689238210399032,0.0,,,,0,0,125,44
h10_d05,NaiveBaseRate,13,2481,125,,,0.0047504931067406,0.0689238210399032,0.0689238210399032,0.0,,,,0,0,125,45
h10_d05,NaiveBaseRate,13,2481,125,,,0.0047504931067406,0.0689238210399032,0.0689238210399032,0.0,,,,0,0,125,46
h10_d05,VIXPercentileRaw,13,2481,125,,,0.5810638615671769,0.7546666666666667,0.9500201531640468,0.016,0.0,0.3223225252704887,,2,0,125,42
h10_d05,VIXPercentileRaw,13,2481,125,,,0.5810638615671769,0.7546666666666667,0.9500201531640468,0.016,0.0,0.3223225252704887,,2,0,125,43
h10_d05,VIXPercentileRaw,13,2481,125,,,0.5810638615671769,0.7546666666666667,0.9500201531640468,0.016,0.0,0.3223225252704887,,2,0,125,44
h10_d05,VIXPercentileRaw,13,2481,125,,,0.5810638615671769,0.7546666666666667,0.9500201531640468,0.016,0.0,0.3223225252704887,,2,0,125,45
h10_d05,VIXPercentileRaw,13,2481,125,,,0.5810638615671769,0.7546666666666667,0.9500201531640468,0.016,0.0,0.3223225252704887,,2,0,125,46
h10_d05,VIXPercentileCalibrated,13,2481,125,,,0.0083815438851606,0.086519214970691,0.1969696969696969,0.0,,,,0,0,125,42
h10_d05,VIXPercentileCalibrated,13,2481,125,,,0.0083815438851606,0.086519214970691,0.1969696969696969,0.0,,,,0,0,125,43
h10_d05,VIXPercentileCalibrated,13,2481,125,,,0.0083815438851606,0.086519214970691,0.1969696969696969,0.0,,,,0,0,125,44
h10_d05,VIXPercentileCalibrated,13,2481,125,,,0.0083815438851606,0.086519214970691,0.1969696969696969,0.0,,,,0,0,125,45
h10_d05,VIXPercentileCalibrated,13,2481,125,,,0.0083815438851606,0.086519214970691,0.1969696969696969,0.0,,,,0,0,125,46
h10_d05,HarRvThreshold,13,2481,125,,,9.422630823478156e-05,0.0070156588183463,0.0396508095519004,0.0,,,,0,0,103,42
h10_d05,HarRvThreshold,13,2481,125,,,9.422630823478156e-05,0.0070156588183463,0.0396508095519004,0.0,,,,0,0,103,43
h10_d05,HarRvThreshold,13,2481,125,,,9.422630823478156e-05,0.0070156588183463,0.0396508095519004,0.0,,,,0,0,103,44
h10_d05,HarRvThreshold,13,2481,125,,,9.422630823478156e-05,0.0070156588183463,0.0396508095519004,0.0,,,,0,0,103,45
h10_d05,HarRvThreshold,13,2481,125,,,9.422630823478156e-05,0.0070156588183463,0.0396508095519004,0.0,,,,0,0,103,46
h10_d05,LogisticRegressionL2,13,2481,125,,,,,0.8383286489778837,,,,,0,0,0,42
h10_d05,LogisticRegressionL2,13,2481,125,,,,,0.8383286489778837,,,,,0,0,0,43
h10_d05,LogisticRegressionL2,13,2481,125,,,,,0.8383286489778837,,,,,0,0,0,44
h10_d05,LogisticRegressionL2,13,2481,125,,,,,0.8383286489778837,,,,,0,0,0,45
h10_d05,LogisticRegressionL2,13,2481,125,,,,,0.8383286489778837,,,,,0,0,0,46
h10_d05,LightGbmTuned,13,2481,125,,,,,0.7110504220722635,,,,,0,0,0,42
h10_d05,LightGbmTuned,13,2481,125,,,,,0.7110504220722635,,,,,0,0,0,43
h10_d05,LightGbmTuned,13,2481,125,,,,,0.7110504220722635,,,,,0,0,0,44
h10_d05,LightGbmTuned,13,2481,125,,,,,0.7110504220722635,,,,,0,0,0,45
h10_d05,LightGbmTuned,13,2481,125,,,,,0.7110504220722635,,,,,0,0,0,46
h10_d05,NaiveBaseRate,14,2606,127,,,0.004305696341579,0.065617805065234,0.065617805065234,0.0,,,,0,0,127,42
h10_d05,NaiveBaseRate,14,2606,127,,,0.004305696341579,0.065617805065234,0.065617805065234,0.0,,,,0,0,127,43
h10_d05,NaiveBaseRate,14,2606,127,,,0.004305696341579,0.065617805065234,0.065617805065234,0.0,,,,0,0,127,44
h10_d05,NaiveBaseRate,14,2606,127,,,0.004305696341579,0.065617805065234,0.065617805065234,0.0,,,,0,0,127,45
h10_d05,NaiveBaseRate,14,2606,127,,,0.004305696341579,0.065617805065234,0.065617805065234,0.0,,,,0,0,127,46
h10_d05,VIXPercentileRaw,14,2606,127,,,0.4706260687726655,0.6759597778596937,0.9501151189562548,0.0,,,,0,0,127,42
h10_d05,VIXPercentileRaw,14,2606,127,,,0.4706260687726655,0.6759597778596937,0.9501151189562548,0.0,,,,0,0,127,43
h10_d05,VIXPercentileRaw,14,2606,127,,,0.4706260687726655,0.6759597778596937,0.9501151189562548,0.0,,,,0,0,127,44
h10_d05,VIXPercentileRaw,14,2606,127,,,0.4706260687726655,0.6759597778596937,0.9501151189562548,0.0,,,,0,0,127,45
h10_d05,VIXPercentileRaw,14,2606,127,,,0.4706260687726655,0.6759597778596937,0.9501151189562548,0.0,,,,0,0,127,46
h10_d05,VIXPercentileCalibrated,14,2606,127,,,0.005110882829044,0.0680693101764436,0.1940298507462686,0.0,,,,0,0,127,42
h10_d05,VIXPercentileCalibrated,14,2606,127,,,0.005110882829044,0.0680693101764436,0.1940298507462686,0.0,,,,0,0,127,43
h10_d05,VIXPercentileCalibrated,14,2606,127,,,0.005110882829044,0.0680693101764436,0.1940298507462686,0.0,,,,0,0,127,44
h10_d05,VIXPercentileCalibrated,14,2606,127,,,0.005110882829044,0.0680693101764436,0.1940298507462686,0.0,,,,0,0,127,45
h10_d05,VIXPercentileCalibrated,14,2606,127,,,0.005110882829044,0.0680693101764436,0.1940298507462686,0.0,,,,0,0,127,46
h10_d05,HarRvThreshold,14,2606,127,,,8.475467507243424e-05,0.0067060515594356,0.0380592007859415,0.0,,,,0,0,105,42
h10_d05,HarRvThreshold,14,2606,127,,,8.475467507243424e-05,0.0067060515594356,0.0380592007859415,0.0,,,,0,0,105,43
h10_d05,HarRvThreshold,14,2606,127,,,8.475467507243424e-05,0.0067060515594356,0.0380592007859415,0.0,,,,0,0,105,44
h10_d05,HarRvThreshold,14,2606,127,,,8.475467507243424e-05,0.0067060515594356,0.0380592007859415,0.0,,,,0,0,105,45
h10_d05,HarRvThreshold,14,2606,127,,,8.475467507243424e-05,0.0067060515594356,0.0380592007859415,0.0,,,,0,0,105,46
h10_d05,LogisticRegressionL2,14,2606,127,,,,,0.8383286489778837,,,,,0,0,0,42
h10_d05,LogisticRegressionL2,14,2606,127,,,,,0.8383286489778837,,,,,0,0,0,43
h10_d05,LogisticRegressionL2,14,2606,127,,,,,0.8383286489778837,,,,,0,0,0,44
h10_d05,LogisticRegressionL2,14,2606,127,,,,,0.8383286489778837,,,,,0,0,0,45
h10_d05,LogisticRegressionL2,14,2606,127,,,,,0.8383286489778837,,,,,0,0,0,46
h10_d05,LightGbmTuned,14,2606,127,,,,,0.7110504220722635,,,,,0,0,0,42
h10_d05,LightGbmTuned,14,2606,127,,,,,0.7110504220722635,,,,,0,0,0,43
h10_d05,LightGbmTuned,14,2606,127,,,,,0.7110504220722635,,,,,0,0,0,44
h10_d05,LightGbmTuned,14,2606,127,,,,,0.7110504220722635,,,,,0,0,0,45
h10_d05,LightGbmTuned,14,2606,127,,,,,0.7110504220722635,,,,,0,0,0,46
h10_d05,NaiveBaseRate,15,2733,125,0.5,0.336,0.2978687272644024,0.2734313940724479,0.0625686059275521,0.0,,,,0,42,125,42
h10_d05,NaiveBaseRate,15,2733,125,0.5,0.336,0.2978687272644024,0.2734313940724479,0.0625686059275521,0.0,,,,0,42,125,43
h10_d05,NaiveBaseRate,15,2733,125,0.5,0.336,0.2978687272644024,0.2734313940724479,0.0625686059275521,0.0,,,,0,42,125,44
h10_d05,NaiveBaseRate,15,2733,125,0.5,0.336,0.2978687272644024,0.2734313940724479,0.0625686059275521,0.0,,,,0,42,125,45
h10_d05,NaiveBaseRate,15,2733,125,0.5,0.336,0.2978687272644024,0.2734313940724479,0.0625686059275521,0.0,,,,0,42,125,46
h10_d05,VIXPercentileRaw,15,2733,125,0.2685025817555938,0.2368218612832656,0.5471381075226839,0.539284302963776,0.950018294914014,0.12,0.0666666666666666,0.6161977373035323,0.7490932087850722,15,42,125,42
h10_d05,VIXPercentileRaw,15,2733,125,0.2685025817555938,0.2368218612832656,0.5471381075226839,0.539284302963776,0.950018294914014,0.12,0.0666666666666666,0.6161977373035323,0.7490932087850722,15,42,125,43
h10_d05,VIXPercentileRaw,15,2733,125,0.2685025817555938,0.2368218612832656,0.5471381075226839,0.539284302963776,0.950018294914014,0.12,0.0666666666666666,0.6161977373035323,0.7490932087850722,15,42,125,44
h10_d05,VIXPercentileRaw,15,2733,125,0.2685025817555938,0.2368218612832656,0.5471381075226839,0.539284302963776,0.950018294914014,0.12,0.0666666666666666,0.6161977373035323,0.7490932087850722,15,42,125,45
h10_d05,VIXPercentileRaw,15,2733,125,0.2685025817555938,0.2368218612832656,0.5471381075226839,0.539284302963776,0.950018294914014,0.12,0.0666666666666666,0.6161977373035323,0.7490932087850722,15,42,125,46
h10_d05,VIXPercentileCalibrated,15,2733,125,0.2718014916810097,0.2514306049174223,0.2866000218251759,0.21576793925521,0.1925925925925926,0.0,,,,0,42,125,42
h10_d05,VIXPercentileCalibrated,15,2733,125,0.2718014916810097,0.2514306049174223,0.2866000218251759,0.21576793925521,0.1925925925925926,0.0,,,,0,42,125,43
h10_d05,VIXPercentileCalibrated,15,2733,125,0.2718014916810097,0.2514306049174223,0.2866000218251759,0.21576793925521,0.1925925925925926,0.0,,,,0,42,125,44
h10_d05,VIXPercentileCalibrated,15,2733,125,0.2718014916810097,0.2514306049174223,0.2866000218251759,0.21576793925521,0.1925925925925926,0.0,,,,0,42,125,45
h10_d05,VIXPercentileCalibrated,15,2733,125,0.2718014916810097,0.2514306049174223,0.2866000218251759,0.21576793925521,0.1925925925925926,0.0,,,,0,42,125,46
h10_d05,HarRvThreshold,15,2733,125,0.396969696969697,0.2813226852113493,0.3055718544796771,0.2917922376143352,0.0367300655629367,0.2524271844660194,0.2307692307692307,0.8397195941465523,0.9999406824826296,26,33,103,42
h10_d05,HarRvThreshold,15,2733,125,0.396969696969697,0.2813226852113493,0.3055718544796771,0.2917922376143352,0.0367300655629367,0.2524271844660194,0.2307692307692307,0.8397195941465523,0.9999406824826296,26,33,103,43
h10_d05,HarRvThreshold,15,2733,125,0.396969696969697,0.2813226852113493,0.3055718544796771,0.2917922376143352,0.0367300655629367,0.2524271844660194,0.2307692307692307,0.8397195941465523,0.9999406824826296,26,33,103,44
h10_d05,HarRvThreshold,15,2733,125,0.396969696969697,0.2813226852113493,0.3055718544796771,0.2917922376143352,0.0367300655629367,0.2524271844660194,0.2307692307692307,0.8397195941465523,0.9999406824826296,26,33,103,45
h10_d05,HarRvThreshold,15,2733,125,0.396969696969697,0.2813226852113493,0.3055718544796771,0.2917922376143352,0.0367300655629367,0.2524271844660194,0.2307692307692307,0.8397195941465523,0.9999406824826296,26,33,103,46
h10_d05,LogisticRegressionL2,15,2733,125,0.0,0.2420948432223166,0.5481817445700286,0.7148277415207647,0.8383286489778837,0.1538461538461538,0.0,0.1474494328707959,,4,10,26,42
h10_d05,LogisticRegressionL2,15,2733,125,0.0,0.2420948432223166,0.5481817445700286,0.7148277415207647,0.8383286489778837,0.1538461538461538,0.0,0.1474494328707959,,4,10,26,43
h10_d05,LogisticRegressionL2,15,2733,125,0.0,0.2420948432223166,0.5481817445700286,0.7148277415207647,0.8383286489778837,0.1538461538461538,0.0,0.1474494328707959,,4,10,26,44
h10_d05,LogisticRegressionL2,15,2733,125,0.0,0.2420948432223166,0.5481817445700286,0.7148277415207647,0.8383286489778837,0.1538461538461538,0.0,0.1474494328707959,,4,10,26,45
h10_d05,LogisticRegressionL2,15,2733,125,0.0,0.2420948432223166,0.5481817445700286,0.7148277415207647,0.8383286489778837,0.1538461538461538,0.0,0.1474494328707959,,4,10,26,46
h10_d05,LightGbmTuned,15,2733,125,0.69375,0.6717016806722689,0.2078686692884406,0.15452676023218564,0.7110504220722635,0.038461538461538464,1.0,1.9900644635967553,0.8749735004765707,1,10,26,42
h10_d05,LightGbmTuned,15,2733,125,0.69375,0.6717016806722689,0.2078686692884406,0.15452676023218564,0.7110504220722635,0.038461538461538464,1.0,1.9900644635967553,0.8749735004765707,1,10,26,43
h10_d05,LightGbmTuned,15,2733,125,0.69375,0.6717016806722689,0.2078686692884406,0.15452676023218564,0.7110504220722635,0.038461538461538464,1.0,1.9900644635967553,0.8749735004765707,1,10,26,44
h10_d05,LightGbmTuned,15,2733,125,0.69375,0.6717016806722689,0.2078686692884406,0.15452676023218564,0.7110504220722635,0.038461538461538464,1.0,1.9900644635967553,0.8749735004765707,1,10,26,45
h10_d05,LightGbmTuned,15,2733,125,0.69375,0.6717016806722689,0.2078686692884406,0.15452676023218564,0.7110504220722635,0.038461538461538464,1.0,1.9900644635967553,0.8749735004765707,1,10,26,46
h10_d05,NaiveBaseRate,16,2858,127,0.5,0.1968503937007874,0.1730631718558467,0.1223227519932997,0.0745276417074877,0.0,,,,0,25,127,42
h10_d05,NaiveBaseRate,16,2858,127,0.5,0.1968503937007874,0.1730631718558467,0.1223227519932997,0.0745276417074877,0.0,,,,0,25,127,43
h10_d05,NaiveBaseRate,16,2858,127,0.5,0.1968503937007874,0.1730631718558467,0.1223227519932997,0.0745276417074877,0.0,,,,0,25,127,44
h10_d05,NaiveBaseRate,16,2858,127,0.5,0.1968503937007874,0.1730631718558467,0.1223227519932997,0.0745276417074877,0.0,,,,0,25,127,45
h10_d05,NaiveBaseRate,16,2858,127,0.5,0.1968503937007874,0.1730631718558467,0.1223227519932997,0.0745276417074877,0.0,,,,0,25,127,46
h10_d05,VIXPercentileRaw,16,2858,127,0.3831372549019608,0.1618428454970326,0.5943480125239992,0.6540144255935817,0.9500174947515744,0.0393700787401574,0.0,0.3855788042943787,,5,25,127,42
h10_d05,VIXPercentileRaw,16,2858,127,0.3831372549019608,0.1618428454970326,0.5943480125239992,0.6540144255935817,0.9500174947515744,0.0393700787401574,0.0,0.3855788042943787,,5,25,127,43
h10_d05,VIXPercentileRaw,16,2858,127,0.3831372549019608,0.1618428454970326,0.5943480125239992,0.6540144255935817,0.9500174947515744,0.0393700787401574,0.0,0.3855788042943787,,5,25,127,44
h10_d05,VIXPercentileRaw,16,2858,127,0.3831372549019608,0.1618428454970326,0.5943480125239992,0.6540144255935817,0.9500174947515744,0.0393700787401574,0.0,0.3855788042943787,,5,25,127,45
h10_d05,VIXPercentileRaw,16,2858,127,0.3831372549019608,0.1618428454970326,0.5943480125239992,0.6540144255935817,0.9500174947515744,0.0393700787401574,0.0,0.3855788042943787,,5,25,127,46
h10_d05,VIXPercentileCalibrated,16,2858,127,0.4137254901960784,0.1785744996274956,0.1661545879911138,0.0578011335466762,0.1842105263157894,0.0,,,,0,25,127,42
h10_d05,VIXPercentileCalibrated,16,2858,127,0.4137254901960784,0.1785744996274956,0.1661545879911138,0.0578011335466762,0.1842105263157894,0.0,,,,0,25,127,43
h10_d05,VIXPercentileCalibrated,16,2858,127,0.4137254901960784,0.1785744996274956,0.1661545879911138,0.0578011335466762,0.1842105263157894,0.0,,,,0,25,127,44
h10_d05,VIXPercentileCalibrated,16,2858,127,0.4137254901960784,0.1785744996274956,0.1661545879911138,0.0578011335466762,0.1842105263157894,0.0,,,,0,25,127,45
h10_d05,VIXPercentileCalibrated,16,2858,127,0.4137254901960784,0.1785744996274956,0.1661545879911138,0.0578011335466762,0.1842105263157894,0.0,,,,0,25,127,46
h10_d05,HarRvThreshold,16,2858,127,0.445,0.2533904328242315,0.2282624895791548,0.2170677745725051,0.0411962562486944,0.1238095238095238,0.1538461538461538,0.8193428021255498,0.959044302410778,13,25,105,42
h10_d05,HarRvThreshold,16,2858,127,0.445,0.2533904328242315,0.2282624895791548,0.2170677745725051,0.0411962562486944,0.1238095238095238,0.1538461538461538,0.8193428021255498,0.959044302410778,13,25,105,43
h10_d05,HarRvThreshold,16,2858,127,0.445,0.2533904328242315,0.2282624895791548,0.2170677745725051,0.0411962562486944,0.1238095238095238,0.1538461538461538,0.8193428021255498,0.959044302410778,13,25,105,44
h10_d05,HarRvThreshold,16,2858,127,0.445,0.2533904328242315,0.2282624895791548,0.2170677745725051,0.0411962562486944,0.1238095238095238,0.1538461538461538,0.8193428021255498,0.959044302410778,13,25,105,45
h10_d05,HarRvThreshold,16,2858,127,0.445,0.2533904328242315,0.2282624895791548,0.2170677745725051,0.0411962562486944,0.1238095238095238,0.1538461538461538,0.8193428021255498,0.959044302410778,13,25,105,46
h10_d05,LogisticRegressionL2,16,2858,127,0.4988235294117646,0.2013682742764357,0.2843123829371176,0.2828363995420228,0.8467296613714793,0.0551181102362204,0.1428571428571428,0.9544826595227086,1.0423833954452877,7,25,127,42
h10_d05,LogisticRegressionL2,16,2858,127,0.4988235294117646,0.2013682742764357,0.2843123829371176,0.2828363995420228,0.8467296613714793,0.0551181102362204,0.1428571428571428,0.9544826595227086,1.0423833954452877,7,25,127,43
h10_d05,LogisticRegressionL2,16,2858,127,0.4988235294117646,0.2013682742764357,0.2843123829371176,0.2828363995420228,0.8467296613714793,0.0551181102362204,0.1428571428571428,0.9544826595227086,1.0423833954452877,7,25,127,44
h10_d05,LogisticRegressionL2,16,2858,127,0.4988235294117646,0.2013682742764357,0.2843123829371176,0.2828363995420228,0.8467296613714793,0.0551181102362204,0.1428571428571428,0.9544826595227086,1.0423833954452877,7,25,127,45
h10_d05,LogisticRegressionL2,16,2858,127,0.4988235294117646,0.2013682742764357,0.2843123829371176,0.2828363995420228,0.8467296613714793,0.0551181102362204,0.1428571428571428,0.9544826595227086,1.0423833954452877,7,25,127,46
h10_d05,LightGbmTuned,16,2858,127,0.37392156862745096,0.15622411103576916,0.2639059868992823,0.28721440794157177,0.7335172487254658,0.05511811023622047,0.0,0.7420087936321011,,7,25,127,42
h10_d05,LightGbmTuned,16,2858,127,0.37392156862745096,0.15622411103576916,0.2639059868992823,0.28721440794157177,0.7335172487254658,0.05511811023622047,0.0,0.7420087936321011,,7,25,127,43
h10_d05,LightGbmTuned,16,2858,127,0.37392156862745096,0.15622411103576916,0.2639059868992823,0.28721440794157177,0.7335172487254658,0.05511811023622047,0.0,0.7420087936321011,,7,25,127,44
h10_d05,LightGbmTuned,16,2858,127,0.37392156862745096,0.15622411103576916,0.2639059868992823,0.28721440794157177,0.7335172487254658,0.05511811023622047,0.0,0.7420087936321011,,7,25,127,45
h10_d05,LightGbmTuned,16,2858,127,0.37392156862745096,0.15622411103576916,0.2639059868992823,0.28721440794157177,0.7335172487254658,0.05511811023622047,0.0,0.7420087936321011,,7,25,127,46
h10_d05,NaiveBaseRate,17,2985,124,,,0.0063571907555645,0.0797319932998324,0.0797319932998325,0.0,,,,0,0,124,42
h10_d05,NaiveBaseRate,17,2985,124,,,0.0063571907555645,0.0797319932998324,0.0797319932998325,0.0,,,,0,0,124,43
h10_d05,NaiveBaseRate,17,2985,124,,,0.0063571907555645,0.0797319932998324,0.0797319932998325,0.0,,,,0,0,124,44
h10_d05,NaiveBaseRate,17,2985,124,,,0.0063571907555645,0.0797319932998324,0.0797319932998325,0.0,,,,0,0,124,45
h10_d05,NaiveBaseRate,17,2985,124,,,0.0063571907555645,0.0797319932998324,0.0797319932998325,0.0,,,,0,0,124,46
h10_d05,VIXPercentileRaw,17,2985,124,,,0.393246473175662,0.6063138272005187,0.9500837520938024,0.0,,,,0,0,124,42
h10_d05,VIXPercentileRaw,17,2985,124,,,0.393246473175662,0.6063138272005187,0.9500837520938024,0.0,,,,0,0,124,43
h10_d05,VIXPercentileRaw,17,2985,124,,,0.393246473175662,0.6063138272005187,0.9500837520938024,0.0,,,,0,0,124,44
h10_d05,VIXPercentileRaw,17,2985,124,,,0.393246473175662,0.6063138272005187,0.9500837520938024,0.0,,,,0,0,124,45
h10_d05,VIXPercentileRaw,17,2985,124,,,0.393246473175662,0.6063138272005187,0.9500837520938024,0.0,,,,0,0,124,46
h10_d05,VIXPercentileCalibrated,17,2985,124,,,0.0079586992164102,0.0828062807120579,0.1722689075630252,0.0,,,,0,0,124,42
h10_d05,VIXPercentileCalibrated,17,2985,124,,,0.0079586992164102,0.0828062807120579,0.1722689075630252,0.0,,,,0,0,124,43
h10_d05,VIXPercentileCalibrated,17,2985,124,,,0.0079586992164102,0.0828062807120579,0.1722689075630252,0.0,,,,0,0,124,44
h10_d05,VIXPercentileCalibrated,17,2985,124,,,0.0079586992164102,0.0828062807120579,0.1722689075630252,0.0,,,,0,0,124,45
h10_d05,VIXPercentileCalibrated,17,2985,124,,,0.0079586992164102,0.0828062807120579,0.1722689075630252,0.0,,,,0,0,124,46
h10_d05,HarRvThreshold,17,2985,124,,,9.323795046476396e-05,0.0082363517975496,0.0427816737769842,0.0,,,,0,0,102,42
h10_d05,HarRvThreshold,17,2985,124,,,9.323795046476396e-05,0.0082363517975496,0.0427816737769842,0.0,,,,0,0,102,43
h10_d05,HarRvThreshold,17,2985,124,,,9.323795046476396e-05,0.0082363517975496,0.0427816737769842,0.0,,,,0,0,102,44
h10_d05,HarRvThreshold,17,2985,124,,,9.323795046476396e-05,0.0082363517975496,0.0427816737769842,0.0,,,,0,0,102,45
h10_d05,HarRvThreshold,17,2985,124,,,9.323795046476396e-05,0.0082363517975496,0.0427816737769842,0.0,,,,0,0,102,46
h10_d05,LogisticRegressionL2,17,2985,124,,,0.1045802465894803,0.2395839887020296,0.8521539909978871,0.0161290322580645,0.0,0.7582662062629943,,2,0,124,42
h10_d05,LogisticRegressionL2,17,2985,124,,,0.1045802465894803,0.2395839887020296,0.8521539909978871,0.0161290322580645,0.0,0.7582662062629943,,2,0,124,43
h10_d05,LogisticRegressionL2,17,2985,124,,,0.1045802465894803,0.2395839887020296,0.8521539909978871,0.0161290322580645,0.0,0.7582662062629943,,2,0,124,44
h10_d05,LogisticRegressionL2,17,2985,124,,,0.1045802465894803,0.2395839887020296,0.8521539909978871,0.0161290322580645,0.0,0.7582662062629943,,2,0,124,45
h10_d05,LogisticRegressionL2,17,2985,124,,,0.1045802465894803,0.2395839887020296,0.8521539909978871,0.0161290322580645,0.0,0.7582662062629943,,2,0,124,46
h10_d05,LightGbmTuned,17,2985,124,,,0.14070594593387228,0.3261359756684472,0.7414932919556427,0.0,,,,0,0,124,42
h10_d05,LightGbmTuned,17,2985,124,,,0.14070594593387228,0.3261359756684472,0.7414932919556427,0.0,,,,0,0,124,43
h10_d05,LightGbmTuned,17,2985,124,,,0.14070594593387228,0.3261359756684472,0.7414932919556427,0.0,,,,0,0,124,44
h10_d05,LightGbmTuned,17,2985,124,,,0.14070594593387228,0.3261359756684472,0.7414932919556427,0.0,,,,0,0,124,45
h10_d05,LightGbmTuned,17,2985,124,,,0.14070594593387228,0.3261359756684472,0.7414932919556427,0.0,,,,0,0,124,46
h10_d05,NaiveBaseRate,18,3109,126,0.5,0.0238095238095238,0.026024393480138,0.0527424221538084,0.0765519459633322,0.0,,,,0,3,126,42
h10_d05,NaiveBaseRate,18,3109,126,0.5,0.0238095238095238,0.026024393480138,0.0527424221538084,0.0765519459633322,0.0,,,,0,3,126,43
h10_d05,NaiveBaseRate,18,3109,126,0.5,0.0238095238095238,0.026024393480138,0.0527424221538084,0.0765519459633322,0.0,,,,0,3,126,44
h10_d05,NaiveBaseRate,18,3109,126,0.5,0.0238095238095238,0.026024393480138,0.0527424221538084,0.0765519459633322,0.0,,,,0,3,126,45
h10_d05,NaiveBaseRate,18,3109,126,0.5,0.0238095238095238,0.026024393480138,0.0527424221538084,0.0765519459633322,0.0,,,,0,3,126,46
h10_d05,VIXPercentileRaw,18,3109,126,0.5962059620596206,0.0531685531685531,0.1779509762552901,0.3568365268268774,0.950016082341589,0.0,,,,0,3,126,42
h10_d05,VIXPercentileRaw,18,3109,126,0.5962059620596206,0.0531685531685531,0.1779509762552901,0.3568365268268774,0.950016082341589,0.0,,,,0,3,126,43
h10_d05,VIXPercentileRaw,18,3109,126,0.5962059620596206,0.0531685531685531,0.1779509762552901,0.3568365268268774,0.950016082341589,0.0,,,,0,3,126,44
h10_d05,VIXPercentileRaw,18,3109,126,0.5962059620596206,0.0531685531685531,0.1779509762552901,0.3568365268268774,0.950016082341589,0.0,,,,0,3,126,45
h10_d05,VIXPercentileRaw,18,3109,126,0.5962059620596206,0.0531685531685531,0.1779509762552901,0.3568365268268774,0.950016082341589,0.0,,,,0,3,126,46
h10_d05,VIXPercentileCalibrated,18,3109,126,0.5799457994579945,0.0392878592878592,0.0240472032859413,0.0248711167790828,0.1701244813278008,0.0,,,,0,3,126,42
h10_d05,VIXPercentileCalibrated,18,3109,126,0.5799457994579945,0.0392878592878592,0.0240472032859413,0.0248711167790828,0.1701244813278008,0.0,,,,0,3,126,43
h10_d05,VIXPercentileCalibrated,18,3109,126,0.5799457994579945,0.0392878592878592,0.0240472032859413,0.0248711167790828,0.1701244813278008,0.0,,,,0,3,126,44
h10_d05,VIXPercentileCalibrated,18,3109,126,0.5799457994579945,0.0392878592878592,0.0240472032859413,0.0248711167790828,0.1701244813278008,0.0,,,,0,3,126,45
h10_d05,VIXPercentileCalibrated,18,3109,126,0.5799457994579945,0.0392878592878592,0.0240472032859413,0.0248711167790828,0.1701244813278008,0.0,,,,0,3,126,46
h10_d05,HarRvThreshold,18,3109,126,0.4323432343234323,0.0322909962096831,0.0286205128909257,0.0227482489928252,0.0419202229323183,0.0,,,,0,3,104,42
h10_d05,HarRvThreshold,18,3109,126,0.4323432343234323,0.0322909962096831,0.0286205128909257,0.0227482489928252,0.0419202229323183,0.0,,,,0,3,104,43
h10_d05,HarRvThreshold,18,3109,126,0.4323432343234323,0.0322909962096831,0.0286205128909257,0.0227482489928252,0.0419202229323183,0.0,,,,0,3,104,44
h10_d05,HarRvThreshold,18,3109,126,0.4323432343234323,0.0322909962096831,0.0286205128909257,0.0227482489928252,0.0419202229323183,0.0,,,,0,3,104,45
h10_d05,HarRvThreshold,18,3109,126,0.4323432343234323,0.0322909962096831,0.0286205128909257,0.0227482489928252,0.0419202229323183,0.0,,,,0,3,104,46
h10_d05,LogisticRegressionL2,18,3109,126,0.3794037940379403,0.0251412785445683,0.0427418852088983,0.0975695576867785,0.844706069170836,0.0,,,,0,3,126,42
h10_d05,LogisticRegressionL2,18,3109,126,0.3794037940379403,0.0251412785445683,0.0427418852088983,0.0975695576867785,0.844706069170836,0.0,,,,0,3,126,43
h10_d05,LogisticRegressionL2,18,3109,126,0.3794037940379403,0.0251412785445683,0.0427418852088983,0.0975695576867785,0.844706069170836,0.0,,,,0,3,126,44
h10_d05,LogisticRegressionL2,18,3109,126,0.3794037940379403,0.0251412785445683,0.0427418852088983,0.0975695576867785,0.844706069170836,0.0,,,,0,3,126,45
h10_d05,LogisticRegressionL2,18,3109,126,0.3794037940379403,0.0251412785445683,0.0427418852088983,0.0975695576867785,0.844706069170836,0.0,,,,0,3,126,46
h10_d05,LightGbmTuned,18,3109,126,0.6883468834688347,0.07037037037037036,0.06859026424811572,0.16752855802155134,0.7571273669022782,0.0,,,,0,3,126,42
h10_d05,LightGbmTuned,18,3109,126,0.6883468834688347,0.07037037037037036,0.06859026424811572,0.16752855802155134,0.7571273669022782,0.0,,,,0,3,126,43
h10_d05,LightGbmTuned,18,3109,126,0.6883468834688347,0.07037037037037036,0.06859026424811572,0.16752855802155134,0.7571273669022782,0.0,,,,0,3,126,44
h10_d05,LightGbmTuned,18,3109,126,0.6883468834688347,0.07037037037037036,0.06859026424811572,0.16752855802155134,0.7571273669022782,0.0,,,,0,3,126,45
h10_d05,LightGbmTuned,18,3109,126,0.6883468834688347,0.07037037037037036,0.06859026424811572,0.16752855802155134,0.7571273669022782,0.0,,,,0,3,126,46
h10_d05,NaiveBaseRate,19,3235,124,,,0.0055499045648803,0.0744976816074188,0.0744976816074188,0.0,,,,0,0,124,42
h10_d05,NaiveBaseRate,19,3235,124,,,0.0055499045648803,0.0744976816074188,0.0744976816074188,0.0,,,,0,0,124,43
h10_d05,NaiveBaseRate,19,3235,124,,,0.0055499045648803,0.0744976816074188,0.0744976816074188,0.0,,,,0,0,124,44
h10_d05,NaiveBaseRate,19,3235,124,,,0.0055499045648803,0.0744976816074188,0.0744976816074188,0.0,,,,0,0,124,45
h10_d05,NaiveBaseRate,19,3235,124,,,0.0055499045648803,0.0744976816074188,0.0744976816074188,0.0,,,,0,0,124,46
h10_d05,VIXPercentileRaw,19,3235,124,,,0.0948834060947936,0.2800867527546493,0.9500154559505408,0.0,,,,0,0,124,42
h10_d05,VIXPercentileRaw,19,3235,124,,,0.0948834060947936,0.2800867527546493,0.9500154559505408,0.0,,,,0,0,124,43
h10_d05,VIXPercentileRaw,19,3235,124,,,0.0948834060947936,0.2800867527546493,0.9500154559505408,0.0,,,,0,0,124,44
h10_d05,VIXPercentileRaw,19,3235,124,,,0.0948834060947936,0.2800867527546493,0.9500154559505408,0.0,,,,0,0,124,45
h10_d05,VIXPercentileRaw,19,3235,124,,,0.0948834060947936,0.2800867527546493,0.9500154559505408,0.0,,,,0,0,124,46
h10_d05,VIXPercentileCalibrated,19,3235,124,,,0.001554797723986,0.0386611113472419,0.1701244813278008,0.0,,,,0,0,124,42
h10_d05,VIXPercentileCalibrated,19,3235,124,,,0.001554797723986,0.0386611113472419,0.1701244813278008,0.0,,,,0,0,124,43
h10_d05,VIXPercentileCalibrated,19,3235,124,,,0.001554797723986,0.0386611113472419,0.1701244813278008,0.0,,,,0,0,124,44
h10_d05,VIXPercentileCalibrated,19,3235,124,,,0.001554797723986,0.0386611113472419,0.1701244813278008,0.0,,,,0,0,124,45
h10_d05,VIXPercentileCalibrated,19,3235,124,,,0.001554797723986,0.0386611113472419,0.1701244813278008,0.0,,,,0,0,124,46
h10_d05,HarRvThreshold,19,3235,124,,,3.461893965409628e-05,0.0049290566285884,0.041088936578104,0.0,,,,0,0,102,42
h10_d05,HarRvThreshold,19,3235,124,,,3.461893965409628e-05,0.0049290566285884,0.041088936578104,0.0,,,,0,0,102,43
h10_d05,HarRvThreshold,19,3235,124,,,3.461893965409628e-05,0.0049290566285884,0.041088936578104,0.0,,,,0,0,102,44
h10_d05,HarRvThreshold,19,3235,124,,,3.461893965409628e-05,0.0049290566285884,0.041088936578104,0.0,,,,0,0,102,45
h10_d05,HarRvThreshold,19,3235,124,,,3.461893965409628e-05,0.0049290566285884,0.041088936578104,0.0,,,,0,0,102,46
h10_d05,LogisticRegressionL2,19,3235,124,,,0.0871543836612651,0.2260348594701005,0.8394760571672938,0.0,,,,0,0,124,42
h10_d05,LogisticRegressionL2,19,3235,124,,,0.0871543836612651,0.2260348594701005,0.8394760571672938,0.0,,,,0,0,124,43
h10_d05,LogisticRegressionL2,19,3235,124,,,0.0871543836612651,0.2260348594701005,0.8394760571672938,0.0,,,,0,0,124,44
h10_d05,LogisticRegressionL2,19,3235,124,,,0.0871543836612651,0.2260348594701005,0.8394760571672938,0.0,,,,0,0,124,45
h10_d05,LogisticRegressionL2,19,3235,124,,,0.0871543836612651,0.2260348594701005,0.8394760571672938,0.0,,,,0,0,124,46
h10_d05,LightGbmTuned,19,3235,124,,,0.15456823921232446,0.39024574113959376,0.6138626493853816,0.0,,,,0,0,124,42
h10_d05,LightGbmTuned,19,3235,124,,,0.15456823921232446,0.39024574113959376,0.6138626493853816,0.0,,,,0,0,124,43
h10_d05,LightGbmTuned,19,3235,124,,,0.15456823921232446,0.39024574113959376,0.6138626493853816,0.0,,,,0,0,124,44
h10_d05,LightGbmTuned,19,3235,124,,,0.15456823921232446,0.39024574113959376,0.6138626493853816,0.0,,,,0,0,124,45
h10_d05,LightGbmTuned,19,3235,124,,,0.15456823921232446,0.39024574113959376,0.6138626493853816,0.0,,,,0,0,124,46
h10_d05,NaiveBaseRate,20,3359,127,0.5,0.0314960629921259,0.0321242427243552,0.0402514809197526,0.0717475439118785,0.0,,,,0,4,127,42
h10_d05,NaiveBaseRate,20,3359,127,0.5,0.0314960629921259,0.0321242427243552,0.0402514809197526,0.0717475439118785,0.0,,,,0,4,127,43
h10_d05,NaiveBaseRate,20,3359,127,0.5,0.0314960629921259,0.0321242427243552,0.0402514809197526,0.0717475439118785,0.0,,,,0,4,127,44
h10_d05,NaiveBaseRate,20,3359,127,0.5,0.0314960629921259,0.0321242427243552,0.0402514809197526,0.0717475439118785,0.0,,,,0,4,127,45
h10_d05,NaiveBaseRate,20,3359,127,0.5,0.0314960629921259,0.0321242427243552,0.0402514809197526,0.0717475439118785,0.0,,,,0,4,127,46
h10_d05,VIXPercentileRaw,20,3359,127,0.3841463414634146,0.0304691580505625,0.3208862371540085,0.4948182459627795,0.9500446561476628,0.0078740157480314,0.0,0.1712409116191779,,1,4,127,42
h10_d05,VIXPercentileRaw,20,3359,127,0.3841463414634146,0.0304691580505625,0.3208862371540085,0.4948182459627795,0.9500446561476628,0.0078740157480314,0.0,0.1712409116191779,,1,4,127,43
h10_d05,VIXPercentileRaw,20,3359,127,0.3841463414634146,0.0304691580505625,0.3208862371540085,0.4948182459627795,0.9500446561476628,0.0078740157480314,0.0,0.1712409116191779,,1,4,127,44
h10_d05,VIXPercentileRaw,20,3359,127,0.3841463414634146,0.0304691580505625,0.3208862371540085,0.4948182459627795,0.9500446561476628,0.0078740157480314,0.0,0.1712409116191779,,1,4,127,45
h10_d05,VIXPercentileRaw,20,3359,127,0.3841463414634146,0.0304691580505625,0.3208862371540085,0.4948182459627795,0.9500446561476628,0.0078740157480314,0.0,0.1712409116191779,,1,4,127,46
h10_d05,VIXPercentileCalibrated,20,3359,127,0.391260162601626,0.0321446027091188,0.0336686735741242,0.0309254180511118,0.1701244813278008,0.0078740157480314,0.0,0.1712409116191779,,1,4,127,42
h10_d05,VIXPercentileCalibrated,20,3359,127,0.391260162601626,0.0321446027091188,0.0336686735741242,0.0309254180511118,0.1701244813278008,0.0078740157480314,0.0,0.1712409116191779,,1,4,127,43
h10_d05,VIXPercentileCalibrated,20,3359,127,0.391260162601626,0.0321446027091188,0.0336686735741242,0.0309254180511118,0.1701244813278008,0.0078740157480314,0.0,0.1712409116191779,,1,4,127,44
h10_d05,VIXPercentileCalibrated,20,3359,127,0.391260162601626,0.0321446027091188,0.0336686735741242,0.0309254180511118,0.1701244813278008,0.0078740157480314,0.0,0.1712409116191779,,1,4,127,45
h10_d05,VIXPercentileCalibrated,20,3359,127,0.391260162601626,0.0321446027091188,0.0336686735741242,0.0309254180511118,0.1701244813278008,0.0078740157480314,0.0,0.1712409116191779,,1,4,127,46
h10_d05,HarRvThreshold,20,3359,127,,,0.0001559343239178,0.0086837886800835,0.0395483499640831,0.019047619047619,0.0,0.3297105745177757,,2,0,105,42
h10_d05,HarRvThreshold,20,3359,127,,,0.0001559343239178,0.0086837886800835,0.0395483499640831,0.019047619047619,0.0,0.3297105745177757,,2,0,105,43
h10_d05,HarRvThreshold,20,3359,127,,,0.0001559343239178,0.0086837886800835,0.0395483499640831,0.019047619047619,0.0,0.3297105745177757,,2,0,105,44
h10_d05,HarRvThreshold,20,3359,127,,,0.0001559343239178,0.0086837886800835,0.0395483499640831,0.019047619047619,0.0,0.3297105745177757,,2,0,105,45
h10_d05,HarRvThreshold,20,3359,127,,,0.0001559343239178,0.0086837886800835,0.0395483499640831,0.019047619047619,0.0,0.3297105745177757,,2,0,105,46
h10_d05,LogisticRegressionL2,20,3359,127,0.5223577235772358,0.0396608478917882,0.2666348794738978,0.3807540901236525,0.8357134815438445,0.0866141732283464,0.0,0.3010762671492931,,11,4,127,42
h10_d05,LogisticRegressionL2,20,3359,127,0.5223577235772358,0.0396608478917882,0.2666348794738978,0.3807540901236525,0.8357134815438445,0.0866141732283464,0.0,0.3010762671492931,,11,4,127,43
h10_d05,LogisticRegressionL2,20,3359,127,0.5223577235772358,0.0396608478917882,0.2666348794738978,0.3807540901236525,0.8357134815438445,0.0866141732283464,0.0,0.3010762671492931,,11,4,127,44
h10_d05,LogisticRegressionL2,20,3359,127,0.5223577235772358,0.0396608478917882,0.2666348794738978,0.3807540901236525,0.8357134815438445,0.0866141732283464,0.0,0.3010762671492931,,11,4,127,45
h10_d05,LogisticRegressionL2,20,3359,127,0.5223577235772358,0.0396608478917882,0.2666348794738978,0.3807540901236525,0.8357134815438445,0.0866141732283464,0.0,0.3010762671492931,,11,4,127,46
h10_d05,LightGbmTuned,20,3359,127,0.7073170731707317,0.10277237081360792,0.24484695479843094,0.4612120396331415,0.6249354818388448,0.0,,,,0,4,127,42
h10_d05,LightGbmTuned,20,3359,127,0.7073170731707317,0.10277237081360792,0.24484695479843094,0.4612120396331415,0.6249354818388448,0.0,,,,0,4,127,43
h10_d05,LightGbmTuned,20,3359,127,0.7073170731707317,0.10277237081360792,0.24484695479843094,0.4612120396331415,0.6249354818388448,0.0,,,,0,4,127,44
h10_d05,LightGbmTuned,20,3359,127,0.7073170731707317,0.10277237081360792,0.24484695479843094,0.4612120396331415,0.6249354818388448,0.0,,,,0,4,127,45
h10_d05,LightGbmTuned,20,3359,127,0.7073170731707317,0.10277237081360792,0.24484695479843094,0.4612120396331415,0.6249354818388448,0.0,,,,0,4,127,46
h10_d05,NaiveBaseRate,21,3486,123,0.5,0.1707317073170731,0.1516727110223635,0.1004505828190812,0.0702811244979919,0.0,,,,0,21,123,42
h10_d05,NaiveBaseRate,21,3486,123,0.5,0.1707317073170731,0.1516727110223635,0.1004505828190812,0.0702811244979919,0.0,,,,0,21,123,43
h10_d05,NaiveBaseRate,21,3486,123,0.5,0.1707317073170731,0.1516727110223635,0.1004505828190812,0.0702811244979919,0.0,,,,0,21,123,44
h10_d05,NaiveBaseRate,21,3486,123,0.5,0.1707317073170731,0.1516727110223635,0.1004505828190812,0.0702811244979919,0.0,,,,0,21,123,45
h10_d05,NaiveBaseRate,21,3486,123,0.5,0.1707317073170731,0.1516727110223635,0.1004505828190812,0.0702811244979919,0.0,,,,0,21,123,46
h10_d05,VIXPercentileRaw,21,3486,123,0.5261437908496731,0.1785248341984521,0.4366431170002029,0.5210085405501215,0.9500143430866322,0.065040650406504,0.125,0.6223938222881765,0.6331566711340683,8,21,123,42
h10_d05,VIXPercentileRaw,21,3486,123,0.5261437908496731,0.1785248341984521,0.4366431170002029,0.5210085405501215,0.9500143430866322,0.065040650406504,0.125,0.6223938222881765,0.6331566711340683,8,21,123,43
h10_d05,VIXPercentileRaw,21,3486,123,0.5261437908496731,0.1785248341984521,0.4366431170002029,0.5210085405501215,0.9500143430866322,0.065040650406504,0.125,0.6223938222881765,0.6331566711340683,8,21,123,44
h10_d05,VIXPercentileRaw,21,3486,123,0.5261437908496731,0.1785248341984521,0.4366431170002029,0.5210085405501215,0.9500143430866322,0.065040650406504,0.125,0.6223938222881765,0.6331566711340683,8,21,123,45
h10_d05,VIXPercentileRaw,21,3486,123,0.5261437908496731,0.1785248341984521,0.4366431170002029,0.5210085405501215,0.9500143430866322,0.065040650406504,0.125,0.6223938222881765,0.6331566711340683,8,21,123,46
h10_d05,VIXPercentileCalibrated,21,3486,123,0.5119047619047619,0.1796592814539561,0.152748048798063,0.1174663400028331,0.1683778234086242,0.040650406504065,0.0,0.5238372695006919,,5,21,123,42
h10_d05,VIXPercentileCalibrated,21,3486,123,0.5119047619047619,0.1796592814539561,0.152748048798063,0.1174663400028331,0.1683778234086242,0.040650406504065,0.0,0.5238372695006919,,5,21,123,43
h10_d05,VIXPercentileCalibrated,21,3486,123,0.5119047619047619,0.1796592814539561,0.152748048798063,0.1174663400028331,0.1683778234086242,0.040650406504065,0.0,0.5238372695006919,,5,21,123,44
h10_d05,VIXPercentileCalibrated,21,3486,123,0.5119047619047619,0.1796592814539561,0.152748048798063,0.1174663400028331,0.1683778234086242,0.040650406504065,0.0,0.5238372695006919,,5,21,123,45
h10_d05,VIXPercentileCalibrated,21,3486,123,0.5119047619047619,0.1796592814539561,0.152748048798063,0.1174663400028331,0.1683778234086242,0.040650406504065,0.0,0.5238372695006919,,5,21,123,46
h10_d05,HarRvThreshold,21,3486,123,0.4571428571428571,0.2364618048820346,0.1971544271682865,0.1839272150999471,0.038893497918894,0.1584158415841584,0.125,0.6345778022954243,0.7599996821783566,16,21,101,42
h10_d05,HarRvThreshold,21,3486,123,0.4571428571428571,0.2364618048820346,0.1971544271682865,0.1839272150999471,0.038893497918894,0.1584158415841584,0.125,0.6345778022954243,0.7599996821783566,16,21,101,43
h10_d05,HarRvThreshold,21,3486,123,0.4571428571428571,0.2364618048820346,0.1971544271682865,0.1839272150999471,0.038893497918894,0.1584158415841584,0.125,0.6345778022954243,0.7599996821783566,16,21,101,44
h10_d05,HarRvThreshold,21,3486,123,0.4571428571428571,0.2364618048820346,0.1971544271682865,0.1839272150999471,0.038893497918894,0.1584158415841584,0.125,0.6345778022954243,0.7599996821783566,16,21,101,45
h10_d05,HarRvThreshold,21,3486,123,0.4571428571428571,0.2364618048820346,0.1971544271682865,0.1839272150999471,0.038893497918894,0.1584158415841584,0.125,0.6345778022954243,0.7599996821783566,16,21,101,46
h10_d05,LogisticRegressionL2,21,3486,123,0.6209150326797386,0.2562474311399757,0.2586821806563252,0.3234507709245214,0.8382565535396571,0.016260162601626,0.0,0.8395252584319488,,2,21,123,42
h10_d05,LogisticRegressionL2,21,3486,123,0.6209150326797386,0.2562474311399757,0.2586821806563252,0.3234507709245214,0.8382565535396571,0.016260162601626,0.0,0.8395252584319488,,2,21,123,43
h10_d05,LogisticRegressionL2,21,3486,123,0.6209150326797386,0.2562474311399757,0.2586821806563252,0.3234507709245214,0.8382565535396571,0.016260162601626,0.0,0.8395252584319488,,2,21,123,44
h10_d05,LogisticRegressionL2,21,3486,123,0.6209150326797386,0.2562474311399757,0.2586821806563252,0.3234507709245214,0.8382565535396571,0.016260162601626,0.0,0.8395252584319488,,2,21,123,45
h10_d05,LogisticRegressionL2,21,3486,123,0.6209150326797386,0.2562474311399757,0.2586821806563252,0.3234507709245214,0.8382565535396571,0.016260162601626,0.0,0.8395252584319488,,2,21,123,46
h10_d05,LightGbmTuned,21,3486,123,0.6281512605042017,0.29890477878454125,0.2158110232423861,0.25069868423688296,0.7662688522174901,0.06504065040650407,0.5,3.2203342900298506,1.4812156716464977,8,21,123,42
h10_d05,LightGbmTuned,21,3486,123,0.6281512605042017,0.29890477878454125,0.2158110232423861,0.25069868423688296,0.7662688522174901,0.06504065040650407,0.5,3.2203342900298506,1.4812156716464977,8,21,123,43
h10_d05,LightGbmTuned,21,3486,123,0.6281512605042017,0.29890477878454125,0.2158110232423861,0.25069868423688296,0.7662688522174901,0.06504065040650407,0.5,3.2203342900298506,1.4812156716464977,8,21,123,44
h10_d05,LightGbmTuned,21,3486,123,0.6281512605042017,0.29890477878454125,0.2158110232423861,0.25069868423688296,0.7662688522174901,0.06504065040650407,0.5,3.2203342900298506,1.4812156716464977,8,21,123,45
h10_d05,LightGbmTuned,21,3486,123,0.6281512605042017,0.29890477878454125,0.2158110232423861,0.25069868423688296,0.7662688522174901,0.06504065040650407,0.5,3.2203342900298506,1.4812156716464977,8,21,123,46
h10_d05,NaiveBaseRate,22,3609,127,,,0.0054323720884666,0.0737046273205874,0.0737046273205874,0.0,,,,0,0,127,42
h10_d05,NaiveBaseRate,22,3609,127,,,0.0054323720884666,0.0737046273205874,0.0737046273205874,0.0,,,,0,0,127,43
h10_d05,NaiveBaseRate,22,3609,127,,,0.0054323720884666,0.0737046273205874,0.0737046273205874,0.0,,,,0,0,127,44
h10_d05,NaiveBaseRate,22,3609,127,,,0.0054323720884666,0.0737046273205874,0.0737046273205874,0.0,,,,0,0,127,45
h10_d05,NaiveBaseRate,22,3609,127,,,0.0054323720884666,0.0737046273205874,0.0737046273205874,0.0,,,,0,0,127,46
h10_d05,VIXPercentileRaw,22,3609,127,,,0.2869849521384264,0.519637040382421,0.9500138542532556,0.0,,,,0,0,127,42
h10_d05,VIXPercentileRaw,22,3609,127,,,0.2869849521384264,0.519637040382421,0.9500138542532556,0.0,,,,0,0,127,43
h10_d05,VIXPercentileRaw,22,3609,127,,,0.2869849521384264,0.519637040382421,0.9500138542532556,0.0,,,,0,0,127,44
h10_d05,VIXPercentileRaw,22,3609,127,,,0.2869849521384264,0.519637040382421,0.9500138542532556,0.0,,,,0,0,127,45
h10_d05,VIXPercentileRaw,22,3609,127,,,0.2869849521384264,0.519637040382421,0.9500138542532556,0.0,,,,0,0,127,46
h10_d05,VIXPercentileCalibrated,22,3609,127,,,0.0044695495981607,0.061895528382237,0.1704545454545454,0.0,,,,0,0,127,42
h10_d05,VIXPercentileCalibrated,22,3609,127,,,0.0044695495981607,0.061895528382237,0.1704545454545454,0.0,,,,0,0,127,43
h10_d05,VIXPercentileCalibrated,22,3609,127,,,0.0044695495981607,0.061895528382237,0.1704545454545454,0.0,,,,0,0,127,44
h10_d05,VIXPercentileCalibrated,22,3609,127,,,0.0044695495981607,0.061895528382237,0.1704545454545454,0.0,,,,0,0,127,45
h10_d05,VIXPercentileCalibrated,22,3609,127,,,0.0044695495981607,0.061895528382237,0.1704545454545454,0.0,,,,0,0,127,46
h10_d05,HarRvThreshold,22,3609,127,,,5.583775466722767e-05,0.0056363715393433,0.0418659942998136,0.0,,,,0,0,105,42
h10_d05,HarRvThreshold,22,3609,127,,,5.583775466722767e-05,0.0056363715393433,0.0418659942998136,0.0,,,,0,0,105,43
h10_d05,HarRvThreshold,22,3609,127,,,5.583775466722767e-05,0.0056363715393433,0.0418659942998136,0.0,,,,0,0,105,44
h10_d05,HarRvThreshold,22,3609,127,,,5.583775466722767e-05,0.0056363715393433,0.0418659942998136,0.0,,,,0,0,105,45
h10_d05,HarRvThreshold,22,3609,127,,,5.583775466722767e-05,0.0056363715393433,0.0418659942998136,0.0,,,,0,0,105,46
h10_d05,LogisticRegressionL2,22,3609,127,,,0.1240137471288977,0.2910033453621387,0.8295515792917416,0.0,,,,0,0,127,42
h10_d05,LogisticRegressionL2,22,3609,127,,,0.1240137471288977,0.2910033453621387,0.8295515792917416,0.0,,,,0,0,127,43
h10_d05,LogisticRegressionL2,22,3609,127,,,0.1240137471288977,0.2910033453621387,0.8295515792917416,0.0,,,,0,0,127,44
h10_d05,LogisticRegressionL2,22,3609,127,,,0.1240137471288977,0.2910033453621387,0.8295515792917416,0.0,,,,0,0,127,45
h10_d05,LogisticRegressionL2,22,3609,127,,,0.1240137471288977,0.2910033453621387,0.8295515792917416,0.0,,,,0,0,127,46
h10_d05,LightGbmTuned,22,3609,127,,,0.09656910560015616,0.2798964939276931,0.6950787189997778,0.0,,,,0,0,127,42
h10_d05,LightGbmTuned,22,3609,127,,,0.09656910560015616,0.2798964939276931,0.6950787189997778,0.0,,,,0,0,127,43
h10_d05,LightGbmTuned,22,3609,127,,,0.09656910560015616,0.2798964939276931,0.6950787189997778,0.0,,,,0,0,127,44
h10_d05,LightGbmTuned,22,3609,127,,,0.09656910560015616,0.2798964939276931,0.6950787189997778,0.0,,,,0,0,127,45
h10_d05,LightGbmTuned,22,3609,127,,,0.09656910560015616,0.2798964939276931,0.6950787189997778,0.0,,,,0,0,127,46
h20_d07,NaiveBaseRate,1,971,124,,,0.0024436782023692,0.0494335736354274,0.0494335736354273,0.0,,,,0,0,124,42
h20_d07,NaiveBaseRate,1,971,124,,,0.0024436782023692,0.0494335736354274,0.0494335736354273,0.0,,,,0,0,124,43
h20_d07,NaiveBaseRate,1,971,124,,,0.0024436782023692,0.0494335736354274,0.0494335736354273,0.0,,,,0,0,124,44
h20_d07,NaiveBaseRate,1,971,124,,,0.0024436782023692,0.0494335736354274,0.0494335736354273,0.0,,,,0,0,124,45
h20_d07,NaiveBaseRate,1,971,124,,,0.0024436782023692,0.0494335736354274,0.0494335736354273,0.0,,,,0,0,124,46
h20_d07,VIXPercentileRaw,1,971,124,,,0.2039983839508259,0.3935334374273279,0.95005149330587,0.0,,,,0,0,124,42
h20_d07,VIXPercentileRaw,1,971,124,,,0.2039983839508259,0.3935334374273279,0.95005149330587,0.0,,,,0,0,124,43
h20_d07,VIXPercentileRaw,1,971,124,,,0.2039983839508259,0.3935334374273279,0.95005149330587,0.0,,,,0,0,124,44
h20_d07,VIXPercentileRaw,1,971,124,,,0.2039983839508259,0.3935334374273279,0.95005149330587,0.0,,,,0,0,124,45
h20_d07,VIXPercentileRaw,1,971,124,,,0.2039983839508259,0.3935334374273279,0.95005149330587,0.0,,,,0,0,124,46
h20_d07,VIXPercentileCalibrated,1,971,124,,,0.001115638965693,0.0220481860903558,0.1967213114754098,0.0,,,,0,0,124,42
h20_d07,VIXPercentileCalibrated,1,971,124,,,0.001115638965693,0.0220481860903558,0.1967213114754098,0.0,,,,0,0,124,43
h20_d07,VIXPercentileCalibrated,1,971,124,,,0.001115638965693,0.0220481860903558,0.1967213114754098,0.0,,,,0,0,124,44
h20_d07,VIXPercentileCalibrated,1,971,124,,,0.001115638965693,0.0220481860903558,0.1967213114754098,0.0,,,,0,0,124,45
h20_d07,VIXPercentileCalibrated,1,971,124,,,0.001115638965693,0.0220481860903558,0.1967213114754098,0.0,,,,0,0,124,46
h20_d07,HarRvThreshold,1,971,124,,,0.0007105973380589,0.0226723882959157,0.2065273331248641,0.0,,,,0,0,102,42
h20_d07,HarRvThreshold,1,971,124,,,0.0007105973380589,0.0226723882959157,0.2065273331248641,0.0,,,,0,0,102,43
h20_d07,HarRvThreshold,1,971,124,,,0.0007105973380589,0.0226723882959157,0.2065273331248641,0.0,,,,0,0,102,44
h20_d07,HarRvThreshold,1,971,124,,,0.0007105973380589,0.0226723882959157,0.2065273331248641,0.0,,,,0,0,102,45
h20_d07,HarRvThreshold,1,971,124,,,0.0007105973380589,0.0226723882959157,0.2065273331248641,0.0,,,,0,0,102,46
h20_d07,LogisticRegressionL2,1,971,124,,,0.0050384628034187,0.0245042751697582,0.1938067787625491,0.0483870967741935,0.0,1.6493018152894616,,6,0,124,42
h20_d07,LogisticRegressionL2,1,971,124,,,0.0050384628034187,0.0245042751697582,0.1938067787625491,0.0483870967741935,0.0,1.6493018152894616,,6,0,124,43
h20_d07,LogisticRegressionL2,1,971,124,,,0.0050384628034187,0.0245042751697582,0.1938067787625491,0.0483870967741935,0.0,1.6493018152894616,,6,0,124,44
h20_d07,LogisticRegressionL2,1,971,124,,,0.0050384628034187,0.0245042751697582,0.1938067787625491,0.0483870967741935,0.0,1.6493018152894616,,6,0,124,45
h20_d07,LogisticRegressionL2,1,971,124,,,0.0050384628034187,0.0245042751697582,0.1938067787625491,0.0483870967741935,0.0,1.6493018152894616,,6,0,124,46
h20_d07,LightGbmTuned,1,971,124,,,0.09166331810058122,0.30275950538435825,0.3027595053843582,0.0,,,,0,0,124,42
h20_d07,LightGbmTuned,1,971,124,,,0.09166331810058122,0.30275950538435825,0.3027595053843582,0.0,,,,0,0,124,43
h20_d07,LightGbmTuned,1,971,124,,,0.09166331810058122,0.30275950538435825,0.3027595053843582,0.0,,,,0,0,124,44
h20_d07,LightGbmTuned,1,971,124,,,0.09166331810058122,0.30275950538435825,0.3027595053843582,0.0,,,,0,0,124,45
h20_d07,LightGbmTuned,1,971,124,,,0.09166331810058122,0.30275950538435825,0.3027595053843582,0.0,,,,0,0,124,46
h20_d07,NaiveBaseRate,2,1095,127,0.5,0.2362204724409448,0.2174322936598584,0.1923848560025887,0.0438356164383561,0.0,,,,0,30,127,42
h20_d07,NaiveBaseRate,2,1095,127,0.5,0.2362204724409448,0.2174322936598584,0.1923848560025887,0.0438356164383561,0.0,,,,0,30,127,43
h20_d07,NaiveBaseRate,2,1095,127,0.5,0.2362204724409448,0.2174322936598584,0.1923848560025887,0.0438356164383561,0.0,,,,0,30,127,44
h20_d07,NaiveBaseRate,2,1095,127,0.5,0.2362204724409448,0.2174322936598584,0.1923848560025887,0.0438356164383561,0.0,,,,0,30,127,45
h20_d07,NaiveBaseRate,2,1095,127,0.5,0.2362204724409448,0.2174322936598584,0.1923848560025887,0.0438356164383561,0.0,,,,0,30,127,46
h20_d07,VIXPercentileRaw,2,1095,127,0.2572164948453608,0.1602912835536575,0.4615550856855971,0.5311401143350232,0.9506849315068492,0.0157480314960629,0.0,0.1314435904235209,,2,30,127,42
h20_d07,VIXPercentileRaw,2,1095,127,0.2572164948453608,0.1602912835536575,0.4615550856855971,0.5311401143350232,0.9506849315068492,0.0157480314960629,0.0,0.1314435904235209,,2,30,127,43
h20_d07,VIXPercentileRaw,2,1095,127,0.2572164948453608,0.1602912835536575,0.4615550856855971,0.5311401143350232,0.9506849315068492,0.0157480314960629,0.0,0.1314435904235209,,2,30,127,44
h20_d07,VIXPercentileRaw,2,1095,127,0.2572164948453608,0.1602912835536575,0.4615550856855971,0.5311401143350232,0.9506849315068492,0.0157480314960629,0.0,0.1314435904235209,,2,30,127,45
h20_d07,VIXPercentileRaw,2,1095,127,0.2572164948453608,0.1602912835536575,0.4615550856855971,0.5311401143350232,0.9506849315068492,0.0157480314960629,0.0,0.1314435904235209,,2,30,127,46
h20_d07,VIXPercentileCalibrated,2,1095,127,0.2759450171821306,0.187047212047212,0.233863786315754,0.2445615555376477,0.1967213114754098,0.0,,,,0,30,127,42
h20_d07,VIXPercentileCalibrated,2,1095,127,0.2759450171821306,0.187047212047212,0.233863786315754,0.2445615555376477,0.1967213114754098,0.0,,,,0,30,127,43
h20_d07,VIXPercentileCalibrated,2,1095,127,0.2759450171821306,0.187047212047212,0.233863786315754,0.2445615555376477,0.1967213114754098,0.0,,,,0,30,127,44
h20_d07,VIXPercentileCalibrated,2,1095,127,0.2759450171821306,0.187047212047212,0.233863786315754,0.2445615555376477,0.1967213114754098,0.0,,,,0,30,127,45
h20_d07,VIXPercentileCalibrated,2,1095,127,0.2759450171821306,0.187047212047212,0.233863786315754,0.2445615555376477,0.1967213114754098,0.0,,,,0,30,127,46
h20_d07,HarRvThreshold,2,1095,127,0.305,0.1733586963702904,0.2312173407652115,0.2388205869124598,0.1928010255474082,0.0857142857142857,0.0,0.5989230872617713,,9,25,105,42
h20_d07,HarRvThreshold,2,1095,127,0.305,0.1733586963702904,0.2312173407652115,0.2388205869124598,0.1928010255474082,0.0857142857142857,0.0,0.5989230872617713,,9,25,105,43
h20_d07,HarRvThreshold,2,1095,127,0.305,0.1733586963702904,0.2312173407652115,0.2388205869124598,0.1928010255474082,0.0857142857142857,0.0,0.5989230872617713,,9,25,105,44
h20_d07,HarRvThreshold,2,1095,127,0.305,0.1733586963702904,0.2312173407652115,0.2388205869124598,0.1928010255474082,0.0857142857142857,0.0,0.5989230872617713,,9,25,105,45
h20_d07,HarRvThreshold,2,1095,127,0.305,0.1733586963702904,0.2312173407652115,0.2388205869124598,0.1928010255474082,0.0857142857142857,0.0,0.5989230872617713,,9,25,105,46
h20_d07,LogisticRegressionL2,2,1095,127,0.7745704467353952,0.4349538226162778,0.2339810828340784,0.2356967179719582,0.1521198663187142,0.0078740157480314,0.0,0.6238920927917264,,1,30,127,42
h20_d07,LogisticRegressionL2,2,1095,127,0.7745704467353952,0.4349538226162778,0.2339810828340784,0.2356967179719582,0.1521198663187142,0.0078740157480314,0.0,0.6238920927917264,,1,30,127,43
h20_d07,LogisticRegressionL2,2,1095,127,0.7745704467353952,0.4349538226162778,0.2339810828340784,0.2356967179719582,0.1521198663187142,0.0078740157480314,0.0,0.6238920927917264,,1,30,127,44
h20_d07,LogisticRegressionL2,2,1095,127,0.7745704467353952,0.4349538226162778,0.2339810828340784,0.2356967179719582,0.1521198663187142,0.0078740157480314,0.0,0.6238920927917264,,1,30,127,45
h20_d07,LogisticRegressionL2,2,1095,127,0.7745704467353952,0.4349538226162778,0.2339810828340784,0.2356967179719582,0.1521198663187142,0.0078740157480314,0.0,0.6238920927917264,,1,30,127,46
h20_d07,LightGbmTuned,2,1095,127,0.5,0.23622047244094488,0.1848478034162677,0.06653903046743279,0.3027595029083775,0.0,,,,0,30,127,42
h20_d07,LightGbmTuned,2,1095,127,0.5,0.23622047244094488,0.1848478034162677,0.06653903046743279,0.3027595029083775,0.0,,,,0,30,127,43
h20_d07,LightGbmTuned,2,1095,127,0.5,0.23622047244094488,0.1848478034162677,0.06653903046743279,0.3027595029083775,0.0,,,,0,30,127,44
h20_d07,LightGbmTuned,2,1095,127,0.5,0.23622047244094488,0.1848478034162677,0.06653903046743279,0.3027595029083775,0.0,,,,0,30,127,45
h20_d07,LightGbmTuned,2,1095,127,0.5,0.23622047244094488,0.1848478034162677,0.06653903046743279,0.3027595029083775,0.0,,,,0,30,127,46
h20_d07,NaiveBaseRate,3,1222,126,0.5,0.0238095238095238,0.0248442518700554,0.0400202634245187,0.0638297872340425,0.0,,,,0,3,126,42
h20_d07,NaiveBaseRate,3,1222,126,0.5,0.0238095238095238,0.0248442518700554,0.0400202634245187,0.0638297872340425,0.0,,,,0,3,126,43
h20_d07,NaiveBaseRate,3,1222,126,0.5,0.0238095238095238,0.0248442518700554,0.0400202634245187,0.0638297872340425,0.0,,,,0,3,126,44
h20_d07,NaiveBaseRate,3,1222,126,0.5,0.0238095238095238,0.0248442518700554,0.0400202634245187,0.0638297872340425,0.0,,,,0,3,126,45
h20_d07,NaiveBaseRate,3,1222,126,0.5,0.0238095238095238,0.0248442518700554,0.0400202634245187,0.0638297872340425,0.0,,,,0,3,126,46
h20_d07,VIXPercentileRaw,3,1222,126,0.6571815718157182,0.0431645997201177,0.3963281068001267,0.5653950068843686,0.9500409165302784,0.0,,,,0,3,126,42
h20_d07,VIXPercentileRaw,3,1222,126,0.6571815718157182,0.0431645997201177,0.3963281068001267,0.5653950068843686,0.9500409165302784,0.0,,,,0,3,126,43
h20_d07,VIXPercentileRaw,3,1222,126,0.6571815718157182,0.0431645997201177,0.3963281068001267,0.5653950068843686,0.9500409165302784,0.0,,,,0,3,126,44
h20_d07,VIXPercentileRaw,3,1222,126,0.6571815718157182,0.0431645997201177,0.3963281068001267,0.5653950068843686,0.9500409165302784,0.0,,,,0,3,126,45
h20_d07,VIXPercentileRaw,3,1222,126,0.6571815718157182,0.0431645997201177,0.3963281068001267,0.5653950068843686,0.9500409165302784,0.0,,,,0,3,126,46
h20_d07,VIXPercentileCalibrated,3,1222,126,0.6626016260162602,0.0415266890630832,0.0264759208314056,0.0470128305960219,0.1829268292682926,0.0,,,,0,3,126,42
h20_d07,VIXPercentileCalibrated,3,1222,126,0.6626016260162602,0.0415266890630832,0.0264759208314056,0.0470128305960219,0.1829268292682926,0.0,,,,0,3,126,43
h20_d07,VIXPercentileCalibrated,3,1222,126,0.6626016260162602,0.0415266890630832,0.0264759208314056,0.0470128305960219,0.1829268292682926,0.0,,,,0,3,126,44
h20_d07,VIXPercentileCalibrated,3,1222,126,0.6626016260162602,0.0415266890630832,0.0264759208314056,0.0470128305960219,0.1829268292682926,0.0,,,,0,3,126,45
h20_d07,VIXPercentileCalibrated,3,1222,126,0.6626016260162602,0.0415266890630832,0.0264759208314056,0.0470128305960219,0.1829268292682926,0.0,,,,0,3,126,46
h20_d07,HarRvThreshold,3,1222,126,,,0.0034444733160237,0.0396641269034895,0.1915863272823548,0.0192307692307692,0.0,0.1302636679124008,,2,0,104,42
h20_d07,HarRvThreshold,3,1222,126,,,0.0034444733160237,0.0396641269034895,0.1915863272823548,0.0192307692307692,0.0,0.1302636679124008,,2,0,104,43
h20_d07,HarRvThreshold,3,1222,126,,,0.0034444733160237,0.0396641269034895,0.1915863272823548,0.0192307692307692,0.0,0.1302636679124008,,2,0,104,44
h20_d07,HarRvThreshold,3,1222,126,,,0.0034444733160237,0.0396641269034895,0.1915863272823548,0.0192307692307692,0.0,0.1302636679124008,,2,0,104,45
h20_d07,HarRvThreshold,3,1222,126,,,0.0034444733160237,0.0396641269034895,0.1915863272823548,0.0192307692307692,0.0,0.1302636679124008,,2,0,104,46
h20_d07,LogisticRegressionL2,3,1222,126,0.6747967479674797,0.0596957951609114,0.3628301319304005,0.4494603194398422,0.82903791322677,0.2777777777777778,0.0285714285714285,1.0354200102581606,1.1080410063789072,35,3,126,42
h20_d07,LogisticRegressionL2,3,1222,126,0.6747967479674797,0.0596957951609114,0.3628301319304005,0.4494603194398422,0.82903791322677,0.2777777777777778,0.0285714285714285,1.0354200102581606,1.1080410063789072,35,3,126,43
h20_d07,LogisticRegressionL2,3,1222,126,0.6747967479674797,0.0596957951609114,0.3628301319304005,0.4494603194398422,0.82903791322677,0.2777777777777778,0.0285714285714285,1.0354200102581606,1.1080410063789072,35,3,126,44
h20_d07,LogisticRegressionL2,3,1222,126,0.6747967479674797,0.0596957951609114,0.3628301319304005,0.4494603194398422,0.82903791322677,0.2777777777777778,0.0285714285714285,1.0354200102581606,1.1080410063789072,35,3,126,45
h20_d07,LogisticRegressionL2,3,1222,126,0.6747967479674797,0.0596957951609114,0.3628301319304005,0.4494603194398422,0.82903791322677,0.2777777777777778,0.0285714285714285,1.0354200102581606,1.1080410063789072,35,3,126,46
h20_d07,LightGbmTuned,3,1222,126,0.6883468834688348,0.04790832856870593,0.04312390301893058,0.05664744021228689,0.030160030006183655,0.15873015873015872,0.0,0.9338700283759479,,20,3,126,42
h20_d07,LightGbmTuned,3,1222,126,0.6883468834688348,0.04790832856870593,0.04312390301893058,0.05664744021228689,0.030160030006183655,0.15873015873015872,0.0,0.9338700283759479,,20,3,126,43
h20_d07,LightGbmTuned,3,1222,126,0.6883468834688348,0.04790832856870593,0.04312390301893058,0.05664744021228689,0.030160030006183655,0.15873015873015872,0.0,0.9338700283759479,,20,3,126,44
h20_d07,LightGbmTuned,3,1222,126,0.6883468834688348,0.04790832856870593,0.04312390301893058,0.05664744021228689,0.030160030006183655,0.15873015873015872,0.0,0.9338700283759479,,20,3,126,45
h20_d07,LightGbmTuned,3,1222,126,0.6883468834688348,0.04790832856870593,0.04312390301893058,0.05664744021228689,0.030160030006183655,0.15873015873015872,0.0,0.9338700283759479,,20,3,126,46
h20_d07,NaiveBaseRate,4,1348,127,,,0.0036106904172793,0.0600890207715133,0.0600890207715133,0.0,,,,0,0,127,42
h20_d07,NaiveBaseRate,4,1348,127,,,0.0036106904172793,0.0600890207715133,0.0600890207715133,0.0,,,,0,0,127,43
h20_d07,NaiveBaseRate,4,1348,127,,,0.0036106904172793,0.0600890207715133,0.0600890207715133,0.0,,,,0,0,127,44
h20_d07,NaiveBaseRate,4,1348,127,,,0.0036106904172793,0.0600890207715133,0.0600890207715133,0.0,,,,0,0,127,45
h20_d07,NaiveBaseRate,4,1348,127,,,0.0036106904172793,0.0600890207715133,0.0600890207715133,0.0,,,,0,0,127,46
h20_d07,VIXPercentileRaw,4,1348,127,,,0.0962004358861098,0.2272541414519031,0.9500370919881304,0.0,,,,0,0,127,42
h20_d07,VIXPercentileRaw,4,1348,127,,,0.0962004358861098,0.2272541414519031,0.9500370919881304,0.0,,,,0,0,127,43
h20_d07,VIXPercentileRaw,4,1348,127,,,0.0962004358861098,0.2272541414519031,0.9500370919881304,0.0,,,,0,0,127,44
h20_d07,VIXPercentileRaw,4,1348,127,,,0.0962004358861098,0.2272541414519031,0.9500370919881304,0.0,,,,0,0,127,45
h20_d07,VIXPercentileRaw,4,1348,127,,,0.0962004358861098,0.2272541414519031,0.9500370919881304,0.0,,,,0,0,127,46
h20_d07,VIXPercentileCalibrated,4,1348,127,,,0.0013908946709685,0.0323552135654236,0.1829268292682926,0.0,,,,0,0,127,42
h20_d07,VIXPercentileCalibrated,4,1348,127,,,0.0013908946709685,0.0323552135654236,0.1829268292682926,0.0,,,,0,0,127,43
h20_d07,VIXPercentileCalibrated,4,1348,127,,,0.0013908946709685,0.0323552135654236,0.1829268292682926,0.0,,,,0,0,127,44
h20_d07,VIXPercentileCalibrated,4,1348,127,,,0.0013908946709685,0.0323552135654236,0.1829268292682926,0.0,,,,0,0,127,45
h20_d07,VIXPercentileCalibrated,4,1348,127,,,0.0013908946709685,0.0323552135654236,0.1829268292682926,0.0,,,,0,0,127,46
h20_d07,HarRvThreshold,4,1348,127,,,0.0006249709869302,0.015667299280848,0.1850100455040534,0.0,,,,0,0,105,42
h20_d07,HarRvThreshold,4,1348,127,,,0.0006249709869302,0.015667299280848,0.1850100455040534,0.0,,,,0,0,105,43
h20_d07,HarRvThreshold,4,1348,127,,,0.0006249709869302,0.015667299280848,0.1850100455040534,0.0,,,,0,0,105,44
h20_d07,HarRvThreshold,4,1348,127,,,0.0006249709869302,0.015667299280848,0.1850100455040534,0.0,,,,0,0,105,45
h20_d07,HarRvThreshold,4,1348,127,,,0.0006249709869302,0.015667299280848,0.1850100455040534,0.0,,,,0,0,105,46
h20_d07,LogisticRegressionL2,4,1348,127,,,0.5911482720316731,0.6837156989114768,0.8685029351288202,0.5118110236220472,0.0,1.0688553320279872,,65,0,127,42
h20_d07,LogisticRegressionL2,4,1348,127,,,0.5911482720316731,0.6837156989114768,0.8685029351288202,0.5118110236220472,0.0,1.0688553320279872,,65,0,127,43
h20_d07,LogisticRegressionL2,4,1348,127,,,0.5911482720316731,0.6837156989114768,0.8685029351288202,0.5118110236220472,0.0,1.0688553320279872,,65,0,127,44
h20_d07,LogisticRegressionL2,4,1348,127,,,0.5911482720316731,0.6837156989114768,0.8685029351288202,0.5118110236220472,0.0,1.0688553320279872,,65,0,127,45
h20_d07,LogisticRegressionL2,4,1348,127,,,0.5911482720316731,0.6837156989114768,0.8685029351288202,0.5118110236220472,0.0,1.0688553320279872,,65,0,127,46
h20_d07,LightGbmTuned,4,1348,127,,,0.07140901526083894,0.10649159454975299,0.00019844966561785324,0.4409448818897638,0.0,1.517855312501483,,56,0,127,42
h20_d07,LightGbmTuned,4,1348,127,,,0.07140901526083894,0.10649159454975299,0.00019844966561785324,0.4409448818897638,0.0,1.517855312501483,,56,0,127,43
h20_d07,LightGbmTuned,4,1348,127,,,0.07140901526083894,0.10649159454975299,0.00019844966561785324,0.4409448818897638,0.0,1.517855312501483,,56,0,127,44
h20_d07,LightGbmTuned,4,1348,127,,,0.07140901526083894,0.10649159454975299,0.00019844966561785324,0.4409448818897638,0.0,1.517855312501483,,56,0,127,45
h20_d07,LightGbmTuned,4,1348,127,,,0.07140901526083894,0.10649159454975299,0.00019844966561785324,0.4409448818897638,0.0,1.517855312501483,,56,0,127,46
h20_d07,NaiveBaseRate,5,1475,125,,,0.0030156851479459,0.0549152542372881,0.0549152542372881,0.0,,,,0,0,125,42
h20_d07,NaiveBaseRate,5,1475,125,,,0.0030156851479459,0.0549152542372881,0.0549152542372881,0.0,,,,0,0,125,43
h20_d07,NaiveBaseRate,5,1475,125,,,0.0030156851479459,0.0549152542372881,0.0549152542372881,0.0,,,,0,0,125,44
h20_d07,NaiveBaseRate,5,1475,125,,,0.0030156851479459,0.0549152542372881,0.0549152542372881,0.0,,,,0,0,125,45
h20_d07,NaiveBaseRate,5,1475,125,,,0.0030156851479459,0.0549152542372881,0.0549152542372881,0.0,,,,0,0,125,46
h20_d07,VIXPercentileRaw,5,1475,125,,,0.0196717614478598,0.0641681355932203,0.9500338983050848,0.0,,,,0,0,125,42
h20_d07,VIXPercentileRaw,5,1475,125,,,0.0196717614478598,0.0641681355932203,0.9500338983050848,0.0,,,,0,0,125,43
h20_d07,VIXPercentileRaw,5,1475,125,,,0.0196717614478598,0.0641681355932203,0.9500338983050848,0.0,,,,0,0,125,44
h20_d07,VIXPercentileRaw,5,1475,125,,,0.0196717614478598,0.0641681355932203,0.9500338983050848,0.0,,,,0,0,125,45
h20_d07,VIXPercentileRaw,5,1475,125,,,0.0196717614478598,0.0641681355932203,0.9500338983050848,0.0,,,,0,0,125,46
h20_d07,VIXPercentileCalibrated,5,1475,125,,,0.0002698743302315,0.0078859371565503,0.1829268292682926,0.0,,,,0,0,125,42
h20_d07,VIXPercentileCalibrated,5,1475,125,,,0.0002698743302315,0.0078859371565503,0.1829268292682926,0.0,,,,0,0,125,43
h20_d07,VIXPercentileCalibrated,5,1475,125,,,0.0002698743302315,0.0078859371565503,0.1829268292682926,0.0,,,,0,0,125,44
h20_d07,VIXPercentileCalibrated,5,1475,125,,,0.0002698743302315,0.0078859371565503,0.1829268292682926,0.0,,,,0,0,125,45
h20_d07,VIXPercentileCalibrated,5,1475,125,,,0.0002698743302315,0.0078859371565503,0.1829268292682926,0.0,,,,0,0,125,46
h20_d07,HarRvThreshold,5,1475,125,,,0.000132338704257,0.0082677794446149,0.1702645009067781,0.0,,,,0,0,103,42
h20_d07,HarRvThreshold,5,1475,125,,,0.000132338704257,0.0082677794446149,0.1702645009067781,0.0,,,,0,0,103,43
h20_d07,HarRvThreshold,5,1475,125,,,0.000132338704257,0.0082677794446149,0.1702645009067781,0.0,,,,0,0,103,44
h20_d07,HarRvThreshold,5,1475,125,,,0.000132338704257,0.0082677794446149,0.1702645009067781,0.0,,,,0,0,103,45
h20_d07,HarRvThreshold,5,1475,125,,,0.000132338704257,0.0082677794446149,0.1702645009067781,0.0,,,,0,0,103,46
h20_d07,LogisticRegressionL2,5,1475,125,,,0.1931480581807152,0.3586181501291738,0.8461138280848519,0.024,0.0,0.5557340209817714,,3,0,125,42
h20_d07,LogisticRegressionL2,5,1475,125,,,0.1931480581807152,0.3586181501291738,0.8461138280848519,0.024,0.0,0.5557340209817714,,3,0,125,43
h20_d07,LogisticRegressionL2,5,1475,125,,,0.1931480581807152,0.3586181501291738,0.8461138280848519,0.024,0.0,0.5557340209817714,,3,0,125,44
h20_d07,LogisticRegressionL2,5,1475,125,,,0.1931480581807152,0.3586181501291738,0.8461138280848519,0.024,0.0,0.5557340209817714,,3,0,125,45
h20_d07,LogisticRegressionL2,5,1475,125,,,0.1931480581807152,0.3586181501291738,0.8461138280848519,0.024,0.0,0.5557340209817714,,3,0,125,46
h20_d07,LightGbmTuned,5,1475,125,,,0.007735516911303778,0.015061474150765473,0.001821134571489099,0.128,0.0,1.0485241008907822,,16,0,125,42
h20_d07,LightGbmTuned,5,1475,125,,,0.007735516911303778,0.015061474150765473,0.001821134571489099,0.128,0.0,1.0485241008907822,,16,0,125,43
h20_d07,LightGbmTuned,5,1475,125,,,0.007735516911303778,0.015061474150765473,0.001821134571489099,0.128,0.0,1.0485241008907822,,16,0,125,44
h20_d07,LightGbmTuned,5,1475,125,,,0.007735516911303778,0.015061474150765473,0.001821134571489099,0.128,0.0,1.0485241008907822,,16,0,125,45
h20_d07,LightGbmTuned,5,1475,125,,,0.007735516911303778,0.015061474150765473,0.001821134571489099,0.128,0.0,1.0485241008907822,,16,0,125,46
h20_d07,NaiveBaseRate,6,1600,126,,,0.002562890625,0.050625,0.050625,0.0,,,,0,0,126,42
h20_d07,NaiveBaseRate,6,1600,126,,,0.002562890625,0.050625,0.050625,0.0,,,,0,0,126,43
h20_d07,NaiveBaseRate,6,1600,126,,,0.002562890625,0.050625,0.050625,0.0,,,,0,0,126,44
h20_d07,NaiveBaseRate,6,1600,126,,,0.002562890625,0.050625,0.050625,0.0,,,,0,0,126,45
h20_d07,NaiveBaseRate,6,1600,126,,,0.002562890625,0.050625,0.050625,0.0,,,,0,0,126,46
h20_d07,VIXPercentileRaw,6,1600,126,,,0.0114819475446428,0.0435565476190476,0.95003125,0.0,,,,0,0,126,42
h20_d07,VIXPercentileRaw,6,1600,126,,,0.0114819475446428,0.0435565476190476,0.95003125,0.0,,,,0,0,126,43
h20_d07,VIXPercentileRaw,6,1600,126,,,0.0114819475446428,0.0435565476190476,0.95003125,0.0,,,,0,0,126,44
h20_d07,VIXPercentileRaw,6,1600,126,,,0.0114819475446428,0.0435565476190476,0.95003125,0.0,,,,0,0,126,45
h20_d07,VIXPercentileRaw,6,1600,126,,,0.0114819475446428,0.0435565476190476,0.95003125,0.0,,,,0,0,126,46
h20_d07,VIXPercentileCalibrated,6,1600,126,,,0.0001082398228145,0.0032689409195359,0.1829268292682926,0.0,,,,0,0,126,42
h20_d07,VIXPercentileCalibrated,6,1600,126,,,0.0001082398228145,0.0032689409195359,0.1829268292682926,0.0,,,,0,0,126,43
h20_d07,VIXPercentileCalibrated,6,1600,126,,,0.0001082398228145,0.0032689409195359,0.1829268292682926,0.0,,,,0,0,126,44
h20_d07,VIXPercentileCalibrated,6,1600,126,,,0.0001082398228145,0.0032689409195359,0.1829268292682926,0.0,,,,0,0,126,45
h20_d07,VIXPercentileCalibrated,6,1600,126,,,0.0001082398228145,0.0032689409195359,0.1829268292682926,0.0,,,,0,0,126,46
h20_d07,HarRvThreshold,6,1600,126,,,0.0001064127608672,0.0068995199809706,0.1612325941763246,0.0,,,,0,0,104,42
h20_d07,HarRvThreshold,6,1600,126,,,0.0001064127608672,0.0068995199809706,0.1612325941763246,0.0,,,,0,0,104,43
h20_d07,HarRvThreshold,6,1600,126,,,0.0001064127608672,0.0068995199809706,0.1612325941763246,0.0,,,,0,0,104,44
h20_d07,HarRvThreshold,6,1600,126,,,0.0001064127608672,0.0068995199809706,0.1612325941763246,0.0,,,,0,0,104,45
h20_d07,HarRvThreshold,6,1600,126,,,0.0001064127608672,0.0068995199809706,0.1612325941763246,0.0,,,,0,0,104,46
h20_d07,LogisticRegressionL2,6,1600,126,,,0.1883987537447543,0.3284795900721698,0.8210388742595324,0.0634920634920634,0.0,0.927296994544938,,8,0,126,42
h20_d07,LogisticRegressionL2,6,1600,126,,,0.1883987537447543,0.3284795900721698,0.8210388742595324,0.0634920634920634,0.0,0.927296994544938,,8,0,126,43
h20_d07,LogisticRegressionL2,6,1600,126,,,0.1883987537447543,0.3284795900721698,0.8210388742595324,0.0634920634920634,0.0,0.927296994544938,,8,0,126,44
h20_d07,LogisticRegressionL2,6,1600,126,,,0.1883987537447543,0.3284795900721698,0.8210388742595324,0.0634920634920634,0.0,0.927296994544938,,8,0,126,45
h20_d07,LogisticRegressionL2,6,1600,126,,,0.1883987537447543,0.3284795900721698,0.8210388742595324,0.0634920634920634,0.0,0.927296994544938,,8,0,126,46
h20_d07,LightGbmTuned,6,1600,126,,,0.016970823886764616,0.03674230381912778,0.03583827842276912,0.1349206349206349,0.0,1.199652166717335,,17,0,126,42
h20_d07,LightGbmTuned,6,1600,126,,,0.016970823886764616,0.03674230381912778,0.03583827842276912,0.1349206349206349,0.0,1.199652166717335,,17,0,126,43
h20_d07,LightGbmTuned,6,1600,126,,,0.016970823886764616,0.03674230381912778,0.03583827842276912,0.1349206349206349,0.0,1.199652166717335,,17,0,126,44
h20_d07,LightGbmTuned,6,1600,126,,,0.016970823886764616,0.03674230381912778,0.03583827842276912,0.1349206349206349,0.0,1.199652166717335,,17,0,126,45
h20_d07,LightGbmTuned,6,1600,126,,,0.016970823886764616,0.03674230381912778,0.03583827842276912,0.1349206349206349,0.0,1.199652166717335,,17,0,126,46
h20_d07,NaiveBaseRate,7,1726,125,0.5,0.128,0.1181884557493666,0.0810706836616454,0.0469293163383545,0.0,,,,0,16,125,42
h20_d07,NaiveBaseRate,7,1726,125,0.5,0.128,0.1181884557493666,0.0810706836616454,0.0469293163383545,0.0,,,,0,16,125,43
h20_d07,NaiveBaseRate,7,1726,125,0.5,0.128,0.1181884557493666,0.0810706836616454,0.0469293163383545,0.0,,,,0,16,125,44
h20_d07,NaiveBaseRate,7,1726,125,0.5,0.128,0.1181884557493666,0.0810706836616454,0.0469293163383545,0.0,,,,0,16,125,45
h20_d07,NaiveBaseRate,7,1726,125,0.5,0.128,0.1181884557493666,0.0810706836616454,0.0469293163383545,0.0,,,,0,16,125,46
h20_d07,VIXPercentileRaw,7,1726,125,0.1791857798165137,0.0812354799145235,0.432955155222626,0.5179096176129779,0.9500289687137892,0.032,0.0,0.3417794033471513,,4,16,125,42
h20_d07,VIXPercentileRaw,7,1726,125,0.1791857798165137,0.0812354799145235,0.432955155222626,0.5179096176129779,0.9500289687137892,0.032,0.0,0.3417794033471513,,4,16,125,43
h20_d07,VIXPercentileRaw,7,1726,125,0.1791857798165137,0.0812354799145235,0.432955155222626,0.5179096176129779,0.9500289687137892,0.032,0.0,0.3417794033471513,,4,16,125,44
h20_d07,VIXPercentileRaw,7,1726,125,0.1791857798165137,0.0812354799145235,0.432955155222626,0.5179096176129779,0.9500289687137892,0.032,0.0,0.3417794033471513,,4,16,125,45
h20_d07,VIXPercentileRaw,7,1726,125,0.1791857798165137,0.0812354799145235,0.432955155222626,0.5179096176129779,0.9500289687137892,0.032,0.0,0.3417794033471513,,4,16,125,46
h20_d07,VIXPercentileCalibrated,7,1726,125,0.1410550458715596,0.0977256894049347,0.1281582846647948,0.1003111876621607,0.1097560975609756,0.024,0.0,0.6176816662828096,,3,16,125,42
h20_d07,VIXPercentileCalibrated,7,1726,125,0.1410550458715596,0.0977256894049347,0.1281582846647948,0.1003111876621607,0.1097560975609756,0.024,0.0,0.6176816662828096,,3,16,125,43
h20_d07,VIXPercentileCalibrated,7,1726,125,0.1410550458715596,0.0977256894049347,0.1281582846647948,0.1003111876621607,0.1097560975609756,0.024,0.0,0.6176816662828096,,3,16,125,44
h20_d07,VIXPercentileCalibrated,7,1726,125,0.1410550458715596,0.0977256894049347,0.1281582846647948,0.1003111876621607,0.1097560975609756,0.024,0.0,0.6176816662828096,,3,16,125,45
h20_d07,VIXPercentileCalibrated,7,1726,125,0.1410550458715596,0.0977256894049347,0.1281582846647948,0.1003111876621607,0.1097560975609756,0.024,0.0,0.6176816662828096,,3,16,125,46
h20_d07,HarRvThreshold,7,1726,125,0.608910891089109,0.0355623100303951,0.0263397712542473,0.0480372287562009,0.1508119396893122,0.1262135922330097,0.0,0.5103916713031291,,13,2,103,42
h20_d07,HarRvThreshold,7,1726,125,0.608910891089109,0.0355623100303951,0.0263397712542473,0.0480372287562009,0.1508119396893122,0.1262135922330097,0.0,0.5103916713031291,,13,2,103,43
h20_d07,HarRvThreshold,7,1726,125,0.608910891089109,0.0355623100303951,0.0263397712542473,0.0480372287562009,0.1508119396893122,0.1262135922330097,0.0,0.5103916713031291,,13,2,103,44
h20_d07,HarRvThreshold,7,1726,125,0.608910891089109,0.0355623100303951,0.0263397712542473,0.0480372287562009,0.1508119396893122,0.1262135922330097,0.0,0.5103916713031291,,13,2,103,45
h20_d07,HarRvThreshold,7,1726,125,0.608910891089109,0.0355623100303951,0.0263397712542473,0.0480372287562009,0.1508119396893122,0.1262135922330097,0.0,0.5103916713031291,,13,2,103,46
h20_d07,LogisticRegressionL2,7,1726,125,0.165137614678899,0.078247695711628,0.1492213011001459,0.1742163930200704,0.825856112906104,0.0,,,,0,16,125,42
h20_d07,LogisticRegressionL2,7,1726,125,0.165137614678899,0.078247695711628,0.1492213011001459,0.1742163930200704,0.825856112906104,0.0,,,,0,16,125,43
h20_d07,LogisticRegressionL2,7,1726,125,0.165137614678899,0.078247695711628,0.1492213011001459,0.1742163930200704,0.825856112906104,0.0,,,,0,16,125,44
h20_d07,LogisticRegressionL2,7,1726,125,0.165137614678899,0.078247695711628,0.1492213011001459,0.1742163930200704,0.825856112906104,0.0,,,,0,16,125,45
h20_d07,LogisticRegressionL2,7,1726,125,0.165137614678899,0.078247695711628,0.1492213011001459,0.1742163930200704,0.825856112906104,0.0,,,,0,16,125,46
h20_d07,LightGbmTuned,7,1726,125,0.30963302752293576,0.1177587844254511,0.16108476968026483,0.19781788733517883,0.6200113317072492,0.016,0.0,0.2962684214881405,,2,16,125,42
h20_d07,LightGbmTuned,7,1726,125,0.30963302752293576,0.1177587844254511,0.16108476968026483,0.19781788733517883,0.6200113317072492,0.016,0.0,0.2962684214881405,,2,16,125,43
h20_d07,LightGbmTuned,7,1726,125,0.30963302752293576,0.1177587844254511,0.16108476968026483,0.19781788733517883,0.6200113317072492,0.016,0.0,0.2962684214881405,,2,16,125,44
h20_d07,LightGbmTuned,7,1726,125,0.30963302752293576,0.1177587844254511,0.16108476968026483,0.19781788733517883,0.6200113317072492,0.016,0.0,0.2962684214881405,,2,16,125,45
h20_d07,LightGbmTuned,7,1726,125,0.30963302752293576,0.1177587844254511,0.16108476968026483,0.19781788733517883,0.6200113317072492,0.016,0.0,0.2962684214881405,,2,16,125,46
h20_d07,NaiveBaseRate,8,1851,125,0.5,0.224,0.2032691508758535,0.1715958941112912,0.0524041058887088,0.0,,,,0,28,125,42
h20_d07,NaiveBaseRate,8,1851,125,0.5,0.224,0.2032691508758535,0.1715958941112912,0.0524041058887088,0.0,,,,0,28,125,43
h20_d07,NaiveBaseRate,8,1851,125,0.5,0.224,0.2032691508758535,0.1715958941112912,0.0524041058887088,0.0,,,,0,28,125,44
h20_d07,NaiveBaseRate,8,1851,125,0.5,0.224,0.2032691508758535,0.1715958941112912,0.0524041058887088,0.0,,,,0,28,125,45
h20_d07,NaiveBaseRate,8,1851,125,0.5,0.224,0.2032691508758535,0.1715958941112912,0.0524041058887088,0.0,,,,0,28,125,46
h20_d07,VIXPercentileRaw,8,1851,125,0.6233431516936672,0.2874859732414642,0.3063653907053322,0.3153236088600756,0.9500270124257156,0.048,0.0,0.2949725907693825,,6,28,125,42
h20_d07,VIXPercentileRaw,8,1851,125,0.6233431516936672,0.2874859732414642,0.3063653907053322,0.3153236088600756,0.9500270124257156,0.048,0.0,0.2949725907693825,,6,28,125,43
h20_d07,VIXPercentileRaw,8,1851,125,0.6233431516936672,0.2874859732414642,0.3063653907053322,0.3153236088600756,0.9500270124257156,0.048,0.0,0.2949725907693825,,6,28,125,44
h20_d07,VIXPercentileRaw,8,1851,125,0.6233431516936672,0.2874859732414642,0.3063653907053322,0.3153236088600756,0.9500270124257156,0.048,0.0,0.2949725907693825,,6,28,125,45
h20_d07,VIXPercentileRaw,8,1851,125,0.6233431516936672,0.2874859732414642,0.3063653907053322,0.3153236088600756,0.9500270124257156,0.048,0.0,0.2949725907693825,,6,28,125,46
h20_d07,VIXPercentileCalibrated,8,1851,125,0.6220544918998528,0.2753951793521347,0.2005417990533691,0.1653077737787362,0.1011235955056179,0.032,0.0,0.0633481902096764,,4,28,125,42
h20_d07,VIXPercentileCalibrated,8,1851,125,0.6220544918998528,0.2753951793521347,0.2005417990533691,0.1653077737787362,0.1011235955056179,0.032,0.0,0.0633481902096764,,4,28,125,43
h20_d07,VIXPercentileCalibrated,8,1851,125,0.6220544918998528,0.2753951793521347,0.2005417990533691,0.1653077737787362,0.1011235955056179,0.032,0.0,0.0633481902096764,,4,28,125,44
h20_d07,VIXPercentileCalibrated,8,1851,125,0.6220544918998528,0.2753951793521347,0.2005417990533691,0.1653077737787362,0.1011235955056179,0.032,0.0,0.0633481902096764,,4,28,125,45
h20_d07,VIXPercentileCalibrated,8,1851,125,0.6220544918998528,0.2753951793521347,0.2005417990533691,0.1653077737787362,0.1011235955056179,0.032,0.0,0.0633481902096764,,4,28,125,46
h20_d07,HarRvThreshold,8,1851,125,0.5119047619047619,0.2886138808121713,0.2452287585734978,0.2244546716860475,0.1592258132286761,0.0970873786407767,0.3,0.8705741629481499,1.0803537327884831,10,28,103,42
h20_d07,HarRvThreshold,8,1851,125,0.5119047619047619,0.2886138808121713,0.2452287585734978,0.2244546716860475,0.1592258132286761,0.0970873786407767,0.3,0.8705741629481499,1.0803537327884831,10,28,103,43
h20_d07,HarRvThreshold,8,1851,125,0.5119047619047619,0.2886138808121713,0.2452287585734978,0.2244546716860475,0.1592258132286761,0.0970873786407767,0.3,0.8705741629481499,1.0803537327884831,10,28,103,44
h20_d07,HarRvThreshold,8,1851,125,0.5119047619047619,0.2886138808121713,0.2452287585734978,0.2244546716860475,0.1592258132286761,0.0970873786407767,0.3,0.8705741629481499,1.0803537327884831,10,28,103,45
h20_d07,HarRvThreshold,8,1851,125,0.5119047619047619,0.2886138808121713,0.2452287585734978,0.2244546716860475,0.1592258132286761,0.0970873786407767,0.3,0.8705741629481499,1.0803537327884831,10,28,103,46
h20_d07,LogisticRegressionL2,8,1851,125,0.5452871870397644,0.2913140261914897,0.2143768904573052,0.2074693093431447,0.8176296583551905,0.0,,,,0,28,125,42
h20_d07,LogisticRegressionL2,8,1851,125,0.5452871870397644,0.2913140261914897,0.2143768904573052,0.2074693093431447,0.8176296583551905,0.0,,,,0,28,125,43
h20_d07,LogisticRegressionL2,8,1851,125,0.5452871870397644,0.2913140261914897,0.2143768904573052,0.2074693093431447,0.8176296583551905,0.0,,,,0,28,125,44
h20_d07,LogisticRegressionL2,8,1851,125,0.5452871870397644,0.2913140261914897,0.2143768904573052,0.2074693093431447,0.8176296583551905,0.0,,,,0,28,125,45
h20_d07,LogisticRegressionL2,8,1851,125,0.5452871870397644,0.2913140261914897,0.2143768904573052,0.2074693093431447,0.8176296583551905,0.0,,,,0,28,125,46
h20_d07,LightGbmTuned,8,1851,125,0.41255522827687785,0.25236336127732756,0.20117701242241764,0.17113838919291907,0.5925362555777262,0.0,,,,0,28,125,42
h20_d07,LightGbmTuned,8,1851,125,0.41255522827687785,0.25236336127732756,0.20117701242241764,0.17113838919291907,0.5925362555777262,0.0,,,,0,28,125,43
h20_d07,LightGbmTuned,8,1851,125,0.41255522827687785,0.25236336127732756,0.20117701242241764,0.17113838919291907,0.5925362555777262,0.0,,,,0,28,125,44
h20_d07,LightGbmTuned,8,1851,125,0.41255522827687785,0.25236336127732756,0.20117701242241764,0.17113838919291907,0.5925362555777262,0.0,,,,0,28,125,45
h20_d07,LightGbmTuned,8,1851,125,0.41255522827687785,0.25236336127732756,0.20117701242241764,0.17113838919291907,0.5925362555777262,0.0,,,,0,28,125,46
h20_d07,NaiveBaseRate,9,1976,125,,,0.0040017149109147,0.0632591093117409,0.0632591093117408,0.0,,,,0,0,125,42
h20_d07,NaiveBaseRate,9,1976,125,,,0.0040017149109147,0.0632591093117409,0.0632591093117408,0.0,,,,0,0,125,43
h20_d07,NaiveBaseRate,9,1976,125,,,0.0040017149109147,0.0632591093117409,0.0632591093117408,0.0,,,,0,0,125,44
h20_d07,NaiveBaseRate,9,1976,125,,,0.0040017149109147,0.0632591093117409,0.0632591093117408,0.0,,,,0,0,125,45
h20_d07,NaiveBaseRate,9,1976,125,,,0.0040017149109147,0.0632591093117409,0.0632591093117408,0.0,,,,0,0,125,46
h20_d07,VIXPercentileRaw,9,1976,125,,,0.3430468721827927,0.554085020242915,0.9500253036437248,0.0,,,,0,0,125,42
h20_d07,VIXPercentileRaw,9,1976,125,,,0.3430468721827927,0.554085020242915,0.9500253036437248,0.0,,,,0,0,125,43
h20_d07,VIXPercentileRaw,9,1976,125,,,0.3430468721827927,0.554085020242915,0.9500253036437248,0.0,,,,0,0,125,44
h20_d07,VIXPercentileRaw,9,1976,125,,,0.3430468721827927,0.554085020242915,0.9500253036437248,0.0,,,,0,0,125,45
h20_d07,VIXPercentileRaw,9,1976,125,,,0.3430468721827927,0.554085020242915,0.9500253036437248,0.0,,,,0,0,125,46
h20_d07,VIXPercentileCalibrated,9,1976,125,,,0.0041992123592917,0.0607440630213015,0.1256038647342995,0.0,,,,0,0,125,42
h20_d07,VIXPercentileCalibrated,9,1976,125,,,0.0041992123592917,0.0607440630213015,0.1256038647342995,0.0,,,,0,0,125,43
h20_d07,VIXPercentileCalibrated,9,1976,125,,,0.0041992123592917,0.0607440630213015,0.1256038647342995,0.0,,,,0,0,125,44
h20_d07,VIXPercentileCalibrated,9,1976,125,,,0.0041992123592917,0.0607440630213015,0.1256038647342995,0.0,,,,0,0,125,45
h20_d07,VIXPercentileCalibrated,9,1976,125,,,0.0041992123592917,0.0607440630213015,0.1256038647342995,0.0,,,,0,0,125,46
h20_d07,HarRvThreshold,9,1976,125,,,0.0010958518548863,0.0273742420493247,0.1678978305159221,0.0,,,,0,0,103,42
h20_d07,HarRvThreshold,9,1976,125,,,0.0010958518548863,0.0273742420493247,0.1678978305159221,0.0,,,,0,0,103,43
h20_d07,HarRvThreshold,9,1976,125,,,0.0010958518548863,0.0273742420493247,0.1678978305159221,0.0,,,,0,0,103,44
h20_d07,HarRvThreshold,9,1976,125,,,0.0010958518548863,0.0273742420493247,0.1678978305159221,0.0,,,,0,0,103,45
h20_d07,HarRvThreshold,9,1976,125,,,0.0010958518548863,0.0273742420493247,0.1678978305159221,0.0,,,,0,0,103,46
h20_d07,LogisticRegressionL2,9,1976,125,,,0.15026773233665,0.3217060993094824,0.8325351893661991,0.0,,,,0,0,125,42
h20_d07,LogisticRegressionL2,9,1976,125,,,0.15026773233665,0.3217060993094824,0.8325351893661991,0.0,,,,0,0,125,43
h20_d07,LogisticRegressionL2,9,1976,125,,,0.15026773233665,0.3217060993094824,0.8325351893661991,0.0,,,,0,0,125,44
h20_d07,LogisticRegressionL2,9,1976,125,,,0.15026773233665,0.3217060993094824,0.8325351893661991,0.0,,,,0,0,125,45
h20_d07,LogisticRegressionL2,9,1976,125,,,0.15026773233665,0.3217060993094824,0.8325351893661991,0.0,,,,0,0,125,46
h20_d07,LightGbmTuned,9,1976,125,,,0.14067714306702295,0.3444452169388436,0.6783107788702628,0.0,,,,0,0,125,42
h20_d07,LightGbmTuned,9,1976,125,,,0.14067714306702295,0.3444452169388436,0.6783107788702628,0.0,,,,0,0,125,43
h20_d07,LightGbmTuned,9,1976,125,,,0.14067714306702295,0.3444452169388436,0.6783107788702628,0.0,,,,0,0,125,44
h20_d07,LightGbmTuned,9,1976,125,,,0.14067714306702295,0.3444452169388436,0.6783107788702628,0.0,,,,0,0,125,45
h20_d07,LightGbmTuned,9,1976,125,,,0.14067714306702295,0.3444452169388436,0.6783107788702628,0.0,,,,0,0,125,46
h20_d07,NaiveBaseRate,10,2101,127,,,0.0035397119433392,0.0594954783436458,0.0594954783436458,0.0,,,,0,0,127,42
h20_d07,NaiveBaseRate,10,2101,127,,,0.0035397119433392,0.0594954783436458,0.0594954783436458,0.0,,,,0,0,127,43
h20_d07,NaiveBaseRate,10,2101,127,,,0.0035397119433392,0.0594954783436458,0.0594954783436458,0.0,,,,0,0,127,44
h20_d07,NaiveBaseRate,10,2101,127,,,0.0035397119433392,0.0594954783436458,0.0594954783436458,0.0,,,,0,0,127,45
h20_d07,NaiveBaseRate,10,2101,127,,,0.0035397119433392,0.0594954783436458,0.0594954783436458,0.0,,,,0,0,127,46
h20_d07,VIXPercentileRaw,10,2101,127,,,0.2623400976212552,0.4587017055995083,0.9500237981913374,0.0,,,,0,0,127,42
h20_d07,VIXPercentileRaw,10,2101,127,,,0.2623400976212552,0.4587017055995083,0.9500237981913374,0.0,,,,0,0,127,43
h20_d07,VIXPercentileRaw,10,2101,127,,,0.2623400976212552,0.4587017055995083,0.9500237981913374,0.0,,,,0,0,127,44
h20_d07,VIXPercentileRaw,10,2101,127,,,0.2623400976212552,0.4587017055995083,0.9500237981913374,0.0,,,,0,0,127,45
h20_d07,VIXPercentileRaw,10,2101,127,,,0.2623400976212552,0.4587017055995083,0.9500237981913374,0.0,,,,0,0,127,46
h20_d07,VIXPercentileCalibrated,10,2101,127,,,0.0030455243518435,0.0518694434876471,0.1220657276995305,0.0,,,,0,0,127,42
h20_d07,VIXPercentileCalibrated,10,2101,127,,,0.0030455243518435,0.0518694434876471,0.1220657276995305,0.0,,,,0,0,127,43
h20_d07,VIXPercentileCalibrated,10,2101,127,,,0.0030455243518435,0.0518694434876471,0.1220657276995305,0.0,,,,0,0,127,44
h20_d07,VIXPercentileCalibrated,10,2101,127,,,0.0030455243518435,0.0518694434876471,0.1220657276995305,0.0,,,,0,0,127,45
h20_d07,VIXPercentileCalibrated,10,2101,127,,,0.0030455243518435,0.0518694434876471,0.1220657276995305,0.0,,,,0,0,127,46
h20_d07,HarRvThreshold,10,2101,127,,,0.0031214292545083,0.0388828282276888,0.1687797523336607,0.0095238095238095,0.0,0.2356599983538148,,1,0,105,42
h20_d07,HarRvThreshold,10,2101,127,,,0.0031214292545083,0.0388828282276888,0.1687797523336607,0.0095238095238095,0.0,0.2356599983538148,,1,0,105,43
h20_d07,HarRvThreshold,10,2101,127,,,0.0031214292545083,0.0388828282276888,0.1687797523336607,0.0095238095238095,0.0,0.2356599983538148,,1,0,105,44
h20_d07,HarRvThreshold,10,2101,127,,,0.0031214292545083,0.0388828282276888,0.1687797523336607,0.0095238095238095,0.0,0.2356599983538148,,1,0,105,45
h20_d07,HarRvThreshold,10,2101,127,,,0.0031214292545083,0.0388828282276888,0.1687797523336607,0.0095238095238095,0.0,0.2356599983538148,,1,0,105,46
h20_d07,LogisticRegressionL2,10,2101,127,,,0.0344114372877276,0.1535431294699638,0.8243326470283638,0.0,,,,0,0,3,42
h20_d07,LogisticRegressionL2,10,2101,127,,,0.0344114372877276,0.1535431294699638,0.8243326470283638,0.0,,,,0,0,3,43
h20_d07,LogisticRegressionL2,10,2101,127,,,0.0344114372877276,0.1535431294699638,0.8243326470283638,0.0,,,,0,0,3,44
h20_d07,LogisticRegressionL2,10,2101,127,,,0.0344114372877276,0.1535431294699638,0.8243326470283638,0.0,,,,0,0,3,45
h20_d07,LogisticRegressionL2,10,2101,127,,,0.0344114372877276,0.1535431294699638,0.8243326470283638,0.0,,,,0,0,3,46
h20_d07,LightGbmTuned,10,2101,127,,,5.499297158857505e-05,0.005041541234098989,0.7433518575403304,0.0,,,,0,0,3,42
h20_d07,LightGbmTuned,10,2101,127,,,5.499297158857505e-05,0.005041541234098989,0.7433518575403304,0.0,,,,0,0,3,43
h20_d07,LightGbmTuned,10,2101,127,,,5.499297158857505e-05,0.005041541234098989,0.7433518575403304,0.0,,,,0,0,3,44
h20_d07,LightGbmTuned,10,2101,127,,,5.499297158857505e-05,0.005041541234098989,0.7433518575403304,0.0,,,,0,0,3,45
h20_d07,LightGbmTuned,10,2101,127,,,5.499297158857505e-05,0.005041541234098989,0.7433518575403304,0.0,,,,0,0,3,46
h20_d07,NaiveBaseRate,11,2228,126,0.5,0.2777777777777778,0.2497564903960653,0.2216736485138639,0.0561041292639138,0.0,,,,0,35,126,42
h20_d07,NaiveBaseRate,11,2228,126,0.5,0.2777777777777778,0.2497564903960653,0.2216736485138639,0.0561041292639138,0.0,,,,0,35,126,43
h20_d07,NaiveBaseRate,11,2228,126,0.5,0.2777777777777778,0.2497564903960653,0.2216736485138639,0.0561041292639138,0.0,,,,0,35,126,44
h20_d07,NaiveBaseRate,11,2228,126,0.5,0.2777777777777778,0.2497564903960653,0.2216736485138639,0.0561041292639138,0.0,,,,0,35,126,45
h20_d07,NaiveBaseRate,11,2228,126,0.5,0.2777777777777778,0.2497564903960653,0.2216736485138639,0.0561041292639138,0.0,,,,0,35,126,46
h20_d07,VIXPercentileRaw,11,2228,126,0.4372056514913658,0.2721882950893146,0.5963478541327303,0.6142386936821409,0.9500224416517056,0.6746031746031746,0.188235294117647,0.7657642700018339,1.0632940319494544,85,35,126,42
h20_d07,VIXPercentileRaw,11,2228,126,0.4372056514913658,0.2721882950893146,0.5963478541327303,0.6142386936821409,0.9500224416517056,0.6746031746031746,0.188235294117647,0.7657642700018339,1.0632940319494544,85,35,126,43
h20_d07,VIXPercentileRaw,11,2228,126,0.4372056514913658,0.2721882950893146,0.5963478541327303,0.6142386936821409,0.9500224416517056,0.6746031746031746,0.188235294117647,0.7657642700018339,1.0632940319494544,85,35,126,44
h20_d07,VIXPercentileRaw,11,2228,126,0.4372056514913658,0.2721882950893146,0.5963478541327303,0.6142386936821409,0.9500224416517056,0.6746031746031746,0.188235294117647,0.7657642700018339,1.0632940319494544,85,35,126,45
h20_d07,VIXPercentileRaw,11,2228,126,0.4372056514913658,0.2721882950893146,0.5963478541327303,0.6142386936821409,0.9500224416517056,0.6746031746031746,0.188235294117647,0.7657642700018339,1.0632940319494544,85,35,126,46
h20_d07,VIXPercentileCalibrated,11,2228,126,0.3739403453689168,0.231688520625597,0.2391264032483172,0.1534042619678086,0.1198156682027649,0.5476190476190477,0.2028985507246377,0.7633360804314101,1.0146346517378058,69,35,126,42
h20_d07,VIXPercentileCalibrated,11,2228,126,0.3739403453689168,0.231688520625597,0.2391264032483172,0.1534042619678086,0.1198156682027649,0.5476190476190477,0.2028985507246377,0.7633360804314101,1.0146346517378058,69,35,126,43
h20_d07,VIXPercentileCalibrated,11,2228,126,0.3739403453689168,0.231688520625597,0.2391264032483172,0.1534042619678086,0.1198156682027649,0.5476190476190477,0.2028985507246377,0.7633360804314101,1.0146346517378058,69,35,126,44
h20_d07,VIXPercentileCalibrated,11,2228,126,0.3739403453689168,0.231688520625597,0.2391264032483172,0.1534042619678086,0.1198156682027649,0.5476190476190477,0.2028985507246377,0.7633360804314101,1.0146346517378058,69,35,126,45
h20_d07,VIXPercentileCalibrated,11,2228,126,0.3739403453689168,0.231688520625597,0.2391264032483172,0.1534042619678086,0.1198156682027649,0.5476190476190477,0.2028985507246377,0.7633360804314101,1.0146346517378058,69,35,126,46
h20_d07,HarRvThreshold,11,2228,126,0.4053819444444445,0.295344327950374,0.3733674699875322,0.3423179692498079,0.1618621089281808,0.6057692307692307,0.2698412698412698,0.8951182462228809,1.0368803064021557,63,32,104,42
h20_d07,HarRvThreshold,11,2228,126,0.4053819444444445,0.295344327950374,0.3733674699875322,0.3423179692498079,0.1618621089281808,0.6057692307692307,0.2698412698412698,0.8951182462228809,1.0368803064021557,63,32,104,43
h20_d07,HarRvThreshold,11,2228,126,0.4053819444444445,0.295344327950374,0.3733674699875322,0.3423179692498079,0.1618621089281808,0.6057692307692307,0.2698412698412698,0.8951182462228809,1.0368803064021557,63,32,104,44
h20_d07,HarRvThreshold,11,2228,126,0.4053819444444445,0.295344327950374,0.3733674699875322,0.3423179692498079,0.1618621089281808,0.6057692307692307,0.2698412698412698,0.8951182462228809,1.0368803064021557,63,32,104,45
h20_d07,HarRvThreshold,11,2228,126,0.4053819444444445,0.295344327950374,0.3733674699875322,0.3423179692498079,0.1618621089281808,0.6057692307692307,0.2698412698412698,0.8951182462228809,1.0368803064021557,63,32,104,46
h20_d07,LogisticRegressionL2,11,2228,126,,,,,0.8245472244223646,,,,,0,0,0,42
h20_d07,LogisticRegressionL2,11,2228,126,,,,,0.8245472244223646,,,,,0,0,0,43
h20_d07,LogisticRegressionL2,11,2228,126,,,,,0.8245472244223646,,,,,0,0,0,44
h20_d07,LogisticRegressionL2,11,2228,126,,,,,0.8245472244223646,,,,,0,0,0,45
h20_d07,LogisticRegressionL2,11,2228,126,,,,,0.8245472244223646,,,,,0,0,0,46
h20_d07,LightGbmTuned,11,2228,126,,,,,0.7129810604186029,,,,,0,0,0,42
h20_d07,LightGbmTuned,11,2228,126,,,,,0.7129810604186029,,,,,0,0,0,43
h20_d07,LightGbmTuned,11,2228,126,,,,,0.7129810604186029,,,,,0,0,0,44
h20_d07,LightGbmTuned,11,2228,126,,,,,0.7129810604186029,,,,,0,0,0,45
h20_d07,LightGbmTuned,11,2228,126,,,,,0.7129810604186029,,,,,0,0,0,46
h20_d07,NaiveBaseRate,12,2354,127,0.5,0.0472440944881889,0.0454416288832562,0.0207253192756173,0.0679694137638062,0.0,,,,0,6,127,42
h20_d07,NaiveBaseRate,12,2354,127,0.5,0.0472440944881889,0.0454416288832562,0.0207253192756173,0.0679694137638062,0.0,,,,0,6,127,43
h20_d07,NaiveBaseRate,12,2354,127,0.5,0.0472440944881889,0.0454416288832562,0.0207253192756173,0.0679694137638062,0.0,,,,0,6,127,44
h20_d07,NaiveBaseRate,12,2354,127,0.5,0.0472440944881889,0.0454416288832562,0.0207253192756173,0.0679694137638062,0.0,,,,0,6,127,45
h20_d07,NaiveBaseRate,12,2354,127,0.5,0.0472440944881889,0.0454416288832562,0.0207253192756173,0.0679694137638062,0.0,,,,0,6,127,46
h20_d07,VIXPercentileRaw,12,2354,127,0.5179063360881542,0.0528206387741056,0.7743431770035265,0.853531265261341,0.9501699235344094,0.0629921259842519,0.0,0.6838032774504832,,8,6,127,42
h20_d07,VIXPercentileRaw,12,2354,127,0.5179063360881542,0.0528206387741056,0.7743431770035265,0.853531265261341,0.9501699235344094,0.0629921259842519,0.0,0.6838032774504832,,8,6,127,43
h20_d07,VIXPercentileRaw,12,2354,127,0.5179063360881542,0.0528206387741056,0.7743431770035265,0.853531265261341,0.9501699235344094,0.0629921259842519,0.0,0.6838032774504832,,8,6,127,44
h20_d07,VIXPercentileRaw,12,2354,127,0.5179063360881542,0.0528206387741056,0.7743431770035265,0.853531265261341,0.9501699235344094,0.0629921259842519,0.0,0.6838032774504832,,8,6,127,45
h20_d07,VIXPercentileRaw,12,2354,127,0.5179063360881542,0.0528206387741056,0.7743431770035265,0.853531265261341,0.9501699235344094,0.0629921259842519,0.0,0.6838032774504832,,8,6,127,46
h20_d07,VIXPercentileCalibrated,12,2354,127,0.5241046831955923,0.0537240537240537,0.0520037181342453,0.0817016593983122,0.1594202898550724,0.0,,,,0,6,127,42
h20_d07,VIXPercentileCalibrated,12,2354,127,0.5241046831955923,0.0537240537240537,0.0520037181342453,0.0817016593983122,0.1594202898550724,0.0,,,,0,6,127,43
h20_d07,VIXPercentileCalibrated,12,2354,127,0.5241046831955923,0.0537240537240537,0.0520037181342453,0.0817016593983122,0.1594202898550724,0.0,,,,0,6,127,44
h20_d07,VIXPercentileCalibrated,12,2354,127,0.5241046831955923,0.0537240537240537,0.0520037181342453,0.0817016593983122,0.1594202898550724,0.0,,,,0,6,127,45
h20_d07,VIXPercentileCalibrated,12,2354,127,0.5241046831955923,0.0537240537240537,0.0520037181342453,0.0817016593983122,0.1594202898550724,0.0,,,,0,6,127,46
h20_d07,HarRvThreshold,12,2354,127,0.4023569023569023,0.0543003121176495,0.0565464183803326,0.0448484763953623,0.0397081622762821,0.0476190476190476,0.0,1.6033147657061213,,5,6,105,42
h20_d07,HarRvThreshold,12,2354,127,0.4023569023569023,0.0543003121176495,0.0565464183803326,0.0448484763953623,0.0397081622762821,0.0476190476190476,0.0,1.6033147657061213,,5,6,105,43
h20_d07,HarRvThreshold,12,2354,127,0.4023569023569023,0.0543003121176495,0.0565464183803326,0.0448484763953623,0.0397081622762821,0.0476190476190476,0.0,1.6033147657061213,,5,6,105,44
h20_d07,HarRvThreshold,12,2354,127,0.4023569023569023,0.0543003121176495,0.0565464183803326,0.0448484763953623,0.0397081622762821,0.0476190476190476,0.0,1.6033147657061213,,5,6,105,45
h20_d07,HarRvThreshold,12,2354,127,0.4023569023569023,0.0543003121176495,0.0565464183803326,0.0448484763953623,0.0397081622762821,0.0476190476190476,0.0,1.6033147657061213,,5,6,105,46
h20_d07,LogisticRegressionL2,12,2354,127,,,,,0.8245472244223646,,,,,0,0,0,42
h20_d07,LogisticRegressionL2,12,2354,127,,,,,0.8245472244223646,,,,,0,0,0,43
h20_d07,LogisticRegressionL2,12,2354,127,,,,,0.8245472244223646,,,,,0,0,0,44
h20_d07,LogisticRegressionL2,12,2354,127,,,,,0.8245472244223646,,,,,0,0,0,45
h20_d07,LogisticRegressionL2,12,2354,127,,,,,0.8245472244223646,,,,,0,0,0,46
h20_d07,LightGbmTuned,12,2354,127,,,,,0.7129810604186029,,,,,0,0,0,42
h20_d07,LightGbmTuned,12,2354,127,,,,,0.7129810604186029,,,,,0,0,0,43
h20_d07,LightGbmTuned,12,2354,127,,,,,0.7129810604186029,,,,,0,0,0,44
h20_d07,LightGbmTuned,12,2354,127,,,,,0.7129810604186029,,,,,0,0,0,45
h20_d07,LightGbmTuned,12,2354,127,,,,,0.7129810604186029,,,,,0,0,0,46
h20_d07,NaiveBaseRate,13,2481,125,,,0.0044767479925222,0.0669085046352277,0.0669085046352277,0.0,,,,0,0,125,42
h20_d07,NaiveBaseRate,13,2481,125,,,0.0044767479925222,0.0669085046352277,0.0669085046352277,0.0,,,,0,0,125,43
h20_d07,NaiveBaseRate,13,2481,125,,,0.0044767479925222,0.0669085046352277,0.0669085046352277,0.0,,,,0,0,125,44
h20_d07,NaiveBaseRate,13,2481,125,,,0.0044767479925222,0.0669085046352277,0.0669085046352277,0.0,,,,0,0,125,45
h20_d07,NaiveBaseRate,13,2481,125,,,0.0044767479925222,0.0669085046352277,0.0669085046352277,0.0,,,,0,0,125,46
h20_d07,VIXPercentileRaw,13,2481,125,,,0.5810638615671769,0.7546666666666667,0.9500201531640468,0.016,0.0,0.2157778079024022,,2,0,125,42
h20_d07,VIXPercentileRaw,13,2481,125,,,0.5810638615671769,0.7546666666666667,0.9500201531640468,0.016,0.0,0.2157778079024022,,2,0,125,43
h20_d07,VIXPercentileRaw,13,2481,125,,,0.5810638615671769,0.7546666666666667,0.9500201531640468,0.016,0.0,0.2157778079024022,,2,0,125,44
h20_d07,VIXPercentileRaw,13,2481,125,,,0.5810638615671769,0.7546666666666667,0.9500201531640468,0.016,0.0,0.2157778079024022,,2,0,125,45
h20_d07,VIXPercentileRaw,13,2481,125,,,0.5810638615671769,0.7546666666666667,0.9500201531640468,0.016,0.0,0.2157778079024022,,2,0,125,46
h20_d07,VIXPercentileCalibrated,13,2481,125,,,0.0079503105193922,0.0870000584166252,0.1476510067114094,0.0,,,,0,0,125,42
h20_d07,VIXPercentileCalibrated,13,2481,125,,,0.0079503105193922,0.0870000584166252,0.1476510067114094,0.0,,,,0,0,125,43
h20_d07,VIXPercentileCalibrated,13,2481,125,,,0.0079503105193922,0.0870000584166252,0.1476510067114094,0.0,,,,0,0,125,44
h20_d07,VIXPercentileCalibrated,13,2481,125,,,0.0079503105193922,0.0870000584166252,0.1476510067114094,0.0,,,,0,0,125,45
h20_d07,VIXPercentileCalibrated,13,2481,125,,,0.0079503105193922,0.0870000584166252,0.1476510067114094,0.0,,,,0,0,125,46
h20_d07,HarRvThreshold,13,2481,125,,,9.422630823478156e-05,0.0070156588183463,0.0396508095519004,0.0,,,,0,0,103,42
h20_d07,HarRvThreshold,13,2481,125,,,9.422630823478156e-05,0.0070156588183463,0.0396508095519004,0.0,,,,0,0,103,43
h20_d07,HarRvThreshold,13,2481,125,,,9.422630823478156e-05,0.0070156588183463,0.0396508095519004,0.0,,,,0,0,103,44
h20_d07,HarRvThreshold,13,2481,125,,,9.422630823478156e-05,0.0070156588183463,0.0396508095519004,0.0,,,,0,0,103,45
h20_d07,HarRvThreshold,13,2481,125,,,9.422630823478156e-05,0.0070156588183463,0.0396508095519004,0.0,,,,0,0,103,46
h20_d07,LogisticRegressionL2,13,2481,125,,,,,0.8245472244223646,,,,,0,0,0,42
h20_d07,LogisticRegressionL2,13,2481,125,,,,,0.8245472244223646,,,,,0,0,0,43
h20_d07,LogisticRegressionL2,13,2481,125,,,,,0.8245472244223646,,,,,0,0,0,44
h20_d07,LogisticRegressionL2,13,2481,125,,,,,0.8245472244223646,,,,,0,0,0,45
h20_d07,LogisticRegressionL2,13,2481,125,,,,,0.8245472244223646,,,,,0,0,0,46
h20_d07,LightGbmTuned,13,2481,125,,,,,0.7129810604186029,,,,,0,0,0,42
h20_d07,LightGbmTuned,13,2481,125,,,,,0.7129810604186029,,,,,0,0,0,43
h20_d07,LightGbmTuned,13,2481,125,,,,,0.7129810604186029,,,,,0,0,0,44
h20_d07,LightGbmTuned,13,2481,125,,,,,0.7129810604186029,,,,,0,0,0,45
h20_d07,LightGbmTuned,13,2481,125,,,,,0.7129810604186029,,,,,0,0,0,46
h20_d07,NaiveBaseRate,14,2606,127,0.5,0.0314960629921259,0.0315411001941487,0.0322030928021948,0.0636991557943208,0.0,,,,0,4,127,42
h20_d07,NaiveBaseRate,14,2606,127,0.5,0.0314960629921259,0.0315411001941487,0.0322030928021948,0.0636991557943208,0.0,,,,0,4,127,43
h20_d07,NaiveBaseRate,14,2606,127,0.5,0.0314960629921259,0.0315411001941487,0.0322030928021948,0.0636991557943208,0.0,,,,0,4,127,44
h20_d07,NaiveBaseRate,14,2606,127,0.5,0.0314960629921259,0.0315411001941487,0.0322030928021948,0.0636991557943208,0.0,,,,0,4,127,45
h20_d07,NaiveBaseRate,14,2606,127,0.5,0.0314960629921259,0.0315411001941487,0.0322030928021948,0.0636991557943208,0.0,,,,0,4,127,46
h20_d07,VIXPercentileRaw,14,2606,127,0.3871951219512194,0.0312856822044662,0.4620752381637133,0.6444637148675678,0.9501151189562548,0.0,,,,0,4,127,42
h20_d07,VIXPercentileRaw,14,2606,127,0.3871951219512194,0.0312856822044662,0.4620752381637133,0.6444637148675678,0.9501151189562548,0.0,,,,0,4,127,43
h20_d07,VIXPercentileRaw,14,2606,127,0.3871951219512194,0.0312856822044662,0.4620752381637133,0.6444637148675678,0.9501151189562548,0.0,,,,0,4,127,44
h20_d07,VIXPercentileRaw,14,2606,127,0.3871951219512194,0.0312856822044662,0.4620752381637133,0.6444637148675678,0.9501151189562548,0.0,,,,0,4,127,45
h20_d07,VIXPercentileRaw,14,2606,127,0.3871951219512194,0.0312856822044662,0.4620752381637133,0.6444637148675678,0.9501151189562548,0.0,,,,0,4,127,46
h20_d07,VIXPercentileCalibrated,14,2606,127,0.3048780487804878,0.0314960629921259,0.0327783384795429,0.0387790961100255,0.1437908496732026,0.0,,,,0,4,127,42
h20_d07,VIXPercentileCalibrated,14,2606,127,0.3048780487804878,0.0314960629921259,0.0327783384795429,0.0387790961100255,0.1437908496732026,0.0,,,,0,4,127,43
h20_d07,VIXPercentileCalibrated,14,2606,127,0.3048780487804878,0.0314960629921259,0.0327783384795429,0.0387790961100255,0.1437908496732026,0.0,,,,0,4,127,44
h20_d07,VIXPercentileCalibrated,14,2606,127,0.3048780487804878,0.0314960629921259,0.0327783384795429,0.0387790961100255,0.1437908496732026,0.0,,,,0,4,127,45
h20_d07,VIXPercentileCalibrated,14,2606,127,0.3048780487804878,0.0314960629921259,0.0327783384795429,0.0387790961100255,0.1437908496732026,0.0,,,,0,4,127,46
h20_d07,HarRvThreshold,14,2606,127,0.7004950495049506,0.085541082912716,0.0374730534381282,0.0313891865358024,0.0380592007859415,0.0,,,,0,4,105,42
h20_d07,HarRvThreshold,14,2606,127,0.7004950495049506,0.085541082912716,0.0374730534381282,0.0313891865358024,0.0380592007859415,0.0,,,,0,4,105,43
h20_d07,HarRvThreshold,14,2606,127,0.7004950495049506,0.085541082912716,0.0374730534381282,0.0313891865358024,0.0380592007859415,0.0,,,,0,4,105,44
h20_d07,HarRvThreshold,14,2606,127,0.7004950495049506,0.085541082912716,0.0374730534381282,0.0313891865358024,0.0380592007859415,0.0,,,,0,4,105,45
h20_d07,HarRvThreshold,14,2606,127,0.7004950495049506,0.085541082912716,0.0374730534381282,0.0313891865358024,0.0380592007859415,0.0,,,,0,4,105,46
h20_d07,LogisticRegressionL2,14,2606,127,,,,,0.8245472244223646,,,,,0,0,0,42
h20_d07,LogisticRegressionL2,14,2606,127,,,,,0.8245472244223646,,,,,0,0,0,43
h20_d07,LogisticRegressionL2,14,2606,127,,,,,0.8245472244223646,,,,,0,0,0,44
h20_d07,LogisticRegressionL2,14,2606,127,,,,,0.8245472244223646,,,,,0,0,0,45
h20_d07,LogisticRegressionL2,14,2606,127,,,,,0.8245472244223646,,,,,0,0,0,46
h20_d07,LightGbmTuned,14,2606,127,,,,,0.7129810604186029,,,,,0,0,0,42
h20_d07,LightGbmTuned,14,2606,127,,,,,0.7129810604186029,,,,,0,0,0,43
h20_d07,LightGbmTuned,14,2606,127,,,,,0.7129810604186029,,,,,0,0,0,44
h20_d07,LightGbmTuned,14,2606,127,,,,,0.7129810604186029,,,,,0,0,0,45
h20_d07,LightGbmTuned,14,2606,127,,,,,0.7129810604186029,,,,,0,0,0,46
h20_d07,NaiveBaseRate,15,2733,125,0.5,0.408,0.3611117673984766,0.3457972923527259,0.062202707647274,0.0,,,,0,51,125,42
h20_d07,NaiveBaseRate,15,2733,125,0.5,0.408,0.3611117673984766,0.3457972923527259,0.062202707647274,0.0,,,,0,51,125,43
h20_d07,NaiveBaseRate,15,2733,125,0.5,0.408,0.3611117673984766,0.3457972923527259,0.062202707647274,0.0,,,,0,51,125,44
h20_d07,NaiveBaseRate,15,2733,125,0.5,0.408,0.3611117673984766,0.3457972923527259,0.062202707647274,0.0,,,,0,51,125,45
h20_d07,NaiveBaseRate,15,2733,125,0.5,0.408,0.3611117673984766,0.3457972923527259,0.062202707647274,0.0,,,,0,51,125,46
h20_d07,VIXPercentileRaw,15,2733,125,0.0965818759936406,0.254378186863367,0.5224999809218789,0.5497958287596049,0.950018294914014,0.12,0.0,0.4646750869731633,,15,51,125,42
h20_d07,VIXPercentileRaw,15,2733,125,0.0965818759936406,0.254378186863367,0.5224999809218789,0.5497958287596049,0.950018294914014,0.12,0.0,0.4646750869731633,,15,51,125,43
h20_d07,VIXPercentileRaw,15,2733,125,0.0965818759936406,0.254378186863367,0.5224999809218789,0.5497958287596049,0.950018294914014,0.12,0.0,0.4646750869731633,,15,51,125,44
h20_d07,VIXPercentileRaw,15,2733,125,0.0965818759936406,0.254378186863367,0.5224999809218789,0.5497958287596049,0.950018294914014,0.12,0.0,0.4646750869731633,,15,51,125,45
h20_d07,VIXPercentileRaw,15,2733,125,0.0965818759936406,0.254378186863367,0.5224999809218789,0.5497958287596049,0.950018294914014,0.12,0.0,0.4646750869731633,,15,51,125,46
h20_d07,VIXPercentileCalibrated,15,2733,125,0.1327503974562798,0.2902676282102194,0.3538257981959519,0.3698981661280387,0.1419354838709677,0.0,,,,0,51,125,42
h20_d07,VIXPercentileCalibrated,15,2733,125,0.1327503974562798,0.2902676282102194,0.3538257981959519,0.3698981661280387,0.1419354838709677,0.0,,,,0,51,125,43
h20_d07,VIXPercentileCalibrated,15,2733,125,0.1327503974562798,0.2902676282102194,0.3538257981959519,0.3698981661280387,0.1419354838709677,0.0,,,,0,51,125,44
h20_d07,VIXPercentileCalibrated,15,2733,125,0.1327503974562798,0.2902676282102194,0.3538257981959519,0.3698981661280387,0.1419354838709677,0.0,,,,0,51,125,45
h20_d07,VIXPercentileCalibrated,15,2733,125,0.1327503974562798,0.2902676282102194,0.3538257981959519,0.3698981661280387,0.1419354838709677,0.0,,,,0,51,125,46
h20_d07,HarRvThreshold,15,2733,125,0.2455929487179486,0.2692672242108102,0.3645562343536311,0.3500446647988012,0.0367300655629367,0.2524271844660194,0.1923076923076923,0.7932378973072487,0.953149231586797,26,39,103,42
h20_d07,HarRvThreshold,15,2733,125,0.2455929487179486,0.2692672242108102,0.3645562343536311,0.3500446647988012,0.0367300655629367,0.2524271844660194,0.1923076923076923,0.7932378973072487,0.953149231586797,26,39,103,43
h20_d07,HarRvThreshold,15,2733,125,0.2455929487179486,0.2692672242108102,0.3645562343536311,0.3500446647988012,0.0367300655629367,0.2524271844660194,0.1923076923076923,0.7932378973072487,0.953149231586797,26,39,103,44
h20_d07,HarRvThreshold,15,2733,125,0.2455929487179486,0.2692672242108102,0.3645562343536311,0.3500446647988012,0.0367300655629367,0.2524271844660194,0.1923076923076923,0.7932378973072487,0.953149231586797,26,39,103,45
h20_d07,HarRvThreshold,15,2733,125,0.2455929487179486,0.2692672242108102,0.3645562343536311,0.3500446647988012,0.0367300655629367,0.2524271844660194,0.1923076923076923,0.7932378973072487,0.953149231586797,26,39,103,46
h20_d07,LogisticRegressionL2,15,2733,125,0.1999999999999999,0.3086100374347293,0.6034738035021547,0.6797921052871867,0.8245472244223646,0.3461538461538461,0.2222222222222222,0.4684054055472106,0.9268272958650378,9,11,26,42
h20_d07,LogisticRegressionL2,15,2733,125,0.1999999999999999,0.3086100374347293,0.6034738035021547,0.6797921052871867,0.8245472244223646,0.3461538461538461,0.2222222222222222,0.4684054055472106,0.9268272958650378,9,11,26,43
h20_d07,LogisticRegressionL2,15,2733,125,0.1999999999999999,0.3086100374347293,0.6034738035021547,0.6797921052871867,0.8245472244223646,0.3461538461538461,0.2222222222222222,0.4684054055472106,0.9268272958650378,9,11,26,44
h20_d07,LogisticRegressionL2,15,2733,125,0.1999999999999999,0.3086100374347293,0.6034738035021547,0.6797921052871867,0.8245472244223646,0.3461538461538461,0.2222222222222222,0.4684054055472106,0.9268272958650378,9,11,26,45
h20_d07,LogisticRegressionL2,15,2733,125,0.1999999999999999,0.3086100374347293,0.6034738035021547,0.6797921052871867,0.8245472244223646,0.3461538461538461,0.2222222222222222,0.4684054055472106,0.9268272958650378,9,11,26,46
h20_d07,LightGbmTuned,15,2733,125,0.18787878787878787,0.3724820891142371,0.45696264226669825,0.48625662443882994,0.7129810604186029,0.0,,,,0,11,26,42
h20_d07,LightGbmTuned,15,2733,125,0.18787878787878787,0.3724820891142371,0.45696264226669825,0.48625662443882994,0.7129810604186029,0.0,,,,0,11,26,43
h20_d07,LightGbmTuned,15,2733,125,0.18787878787878787,0.3724820891142371,0.45696264226669825,0.48625662443882994,0.7129810604186029,0.0,,,,0,11,26,44
h20_d07,LightGbmTuned,15,2733,125,0.18787878787878787,0.3724820891142371,0.45696264226669825,0.48625662443882994,0.7129810604186029,0.0,,,,0,11,26,45
h20_d07,LightGbmTuned,15,2733,125,0.18787878787878787,0.3724820891142371,0.45696264226669825,0.48625662443882994,0.7129810604186029,0.0,,,,0,11,26,46
h20_d07,NaiveBaseRate,16,2858,127,0.5,0.2440944881889764,0.2123238301951003,0.1667676862295642,0.0773268019594121,0.0,,,,0,31,127,42
h20_d07,NaiveBaseRate,16,2858,127,0.5,0.2440944881889764,0.2123238301951003,0.1667676862295642,0.0773268019594121,0.0,,,,0,31,127,43
h20_d07,NaiveBaseRate,16,2858,127,0.5,0.2440944881889764,0.2123238301951003,0.1667676862295642,0.0773268019594121,0.0,,,,0,31,127,44
h20_d07,NaiveBaseRate,16,2858,127,0.5,0.2440944881889764,0.2123238301951003,0.1667676862295642,0.0773268019594121,0.0,,,,0,31,127,45
h20_d07,NaiveBaseRate,16,2858,127,0.5,0.2440944881889764,0.2123238301951003,0.1667676862295642,0.0773268019594121,0.0,,,,0,31,127,46
h20_d07,VIXPercentileRaw,16,2858,127,0.3563508064516129,0.1927952299664801,0.566527224902018,0.6067703311053928,0.9500174947515744,0.0393700787401574,0.0,0.2723523602422213,,5,31,127,42
h20_d07,VIXPercentileRaw,16,2858,127,0.3563508064516129,0.1927952299664801,0.566527224902018,0.6067703311053928,0.9500174947515744,0.0393700787401574,0.0,0.2723523602422213,,5,31,127,43
h20_d07,VIXPercentileRaw,16,2858,127,0.3563508064516129,0.1927952299664801,0.566527224902018,0.6067703311053928,0.9500174947515744,0.0393700787401574,0.0,0.2723523602422213,,5,31,127,44
h20_d07,VIXPercentileRaw,16,2858,127,0.3563508064516129,0.1927952299664801,0.566527224902018,0.6067703311053928,0.9500174947515744,0.0393700787401574,0.0,0.2723523602422213,,5,31,127,45
h20_d07,VIXPercentileRaw,16,2858,127,0.3563508064516129,0.1927952299664801,0.566527224902018,0.6067703311053928,0.9500174947515744,0.0393700787401574,0.0,0.2723523602422213,,5,31,127,46
h20_d07,VIXPercentileCalibrated,16,2858,127,0.4611895161290322,0.2312344076742948,0.1978518982788762,0.1138215163037827,0.1354401805869074,0.0,,,,0,31,127,42
h20_d07,VIXPercentileCalibrated,16,2858,127,0.4611895161290322,0.2312344076742948,0.1978518982788762,0.1138215163037827,0.1354401805869074,0.0,,,,0,31,127,43
h20_d07,VIXPercentileCalibrated,16,2858,127,0.4611895161290322,0.2312344076742948,0.1978518982788762,0.1138215163037827,0.1354401805869074,0.0,,,,0,31,127,44
h20_d07,VIXPercentileCalibrated,16,2858,127,0.4611895161290322,0.2312344076742948,0.1978518982788762,0.1138215163037827,0.1354401805869074,0.0,,,,0,31,127,45
h20_d07,VIXPercentileCalibrated,16,2858,127,0.4611895161290322,0.2312344076742948,0.1978518982788762,0.1138215163037827,0.1354401805869074,0.0,,,,0,31,127,46
h20_d07,HarRvThreshold,16,2858,127,0.4590235396687009,0.2932900190554762,0.283090044305208,0.2742106317153622,0.0411962562486944,0.1238095238095238,0.2307692307692307,0.7681871597974,0.9741730440792756,13,31,105,42
h20_d07,HarRvThreshold,16,2858,127,0.4590235396687009,0.2932900190554762,0.283090044305208,0.2742106317153622,0.0411962562486944,0.1238095238095238,0.2307692307692307,0.7681871597974,0.9741730440792756,13,31,105,43
h20_d07,HarRvThreshold,16,2858,127,0.4590235396687009,0.2932900190554762,0.283090044305208,0.2742106317153622,0.0411962562486944,0.1238095238095238,0.2307692307692307,0.7681871597974,0.9741730440792756,13,31,105,44
h20_d07,HarRvThreshold,16,2858,127,0.4590235396687009,0.2932900190554762,0.283090044305208,0.2742106317153622,0.0411962562486944,0.1238095238095238,0.2307692307692307,0.7681871597974,0.9741730440792756,13,31,105,45
h20_d07,HarRvThreshold,16,2858,127,0.4590235396687009,0.2932900190554762,0.283090044305208,0.2742106317153622,0.0411962562486944,0.1238095238095238,0.2307692307692307,0.7681871597974,0.9741730440792756,13,31,105,46
h20_d07,LogisticRegressionL2,16,2858,127,0.426747311827957,0.2042161355875662,0.3666211021916135,0.3707415629330364,0.8151578170427474,0.1732283464566929,0.0454545454545454,0.7371277267448514,0.8122664872160272,22,31,127,42
h20_d07,LogisticRegressionL2,16,2858,127,0.426747311827957,0.2042161355875662,0.3666211021916135,0.3707415629330364,0.8151578170427474,0.1732283464566929,0.0454545454545454,0.7371277267448514,0.8122664872160272,22,31,127,43
h20_d07,LogisticRegressionL2,16,2858,127,0.426747311827957,0.2042161355875662,0.3666211021916135,0.3707415629330364,0.8151578170427474,0.1732283464566929,0.0454545454545454,0.7371277267448514,0.8122664872160272,22,31,127,44
h20_d07,LogisticRegressionL2,16,2858,127,0.426747311827957,0.2042161355875662,0.3666211021916135,0.3707415629330364,0.8151578170427474,0.1732283464566929,0.0454545454545454,0.7371277267448514,0.8122664872160272,22,31,127,45
h20_d07,LogisticRegressionL2,16,2858,127,0.426747311827957,0.2042161355875662,0.3666211021916135,0.3707415629330364,0.8151578170427474,0.1732283464566929,0.0454545454545454,0.7371277267448514,0.8122664872160272,22,31,127,46
h20_d07,LightGbmTuned,16,2858,127,0.39868951612903225,0.24426565728011732,0.3414887625363244,0.39334817598834976,0.6948448069909872,0.2283464566929134,0.2413793103448276,0.8953606681208734,0.928946680190341,29,31,127,42
h20_d07,LightGbmTuned,16,2858,127,0.39868951612903225,0.24426565728011732,0.3414887625363244,0.39334817598834976,0.6948448069909872,0.2283464566929134,0.2413793103448276,0.8953606681208734,0.928946680190341,29,31,127,43
h20_d07,LightGbmTuned,16,2858,127,0.39868951612903225,0.24426565728011732,0.3414887625363244,0.39334817598834976,0.6948448069909872,0.2283464566929134,0.2413793103448276,0.8953606681208734,0.928946680190341,29,31,127,44
h20_d07,LightGbmTuned,16,2858,127,0.39868951612903225,0.24426565728011732,0.3414887625363244,0.39334817598834976,0.6948448069909872,0.2283464566929134,0.2413793103448276,0.8953606681208734,0.928946680190341,29,31,127,45
h20_d07,LightGbmTuned,16,2858,127,0.39868951612903225,0.24426565728011732,0.3414887625363244,0.39334817598834976,0.6948448069909872,0.2283464566929134,0.2413793103448276,0.8953606681208734,0.928946680190341,29,31,127,46
h20_d07,NaiveBaseRate,17,2985,124,0.5,0.0080645161290322,0.0138299619348159,0.0763575944237315,0.0844221105527638,0.0,,,,0,1,124,42
h20_d07,NaiveBaseRate,17,2985,124,0.5,0.0080645161290322,0.0138299619348159,0.0763575944237315,0.0844221105527638,0.0,,,,0,1,124,43
h20_d07,NaiveBaseRate,17,2985,124,0.5,0.0080645161290322,0.0138299619348159,0.0763575944237315,0.0844221105527638,0.0,,,,0,1,124,44
h20_d07,NaiveBaseRate,17,2985,124,0.5,0.0080645161290322,0.0138299619348159,0.0763575944237315,0.0844221105527638,0.0,,,,0,1,124,45
h20_d07,NaiveBaseRate,17,2985,124,0.5,0.0080645161290322,0.0138299619348159,0.0763575944237315,0.0844221105527638,0.0,,,,0,1,124,46
h20_d07,VIXPercentileRaw,17,2985,124,0.3983739837398373,0.0133333333333333,0.3913039649355366,0.5982493110714865,0.9500837520938024,0.0,,,,0,1,124,42
h20_d07,VIXPercentileRaw,17,2985,124,0.3983739837398373,0.0133333333333333,0.3913039649355366,0.5982493110714865,0.9500837520938024,0.0,,,,0,1,124,43
h20_d07,VIXPercentileRaw,17,2985,124,0.3983739837398373,0.0133333333333333,0.3913039649355366,0.5982493110714865,0.9500837520938024,0.0,,,,0,1,124,44
h20_d07,VIXPercentileRaw,17,2985,124,0.3983739837398373,0.0133333333333333,0.3913039649355366,0.5982493110714865,0.9500837520938024,0.0,,,,0,1,124,45
h20_d07,VIXPercentileRaw,17,2985,124,0.3983739837398373,0.0133333333333333,0.3913039649355366,0.5982493110714865,0.9500837520938024,0.0,,,,0,1,124,46
h20_d07,VIXPercentileCalibrated,17,2985,124,0.3292682926829268,0.0105263157894736,0.0186576399421593,0.0932823923783069,0.1483622350674374,0.0,,,,0,1,124,42
h20_d07,VIXPercentileCalibrated,17,2985,124,0.3292682926829268,0.0105263157894736,0.0186576399421593,0.0932823923783069,0.1483622350674374,0.0,,,,0,1,124,43
h20_d07,VIXPercentileCalibrated,17,2985,124,0.3292682926829268,0.0105263157894736,0.0186576399421593,0.0932823923783069,0.1483622350674374,0.0,,,,0,1,124,44
h20_d07,VIXPercentileCalibrated,17,2985,124,0.3292682926829268,0.0105263157894736,0.0186576399421593,0.0932823923783069,0.1483622350674374,0.0,,,,0,1,124,45
h20_d07,VIXPercentileCalibrated,17,2985,124,0.3292682926829268,0.0105263157894736,0.0186576399421593,0.0932823923783069,0.1483622350674374,0.0,,,,0,1,124,46
h20_d07,HarRvThreshold,17,2985,124,0.2376237623762376,0.0128205128205128,0.0098122353085256,0.0015675697710778,0.0427816737769842,0.0,,,,0,1,102,42
h20_d07,HarRvThreshold,17,2985,124,0.2376237623762376,0.0128205128205128,0.0098122353085256,0.0015675697710778,0.0427816737769842,0.0,,,,0,1,102,43
h20_d07,HarRvThreshold,17,2985,124,0.2376237623762376,0.0128205128205128,0.0098122353085256,0.0015675697710778,0.0427816737769842,0.0,,,,0,1,102,44
h20_d07,HarRvThreshold,17,2985,124,0.2376237623762376,0.0128205128205128,0.0098122353085256,0.0015675697710778,0.0427816737769842,0.0,,,,0,1,102,45
h20_d07,HarRvThreshold,17,2985,124,0.2376237623762376,0.0128205128205128,0.0098122353085256,0.0015675697710778,0.0427816737769842,0.0,,,,0,1,102,46
h20_d07,LogisticRegressionL2,17,2985,124,0.8536585365853658,0.0526315789473684,0.0831165790516379,0.2100560543483213,0.8437278338478902,0.0080645161290322,0.0,1.501530370946735,,1,1,124,42
h20_d07,LogisticRegressionL2,17,2985,124,0.8536585365853658,0.0526315789473684,0.0831165790516379,0.2100560543483213,0.8437278338478902,0.0080645161290322,0.0,1.501530370946735,,1,1,124,43
h20_d07,LogisticRegressionL2,17,2985,124,0.8536585365853658,0.0526315789473684,0.0831165790516379,0.2100560543483213,0.8437278338478902,0.0080645161290322,0.0,1.501530370946735,,1,1,124,44
h20_d07,LogisticRegressionL2,17,2985,124,0.8536585365853658,0.0526315789473684,0.0831165790516379,0.2100560543483213,0.8437278338478902,0.0080645161290322,0.0,1.501530370946735,,1,1,124,45
h20_d07,LogisticRegressionL2,17,2985,124,0.8536585365853658,0.0526315789473684,0.0831165790516379,0.2100560543483213,0.8437278338478902,0.0080645161290322,0.0,1.501530370946735,,1,1,124,46
h20_d07,LightGbmTuned,17,2985,124,0.5772357723577236,0.018867924528301886,0.21126199934258852,0.43405847974225786,0.6298927511069359,0.0,,,,0,1,124,42
h20_d07,LightGbmTuned,17,2985,124,0.5772357723577236,0.018867924528301886,0.21126199934258852,0.43405847974225786,0.6298927511069359,0.0,,,,0,1,124,43
h20_d07,LightGbmTuned,17,2985,124,0.5772357723577236,0.018867924528301886,0.21126199934258852,0.43405847974225786,0.6298927511069359,0.0,,,,0,1,124,44
h20_d07,LightGbmTuned,17,2985,124,0.5772357723577236,0.018867924528301886,0.21126199934258852,0.43405847974225786,0.6298927511069359,0.0,,,,0,1,124,45
h20_d07,LightGbmTuned,17,2985,124,0.5772357723577236,0.018867924528301886,0.21126199934258852,0.43405847974225786,0.6298927511069359,0.0,,,,0,1,124,46
h20_d07,NaiveBaseRate,18,3109,126,,,0.0066221589113294,0.0813766484400129,0.0813766484400128,0.0,,,,0,0,126,42
h20_d07,NaiveBaseRate,18,3109,126,,,0.0066221589113294,0.0813766484400129,0.0813766484400128,0.0,,,,0,0,126,43
h20_d07,NaiveBaseRate,18,3109,126,,,0.0066221589113294,0.0813766484400129,0.0813766484400128,0.0,,,,0,0,126,44
h20_d07,NaiveBaseRate,18,3109,126,,,0.0066221589113294,0.0813766484400129,0.0813766484400128,0.0,,,,0,0,126,45
h20_d07,NaiveBaseRate,18,3109,126,,,0.0066221589113294,0.0813766484400129,0.0813766484400128,0.0,,,,0,0,126,46
h20_d07,VIXPercentileRaw,18,3109,126,,,0.1751506066167088,0.3806460506364012,0.950016082341589,0.0,,,,0,0,126,42
h20_d07,VIXPercentileRaw,18,3109,126,,,0.1751506066167088,0.3806460506364012,0.950016082341589,0.0,,,,0,0,126,43
h20_d07,VIXPercentileRaw,18,3109,126,,,0.1751506066167088,0.3806460506364012,0.950016082341589,0.0,,,,0,0,126,44
h20_d07,VIXPercentileRaw,18,3109,126,,,0.1751506066167088,0.3806460506364012,0.950016082341589,0.0,,,,0,0,126,45
h20_d07,VIXPercentileRaw,18,3109,126,,,0.1751506066167088,0.3806460506364012,0.950016082341589,0.0,,,,0,0,126,46
h20_d07,VIXPercentileCalibrated,18,3109,126,,,0.004057973674323,0.0587929714930889,0.1466666666666666,0.0,,,,0,0,126,42
h20_d07,VIXPercentileCalibrated,18,3109,126,,,0.004057973674323,0.0587929714930889,0.1466666666666666,0.0,,,,0,0,126,43
h20_d07,VIXPercentileCalibrated,18,3109,126,,,0.004057973674323,0.0587929714930889,0.1466666666666666,0.0,,,,0,0,126,44
h20_d07,VIXPercentileCalibrated,18,3109,126,,,0.004057973674323,0.0587929714930889,0.1466666666666666,0.0,,,,0,0,126,45
h20_d07,VIXPercentileCalibrated,18,3109,126,,,0.004057973674323,0.0587929714930889,0.1466666666666666,0.0,,,,0,0,126,46
h20_d07,HarRvThreshold,18,3109,126,,,5.202335722394364e-05,0.0060979048533286,0.0419202229323183,0.0,,,,0,0,104,42
h20_d07,HarRvThreshold,18,3109,126,,,5.202335722394364e-05,0.0060979048533286,0.0419202229323183,0.0,,,,0,0,104,43
h20_d07,HarRvThreshold,18,3109,126,,,5.202335722394364e-05,0.0060979048533286,0.0419202229323183,0.0,,,,0,0,104,44
h20_d07,HarRvThreshold,18,3109,126,,,5.202335722394364e-05,0.0060979048533286,0.0419202229323183,0.0,,,,0,0,104,45
h20_d07,HarRvThreshold,18,3109,126,,,5.202335722394364e-05,0.0060979048533286,0.0419202229323183,0.0,,,,0,0,104,46
h20_d07,LogisticRegressionL2,18,3109,126,,,0.04559951154963,0.1668904227780973,0.8418380464679708,0.0,,,,0,0,126,42
h20_d07,LogisticRegressionL2,18,3109,126,,,0.04559951154963,0.1668904227780973,0.8418380464679708,0.0,,,,0,0,126,43
h20_d07,LogisticRegressionL2,18,3109,126,,,0.04559951154963,0.1668904227780973,0.8418380464679708,0.0,,,,0,0,126,44
h20_d07,LogisticRegressionL2,18,3109,126,,,0.04559951154963,0.1668904227780973,0.8418380464679708,0.0,,,,0,0,126,45
h20_d07,LogisticRegressionL2,18,3109,126,,,0.04559951154963,0.1668904227780973,0.8418380464679708,0.0,,,,0,0,126,46
h20_d07,LightGbmTuned,18,3109,126,,,0.16046163538263442,0.39365827177877755,0.6026292703611615,0.0,,,,0,0,126,42
h20_d07,LightGbmTuned,18,3109,126,,,0.16046163538263442,0.39365827177877755,0.6026292703611615,0.0,,,,0,0,126,43
h20_d07,LightGbmTuned,18,3109,126,,,0.16046163538263442,0.39365827177877755,0.6026292703611615,0.0,,,,0,0,126,44
h20_d07,LightGbmTuned,18,3109,126,,,0.16046163538263442,0.39365827177877755,0.6026292703611615,0.0,,,,0,0,126,45
h20_d07,LightGbmTuned,18,3109,126,,,0.16046163538263442,0.39365827177877755,0.6026292703611615,0.0,,,,0,0,126,46
h20_d07,NaiveBaseRate,19,3235,124,,,0.006116352013454,0.0782071097372488,0.0782071097372488,0.0,,,,0,0,124,42
h20_d07,NaiveBaseRate,19,3235,124,,,0.006116352013454,0.0782071097372488,0.0782071097372488,0.0,,,,0,0,124,43
h20_d07,NaiveBaseRate,19,3235,124,,,0.006116352013454,0.0782071097372488,0.0782071097372488,0.0,,,,0,0,124,44
h20_d07,NaiveBaseRate,19,3235,124,,,0.006116352013454,0.0782071097372488,0.0782071097372488,0.0,,,,0,0,124,45
h20_d07,NaiveBaseRate,19,3235,124,,,0.006116352013454,0.0782071097372488,0.0782071097372488,0.0,,,,0,0,124,46
h20_d07,VIXPercentileRaw,19,3235,124,,,0.0948834060947936,0.2800867527546493,0.9500154559505408,0.0,,,,0,0,124,42
h20_d07,VIXPercentileRaw,19,3235,124,,,0.0948834060947936,0.2800867527546493,0.9500154559505408,0.0,,,,0,0,124,43
h20_d07,VIXPercentileRaw,19,3235,124,,,0.0948834060947936,0.2800867527546493,0.9500154559505408,0.0,,,,0,0,124,44
h20_d07,VIXPercentileRaw,19,3235,124,,,0.0948834060947936,0.2800867527546493,0.9500154559505408,0.0,,,,0,0,124,45
h20_d07,VIXPercentileRaw,19,3235,124,,,0.0948834060947936,0.2800867527546493,0.9500154559505408,0.0,,,,0,0,124,46
h20_d07,VIXPercentileCalibrated,19,3235,124,,,0.0020661304208763,0.0440664226024179,0.1466666666666666,0.0,,,,0,0,124,42
h20_d07,VIXPercentileCalibrated,19,3235,124,,,0.0020661304208763,0.0440664226024179,0.1466666666666666,0.0,,,,0,0,124,43
h20_d07,VIXPercentileCalibrated,19,3235,124,,,0.0020661304208763,0.0440664226024179,0.1466666666666666,0.0,,,,0,0,124,44
h20_d07,VIXPercentileCalibrated,19,3235,124,,,0.0020661304208763,0.0440664226024179,0.1466666666666666,0.0,,,,0,0,124,45
h20_d07,VIXPercentileCalibrated,19,3235,124,,,0.0020661304208763,0.0440664226024179,0.1466666666666666,0.0,,,,0,0,124,46
h20_d07,HarRvThreshold,19,3235,124,,,3.461893965409628e-05,0.0049290566285884,0.041088936578104,0.0,,,,0,0,102,42
h20_d07,HarRvThreshold,19,3235,124,,,3.461893965409628e-05,0.0049290566285884,0.041088936578104,0.0,,,,0,0,102,43
h20_d07,HarRvThreshold,19,3235,124,,,3.461893965409628e-05,0.0049290566285884,0.041088936578104,0.0,,,,0,0,102,44
h20_d07,HarRvThreshold,19,3235,124,,,3.461893965409628e-05,0.0049290566285884,0.041088936578104,0.0,,,,0,0,102,45
h20_d07,HarRvThreshold,19,3235,124,,,3.461893965409628e-05,0.0049290566285884,0.041088936578104,0.0,,,,0,0,102,46
h20_d07,LogisticRegressionL2,19,3235,124,,,0.1168272815033305,0.2662463398538582,0.8435088548229296,0.0,,,,0,0,124,42
h20_d07,LogisticRegressionL2,19,3235,124,,,0.1168272815033305,0.2662463398538582,0.8435088548229296,0.0,,,,0,0,124,43
h20_d07,LogisticRegressionL2,19,3235,124,,,0.1168272815033305,0.2662463398538582,0.8435088548229296,0.0,,,,0,0,124,44
h20_d07,LogisticRegressionL2,19,3235,124,,,0.1168272815033305,0.2662463398538582,0.8435088548229296,0.0,,,,0,0,124,45
h20_d07,LogisticRegressionL2,19,3235,124,,,0.1168272815033305,0.2662463398538582,0.8435088548229296,0.0,,,,0,0,124,46
h20_d07,LightGbmTuned,19,3235,124,,,0.04765741118007303,0.20153326948933295,0.7408251342222744,0.0,,,,0,0,124,42
h20_d07,LightGbmTuned,19,3235,124,,,0.04765741118007303,0.20153326948933295,0.7408251342222744,0.0,,,,0,0,124,43
h20_d07,LightGbmTuned,19,3235,124,,,0.04765741118007303,0.20153326948933295,0.7408251342222744,0.0,,,,0,0,124,44
h20_d07,LightGbmTuned,19,3235,124,,,0.04765741118007303,0.20153326948933295,0.7408251342222744,0.0,,,,0,0,124,45
h20_d07,LightGbmTuned,19,3235,124,,,0.04765741118007303,0.20153326948933295,0.7408251342222744,0.0,,,,0,0,124,46
h20_d07,NaiveBaseRate,20,3359,127,0.5,0.0551181102362204,0.0524882219536591,0.0202019254886976,0.0753200357249181,0.0,,,,0,7,127,42
h20_d07,NaiveBaseRate,20,3359,127,0.5,0.0551181102362204,0.0524882219536591,0.0202019254886976,0.0753200357249181,0.0,,,,0,7,127,43
h20_d07,NaiveBaseRate,20,3359,127,0.5,0.0551181102362204,0.0524882219536591,0.0202019254886976,0.0753200357249181,0.0,,,,0,7,127,44
h20_d07,NaiveBaseRate,20,3359,127,0.5,0.0551181102362204,0.0524882219536591,0.0202019254886976,0.0753200357249181,0.0,,,,0,7,127,45
h20_d07,NaiveBaseRate,20,3359,127,0.5,0.0551181102362204,0.0524882219536591,0.0202019254886976,0.0753200357249181,0.0,,,,0,7,127,46
h20_d07,VIXPercentileRaw,20,3359,127,0.0642857142857143,0.0336135518177143,0.3502420868749368,0.5134191137688617,0.9500446561476628,0.0078740157480314,0.0,0.1094547071029488,,1,7,127,42
h20_d07,VIXPercentileRaw,20,3359,127,0.0642857142857143,0.0336135518177143,0.3502420868749368,0.5134191137688617,0.9500446561476628,0.0078740157480314,0.0,0.1094547071029488,,1,7,127,43
h20_d07,VIXPercentileRaw,20,3359,127,0.0642857142857143,0.0336135518177143,0.3502420868749368,0.5134191137688617,0.9500446561476628,0.0078740157480314,0.0,0.1094547071029488,,1,7,127,44
h20_d07,VIXPercentileRaw,20,3359,127,0.0642857142857143,0.0336135518177143,0.3502420868749368,0.5134191137688617,0.9500446561476628,0.0078740157480314,0.0,0.1094547071029488,,1,7,127,45
h20_d07,VIXPercentileRaw,20,3359,127,0.0642857142857143,0.0336135518177143,0.3502420868749368,0.5134191137688617,0.9500446561476628,0.0078740157480314,0.0,0.1094547071029488,,1,7,127,46
h20_d07,VIXPercentileCalibrated,20,3359,127,0.1124999999999999,0.0551181102362204,0.0578596810382728,0.0574647520284084,0.1466666666666666,0.0,,,,0,7,127,42
h20_d07,VIXPercentileCalibrated,20,3359,127,0.1124999999999999,0.0551181102362204,0.0578596810382728,0.0574647520284084,0.1466666666666666,0.0,,,,0,7,127,43
h20_d07,VIXPercentileCalibrated,20,3359,127,0.1124999999999999,0.0551181102362204,0.0578596810382728,0.0574647520284084,0.1466666666666666,0.0,,,,0,7,127,44
h20_d07,VIXPercentileCalibrated,20,3359,127,0.1124999999999999,0.0551181102362204,0.0578596810382728,0.0574647520284084,0.1466666666666666,0.0,,,,0,7,127,45
h20_d07,VIXPercentileCalibrated,20,3359,127,0.1124999999999999,0.0551181102362204,0.0578596810382728,0.0574647520284084,0.1466666666666666,0.0,,,,0,7,127,46
h20_d07,HarRvThreshold,20,3359,127,,,0.0001559343239178,0.0086837886800835,0.0395483499640831,0.019047619047619,0.0,0.2230247442159641,,2,0,105,42
h20_d07,HarRvThreshold,20,3359,127,,,0.0001559343239178,0.0086837886800835,0.0395483499640831,0.019047619047619,0.0,0.2230247442159641,,2,0,105,43
h20_d07,HarRvThreshold,20,3359,127,,,0.0001559343239178,0.0086837886800835,0.0395483499640831,0.019047619047619,0.0,0.2230247442159641,,2,0,105,44
h20_d07,HarRvThreshold,20,3359,127,,,0.0001559343239178,0.0086837886800835,0.0395483499640831,0.019047619047619,0.0,0.2230247442159641,,2,0,105,45
h20_d07,HarRvThreshold,20,3359,127,,,0.0001559343239178,0.0086837886800835,0.0395483499640831,0.019047619047619,0.0,0.2230247442159641,,2,0,105,46
h20_d07,LogisticRegressionL2,20,3359,127,0.1333333333333333,0.0353871258557483,0.2430729269781019,0.3389987382626954,0.8429246705813046,0.0393700787401574,0.0,0.314483928439583,,5,7,127,42
h20_d07,LogisticRegressionL2,20,3359,127,0.1333333333333333,0.0353871258557483,0.2430729269781019,0.3389987382626954,0.8429246705813046,0.0393700787401574,0.0,0.314483928439583,,5,7,127,43
h20_d07,LogisticRegressionL2,20,3359,127,0.1333333333333333,0.0353871258557483,0.2430729269781019,0.3389987382626954,0.8429246705813046,0.0393700787401574,0.0,0.314483928439583,,5,7,127,44
h20_d07,LogisticRegressionL2,20,3359,127,0.1333333333333333,0.0353871258557483,0.2430729269781019,0.3389987382626954,0.8429246705813046,0.0393700787401574,0.0,0.314483928439583,,5,7,127,45
h20_d07,LogisticRegressionL2,20,3359,127,0.1333333333333333,0.0353871258557483,0.2430729269781019,0.3389987382626954,0.8429246705813046,0.0393700787401574,0.0,0.314483928439583,,5,7,127,46
h20_d07,LightGbmTuned,20,3359,127,0.4619047619047619,0.06132999812096451,0.10303179435426382,0.1637283557440378,0.7538082961472558,0.0,,,,0,7,127,42
h20_d07,LightGbmTuned,20,3359,127,0.4619047619047619,0.06132999812096451,0.10303179435426382,0.1637283557440378,0.7538082961472558,0.0,,,,0,7,127,43
h20_d07,LightGbmTuned,20,3359,127,0.4619047619047619,0.06132999812096451,0.10303179435426382,0.1637283557440378,0.7538082961472558,0.0,,,,0,7,127,44
h20_d07,LightGbmTuned,20,3359,127,0.4619047619047619,0.06132999812096451,0.10303179435426382,0.1637283557440378,0.7538082961472558,0.0,,,,0,7,127,45
h20_d07,LightGbmTuned,20,3359,127,0.4619047619047619,0.06132999812096451,0.10303179435426382,0.1637283557440378,0.7538082961472558,0.0,,,,0,7,127,46
h20_d07,NaiveBaseRate,21,3486,123,0.5,0.2682926829268293,0.2338347534962044,0.1937086324391643,0.0745840504876649,0.0,,,,0,33,123,42
h20_d07,NaiveBaseRate,21,3486,123,0.5,0.2682926829268293,0.2338347534962044,0.1937086324391643,0.0745840504876649,0.0,,,,0,33,123,43
h20_d07,NaiveBaseRate,21,3486,123,0.5,0.2682926829268293,0.2338347534962044,0.1937086324391643,0.0745840504876649,0.0,,,,0,33,123,44
h20_d07,NaiveBaseRate,21,3486,123,0.5,0.2682926829268293,0.2338347534962044,0.1937086324391643,0.0745840504876649,0.0,,,,0,33,123,45
h20_d07,NaiveBaseRate,21,3486,123,0.5,0.2682926829268293,0.2338347534962044,0.1937086324391643,0.0745840504876649,0.0,,,,0,33,123,46
h20_d07,VIXPercentileRaw,21,3486,123,0.4771043771043771,0.2521734600863576,0.4099066706340181,0.4269645364267757,0.9500143430866322,0.065040650406504,0.0,0.3725651707452171,,8,33,123,42
h20_d07,VIXPercentileRaw,21,3486,123,0.4771043771043771,0.2521734600863576,0.4099066706340181,0.4269645364267757,0.9500143430866322,0.065040650406504,0.0,0.3725651707452171,,8,33,123,43
h20_d07,VIXPercentileRaw,21,3486,123,0.4771043771043771,0.2521734600863576,0.4099066706340181,0.4269645364267757,0.9500143430866322,0.065040650406504,0.0,0.3725651707452171,,8,33,123,44
h20_d07,VIXPercentileRaw,21,3486,123,0.4771043771043771,0.2521734600863576,0.4099066706340181,0.4269645364267757,0.9500143430866322,0.065040650406504,0.0,0.3725651707452171,,8,33,123,45
h20_d07,VIXPercentileRaw,21,3486,123,0.4771043771043771,0.2521734600863576,0.4099066706340181,0.4269645364267757,0.9500143430866322,0.065040650406504,0.0,0.3725651707452171,,8,33,123,46
h20_d07,VIXPercentileCalibrated,21,3486,123,0.4984848484848485,0.2753530362035099,0.2270660558430777,0.176986784654995,0.1450094161958568,0.008130081300813,0.0,0.9584501704618404,,1,33,123,42
h20_d07,VIXPercentileCalibrated,21,3486,123,0.4984848484848485,0.2753530362035099,0.2270660558430777,0.176986784654995,0.1450094161958568,0.008130081300813,0.0,0.9584501704618404,,1,33,123,43
h20_d07,VIXPercentileCalibrated,21,3486,123,0.4984848484848485,0.2753530362035099,0.2270660558430777,0.176986784654995,0.1450094161958568,0.008130081300813,0.0,0.9584501704618404,,1,33,123,44
h20_d07,VIXPercentileCalibrated,21,3486,123,0.4984848484848485,0.2753530362035099,0.2270660558430777,0.176986784654995,0.1450094161958568,0.008130081300813,0.0,0.9584501704618404,,1,33,123,45
h20_d07,VIXPercentileCalibrated,21,3486,123,0.4984848484848485,0.2753530362035099,0.2270660558430777,0.176986784654995,0.1450094161958568,0.008130081300813,0.0,0.9584501704618404,,1,33,123,46
h20_d07,HarRvThreshold,21,3486,123,0.4171122994652406,0.2769413521686916,0.3209214604847851,0.3113333527894596,0.038893497918894,0.1584158415841584,0.125,0.5032781355203615,0.8431498818652057,16,33,101,42
h20_d07,HarRvThreshold,21,3486,123,0.4171122994652406,0.2769413521686916,0.3209214604847851,0.3113333527894596,0.038893497918894,0.1584158415841584,0.125,0.5032781355203615,0.8431498818652057,16,33,101,43
h20_d07,HarRvThreshold,21,3486,123,0.4171122994652406,0.2769413521686916,0.3209214604847851,0.3113333527894596,0.038893497918894,0.1584158415841584,0.125,0.5032781355203615,0.8431498818652057,16,33,101,44
h20_d07,HarRvThreshold,21,3486,123,0.4171122994652406,0.2769413521686916,0.3209214604847851,0.3113333527894596,0.038893497918894,0.1584158415841584,0.125,0.5032781355203615,0.8431498818652057,16,33,101,45
h20_d07,HarRvThreshold,21,3486,123,0.4171122994652406,0.2769413521686916,0.3209214604847851,0.3113333527894596,0.038893497918894,0.1584158415841584,0.125,0.5032781355203615,0.8431498818652057,16,33,101,46
h20_d07,LogisticRegressionL2,21,3486,123,0.4929292929292929,0.2726797585229812,0.2596065353830625,0.2081121919045063,0.8189264247227053,0.032520325203252,0.25,0.9620632864776852,1.1755462926138889,4,33,123,42
h20_d07,LogisticRegressionL2,21,3486,123,0.4929292929292929,0.2726797585229812,0.2596065353830625,0.2081121919045063,0.8189264247227053,0.032520325203252,0.25,0.9620632864776852,1.1755462926138889,4,33,123,43
h20_d07,LogisticRegressionL2,21,3486,123,0.4929292929292929,0.2726797585229812,0.2596065353830625,0.2081121919045063,0.8189264247227053,0.032520325203252,0.25,0.9620632864776852,1.1755462926138889,4,33,123,44
h20_d07,LogisticRegressionL2,21,3486,123,0.4929292929292929,0.2726797585229812,0.2596065353830625,0.2081121919045063,0.8189264247227053,0.032520325203252,0.25,0.9620632864776852,1.1755462926138889,4,33,123,45
h20_d07,LogisticRegressionL2,21,3486,123,0.4929292929292929,0.2726797585229812,0.2596065353830625,0.2081121919045063,0.8189264247227053,0.032520325203252,0.25,0.9620632864776852,1.1755462926138889,4,33,123,46
h20_d07,LightGbmTuned,21,3486,123,0.6047138047138048,0.381940784846896,0.2086086241971712,0.10982751931395204,0.7195581459421118,0.008130081300813009,1.0,3.704265514236109,1.3108756314574272,1,33,123,42
h20_d07,LightGbmTuned,21,3486,123,0.6047138047138048,0.381940784846896,0.2086086241971712,0.10982751931395204,0.7195581459421118,0.008130081300813009,1.0,3.704265514236109,1.3108756314574272,1,33,123,43
h20_d07,LightGbmTuned,21,3486,123,0.6047138047138048,0.381940784846896,0.2086086241971712,0.10982751931395204,0.7195581459421118,0.008130081300813009,1.0,3.704265514236109,1.3108756314574272,1,33,123,44
h20_d07,LightGbmTuned,21,3486,123,0.6047138047138048,0.381940784846896,0.2086086241971712,0.10982751931395204,0.7195581459421118,0.008130081300813009,1.0,3.704265514236109,1.3108756314574272,1,33,123,45
h20_d07,LightGbmTuned,21,3486,123,0.6047138047138048,0.381940784846896,0.2086086241971712,0.10982751931395204,0.7195581459421118,0.008130081300813009,1.0,3.704265514236109,1.3108756314574272,1,33,123,46
h20_d07,NaiveBaseRate,22,3609,127,,,0.0065911542685111,0.0811859240786921,0.0811859240786921,0.0,,,,0,0,127,42
h20_d07,NaiveBaseRate,22,3609,127,,,0.0065911542685111,0.0811859240786921,0.0811859240786921,0.0,,,,0,0,127,43
h20_d07,NaiveBaseRate,22,3609,127,,,0.0065911542685111,0.0811859240786921,0.0811859240786921,0.0,,,,0,0,127,44
h20_d07,NaiveBaseRate,22,3609,127,,,0.0065911542685111,0.0811859240786921,0.0811859240786921,0.0,,,,0,0,127,45
h20_d07,NaiveBaseRate,22,3609,127,,,0.0065911542685111,0.0811859240786921,0.0811859240786921,0.0,,,,0,0,127,46
h20_d07,VIXPercentileRaw,22,3609,127,,,0.2869849521384264,0.519637040382421,0.9500138542532556,0.0,,,,0,0,127,42
h20_d07,VIXPercentileRaw,22,3609,127,,,0.2869849521384264,0.519637040382421,0.9500138542532556,0.0,,,,0,0,127,43
h20_d07,VIXPercentileRaw,22,3609,127,,,0.2869849521384264,0.519637040382421,0.9500138542532556,0.0,,,,0,0,127,44
h20_d07,VIXPercentileRaw,22,3609,127,,,0.2869849521384264,0.519637040382421,0.9500138542532556,0.0,,,,0,0,127,45
h20_d07,VIXPercentileRaw,22,3609,127,,,0.2869849521384264,0.519637040382421,0.9500138542532556,0.0,,,,0,0,127,46
h20_d07,VIXPercentileCalibrated,22,3609,127,,,0.0058983627391671,0.0717768738888631,0.1472172351885098,0.0,,,,0,0,127,42
h20_d07,VIXPercentileCalibrated,22,3609,127,,,0.0058983627391671,0.0717768738888631,0.1472172351885098,0.0,,,,0,0,127,43
h20_d07,VIXPercentileCalibrated,22,3609,127,,,0.0058983627391671,0.0717768738888631,0.1472172351885098,0.0,,,,0,0,127,44
h20_d07,VIXPercentileCalibrated,22,3609,127,,,0.0058983627391671,0.0717768738888631,0.1472172351885098,0.0,,,,0,0,127,45
h20_d07,VIXPercentileCalibrated,22,3609,127,,,0.0058983627391671,0.0717768738888631,0.1472172351885098,0.0,,,,0,0,127,46
h20_d07,HarRvThreshold,22,3609,127,,,5.583775466722767e-05,0.0056363715393433,0.0418659942998136,0.0,,,,0,0,105,42
h20_d07,HarRvThreshold,22,3609,127,,,5.583775466722767e-05,0.0056363715393433,0.0418659942998136,0.0,,,,0,0,105,43
h20_d07,HarRvThreshold,22,3609,127,,,5.583775466722767e-05,0.0056363715393433,0.0418659942998136,0.0,,,,0,0,105,44
h20_d07,HarRvThreshold,22,3609,127,,,5.583775466722767e-05,0.0056363715393433,0.0418659942998136,0.0,,,,0,0,105,45
h20_d07,HarRvThreshold,22,3609,127,,,5.583775466722767e-05,0.0056363715393433,0.0418659942998136,0.0,,,,0,0,105,46
h20_d07,LogisticRegressionL2,22,3609,127,,,0.1623668591310252,0.3845846041692042,0.8059704546524915,0.0,,,,0,0,127,42
h20_d07,LogisticRegressionL2,22,3609,127,,,0.1623668591310252,0.3845846041692042,0.8059704546524915,0.0,,,,0,0,127,43
h20_d07,LogisticRegressionL2,22,3609,127,,,0.1623668591310252,0.3845846041692042,0.8059704546524915,0.0,,,,0,0,127,44
h20_d07,LogisticRegressionL2,22,3609,127,,,0.1623668591310252,0.3845846041692042,0.8059704546524915,0.0,,,,0,0,127,45
h20_d07,LogisticRegressionL2,22,3609,127,,,0.1623668591310252,0.3845846041692042,0.8059704546524915,0.0,,,,0,0,127,46
h20_d07,LightGbmTuned,22,3609,127,,,0.09112967934415583,0.288553031098765,0.700678595776353,0.0,,,,0,0,127,42
h20_d07,LightGbmTuned,22,3609,127,,,0.09112967934415583,0.288553031098765,0.700678595776353,0.0,,,,0,0,127,43
h20_d07,LightGbmTuned,22,3609,127,,,0.09112967934415583,0.288553031098765,0.700678595776353,0.0,,,,0,0,127,44
h20_d07,LightGbmTuned,22,3609,127,,,0.09112967934415583,0.288553031098765,0.700678595776353,0.0,,,,0,0,127,45
h20_d07,LightGbmTuned,22,3609,127,,,0.09112967934415583,0.288553031098765,0.700678595776353,0.0,,,,0,0,127,46
